,filter_type,columns,rows_initial,rows_removed,threshold,rows,Plate_Number,AllGroups
Initial_Dataset,Initial Dataset,3471,3073,0,"None,None",,Plate 1,P6-12
Number_of_Mitochondria_Filter,Min Number of Mitochondria Filter,3471,3073,0,min_compartments=0,3073.0,Plate 1,P6-12
Number_of_Lysosomes_Filter,Min Number of Lysosomes Filter,3471,3073,0,min_compartments=0,3073.0,Plate 1,P6-12
AreaShape_Area_Filter_Bottom,Cell Size Filter Bottom Band,3471,3073,28,Bottom threshold: 22768.0,3045.0,Plate 1,P6-12
AreaShape_Area_Filter_Top,Cell Size Filter Top Band,3471,3073,0,Top threshold: 1254046.5,3045.0,Plate 1,P6-12
Nuclei_AreaShape_Area_Filter_Bottom,Nuclear Size Filter Bottom Band,3471,3073,32,Bottom threshold: 9340.0,3041.0,Plate 1,P6-12
Nuclei_AreaShape_Area_Filter_Top,Nuclear Size Filter Top Band,3471,3073,0,Top threshold: 98385.75,3041.0,Plate 1,P6-12
Cell_Nuclei_Area_Ratio_Filter_Bottom,Cell:Nuclear Area Ratio Filter Bottom Band,3471,3073,68,Bottom threshold: 1.9243336199484091,3005.0,Plate 1,P6-12
Cell_Nuclei_Area_Ratio_Filter_Top,Cell:Nuclear Area Ratio Filter Top Band,3471,3073,2,Top threshold: 20.530685742771166,3071.0,Plate 1,P6-12
Nuclei_Intensity_MedianIntensity_DAPI_MAX_WellNormalized_Filter_Bottom,Nuclei Intensity MedianIntensity DAPI MAX WellNormalized Filter Bottom Band,3471,3071,1,Bottom threshold: 0.018285095035001957,3070.0,Plate 1,P6-12
Nuclei_Intensity_MedianIntensity_DAPI_MAX_WellNormalized_Filter_Top,Nuclei Intensity MedianIntensity DAPI MAX WellNormalized Filter Top Band,3471,3071,4,Top threshold: 2.5,3067.0,Plate 1,P6-12
Cell_Neighbours_Filter,Percent of Cell Touching Neighbours AND Number Of Neighbours < 97.5th Percentile,3471,3071,143,Max Percent Touching: 65.82167832167832 and Max Number Of Neighbours: 4.0,2928.0,Plate 1,P6-12
Cell_Neighbours_PercentTouchingOnlyFilter,Percent of Cell Touching Neighbours < 97.5th Percentile,3471,3071,85,Max Percent Touching: 65.82167832167832,2986.0,Plate 1,P6-12
Cell_Neighbours_NumberOfOnlyFilter,Number Of Neighbours < 97.5th Percentile,3471,3071,85,Max Number Of Neighbours: 4.0,2986.0,Plate 1,P6-12
Nuc_Neighbours_Filter,Number Of Nuclei Neighbours < 97.5th Percentile,3471,3071,14,Max Number Of Nuclei Neighbours: 1.0,3057.0,Plate 1,P6-12
Initial_Dataset,Initial Dataset,3471,0,0,"None,None",,Plate 2,P6-12
Number_of_Mitochondria_Filter,Min Number of Mitochondria Filter,3471,0,0,min_compartments=0,0.0,Plate 2,P6-12
Number_of_Lysosomes_Filter,Min Number of Lysosomes Filter,3471,0,0,min_compartments=0,0.0,Plate 2,P6-12
AreaShape_Area_Filter_Bottom,Cell Size Filter Bottom Band,3471,0,0,Bottom threshold: 22768.0,0.0,Plate 2,P6-12
AreaShape_Area_Filter_Top,Cell Size Filter Top Band,3471,0,0,Top threshold: 1254046.5,0.0,Plate 2,P6-12
Nuclei_AreaShape_Area_Filter_Bottom,Nuclear Size Filter Bottom Band,3471,0,0,Bottom threshold: 9340.0,0.0,Plate 2,P6-12
Nuclei_AreaShape_Area_Filter_Top,Nuclear Size Filter Top Band,3471,0,0,Top threshold: 98385.75,0.0,Plate 2,P6-12
Cell_Nuclei_Area_Ratio_Filter_Bottom,Cell:Nuclear Area Ratio Filter Bottom Band,3471,0,0,Bottom threshold: 1.9243336199484091,0.0,Plate 2,P6-12
Cell_Nuclei_Area_Ratio_Filter_Top,Cell:Nuclear Area Ratio Filter Top Band,3471,0,0,Top threshold: 20.530685742771166,0.0,Plate 2,P6-12
Nuclei_Intensity_MedianIntensity_DAPI_MAX_WellNormalized_Filter_Bottom,Nuclei Intensity MedianIntensity DAPI MAX WellNormalized Filter Bottom Band,3471,0,0,Bottom threshold: nan,0.0,Plate 2,P6-12
Nuclei_Intensity_MedianIntensity_DAPI_MAX_WellNormalized_Filter_Top,Nuclei Intensity MedianIntensity DAPI MAX WellNormalized Filter Top Band,3471,0,0,Top threshold: 2.5,0.0,Plate 2,P6-12
Cell_Neighbours_Filter,Percent of Cell Touching Neighbours AND Number Of Neighbours < 97.5th Percentile,3471,0,0,Max Percent Touching: 65.82167832167832 and Max Number Of Neighbours: 4.0,0.0,Plate 2,P6-12
Cell_Neighbours_PercentTouchingOnlyFilter,Percent of Cell Touching Neighbours < 97.5th Percentile,3471,0,0,Max Percent Touching: 65.82167832167832,0.0,Plate 2,P6-12
Cell_Neighbours_NumberOfOnlyFilter,Number Of Neighbours < 97.5th Percentile,3471,0,0,Max Number Of Neighbours: 4.0,0.0,Plate 2,P6-12
Nuc_Neighbours_Filter,Number Of Nuclei Neighbours < 97.5th Percentile,3471,0,0,Max Number Of Nuclei Neighbours: 1.0,0.0,Plate 2,P6-12
Initial_Dataset,Initial Dataset,3471,0,0,"None,None",,Plate 3,P6-12
Number_of_Mitochondria_Filter,Min Number of Mitochondria Filter,3471,0,0,min_compartments=0,0.0,Plate 3,P6-12
Number_of_Lysosomes_Filter,Min Number of Lysosomes Filter,3471,0,0,min_compartments=0,0.0,Plate 3,P6-12
AreaShape_Area_Filter_Bottom,Cell Size Filter Bottom Band,3471,0,0,Bottom threshold: 22768.0,0.0,Plate 3,P6-12
AreaShape_Area_Filter_Top,Cell Size Filter Top Band,3471,0,0,Top threshold: 1254046.5,0.0,Plate 3,P6-12
Nuclei_AreaShape_Area_Filter_Bottom,Nuclear Size Filter Bottom Band,3471,0,0,Bottom threshold: 9340.0,0.0,Plate 3,P6-12
Nuclei_AreaShape_Area_Filter_Top,Nuclear Size Filter Top Band,3471,0,0,Top threshold: 98385.75,0.0,Plate 3,P6-12
Cell_Nuclei_Area_Ratio_Filter_Bottom,Cell:Nuclear Area Ratio Filter Bottom Band,3471,0,0,Bottom threshold: 1.9243336199484091,0.0,Plate 3,P6-12
Cell_Nuclei_Area_Ratio_Filter_Top,Cell:Nuclear Area Ratio Filter Top Band,3471,0,0,Top threshold: 20.530685742771166,0.0,Plate 3,P6-12
Nuclei_Intensity_MedianIntensity_DAPI_MAX_WellNormalized_Filter_Bottom,Nuclei Intensity MedianIntensity DAPI MAX WellNormalized Filter Bottom Band,3471,0,0,Bottom threshold: nan,0.0,Plate 3,P6-12
Nuclei_Intensity_MedianIntensity_DAPI_MAX_WellNormalized_Filter_Top,Nuclei Intensity MedianIntensity DAPI MAX WellNormalized Filter Top Band,3471,0,0,Top threshold: 2.5,0.0,Plate 3,P6-12
Cell_Neighbours_Filter,Percent of Cell Touching Neighbours AND Number Of Neighbours < 97.5th Percentile,3471,0,0,Max Percent Touching: 65.82167832167832 and Max Number Of Neighbours: 4.0,0.0,Plate 3,P6-12
Cell_Neighbours_PercentTouchingOnlyFilter,Percent of Cell Touching Neighbours < 97.5th Percentile,3471,0,0,Max Percent Touching: 65.82167832167832,0.0,Plate 3,P6-12
Cell_Neighbours_NumberOfOnlyFilter,Number Of Neighbours < 97.5th Percentile,3471,0,0,Max Number Of Neighbours: 4.0,0.0,Plate 3,P6-12
Nuc_Neighbours_Filter,Number Of Nuclei Neighbours < 97.5th Percentile,3471,0,0,Max Number Of Nuclei Neighbours: 1.0,0.0,Plate 3,P6-12
Initial_Dataset,Initial Dataset,3471,0,0,"None,None",,Plate 4,P6-12
Number_of_Mitochondria_Filter,Min Number of Mitochondria Filter,3471,0,0,min_compartments=0,0.0,Plate 4,P6-12
Number_of_Lysosomes_Filter,Min Number of Lysosomes Filter,3471,0,0,min_compartments=0,0.0,Plate 4,P6-12
AreaShape_Area_Filter_Bottom,Cell Size Filter Bottom Band,3471,0,0,Bottom threshold: 22768.0,0.0,Plate 4,P6-12
AreaShape_Area_Filter_Top,Cell Size Filter Top Band,3471,0,0,Top threshold: 1254046.5,0.0,Plate 4,P6-12
Nuclei_AreaShape_Area_Filter_Bottom,Nuclear Size Filter Bottom Band,3471,0,0,Bottom threshold: 9340.0,0.0,Plate 4,P6-12
Nuclei_AreaShape_Area_Filter_Top,Nuclear Size Filter Top Band,3471,0,0,Top threshold: 98385.75,0.0,Plate 4,P6-12
Cell_Nuclei_Area_Ratio_Filter_Bottom,Cell:Nuclear Area Ratio Filter Bottom Band,3471,0,0,Bottom threshold: 1.9243336199484091,0.0,Plate 4,P6-12
Cell_Nuclei_Area_Ratio_Filter_Top,Cell:Nuclear Area Ratio Filter Top Band,3471,0,0,Top threshold: 20.530685742771166,0.0,Plate 4,P6-12
Nuclei_Intensity_MedianIntensity_DAPI_MAX_WellNormalized_Filter_Bottom,Nuclei Intensity MedianIntensity DAPI MAX WellNormalized Filter Bottom Band,3471,0,0,Bottom threshold: nan,0.0,Plate 4,P6-12
Nuclei_Intensity_MedianIntensity_DAPI_MAX_WellNormalized_Filter_Top,Nuclei Intensity MedianIntensity DAPI MAX WellNormalized Filter Top Band,3471,0,0,Top threshold: 2.5,0.0,Plate 4,P6-12
Cell_Neighbours_Filter,Percent of Cell Touching Neighbours AND Number Of Neighbours < 97.5th Percentile,3471,0,0,Max Percent Touching: 65.82167832167832 and Max Number Of Neighbours: 4.0,0.0,Plate 4,P6-12
Cell_Neighbours_PercentTouchingOnlyFilter,Percent of Cell Touching Neighbours < 97.5th Percentile,3471,0,0,Max Percent Touching: 65.82167832167832,0.0,Plate 4,P6-12
Cell_Neighbours_NumberOfOnlyFilter,Number Of Neighbours < 97.5th Percentile,3471,0,0,Max Number Of Neighbours: 4.0,0.0,Plate 4,P6-12
Nuc_Neighbours_Filter,Number Of Nuclei Neighbours < 97.5th Percentile,3471,0,0,Max Number Of Nuclei Neighbours: 1.0,0.0,Plate 4,P6-12
Initial_Dataset,Initial Dataset,3471,0,0,"None,None",,Plate 5,P6-12
Number_of_Mitochondria_Filter,Min Number of Mitochondria Filter,3471,0,0,min_compartments=0,0.0,Plate 5,P6-12
Number_of_Lysosomes_Filter,Min Number of Lysosomes Filter,3471,0,0,min_compartments=0,0.0,Plate 5,P6-12
AreaShape_Area_Filter_Bottom,Cell Size Filter Bottom Band,3471,0,0,Bottom threshold: 22768.0,0.0,Plate 5,P6-12
AreaShape_Area_Filter_Top,Cell Size Filter Top Band,3471,0,0,Top threshold: 1254046.5,0.0,Plate 5,P6-12
Nuclei_AreaShape_Area_Filter_Bottom,Nuclear Size Filter Bottom Band,3471,0,0,Bottom threshold: 9340.0,0.0,Plate 5,P6-12
Nuclei_AreaShape_Area_Filter_Top,Nuclear Size Filter Top Band,3471,0,0,Top threshold: 98385.75,0.0,Plate 5,P6-12
Cell_Nuclei_Area_Ratio_Filter_Bottom,Cell:Nuclear Area Ratio Filter Bottom Band,3471,0,0,Bottom threshold: 1.9243336199484091,0.0,Plate 5,P6-12
Cell_Nuclei_Area_Ratio_Filter_Top,Cell:Nuclear Area Ratio Filter Top Band,3471,0,0,Top threshold: 20.530685742771166,0.0,Plate 5,P6-12
Nuclei_Intensity_MedianIntensity_DAPI_MAX_WellNormalized_Filter_Bottom,Nuclei Intensity MedianIntensity DAPI MAX WellNormalized Filter Bottom Band,3471,0,0,Bottom threshold: nan,0.0,Plate 5,P6-12
Nuclei_Intensity_MedianIntensity_DAPI_MAX_WellNormalized_Filter_Top,Nuclei Intensity MedianIntensity DAPI MAX WellNormalized Filter Top Band,3471,0,0,Top threshold: 2.5,0.0,Plate 5,P6-12
Cell_Neighbours_Filter,Percent of Cell Touching Neighbours AND Number Of Neighbours < 97.5th Percentile,3471,0,0,Max Percent Touching: 65.82167832167832 and Max Number Of Neighbours: 4.0,0.0,Plate 5,P6-12
Cell_Neighbours_PercentTouchingOnlyFilter,Percent of Cell Touching Neighbours < 97.5th Percentile,3471,0,0,Max Percent Touching: 65.82167832167832,0.0,Plate 5,P6-12
Cell_Neighbours_NumberOfOnlyFilter,Number Of Neighbours < 97.5th Percentile,3471,0,0,Max Number Of Neighbours: 4.0,0.0,Plate 5,P6-12
Nuc_Neighbours_Filter,Number Of Nuclei Neighbours < 97.5th Percentile,3471,0,0,Max Number Of Nuclei Neighbours: 1.0,0.0,Plate 5,P6-12
Initial_Dataset,Initial Dataset,3471,0,0,"None,None",,Plate 6,P6-12
Number_of_Mitochondria_Filter,Min Number of Mitochondria Filter,3471,0,0,min_compartments=0,0.0,Plate 6,P6-12
Number_of_Lysosomes_Filter,Min Number of Lysosomes Filter,3471,0,0,min_compartments=0,0.0,Plate 6,P6-12
AreaShape_Area_Filter_Bottom,Cell Size Filter Bottom Band,3471,0,0,Bottom threshold: 22768.0,0.0,Plate 6,P6-12
AreaShape_Area_Filter_Top,Cell Size Filter Top Band,3471,0,0,Top threshold: 1254046.5,0.0,Plate 6,P6-12
Nuclei_AreaShape_Area_Filter_Bottom,Nuclear Size Filter Bottom Band,3471,0,0,Bottom threshold: 9340.0,0.0,Plate 6,P6-12
Nuclei_AreaShape_Area_Filter_Top,Nuclear Size Filter Top Band,3471,0,0,Top threshold: 98385.75,0.0,Plate 6,P6-12
Cell_Nuclei_Area_Ratio_Filter_Bottom,Cell:Nuclear Area Ratio Filter Bottom Band,3471,0,0,Bottom threshold: 1.9243336199484091,0.0,Plate 6,P6-12
Cell_Nuclei_Area_Ratio_Filter_Top,Cell:Nuclear Area Ratio Filter Top Band,3471,0,0,Top threshold: 20.530685742771166,0.0,Plate 6,P6-12
Nuclei_Intensity_MedianIntensity_DAPI_MAX_WellNormalized_Filter_Bottom,Nuclei Intensity MedianIntensity DAPI MAX WellNormalized Filter Bottom Band,3471,0,0,Bottom threshold: nan,0.0,Plate 6,P6-12
Nuclei_Intensity_MedianIntensity_DAPI_MAX_WellNormalized_Filter_Top,Nuclei Intensity MedianIntensity DAPI MAX WellNormalized Filter Top Band,3471,0,0,Top threshold: 2.5,0.0,Plate 6,P6-12
Cell_Neighbours_Filter,Percent of Cell Touching Neighbours AND Number Of Neighbours < 97.5th Percentile,3471,0,0,Max Percent Touching: 65.82167832167832 and Max Number Of Neighbours: 4.0,0.0,Plate 6,P6-12
Cell_Neighbours_PercentTouchingOnlyFilter,Percent of Cell Touching Neighbours < 97.5th Percentile,3471,0,0,Max Percent Touching: 65.82167832167832,0.0,Plate 6,P6-12
Cell_Neighbours_NumberOfOnlyFilter,Number Of Neighbours < 97.5th Percentile,3471,0,0,Max Number Of Neighbours: 4.0,0.0,Plate 6,P6-12
Nuc_Neighbours_Filter,Number Of Nuclei Neighbours < 97.5th Percentile,3471,0,0,Max Number Of Nuclei Neighbours: 1.0,0.0,Plate 6,P6-12
Initial_Dataset,Initial Dataset,3471,0,0,"None,None",,Plate 7,P6-12
Number_of_Mitochondria_Filter,Min Number of Mitochondria Filter,3471,0,0,min_compartments=0,0.0,Plate 7,P6-12
Number_of_Lysosomes_Filter,Min Number of Lysosomes Filter,3471,0,0,min_compartments=0,0.0,Plate 7,P6-12
AreaShape_Area_Filter_Bottom,Cell Size Filter Bottom Band,3471,0,0,Bottom threshold: 22768.0,0.0,Plate 7,P6-12
AreaShape_Area_Filter_Top,Cell Size Filter Top Band,3471,0,0,Top threshold: 1254046.5,0.0,Plate 7,P6-12
Nuclei_AreaShape_Area_Filter_Bottom,Nuclear Size Filter Bottom Band,3471,0,0,Bottom threshold: 9340.0,0.0,Plate 7,P6-12
Nuclei_AreaShape_Area_Filter_Top,Nuclear Size Filter Top Band,3471,0,0,Top threshold: 98385.75,0.0,Plate 7,P6-12
Cell_Nuclei_Area_Ratio_Filter_Bottom,Cell:Nuclear Area Ratio Filter Bottom Band,3471,0,0,Bottom threshold: 1.9243336199484091,0.0,Plate 7,P6-12
Cell_Nuclei_Area_Ratio_Filter_Top,Cell:Nuclear Area Ratio Filter Top Band,3471,0,0,Top threshold: 20.530685742771166,0.0,Plate 7,P6-12
Nuclei_Intensity_MedianIntensity_DAPI_MAX_WellNormalized_Filter_Bottom,Nuclei Intensity MedianIntensity DAPI MAX WellNormalized Filter Bottom Band,3471,0,0,Bottom threshold: nan,0.0,Plate 7,P6-12
Nuclei_Intensity_MedianIntensity_DAPI_MAX_WellNormalized_Filter_Top,Nuclei Intensity MedianIntensity DAPI MAX WellNormalized Filter Top Band,3471,0,0,Top threshold: 2.5,0.0,Plate 7,P6-12
Cell_Neighbours_Filter,Percent of Cell Touching Neighbours AND Number Of Neighbours < 97.5th Percentile,3471,0,0,Max Percent Touching: 65.82167832167832 and Max Number Of Neighbours: 4.0,0.0,Plate 7,P6-12
Cell_Neighbours_PercentTouchingOnlyFilter,Percent of Cell Touching Neighbours < 97.5th Percentile,3471,0,0,Max Percent Touching: 65.82167832167832,0.0,Plate 7,P6-12
Cell_Neighbours_NumberOfOnlyFilter,Number Of Neighbours < 97.5th Percentile,3471,0,0,Max Number Of Neighbours: 4.0,0.0,Plate 7,P6-12
Nuc_Neighbours_Filter,Number Of Nuclei Neighbours < 97.5th Percentile,3471,0,0,Max Number Of Nuclei Neighbours: 1.0,0.0,Plate 7,P6-12
Initial_Dataset,Initial Dataset,3471,1898,0,"None,None",,Plate 1,P13-15
Number_of_Mitochondria_Filter,Min Number of Mitochondria Filter,3471,1898,0,min_compartments=0,1898.0,Plate 1,P13-15
Number_of_Lysosomes_Filter,Min Number of Lysosomes Filter,3471,1898,0,min_compartments=0,1898.0,Plate 1,P13-15
AreaShape_Area_Filter_Bottom,Cell Size Filter Bottom Band,3471,1898,11,Bottom threshold: 22768.0,1887.0,Plate 1,P13-15
AreaShape_Area_Filter_Top,Cell Size Filter Top Band,3471,1898,0,Top threshold: 1254046.5,1887.0,Plate 1,P13-15
Nuclei_AreaShape_Area_Filter_Bottom,Nuclear Size Filter Bottom Band,3471,1898,17,Bottom threshold: 9340.0,1881.0,Plate 1,P13-15
Nuclei_AreaShape_Area_Filter_Top,Nuclear Size Filter Top Band,3471,1898,0,Top threshold: 98385.75,1881.0,Plate 1,P13-15
Cell_Nuclei_Area_Ratio_Filter_Bottom,Cell:Nuclear Area Ratio Filter Bottom Band,3471,1898,37,Bottom threshold: 1.9243336199484091,1861.0,Plate 1,P13-15
Cell_Nuclei_Area_Ratio_Filter_Top,Cell:Nuclear Area Ratio Filter Top Band,3471,1898,3,Top threshold: 20.530685742771166,1895.0,Plate 1,P13-15
Nuclei_Intensity_MedianIntensity_DAPI_MAX_WellNormalized_Filter_Bottom,Nuclei Intensity MedianIntensity DAPI MAX WellNormalized Filter Bottom Band,3471,1895,1,Bottom threshold: 0.02903831366570287,1894.0,Plate 1,P13-15
Nuclei_Intensity_MedianIntensity_DAPI_MAX_WellNormalized_Filter_Top,Nuclei Intensity MedianIntensity DAPI MAX WellNormalized Filter Top Band,3471,1895,2,Top threshold: 2.5,1893.0,Plate 1,P13-15
Cell_Neighbours_Filter,Percent of Cell Touching Neighbours AND Number Of Neighbours < 97.5th Percentile,3471,1895,323,Max Percent Touching: 65.82167832167832 and Max Number Of Neighbours: 4.0,1572.0,Plate 1,P13-15
Cell_Neighbours_PercentTouchingOnlyFilter,Percent of Cell Touching Neighbours < 97.5th Percentile,3471,1895,208,Max Percent Touching: 65.82167832167832,1687.0,Plate 1,P13-15
Cell_Neighbours_NumberOfOnlyFilter,Number Of Neighbours < 97.5th Percentile,3471,1895,232,Max Number Of Neighbours: 4.0,1663.0,Plate 1,P13-15
Nuc_Neighbours_Filter,Number Of Nuclei Neighbours < 97.5th Percentile,3471,1895,9,Max Number Of Nuclei Neighbours: 1.0,1886.0,Plate 1,P13-15
Initial_Dataset,Initial Dataset,3471,0,0,"None,None",,Plate 2,P13-15
Number_of_Mitochondria_Filter,Min Number of Mitochondria Filter,3471,0,0,min_compartments=0,0.0,Plate 2,P13-15
Number_of_Lysosomes_Filter,Min Number of Lysosomes Filter,3471,0,0,min_compartments=0,0.0,Plate 2,P13-15
AreaShape_Area_Filter_Bottom,Cell Size Filter Bottom Band,3471,0,0,Bottom threshold: 22768.0,0.0,Plate 2,P13-15
AreaShape_Area_Filter_Top,Cell Size Filter Top Band,3471,0,0,Top threshold: 1254046.5,0.0,Plate 2,P13-15
Nuclei_AreaShape_Area_Filter_Bottom,Nuclear Size Filter Bottom Band,3471,0,0,Bottom threshold: 9340.0,0.0,Plate 2,P13-15
Nuclei_AreaShape_Area_Filter_Top,Nuclear Size Filter Top Band,3471,0,0,Top threshold: 98385.75,0.0,Plate 2,P13-15
Cell_Nuclei_Area_Ratio_Filter_Bottom,Cell:Nuclear Area Ratio Filter Bottom Band,3471,0,0,Bottom threshold: 1.9243336199484091,0.0,Plate 2,P13-15
Cell_Nuclei_Area_Ratio_Filter_Top,Cell:Nuclear Area Ratio Filter Top Band,3471,0,0,Top threshold: 20.530685742771166,0.0,Plate 2,P13-15
Nuclei_Intensity_MedianIntensity_DAPI_MAX_WellNormalized_Filter_Bottom,Nuclei Intensity MedianIntensity DAPI MAX WellNormalized Filter Bottom Band,3471,0,0,Bottom threshold: nan,0.0,Plate 2,P13-15
Nuclei_Intensity_MedianIntensity_DAPI_MAX_WellNormalized_Filter_Top,Nuclei Intensity MedianIntensity DAPI MAX WellNormalized Filter Top Band,3471,0,0,Top threshold: 2.5,0.0,Plate 2,P13-15
Cell_Neighbours_Filter,Percent of Cell Touching Neighbours AND Number Of Neighbours < 97.5th Percentile,3471,0,0,Max Percent Touching: 65.82167832167832 and Max Number Of Neighbours: 4.0,0.0,Plate 2,P13-15
Cell_Neighbours_PercentTouchingOnlyFilter,Percent of Cell Touching Neighbours < 97.5th Percentile,3471,0,0,Max Percent Touching: 65.82167832167832,0.0,Plate 2,P13-15
Cell_Neighbours_NumberOfOnlyFilter,Number Of Neighbours < 97.5th Percentile,3471,0,0,Max Number Of Neighbours: 4.0,0.0,Plate 2,P13-15
Nuc_Neighbours_Filter,Number Of Nuclei Neighbours < 97.5th Percentile,3471,0,0,Max Number Of Nuclei Neighbours: 1.0,0.0,Plate 2,P13-15
Initial_Dataset,Initial Dataset,3471,0,0,"None,None",,Plate 3,P13-15
Number_of_Mitochondria_Filter,Min Number of Mitochondria Filter,3471,0,0,min_compartments=0,0.0,Plate 3,P13-15
Number_of_Lysosomes_Filter,Min Number of Lysosomes Filter,3471,0,0,min_compartments=0,0.0,Plate 3,P13-15
AreaShape_Area_Filter_Bottom,Cell Size Filter Bottom Band,3471,0,0,Bottom threshold: 22768.0,0.0,Plate 3,P13-15
AreaShape_Area_Filter_Top,Cell Size Filter Top Band,3471,0,0,Top threshold: 1254046.5,0.0,Plate 3,P13-15
Nuclei_AreaShape_Area_Filter_Bottom,Nuclear Size Filter Bottom Band,3471,0,0,Bottom threshold: 9340.0,0.0,Plate 3,P13-15
Nuclei_AreaShape_Area_Filter_Top,Nuclear Size Filter Top Band,3471,0,0,Top threshold: 98385.75,0.0,Plate 3,P13-15
Cell_Nuclei_Area_Ratio_Filter_Bottom,Cell:Nuclear Area Ratio Filter Bottom Band,3471,0,0,Bottom threshold: 1.9243336199484091,0.0,Plate 3,P13-15
Cell_Nuclei_Area_Ratio_Filter_Top,Cell:Nuclear Area Ratio Filter Top Band,3471,0,0,Top threshold: 20.530685742771166,0.0,Plate 3,P13-15
Nuclei_Intensity_MedianIntensity_DAPI_MAX_WellNormalized_Filter_Bottom,Nuclei Intensity MedianIntensity DAPI MAX WellNormalized Filter Bottom Band,3471,0,0,Bottom threshold: nan,0.0,Plate 3,P13-15
Nuclei_Intensity_MedianIntensity_DAPI_MAX_WellNormalized_Filter_Top,Nuclei Intensity MedianIntensity DAPI MAX WellNormalized Filter Top Band,3471,0,0,Top threshold: 2.5,0.0,Plate 3,P13-15
Cell_Neighbours_Filter,Percent of Cell Touching Neighbours AND Number Of Neighbours < 97.5th Percentile,3471,0,0,Max Percent Touching: 65.82167832167832 and Max Number Of Neighbours: 4.0,0.0,Plate 3,P13-15
Cell_Neighbours_PercentTouchingOnlyFilter,Percent of Cell Touching Neighbours < 97.5th Percentile,3471,0,0,Max Percent Touching: 65.82167832167832,0.0,Plate 3,P13-15
Cell_Neighbours_NumberOfOnlyFilter,Number Of Neighbours < 97.5th Percentile,3471,0,0,Max Number Of Neighbours: 4.0,0.0,Plate 3,P13-15
Nuc_Neighbours_Filter,Number Of Nuclei Neighbours < 97.5th Percentile,3471,0,0,Max Number Of Nuclei Neighbours: 1.0,0.0,Plate 3,P13-15
Initial_Dataset,Initial Dataset,3471,0,0,"None,None",,Plate 4,P13-15
Number_of_Mitochondria_Filter,Min Number of Mitochondria Filter,3471,0,0,min_compartments=0,0.0,Plate 4,P13-15
Number_of_Lysosomes_Filter,Min Number of Lysosomes Filter,3471,0,0,min_compartments=0,0.0,Plate 4,P13-15
AreaShape_Area_Filter_Bottom,Cell Size Filter Bottom Band,3471,0,0,Bottom threshold: 22768.0,0.0,Plate 4,P13-15
AreaShape_Area_Filter_Top,Cell Size Filter Top Band,3471,0,0,Top threshold: 1254046.5,0.0,Plate 4,P13-15
Nuclei_AreaShape_Area_Filter_Bottom,Nuclear Size Filter Bottom Band,3471,0,0,Bottom threshold: 9340.0,0.0,Plate 4,P13-15
Nuclei_AreaShape_Area_Filter_Top,Nuclear Size Filter Top Band,3471,0,0,Top threshold: 98385.75,0.0,Plate 4,P13-15
Cell_Nuclei_Area_Ratio_Filter_Bottom,Cell:Nuclear Area Ratio Filter Bottom Band,3471,0,0,Bottom threshold: 1.9243336199484091,0.0,Plate 4,P13-15
Cell_Nuclei_Area_Ratio_Filter_Top,Cell:Nuclear Area Ratio Filter Top Band,3471,0,0,Top threshold: 20.530685742771166,0.0,Plate 4,P13-15
Nuclei_Intensity_MedianIntensity_DAPI_MAX_WellNormalized_Filter_Bottom,Nuclei Intensity MedianIntensity DAPI MAX WellNormalized Filter Bottom Band,3471,0,0,Bottom threshold: nan,0.0,Plate 4,P13-15
Nuclei_Intensity_MedianIntensity_DAPI_MAX_WellNormalized_Filter_Top,Nuclei Intensity MedianIntensity DAPI MAX WellNormalized Filter Top Band,3471,0,0,Top threshold: 2.5,0.0,Plate 4,P13-15
Cell_Neighbours_Filter,Percent of Cell Touching Neighbours AND Number Of Neighbours < 97.5th Percentile,3471,0,0,Max Percent Touching: 65.82167832167832 and Max Number Of Neighbours: 4.0,0.0,Plate 4,P13-15
Cell_Neighbours_PercentTouchingOnlyFilter,Percent of Cell Touching Neighbours < 97.5th Percentile,3471,0,0,Max Percent Touching: 65.82167832167832,0.0,Plate 4,P13-15
Cell_Neighbours_NumberOfOnlyFilter,Number Of Neighbours < 97.5th Percentile,3471,0,0,Max Number Of Neighbours: 4.0,0.0,Plate 4,P13-15
Nuc_Neighbours_Filter,Number Of Nuclei Neighbours < 97.5th Percentile,3471,0,0,Max Number Of Nuclei Neighbours: 1.0,0.0,Plate 4,P13-15
Initial_Dataset,Initial Dataset,3471,0,0,"None,None",,Plate 5,P13-15
Number_of_Mitochondria_Filter,Min Number of Mitochondria Filter,3471,0,0,min_compartments=0,0.0,Plate 5,P13-15
Number_of_Lysosomes_Filter,Min Number of Lysosomes Filter,3471,0,0,min_compartments=0,0.0,Plate 5,P13-15
AreaShape_Area_Filter_Bottom,Cell Size Filter Bottom Band,3471,0,0,Bottom threshold: 22768.0,0.0,Plate 5,P13-15
AreaShape_Area_Filter_Top,Cell Size Filter Top Band,3471,0,0,Top threshold: 1254046.5,0.0,Plate 5,P13-15
Nuclei_AreaShape_Area_Filter_Bottom,Nuclear Size Filter Bottom Band,3471,0,0,Bottom threshold: 9340.0,0.0,Plate 5,P13-15
Nuclei_AreaShape_Area_Filter_Top,Nuclear Size Filter Top Band,3471,0,0,Top threshold: 98385.75,0.0,Plate 5,P13-15
Cell_Nuclei_Area_Ratio_Filter_Bottom,Cell:Nuclear Area Ratio Filter Bottom Band,3471,0,0,Bottom threshold: 1.9243336199484091,0.0,Plate 5,P13-15
Cell_Nuclei_Area_Ratio_Filter_Top,Cell:Nuclear Area Ratio Filter Top Band,3471,0,0,Top threshold: 20.530685742771166,0.0,Plate 5,P13-15
Nuclei_Intensity_MedianIntensity_DAPI_MAX_WellNormalized_Filter_Bottom,Nuclei Intensity MedianIntensity DAPI MAX WellNormalized Filter Bottom Band,3471,0,0,Bottom threshold: nan,0.0,Plate 5,P13-15
Nuclei_Intensity_MedianIntensity_DAPI_MAX_WellNormalized_Filter_Top,Nuclei Intensity MedianIntensity DAPI MAX WellNormalized Filter Top Band,3471,0,0,Top threshold: 2.5,0.0,Plate 5,P13-15
Cell_Neighbours_Filter,Percent of Cell Touching Neighbours AND Number Of Neighbours < 97.5th Percentile,3471,0,0,Max Percent Touching: 65.82167832167832 and Max Number Of Neighbours: 4.0,0.0,Plate 5,P13-15
Cell_Neighbours_PercentTouchingOnlyFilter,Percent of Cell Touching Neighbours < 97.5th Percentile,3471,0,0,Max Percent Touching: 65.82167832167832,0.0,Plate 5,P13-15
Cell_Neighbours_NumberOfOnlyFilter,Number Of Neighbours < 97.5th Percentile,3471,0,0,Max Number Of Neighbours: 4.0,0.0,Plate 5,P13-15
Nuc_Neighbours_Filter,Number Of Nuclei Neighbours < 97.5th Percentile,3471,0,0,Max Number Of Nuclei Neighbours: 1.0,0.0,Plate 5,P13-15
Initial_Dataset,Initial Dataset,3471,0,0,"None,None",,Plate 6,P13-15
Number_of_Mitochondria_Filter,Min Number of Mitochondria Filter,3471,0,0,min_compartments=0,0.0,Plate 6,P13-15
Number_of_Lysosomes_Filter,Min Number of Lysosomes Filter,3471,0,0,min_compartments=0,0.0,Plate 6,P13-15
AreaShape_Area_Filter_Bottom,Cell Size Filter Bottom Band,3471,0,0,Bottom threshold: 22768.0,0.0,Plate 6,P13-15
AreaShape_Area_Filter_Top,Cell Size Filter Top Band,3471,0,0,Top threshold: 1254046.5,0.0,Plate 6,P13-15
Nuclei_AreaShape_Area_Filter_Bottom,Nuclear Size Filter Bottom Band,3471,0,0,Bottom threshold: 9340.0,0.0,Plate 6,P13-15
Nuclei_AreaShape_Area_Filter_Top,Nuclear Size Filter Top Band,3471,0,0,Top threshold: 98385.75,0.0,Plate 6,P13-15
Cell_Nuclei_Area_Ratio_Filter_Bottom,Cell:Nuclear Area Ratio Filter Bottom Band,3471,0,0,Bottom threshold: 1.9243336199484091,0.0,Plate 6,P13-15
Cell_Nuclei_Area_Ratio_Filter_Top,Cell:Nuclear Area Ratio Filter Top Band,3471,0,0,Top threshold: 20.530685742771166,0.0,Plate 6,P13-15
Nuclei_Intensity_MedianIntensity_DAPI_MAX_WellNormalized_Filter_Bottom,Nuclei Intensity MedianIntensity DAPI MAX WellNormalized Filter Bottom Band,3471,0,0,Bottom threshold: nan,0.0,Plate 6,P13-15
Nuclei_Intensity_MedianIntensity_DAPI_MAX_WellNormalized_Filter_Top,Nuclei Intensity MedianIntensity DAPI MAX WellNormalized Filter Top Band,3471,0,0,Top threshold: 2.5,0.0,Plate 6,P13-15
Cell_Neighbours_Filter,Percent of Cell Touching Neighbours AND Number Of Neighbours < 97.5th Percentile,3471,0,0,Max Percent Touching: 65.82167832167832 and Max Number Of Neighbours: 4.0,0.0,Plate 6,P13-15
Cell_Neighbours_PercentTouchingOnlyFilter,Percent of Cell Touching Neighbours < 97.5th Percentile,3471,0,0,Max Percent Touching: 65.82167832167832,0.0,Plate 6,P13-15
Cell_Neighbours_NumberOfOnlyFilter,Number Of Neighbours < 97.5th Percentile,3471,0,0,Max Number Of Neighbours: 4.0,0.0,Plate 6,P13-15
Nuc_Neighbours_Filter,Number Of Nuclei Neighbours < 97.5th Percentile,3471,0,0,Max Number Of Nuclei Neighbours: 1.0,0.0,Plate 6,P13-15
Initial_Dataset,Initial Dataset,3471,0,0,"None,None",,Plate 7,P13-15
Number_of_Mitochondria_Filter,Min Number of Mitochondria Filter,3471,0,0,min_compartments=0,0.0,Plate 7,P13-15
Number_of_Lysosomes_Filter,Min Number of Lysosomes Filter,3471,0,0,min_compartments=0,0.0,Plate 7,P13-15
AreaShape_Area_Filter_Bottom,Cell Size Filter Bottom Band,3471,0,0,Bottom threshold: 22768.0,0.0,Plate 7,P13-15
AreaShape_Area_Filter_Top,Cell Size Filter Top Band,3471,0,0,Top threshold: 1254046.5,0.0,Plate 7,P13-15
Nuclei_AreaShape_Area_Filter_Bottom,Nuclear Size Filter Bottom Band,3471,0,0,Bottom threshold: 9340.0,0.0,Plate 7,P13-15
Nuclei_AreaShape_Area_Filter_Top,Nuclear Size Filter Top Band,3471,0,0,Top threshold: 98385.75,0.0,Plate 7,P13-15
Cell_Nuclei_Area_Ratio_Filter_Bottom,Cell:Nuclear Area Ratio Filter Bottom Band,3471,0,0,Bottom threshold: 1.9243336199484091,0.0,Plate 7,P13-15
Cell_Nuclei_Area_Ratio_Filter_Top,Cell:Nuclear Area Ratio Filter Top Band,3471,0,0,Top threshold: 20.530685742771166,0.0,Plate 7,P13-15
Nuclei_Intensity_MedianIntensity_DAPI_MAX_WellNormalized_Filter_Bottom,Nuclei Intensity MedianIntensity DAPI MAX WellNormalized Filter Bottom Band,3471,0,0,Bottom threshold: nan,0.0,Plate 7,P13-15
Nuclei_Intensity_MedianIntensity_DAPI_MAX_WellNormalized_Filter_Top,Nuclei Intensity MedianIntensity DAPI MAX WellNormalized Filter Top Band,3471,0,0,Top threshold: 2.5,0.0,Plate 7,P13-15
Cell_Neighbours_Filter,Percent of Cell Touching Neighbours AND Number Of Neighbours < 97.5th Percentile,3471,0,0,Max Percent Touching: 65.82167832167832 and Max Number Of Neighbours: 4.0,0.0,Plate 7,P13-15
Cell_Neighbours_PercentTouchingOnlyFilter,Percent of Cell Touching Neighbours < 97.5th Percentile,3471,0,0,Max Percent Touching: 65.82167832167832,0.0,Plate 7,P13-15
Cell_Neighbours_NumberOfOnlyFilter,Number Of Neighbours < 97.5th Percentile,3471,0,0,Max Number Of Neighbours: 4.0,0.0,Plate 7,P13-15
Nuc_Neighbours_Filter,Number Of Nuclei Neighbours < 97.5th Percentile,3471,0,0,Max Number Of Nuclei Neighbours: 1.0,0.0,Plate 7,P13-15
Initial_Dataset,Initial Dataset,3471,1314,0,"None,None",,Plate 1,P16-18
Number_of_Mitochondria_Filter,Min Number of Mitochondria Filter,3471,1314,0,min_compartments=0,1314.0,Plate 1,P16-18
Number_of_Lysosomes_Filter,Min Number of Lysosomes Filter,3471,1314,0,min_compartments=0,1314.0,Plate 1,P16-18
AreaShape_Area_Filter_Bottom,Cell Size Filter Bottom Band,3471,1314,15,Bottom threshold: 22768.0,1299.0,Plate 1,P16-18
AreaShape_Area_Filter_Top,Cell Size Filter Top Band,3471,1314,0,Top threshold: 1254046.5,1299.0,Plate 1,P16-18
Nuclei_AreaShape_Area_Filter_Bottom,Nuclear Size Filter Bottom Band,3471,1314,26,Bottom threshold: 9340.0,1286.0,Plate 1,P16-18
Nuclei_AreaShape_Area_Filter_Top,Nuclear Size Filter Top Band,3471,1314,2,Top threshold: 98385.75,1286.0,Plate 1,P16-18
Cell_Nuclei_Area_Ratio_Filter_Bottom,Cell:Nuclear Area Ratio Filter Bottom Band,3471,1314,30,Bottom threshold: 1.9243336199484091,1284.0,Plate 1,P16-18
Cell_Nuclei_Area_Ratio_Filter_Top,Cell:Nuclear Area Ratio Filter Top Band,3471,1314,3,Top threshold: 20.530685742771166,1311.0,Plate 1,P16-18
Nuclei_Intensity_MedianIntensity_DAPI_MAX_WellNormalized_Filter_Bottom,Nuclei Intensity MedianIntensity DAPI MAX WellNormalized Filter Bottom Band,3471,1311,1,Bottom threshold: 0.03924037618432701,1310.0,Plate 1,P16-18
Nuclei_Intensity_MedianIntensity_DAPI_MAX_WellNormalized_Filter_Top,Nuclei Intensity MedianIntensity DAPI MAX WellNormalized Filter Top Band,3471,1311,0,Top threshold: 2.5,1311.0,Plate 1,P16-18
Cell_Neighbours_Filter,Percent of Cell Touching Neighbours AND Number Of Neighbours < 97.5th Percentile,3471,1311,36,Max Percent Touching: 65.82167832167832 and Max Number Of Neighbours: 4.0,1275.0,Plate 1,P16-18
Cell_Neighbours_PercentTouchingOnlyFilter,Percent of Cell Touching Neighbours < 97.5th Percentile,3471,1311,19,Max Percent Touching: 65.82167832167832,1292.0,Plate 1,P16-18
Cell_Neighbours_NumberOfOnlyFilter,Number Of Neighbours < 97.5th Percentile,3471,1311,22,Max Number Of Neighbours: 4.0,1289.0,Plate 1,P16-18
Nuc_Neighbours_Filter,Number Of Nuclei Neighbours < 97.5th Percentile,3471,1311,6,Max Number Of Nuclei Neighbours: 1.0,1305.0,Plate 1,P16-18
Initial_Dataset,Initial Dataset,3471,0,0,"None,None",,Plate 2,P16-18
Number_of_Mitochondria_Filter,Min Number of Mitochondria Filter,3471,0,0,min_compartments=0,0.0,Plate 2,P16-18
Number_of_Lysosomes_Filter,Min Number of Lysosomes Filter,3471,0,0,min_compartments=0,0.0,Plate 2,P16-18
AreaShape_Area_Filter_Bottom,Cell Size Filter Bottom Band,3471,0,0,Bottom threshold: 22768.0,0.0,Plate 2,P16-18
AreaShape_Area_Filter_Top,Cell Size Filter Top Band,3471,0,0,Top threshold: 1254046.5,0.0,Plate 2,P16-18
Nuclei_AreaShape_Area_Filter_Bottom,Nuclear Size Filter Bottom Band,3471,0,0,Bottom threshold: 9340.0,0.0,Plate 2,P16-18
Nuclei_AreaShape_Area_Filter_Top,Nuclear Size Filter Top Band,3471,0,0,Top threshold: 98385.75,0.0,Plate 2,P16-18
Cell_Nuclei_Area_Ratio_Filter_Bottom,Cell:Nuclear Area Ratio Filter Bottom Band,3471,0,0,Bottom threshold: 1.9243336199484091,0.0,Plate 2,P16-18
Cell_Nuclei_Area_Ratio_Filter_Top,Cell:Nuclear Area Ratio Filter Top Band,3471,0,0,Top threshold: 20.530685742771166,0.0,Plate 2,P16-18
Nuclei_Intensity_MedianIntensity_DAPI_MAX_WellNormalized_Filter_Bottom,Nuclei Intensity MedianIntensity DAPI MAX WellNormalized Filter Bottom Band,3471,0,0,Bottom threshold: nan,0.0,Plate 2,P16-18
Nuclei_Intensity_MedianIntensity_DAPI_MAX_WellNormalized_Filter_Top,Nuclei Intensity MedianIntensity DAPI MAX WellNormalized Filter Top Band,3471,0,0,Top threshold: 2.5,0.0,Plate 2,P16-18
Cell_Neighbours_Filter,Percent of Cell Touching Neighbours AND Number Of Neighbours < 97.5th Percentile,3471,0,0,Max Percent Touching: 65.82167832167832 and Max Number Of Neighbours: 4.0,0.0,Plate 2,P16-18
Cell_Neighbours_PercentTouchingOnlyFilter,Percent of Cell Touching Neighbours < 97.5th Percentile,3471,0,0,Max Percent Touching: 65.82167832167832,0.0,Plate 2,P16-18
Cell_Neighbours_NumberOfOnlyFilter,Number Of Neighbours < 97.5th Percentile,3471,0,0,Max Number Of Neighbours: 4.0,0.0,Plate 2,P16-18
Nuc_Neighbours_Filter,Number Of Nuclei Neighbours < 97.5th Percentile,3471,0,0,Max Number Of Nuclei Neighbours: 1.0,0.0,Plate 2,P16-18
Initial_Dataset,Initial Dataset,3471,0,0,"None,None",,Plate 3,P16-18
Number_of_Mitochondria_Filter,Min Number of Mitochondria Filter,3471,0,0,min_compartments=0,0.0,Plate 3,P16-18
Number_of_Lysosomes_Filter,Min Number of Lysosomes Filter,3471,0,0,min_compartments=0,0.0,Plate 3,P16-18
AreaShape_Area_Filter_Bottom,Cell Size Filter Bottom Band,3471,0,0,Bottom threshold: 22768.0,0.0,Plate 3,P16-18
AreaShape_Area_Filter_Top,Cell Size Filter Top Band,3471,0,0,Top threshold: 1254046.5,0.0,Plate 3,P16-18
Nuclei_AreaShape_Area_Filter_Bottom,Nuclear Size Filter Bottom Band,3471,0,0,Bottom threshold: 9340.0,0.0,Plate 3,P16-18
Nuclei_AreaShape_Area_Filter_Top,Nuclear Size Filter Top Band,3471,0,0,Top threshold: 98385.75,0.0,Plate 3,P16-18
Cell_Nuclei_Area_Ratio_Filter_Bottom,Cell:Nuclear Area Ratio Filter Bottom Band,3471,0,0,Bottom threshold: 1.9243336199484091,0.0,Plate 3,P16-18
Cell_Nuclei_Area_Ratio_Filter_Top,Cell:Nuclear Area Ratio Filter Top Band,3471,0,0,Top threshold: 20.530685742771166,0.0,Plate 3,P16-18
Nuclei_Intensity_MedianIntensity_DAPI_MAX_WellNormalized_Filter_Bottom,Nuclei Intensity MedianIntensity DAPI MAX WellNormalized Filter Bottom Band,3471,0,0,Bottom threshold: nan,0.0,Plate 3,P16-18
Nuclei_Intensity_MedianIntensity_DAPI_MAX_WellNormalized_Filter_Top,Nuclei Intensity MedianIntensity DAPI MAX WellNormalized Filter Top Band,3471,0,0,Top threshold: 2.5,0.0,Plate 3,P16-18
Cell_Neighbours_Filter,Percent of Cell Touching Neighbours AND Number Of Neighbours < 97.5th Percentile,3471,0,0,Max Percent Touching: 65.82167832167832 and Max Number Of Neighbours: 4.0,0.0,Plate 3,P16-18
Cell_Neighbours_PercentTouchingOnlyFilter,Percent of Cell Touching Neighbours < 97.5th Percentile,3471,0,0,Max Percent Touching: 65.82167832167832,0.0,Plate 3,P16-18
Cell_Neighbours_NumberOfOnlyFilter,Number Of Neighbours < 97.5th Percentile,3471,0,0,Max Number Of Neighbours: 4.0,0.0,Plate 3,P16-18
Nuc_Neighbours_Filter,Number Of Nuclei Neighbours < 97.5th Percentile,3471,0,0,Max Number Of Nuclei Neighbours: 1.0,0.0,Plate 3,P16-18
Initial_Dataset,Initial Dataset,3471,0,0,"None,None",,Plate 4,P16-18
Number_of_Mitochondria_Filter,Min Number of Mitochondria Filter,3471,0,0,min_compartments=0,0.0,Plate 4,P16-18
Number_of_Lysosomes_Filter,Min Number of Lysosomes Filter,3471,0,0,min_compartments=0,0.0,Plate 4,P16-18
AreaShape_Area_Filter_Bottom,Cell Size Filter Bottom Band,3471,0,0,Bottom threshold: 22768.0,0.0,Plate 4,P16-18
AreaShape_Area_Filter_Top,Cell Size Filter Top Band,3471,0,0,Top threshold: 1254046.5,0.0,Plate 4,P16-18
Nuclei_AreaShape_Area_Filter_Bottom,Nuclear Size Filter Bottom Band,3471,0,0,Bottom threshold: 9340.0,0.0,Plate 4,P16-18
Nuclei_AreaShape_Area_Filter_Top,Nuclear Size Filter Top Band,3471,0,0,Top threshold: 98385.75,0.0,Plate 4,P16-18
Cell_Nuclei_Area_Ratio_Filter_Bottom,Cell:Nuclear Area Ratio Filter Bottom Band,3471,0,0,Bottom threshold: 1.9243336199484091,0.0,Plate 4,P16-18
Cell_Nuclei_Area_Ratio_Filter_Top,Cell:Nuclear Area Ratio Filter Top Band,3471,0,0,Top threshold: 20.530685742771166,0.0,Plate 4,P16-18
Nuclei_Intensity_MedianIntensity_DAPI_MAX_WellNormalized_Filter_Bottom,Nuclei Intensity MedianIntensity DAPI MAX WellNormalized Filter Bottom Band,3471,0,0,Bottom threshold: nan,0.0,Plate 4,P16-18
Nuclei_Intensity_MedianIntensity_DAPI_MAX_WellNormalized_Filter_Top,Nuclei Intensity MedianIntensity DAPI MAX WellNormalized Filter Top Band,3471,0,0,Top threshold: 2.5,0.0,Plate 4,P16-18
Cell_Neighbours_Filter,Percent of Cell Touching Neighbours AND Number Of Neighbours < 97.5th Percentile,3471,0,0,Max Percent Touching: 65.82167832167832 and Max Number Of Neighbours: 4.0,0.0,Plate 4,P16-18
Cell_Neighbours_PercentTouchingOnlyFilter,Percent of Cell Touching Neighbours < 97.5th Percentile,3471,0,0,Max Percent Touching: 65.82167832167832,0.0,Plate 4,P16-18
Cell_Neighbours_NumberOfOnlyFilter,Number Of Neighbours < 97.5th Percentile,3471,0,0,Max Number Of Neighbours: 4.0,0.0,Plate 4,P16-18
Nuc_Neighbours_Filter,Number Of Nuclei Neighbours < 97.5th Percentile,3471,0,0,Max Number Of Nuclei Neighbours: 1.0,0.0,Plate 4,P16-18
Initial_Dataset,Initial Dataset,3471,0,0,"None,None",,Plate 5,P16-18
Number_of_Mitochondria_Filter,Min Number of Mitochondria Filter,3471,0,0,min_compartments=0,0.0,Plate 5,P16-18
Number_of_Lysosomes_Filter,Min Number of Lysosomes Filter,3471,0,0,min_compartments=0,0.0,Plate 5,P16-18
AreaShape_Area_Filter_Bottom,Cell Size Filter Bottom Band,3471,0,0,Bottom threshold: 22768.0,0.0,Plate 5,P16-18
AreaShape_Area_Filter_Top,Cell Size Filter Top Band,3471,0,0,Top threshold: 1254046.5,0.0,Plate 5,P16-18
Nuclei_AreaShape_Area_Filter_Bottom,Nuclear Size Filter Bottom Band,3471,0,0,Bottom threshold: 9340.0,0.0,Plate 5,P16-18
Nuclei_AreaShape_Area_Filter_Top,Nuclear Size Filter Top Band,3471,0,0,Top threshold: 98385.75,0.0,Plate 5,P16-18
Cell_Nuclei_Area_Ratio_Filter_Bottom,Cell:Nuclear Area Ratio Filter Bottom Band,3471,0,0,Bottom threshold: 1.9243336199484091,0.0,Plate 5,P16-18
Cell_Nuclei_Area_Ratio_Filter_Top,Cell:Nuclear Area Ratio Filter Top Band,3471,0,0,Top threshold: 20.530685742771166,0.0,Plate 5,P16-18
Nuclei_Intensity_MedianIntensity_DAPI_MAX_WellNormalized_Filter_Bottom,Nuclei Intensity MedianIntensity DAPI MAX WellNormalized Filter Bottom Band,3471,0,0,Bottom threshold: nan,0.0,Plate 5,P16-18
Nuclei_Intensity_MedianIntensity_DAPI_MAX_WellNormalized_Filter_Top,Nuclei Intensity MedianIntensity DAPI MAX WellNormalized Filter Top Band,3471,0,0,Top threshold: 2.5,0.0,Plate 5,P16-18
Cell_Neighbours_Filter,Percent of Cell Touching Neighbours AND Number Of Neighbours < 97.5th Percentile,3471,0,0,Max Percent Touching: 65.82167832167832 and Max Number Of Neighbours: 4.0,0.0,Plate 5,P16-18
Cell_Neighbours_PercentTouchingOnlyFilter,Percent of Cell Touching Neighbours < 97.5th Percentile,3471,0,0,Max Percent Touching: 65.82167832167832,0.0,Plate 5,P16-18
Cell_Neighbours_NumberOfOnlyFilter,Number Of Neighbours < 97.5th Percentile,3471,0,0,Max Number Of Neighbours: 4.0,0.0,Plate 5,P16-18
Nuc_Neighbours_Filter,Number Of Nuclei Neighbours < 97.5th Percentile,3471,0,0,Max Number Of Nuclei Neighbours: 1.0,0.0,Plate 5,P16-18
Initial_Dataset,Initial Dataset,3471,0,0,"None,None",,Plate 6,P16-18
Number_of_Mitochondria_Filter,Min Number of Mitochondria Filter,3471,0,0,min_compartments=0,0.0,Plate 6,P16-18
Number_of_Lysosomes_Filter,Min Number of Lysosomes Filter,3471,0,0,min_compartments=0,0.0,Plate 6,P16-18
AreaShape_Area_Filter_Bottom,Cell Size Filter Bottom Band,3471,0,0,Bottom threshold: 22768.0,0.0,Plate 6,P16-18
AreaShape_Area_Filter_Top,Cell Size Filter Top Band,3471,0,0,Top threshold: 1254046.5,0.0,Plate 6,P16-18
Nuclei_AreaShape_Area_Filter_Bottom,Nuclear Size Filter Bottom Band,3471,0,0,Bottom threshold: 9340.0,0.0,Plate 6,P16-18
Nuclei_AreaShape_Area_Filter_Top,Nuclear Size Filter Top Band,3471,0,0,Top threshold: 98385.75,0.0,Plate 6,P16-18
Cell_Nuclei_Area_Ratio_Filter_Bottom,Cell:Nuclear Area Ratio Filter Bottom Band,3471,0,0,Bottom threshold: 1.9243336199484091,0.0,Plate 6,P16-18
Cell_Nuclei_Area_Ratio_Filter_Top,Cell:Nuclear Area Ratio Filter Top Band,3471,0,0,Top threshold: 20.530685742771166,0.0,Plate 6,P16-18
Nuclei_Intensity_MedianIntensity_DAPI_MAX_WellNormalized_Filter_Bottom,Nuclei Intensity MedianIntensity DAPI MAX WellNormalized Filter Bottom Band,3471,0,0,Bottom threshold: nan,0.0,Plate 6,P16-18
Nuclei_Intensity_MedianIntensity_DAPI_MAX_WellNormalized_Filter_Top,Nuclei Intensity MedianIntensity DAPI MAX WellNormalized Filter Top Band,3471,0,0,Top threshold: 2.5,0.0,Plate 6,P16-18
Cell_Neighbours_Filter,Percent of Cell Touching Neighbours AND Number Of Neighbours < 97.5th Percentile,3471,0,0,Max Percent Touching: 65.82167832167832 and Max Number Of Neighbours: 4.0,0.0,Plate 6,P16-18
Cell_Neighbours_PercentTouchingOnlyFilter,Percent of Cell Touching Neighbours < 97.5th Percentile,3471,0,0,Max Percent Touching: 65.82167832167832,0.0,Plate 6,P16-18
Cell_Neighbours_NumberOfOnlyFilter,Number Of Neighbours < 97.5th Percentile,3471,0,0,Max Number Of Neighbours: 4.0,0.0,Plate 6,P16-18
Nuc_Neighbours_Filter,Number Of Nuclei Neighbours < 97.5th Percentile,3471,0,0,Max Number Of Nuclei Neighbours: 1.0,0.0,Plate 6,P16-18
Initial_Dataset,Initial Dataset,3471,0,0,"None,None",,Plate 7,P16-18
Number_of_Mitochondria_Filter,Min Number of Mitochondria Filter,3471,0,0,min_compartments=0,0.0,Plate 7,P16-18
Number_of_Lysosomes_Filter,Min Number of Lysosomes Filter,3471,0,0,min_compartments=0,0.0,Plate 7,P16-18
AreaShape_Area_Filter_Bottom,Cell Size Filter Bottom Band,3471,0,0,Bottom threshold: 22768.0,0.0,Plate 7,P16-18
AreaShape_Area_Filter_Top,Cell Size Filter Top Band,3471,0,0,Top threshold: 1254046.5,0.0,Plate 7,P16-18
Nuclei_AreaShape_Area_Filter_Bottom,Nuclear Size Filter Bottom Band,3471,0,0,Bottom threshold: 9340.0,0.0,Plate 7,P16-18
Nuclei_AreaShape_Area_Filter_Top,Nuclear Size Filter Top Band,3471,0,0,Top threshold: 98385.75,0.0,Plate 7,P16-18
Cell_Nuclei_Area_Ratio_Filter_Bottom,Cell:Nuclear Area Ratio Filter Bottom Band,3471,0,0,Bottom threshold: 1.9243336199484091,0.0,Plate 7,P16-18
Cell_Nuclei_Area_Ratio_Filter_Top,Cell:Nuclear Area Ratio Filter Top Band,3471,0,0,Top threshold: 20.530685742771166,0.0,Plate 7,P16-18
Nuclei_Intensity_MedianIntensity_DAPI_MAX_WellNormalized_Filter_Bottom,Nuclei Intensity MedianIntensity DAPI MAX WellNormalized Filter Bottom Band,3471,0,0,Bottom threshold: nan,0.0,Plate 7,P16-18
Nuclei_Intensity_MedianIntensity_DAPI_MAX_WellNormalized_Filter_Top,Nuclei Intensity MedianIntensity DAPI MAX WellNormalized Filter Top Band,3471,0,0,Top threshold: 2.5,0.0,Plate 7,P16-18
Cell_Neighbours_Filter,Percent of Cell Touching Neighbours AND Number Of Neighbours < 97.5th Percentile,3471,0,0,Max Percent Touching: 65.82167832167832 and Max Number Of Neighbours: 4.0,0.0,Plate 7,P16-18
Cell_Neighbours_PercentTouchingOnlyFilter,Percent of Cell Touching Neighbours < 97.5th Percentile,3471,0,0,Max Percent Touching: 65.82167832167832,0.0,Plate 7,P16-18
Cell_Neighbours_NumberOfOnlyFilter,Number Of Neighbours < 97.5th Percentile,3471,0,0,Max Number Of Neighbours: 4.0,0.0,Plate 7,P16-18
Nuc_Neighbours_Filter,Number Of Nuclei Neighbours < 97.5th Percentile,3471,0,0,Max Number Of Nuclei Neighbours: 1.0,0.0,Plate 7,P16-18
Initial_Dataset,Initial Dataset,3471,734,0,"None,None",,Plate 1,P19-21
Number_of_Mitochondria_Filter,Min Number of Mitochondria Filter,3471,734,1,min_compartments=0,733.0,Plate 1,P19-21
Number_of_Lysosomes_Filter,Min Number of Lysosomes Filter,3471,734,1,min_compartments=0,733.0,Plate 1,P19-21
AreaShape_Area_Filter_Bottom,Cell Size Filter Bottom Band,3471,734,8,Bottom threshold: 22768.0,725.0,Plate 1,P19-21
AreaShape_Area_Filter_Top,Cell Size Filter Top Band,3471,734,1,Top threshold: 1254046.5,725.0,Plate 1,P19-21
Nuclei_AreaShape_Area_Filter_Bottom,Nuclear Size Filter Bottom Band,3471,734,13,Bottom threshold: 9340.0,720.0,Plate 1,P19-21
Nuclei_AreaShape_Area_Filter_Top,Nuclear Size Filter Top Band,3471,734,1,Top threshold: 98385.75,720.0,Plate 1,P19-21
Cell_Nuclei_Area_Ratio_Filter_Bottom,Cell:Nuclear Area Ratio Filter Bottom Band,3471,734,12,Bottom threshold: 1.9243336199484091,722.0,Plate 1,P19-21
Cell_Nuclei_Area_Ratio_Filter_Top,Cell:Nuclear Area Ratio Filter Top Band,3471,734,0,Top threshold: 20.530685742771166,734.0,Plate 1,P19-21
Nuclei_Intensity_MedianIntensity_DAPI_MAX_WellNormalized_Filter_Bottom,Nuclei Intensity MedianIntensity DAPI MAX WellNormalized Filter Bottom Band,3471,734,1,Bottom threshold: 0.022855910716346406,733.0,Plate 1,P19-21
Nuclei_Intensity_MedianIntensity_DAPI_MAX_WellNormalized_Filter_Top,Nuclei Intensity MedianIntensity DAPI MAX WellNormalized Filter Top Band,3471,734,1,Top threshold: 2.5,733.0,Plate 1,P19-21
Cell_Neighbours_Filter,Percent of Cell Touching Neighbours AND Number Of Neighbours < 97.5th Percentile,3471,734,11,Max Percent Touching: 65.82167832167832 and Max Number Of Neighbours: 4.0,723.0,Plate 1,P19-21
Cell_Neighbours_PercentTouchingOnlyFilter,Percent of Cell Touching Neighbours < 97.5th Percentile,3471,734,8,Max Percent Touching: 65.82167832167832,726.0,Plate 1,P19-21
Cell_Neighbours_NumberOfOnlyFilter,Number Of Neighbours < 97.5th Percentile,3471,734,3,Max Number Of Neighbours: 4.0,731.0,Plate 1,P19-21
Nuc_Neighbours_Filter,Number Of Nuclei Neighbours < 97.5th Percentile,3471,734,0,Max Number Of Nuclei Neighbours: 1.0,734.0,Plate 1,P19-21
Initial_Dataset,Initial Dataset,3471,0,0,"None,None",,Plate 2,P19-21
Number_of_Mitochondria_Filter,Min Number of Mitochondria Filter,3471,0,0,min_compartments=0,0.0,Plate 2,P19-21
Number_of_Lysosomes_Filter,Min Number of Lysosomes Filter,3471,0,0,min_compartments=0,0.0,Plate 2,P19-21
AreaShape_Area_Filter_Bottom,Cell Size Filter Bottom Band,3471,0,0,Bottom threshold: 22768.0,0.0,Plate 2,P19-21
AreaShape_Area_Filter_Top,Cell Size Filter Top Band,3471,0,0,Top threshold: 1254046.5,0.0,Plate 2,P19-21
Nuclei_AreaShape_Area_Filter_Bottom,Nuclear Size Filter Bottom Band,3471,0,0,Bottom threshold: 9340.0,0.0,Plate 2,P19-21
Nuclei_AreaShape_Area_Filter_Top,Nuclear Size Filter Top Band,3471,0,0,Top threshold: 98385.75,0.0,Plate 2,P19-21
Cell_Nuclei_Area_Ratio_Filter_Bottom,Cell:Nuclear Area Ratio Filter Bottom Band,3471,0,0,Bottom threshold: 1.9243336199484091,0.0,Plate 2,P19-21
Cell_Nuclei_Area_Ratio_Filter_Top,Cell:Nuclear Area Ratio Filter Top Band,3471,0,0,Top threshold: 20.530685742771166,0.0,Plate 2,P19-21
Nuclei_Intensity_MedianIntensity_DAPI_MAX_WellNormalized_Filter_Bottom,Nuclei Intensity MedianIntensity DAPI MAX WellNormalized Filter Bottom Band,3471,0,0,Bottom threshold: nan,0.0,Plate 2,P19-21
Nuclei_Intensity_MedianIntensity_DAPI_MAX_WellNormalized_Filter_Top,Nuclei Intensity MedianIntensity DAPI MAX WellNormalized Filter Top Band,3471,0,0,Top threshold: 2.5,0.0,Plate 2,P19-21
Cell_Neighbours_Filter,Percent of Cell Touching Neighbours AND Number Of Neighbours < 97.5th Percentile,3471,0,0,Max Percent Touching: 65.82167832167832 and Max Number Of Neighbours: 4.0,0.0,Plate 2,P19-21
Cell_Neighbours_PercentTouchingOnlyFilter,Percent of Cell Touching Neighbours < 97.5th Percentile,3471,0,0,Max Percent Touching: 65.82167832167832,0.0,Plate 2,P19-21
Cell_Neighbours_NumberOfOnlyFilter,Number Of Neighbours < 97.5th Percentile,3471,0,0,Max Number Of Neighbours: 4.0,0.0,Plate 2,P19-21
Nuc_Neighbours_Filter,Number Of Nuclei Neighbours < 97.5th Percentile,3471,0,0,Max Number Of Nuclei Neighbours: 1.0,0.0,Plate 2,P19-21
Initial_Dataset,Initial Dataset,3471,0,0,"None,None",,Plate 3,P19-21
Number_of_Mitochondria_Filter,Min Number of Mitochondria Filter,3471,0,0,min_compartments=0,0.0,Plate 3,P19-21
Number_of_Lysosomes_Filter,Min Number of Lysosomes Filter,3471,0,0,min_compartments=0,0.0,Plate 3,P19-21
AreaShape_Area_Filter_Bottom,Cell Size Filter Bottom Band,3471,0,0,Bottom threshold: 22768.0,0.0,Plate 3,P19-21
AreaShape_Area_Filter_Top,Cell Size Filter Top Band,3471,0,0,Top threshold: 1254046.5,0.0,Plate 3,P19-21
Nuclei_AreaShape_Area_Filter_Bottom,Nuclear Size Filter Bottom Band,3471,0,0,Bottom threshold: 9340.0,0.0,Plate 3,P19-21
Nuclei_AreaShape_Area_Filter_Top,Nuclear Size Filter Top Band,3471,0,0,Top threshold: 98385.75,0.0,Plate 3,P19-21
Cell_Nuclei_Area_Ratio_Filter_Bottom,Cell:Nuclear Area Ratio Filter Bottom Band,3471,0,0,Bottom threshold: 1.9243336199484091,0.0,Plate 3,P19-21
Cell_Nuclei_Area_Ratio_Filter_Top,Cell:Nuclear Area Ratio Filter Top Band,3471,0,0,Top threshold: 20.530685742771166,0.0,Plate 3,P19-21
Nuclei_Intensity_MedianIntensity_DAPI_MAX_WellNormalized_Filter_Bottom,Nuclei Intensity MedianIntensity DAPI MAX WellNormalized Filter Bottom Band,3471,0,0,Bottom threshold: nan,0.0,Plate 3,P19-21
Nuclei_Intensity_MedianIntensity_DAPI_MAX_WellNormalized_Filter_Top,Nuclei Intensity MedianIntensity DAPI MAX WellNormalized Filter Top Band,3471,0,0,Top threshold: 2.5,0.0,Plate 3,P19-21
Cell_Neighbours_Filter,Percent of Cell Touching Neighbours AND Number Of Neighbours < 97.5th Percentile,3471,0,0,Max Percent Touching: 65.82167832167832 and Max Number Of Neighbours: 4.0,0.0,Plate 3,P19-21
Cell_Neighbours_PercentTouchingOnlyFilter,Percent of Cell Touching Neighbours < 97.5th Percentile,3471,0,0,Max Percent Touching: 65.82167832167832,0.0,Plate 3,P19-21
Cell_Neighbours_NumberOfOnlyFilter,Number Of Neighbours < 97.5th Percentile,3471,0,0,Max Number Of Neighbours: 4.0,0.0,Plate 3,P19-21
Nuc_Neighbours_Filter,Number Of Nuclei Neighbours < 97.5th Percentile,3471,0,0,Max Number Of Nuclei Neighbours: 1.0,0.0,Plate 3,P19-21
Initial_Dataset,Initial Dataset,3471,0,0,"None,None",,Plate 4,P19-21
Number_of_Mitochondria_Filter,Min Number of Mitochondria Filter,3471,0,0,min_compartments=0,0.0,Plate 4,P19-21
Number_of_Lysosomes_Filter,Min Number of Lysosomes Filter,3471,0,0,min_compartments=0,0.0,Plate 4,P19-21
AreaShape_Area_Filter_Bottom,Cell Size Filter Bottom Band,3471,0,0,Bottom threshold: 22768.0,0.0,Plate 4,P19-21
AreaShape_Area_Filter_Top,Cell Size Filter Top Band,3471,0,0,Top threshold: 1254046.5,0.0,Plate 4,P19-21
Nuclei_AreaShape_Area_Filter_Bottom,Nuclear Size Filter Bottom Band,3471,0,0,Bottom threshold: 9340.0,0.0,Plate 4,P19-21
Nuclei_AreaShape_Area_Filter_Top,Nuclear Size Filter Top Band,3471,0,0,Top threshold: 98385.75,0.0,Plate 4,P19-21
Cell_Nuclei_Area_Ratio_Filter_Bottom,Cell:Nuclear Area Ratio Filter Bottom Band,3471,0,0,Bottom threshold: 1.9243336199484091,0.0,Plate 4,P19-21
Cell_Nuclei_Area_Ratio_Filter_Top,Cell:Nuclear Area Ratio Filter Top Band,3471,0,0,Top threshold: 20.530685742771166,0.0,Plate 4,P19-21
Nuclei_Intensity_MedianIntensity_DAPI_MAX_WellNormalized_Filter_Bottom,Nuclei Intensity MedianIntensity DAPI MAX WellNormalized Filter Bottom Band,3471,0,0,Bottom threshold: nan,0.0,Plate 4,P19-21
Nuclei_Intensity_MedianIntensity_DAPI_MAX_WellNormalized_Filter_Top,Nuclei Intensity MedianIntensity DAPI MAX WellNormalized Filter Top Band,3471,0,0,Top threshold: 2.5,0.0,Plate 4,P19-21
Cell_Neighbours_Filter,Percent of Cell Touching Neighbours AND Number Of Neighbours < 97.5th Percentile,3471,0,0,Max Percent Touching: 65.82167832167832 and Max Number Of Neighbours: 4.0,0.0,Plate 4,P19-21
Cell_Neighbours_PercentTouchingOnlyFilter,Percent of Cell Touching Neighbours < 97.5th Percentile,3471,0,0,Max Percent Touching: 65.82167832167832,0.0,Plate 4,P19-21
Cell_Neighbours_NumberOfOnlyFilter,Number Of Neighbours < 97.5th Percentile,3471,0,0,Max Number Of Neighbours: 4.0,0.0,Plate 4,P19-21
Nuc_Neighbours_Filter,Number Of Nuclei Neighbours < 97.5th Percentile,3471,0,0,Max Number Of Nuclei Neighbours: 1.0,0.0,Plate 4,P19-21
Initial_Dataset,Initial Dataset,3471,0,0,"None,None",,Plate 5,P19-21
Number_of_Mitochondria_Filter,Min Number of Mitochondria Filter,3471,0,0,min_compartments=0,0.0,Plate 5,P19-21
Number_of_Lysosomes_Filter,Min Number of Lysosomes Filter,3471,0,0,min_compartments=0,0.0,Plate 5,P19-21
AreaShape_Area_Filter_Bottom,Cell Size Filter Bottom Band,3471,0,0,Bottom threshold: 22768.0,0.0,Plate 5,P19-21
AreaShape_Area_Filter_Top,Cell Size Filter Top Band,3471,0,0,Top threshold: 1254046.5,0.0,Plate 5,P19-21
Nuclei_AreaShape_Area_Filter_Bottom,Nuclear Size Filter Bottom Band,3471,0,0,Bottom threshold: 9340.0,0.0,Plate 5,P19-21
Nuclei_AreaShape_Area_Filter_Top,Nuclear Size Filter Top Band,3471,0,0,Top threshold: 98385.75,0.0,Plate 5,P19-21
Cell_Nuclei_Area_Ratio_Filter_Bottom,Cell:Nuclear Area Ratio Filter Bottom Band,3471,0,0,Bottom threshold: 1.9243336199484091,0.0,Plate 5,P19-21
Cell_Nuclei_Area_Ratio_Filter_Top,Cell:Nuclear Area Ratio Filter Top Band,3471,0,0,Top threshold: 20.530685742771166,0.0,Plate 5,P19-21
Nuclei_Intensity_MedianIntensity_DAPI_MAX_WellNormalized_Filter_Bottom,Nuclei Intensity MedianIntensity DAPI MAX WellNormalized Filter Bottom Band,3471,0,0,Bottom threshold: nan,0.0,Plate 5,P19-21
Nuclei_Intensity_MedianIntensity_DAPI_MAX_WellNormalized_Filter_Top,Nuclei Intensity MedianIntensity DAPI MAX WellNormalized Filter Top Band,3471,0,0,Top threshold: 2.5,0.0,Plate 5,P19-21
Cell_Neighbours_Filter,Percent of Cell Touching Neighbours AND Number Of Neighbours < 97.5th Percentile,3471,0,0,Max Percent Touching: 65.82167832167832 and Max Number Of Neighbours: 4.0,0.0,Plate 5,P19-21
Cell_Neighbours_PercentTouchingOnlyFilter,Percent of Cell Touching Neighbours < 97.5th Percentile,3471,0,0,Max Percent Touching: 65.82167832167832,0.0,Plate 5,P19-21
Cell_Neighbours_NumberOfOnlyFilter,Number Of Neighbours < 97.5th Percentile,3471,0,0,Max Number Of Neighbours: 4.0,0.0,Plate 5,P19-21
Nuc_Neighbours_Filter,Number Of Nuclei Neighbours < 97.5th Percentile,3471,0,0,Max Number Of Nuclei Neighbours: 1.0,0.0,Plate 5,P19-21
Initial_Dataset,Initial Dataset,3471,0,0,"None,None",,Plate 6,P19-21
Number_of_Mitochondria_Filter,Min Number of Mitochondria Filter,3471,0,0,min_compartments=0,0.0,Plate 6,P19-21
Number_of_Lysosomes_Filter,Min Number of Lysosomes Filter,3471,0,0,min_compartments=0,0.0,Plate 6,P19-21
AreaShape_Area_Filter_Bottom,Cell Size Filter Bottom Band,3471,0,0,Bottom threshold: 22768.0,0.0,Plate 6,P19-21
AreaShape_Area_Filter_Top,Cell Size Filter Top Band,3471,0,0,Top threshold: 1254046.5,0.0,Plate 6,P19-21
Nuclei_AreaShape_Area_Filter_Bottom,Nuclear Size Filter Bottom Band,3471,0,0,Bottom threshold: 9340.0,0.0,Plate 6,P19-21
Nuclei_AreaShape_Area_Filter_Top,Nuclear Size Filter Top Band,3471,0,0,Top threshold: 98385.75,0.0,Plate 6,P19-21
Cell_Nuclei_Area_Ratio_Filter_Bottom,Cell:Nuclear Area Ratio Filter Bottom Band,3471,0,0,Bottom threshold: 1.9243336199484091,0.0,Plate 6,P19-21
Cell_Nuclei_Area_Ratio_Filter_Top,Cell:Nuclear Area Ratio Filter Top Band,3471,0,0,Top threshold: 20.530685742771166,0.0,Plate 6,P19-21
Nuclei_Intensity_MedianIntensity_DAPI_MAX_WellNormalized_Filter_Bottom,Nuclei Intensity MedianIntensity DAPI MAX WellNormalized Filter Bottom Band,3471,0,0,Bottom threshold: nan,0.0,Plate 6,P19-21
Nuclei_Intensity_MedianIntensity_DAPI_MAX_WellNormalized_Filter_Top,Nuclei Intensity MedianIntensity DAPI MAX WellNormalized Filter Top Band,3471,0,0,Top threshold: 2.5,0.0,Plate 6,P19-21
Cell_Neighbours_Filter,Percent of Cell Touching Neighbours AND Number Of Neighbours < 97.5th Percentile,3471,0,0,Max Percent Touching: 65.82167832167832 and Max Number Of Neighbours: 4.0,0.0,Plate 6,P19-21
Cell_Neighbours_PercentTouchingOnlyFilter,Percent of Cell Touching Neighbours < 97.5th Percentile,3471,0,0,Max Percent Touching: 65.82167832167832,0.0,Plate 6,P19-21
Cell_Neighbours_NumberOfOnlyFilter,Number Of Neighbours < 97.5th Percentile,3471,0,0,Max Number Of Neighbours: 4.0,0.0,Plate 6,P19-21
Nuc_Neighbours_Filter,Number Of Nuclei Neighbours < 97.5th Percentile,3471,0,0,Max Number Of Nuclei Neighbours: 1.0,0.0,Plate 6,P19-21
Initial_Dataset,Initial Dataset,3471,0,0,"None,None",,Plate 7,P19-21
Number_of_Mitochondria_Filter,Min Number of Mitochondria Filter,3471,0,0,min_compartments=0,0.0,Plate 7,P19-21
Number_of_Lysosomes_Filter,Min Number of Lysosomes Filter,3471,0,0,min_compartments=0,0.0,Plate 7,P19-21
AreaShape_Area_Filter_Bottom,Cell Size Filter Bottom Band,3471,0,0,Bottom threshold: 22768.0,0.0,Plate 7,P19-21
AreaShape_Area_Filter_Top,Cell Size Filter Top Band,3471,0,0,Top threshold: 1254046.5,0.0,Plate 7,P19-21
Nuclei_AreaShape_Area_Filter_Bottom,Nuclear Size Filter Bottom Band,3471,0,0,Bottom threshold: 9340.0,0.0,Plate 7,P19-21
Nuclei_AreaShape_Area_Filter_Top,Nuclear Size Filter Top Band,3471,0,0,Top threshold: 98385.75,0.0,Plate 7,P19-21
Cell_Nuclei_Area_Ratio_Filter_Bottom,Cell:Nuclear Area Ratio Filter Bottom Band,3471,0,0,Bottom threshold: 1.9243336199484091,0.0,Plate 7,P19-21
Cell_Nuclei_Area_Ratio_Filter_Top,Cell:Nuclear Area Ratio Filter Top Band,3471,0,0,Top threshold: 20.530685742771166,0.0,Plate 7,P19-21
Nuclei_Intensity_MedianIntensity_DAPI_MAX_WellNormalized_Filter_Bottom,Nuclei Intensity MedianIntensity DAPI MAX WellNormalized Filter Bottom Band,3471,0,0,Bottom threshold: nan,0.0,Plate 7,P19-21
Nuclei_Intensity_MedianIntensity_DAPI_MAX_WellNormalized_Filter_Top,Nuclei Intensity MedianIntensity DAPI MAX WellNormalized Filter Top Band,3471,0,0,Top threshold: 2.5,0.0,Plate 7,P19-21
Cell_Neighbours_Filter,Percent of Cell Touching Neighbours AND Number Of Neighbours < 97.5th Percentile,3471,0,0,Max Percent Touching: 65.82167832167832 and Max Number Of Neighbours: 4.0,0.0,Plate 7,P19-21
Cell_Neighbours_PercentTouchingOnlyFilter,Percent of Cell Touching Neighbours < 97.5th Percentile,3471,0,0,Max Percent Touching: 65.82167832167832,0.0,Plate 7,P19-21
Cell_Neighbours_NumberOfOnlyFilter,Number Of Neighbours < 97.5th Percentile,3471,0,0,Max Number Of Neighbours: 4.0,0.0,Plate 7,P19-21
Nuc_Neighbours_Filter,Number Of Nuclei Neighbours < 97.5th Percentile,3471,0,0,Max Number Of Nuclei Neighbours: 1.0,0.0,Plate 7,P19-21
Initial_Dataset,Initial Dataset,3471,0,0,"None,None",,Plate 1,P22-24
Number_of_Mitochondria_Filter,Min Number of Mitochondria Filter,3471,0,0,min_compartments=0,0.0,Plate 1,P22-24
Number_of_Lysosomes_Filter,Min Number of Lysosomes Filter,3471,0,0,min_compartments=0,0.0,Plate 1,P22-24
AreaShape_Area_Filter_Bottom,Cell Size Filter Bottom Band,3471,0,0,Bottom threshold: 22768.0,0.0,Plate 1,P22-24
AreaShape_Area_Filter_Top,Cell Size Filter Top Band,3471,0,0,Top threshold: 1254046.5,0.0,Plate 1,P22-24
Nuclei_AreaShape_Area_Filter_Bottom,Nuclear Size Filter Bottom Band,3471,0,0,Bottom threshold: 9340.0,0.0,Plate 1,P22-24
Nuclei_AreaShape_Area_Filter_Top,Nuclear Size Filter Top Band,3471,0,0,Top threshold: 98385.75,0.0,Plate 1,P22-24
Cell_Nuclei_Area_Ratio_Filter_Bottom,Cell:Nuclear Area Ratio Filter Bottom Band,3471,0,0,Bottom threshold: 1.9243336199484091,0.0,Plate 1,P22-24
Cell_Nuclei_Area_Ratio_Filter_Top,Cell:Nuclear Area Ratio Filter Top Band,3471,0,0,Top threshold: 20.530685742771166,0.0,Plate 1,P22-24
Nuclei_Intensity_MedianIntensity_DAPI_MAX_WellNormalized_Filter_Bottom,Nuclei Intensity MedianIntensity DAPI MAX WellNormalized Filter Bottom Band,3471,0,0,Bottom threshold: nan,0.0,Plate 1,P22-24
Nuclei_Intensity_MedianIntensity_DAPI_MAX_WellNormalized_Filter_Top,Nuclei Intensity MedianIntensity DAPI MAX WellNormalized Filter Top Band,3471,0,0,Top threshold: 2.5,0.0,Plate 1,P22-24
Cell_Neighbours_Filter,Percent of Cell Touching Neighbours AND Number Of Neighbours < 97.5th Percentile,3471,0,0,Max Percent Touching: 65.82167832167832 and Max Number Of Neighbours: 4.0,0.0,Plate 1,P22-24
Cell_Neighbours_PercentTouchingOnlyFilter,Percent of Cell Touching Neighbours < 97.5th Percentile,3471,0,0,Max Percent Touching: 65.82167832167832,0.0,Plate 1,P22-24
Cell_Neighbours_NumberOfOnlyFilter,Number Of Neighbours < 97.5th Percentile,3471,0,0,Max Number Of Neighbours: 4.0,0.0,Plate 1,P22-24
Nuc_Neighbours_Filter,Number Of Nuclei Neighbours < 97.5th Percentile,3471,0,0,Max Number Of Nuclei Neighbours: 1.0,0.0,Plate 1,P22-24
Initial_Dataset,Initial Dataset,3471,0,0,"None,None",,Plate 2,P22-24
Number_of_Mitochondria_Filter,Min Number of Mitochondria Filter,3471,0,0,min_compartments=0,0.0,Plate 2,P22-24
Number_of_Lysosomes_Filter,Min Number of Lysosomes Filter,3471,0,0,min_compartments=0,0.0,Plate 2,P22-24
AreaShape_Area_Filter_Bottom,Cell Size Filter Bottom Band,3471,0,0,Bottom threshold: 22768.0,0.0,Plate 2,P22-24
AreaShape_Area_Filter_Top,Cell Size Filter Top Band,3471,0,0,Top threshold: 1254046.5,0.0,Plate 2,P22-24
Nuclei_AreaShape_Area_Filter_Bottom,Nuclear Size Filter Bottom Band,3471,0,0,Bottom threshold: 9340.0,0.0,Plate 2,P22-24
Nuclei_AreaShape_Area_Filter_Top,Nuclear Size Filter Top Band,3471,0,0,Top threshold: 98385.75,0.0,Plate 2,P22-24
Cell_Nuclei_Area_Ratio_Filter_Bottom,Cell:Nuclear Area Ratio Filter Bottom Band,3471,0,0,Bottom threshold: 1.9243336199484091,0.0,Plate 2,P22-24
Cell_Nuclei_Area_Ratio_Filter_Top,Cell:Nuclear Area Ratio Filter Top Band,3471,0,0,Top threshold: 20.530685742771166,0.0,Plate 2,P22-24
Nuclei_Intensity_MedianIntensity_DAPI_MAX_WellNormalized_Filter_Bottom,Nuclei Intensity MedianIntensity DAPI MAX WellNormalized Filter Bottom Band,3471,0,0,Bottom threshold: nan,0.0,Plate 2,P22-24
Nuclei_Intensity_MedianIntensity_DAPI_MAX_WellNormalized_Filter_Top,Nuclei Intensity MedianIntensity DAPI MAX WellNormalized Filter Top Band,3471,0,0,Top threshold: 2.5,0.0,Plate 2,P22-24
Cell_Neighbours_Filter,Percent of Cell Touching Neighbours AND Number Of Neighbours < 97.5th Percentile,3471,0,0,Max Percent Touching: 65.82167832167832 and Max Number Of Neighbours: 4.0,0.0,Plate 2,P22-24
Cell_Neighbours_PercentTouchingOnlyFilter,Percent of Cell Touching Neighbours < 97.5th Percentile,3471,0,0,Max Percent Touching: 65.82167832167832,0.0,Plate 2,P22-24
Cell_Neighbours_NumberOfOnlyFilter,Number Of Neighbours < 97.5th Percentile,3471,0,0,Max Number Of Neighbours: 4.0,0.0,Plate 2,P22-24
Nuc_Neighbours_Filter,Number Of Nuclei Neighbours < 97.5th Percentile,3471,0,0,Max Number Of Nuclei Neighbours: 1.0,0.0,Plate 2,P22-24
Initial_Dataset,Initial Dataset,3471,0,0,"None,None",,Plate 3,P22-24
Number_of_Mitochondria_Filter,Min Number of Mitochondria Filter,3471,0,0,min_compartments=0,0.0,Plate 3,P22-24
Number_of_Lysosomes_Filter,Min Number of Lysosomes Filter,3471,0,0,min_compartments=0,0.0,Plate 3,P22-24
AreaShape_Area_Filter_Bottom,Cell Size Filter Bottom Band,3471,0,0,Bottom threshold: 22768.0,0.0,Plate 3,P22-24
AreaShape_Area_Filter_Top,Cell Size Filter Top Band,3471,0,0,Top threshold: 1254046.5,0.0,Plate 3,P22-24
Nuclei_AreaShape_Area_Filter_Bottom,Nuclear Size Filter Bottom Band,3471,0,0,Bottom threshold: 9340.0,0.0,Plate 3,P22-24
Nuclei_AreaShape_Area_Filter_Top,Nuclear Size Filter Top Band,3471,0,0,Top threshold: 98385.75,0.0,Plate 3,P22-24
Cell_Nuclei_Area_Ratio_Filter_Bottom,Cell:Nuclear Area Ratio Filter Bottom Band,3471,0,0,Bottom threshold: 1.9243336199484091,0.0,Plate 3,P22-24
Cell_Nuclei_Area_Ratio_Filter_Top,Cell:Nuclear Area Ratio Filter Top Band,3471,0,0,Top threshold: 20.530685742771166,0.0,Plate 3,P22-24
Nuclei_Intensity_MedianIntensity_DAPI_MAX_WellNormalized_Filter_Bottom,Nuclei Intensity MedianIntensity DAPI MAX WellNormalized Filter Bottom Band,3471,0,0,Bottom threshold: nan,0.0,Plate 3,P22-24
Nuclei_Intensity_MedianIntensity_DAPI_MAX_WellNormalized_Filter_Top,Nuclei Intensity MedianIntensity DAPI MAX WellNormalized Filter Top Band,3471,0,0,Top threshold: 2.5,0.0,Plate 3,P22-24
Cell_Neighbours_Filter,Percent of Cell Touching Neighbours AND Number Of Neighbours < 97.5th Percentile,3471,0,0,Max Percent Touching: 65.82167832167832 and Max Number Of Neighbours: 4.0,0.0,Plate 3,P22-24
Cell_Neighbours_PercentTouchingOnlyFilter,Percent of Cell Touching Neighbours < 97.5th Percentile,3471,0,0,Max Percent Touching: 65.82167832167832,0.0,Plate 3,P22-24
Cell_Neighbours_NumberOfOnlyFilter,Number Of Neighbours < 97.5th Percentile,3471,0,0,Max Number Of Neighbours: 4.0,0.0,Plate 3,P22-24
Nuc_Neighbours_Filter,Number Of Nuclei Neighbours < 97.5th Percentile,3471,0,0,Max Number Of Nuclei Neighbours: 1.0,0.0,Plate 3,P22-24
Initial_Dataset,Initial Dataset,3471,0,0,"None,None",,Plate 4,P22-24
Number_of_Mitochondria_Filter,Min Number of Mitochondria Filter,3471,0,0,min_compartments=0,0.0,Plate 4,P22-24
Number_of_Lysosomes_Filter,Min Number of Lysosomes Filter,3471,0,0,min_compartments=0,0.0,Plate 4,P22-24
AreaShape_Area_Filter_Bottom,Cell Size Filter Bottom Band,3471,0,0,Bottom threshold: 22768.0,0.0,Plate 4,P22-24
AreaShape_Area_Filter_Top,Cell Size Filter Top Band,3471,0,0,Top threshold: 1254046.5,0.0,Plate 4,P22-24
Nuclei_AreaShape_Area_Filter_Bottom,Nuclear Size Filter Bottom Band,3471,0,0,Bottom threshold: 9340.0,0.0,Plate 4,P22-24
Nuclei_AreaShape_Area_Filter_Top,Nuclear Size Filter Top Band,3471,0,0,Top threshold: 98385.75,0.0,Plate 4,P22-24
Cell_Nuclei_Area_Ratio_Filter_Bottom,Cell:Nuclear Area Ratio Filter Bottom Band,3471,0,0,Bottom threshold: 1.9243336199484091,0.0,Plate 4,P22-24
Cell_Nuclei_Area_Ratio_Filter_Top,Cell:Nuclear Area Ratio Filter Top Band,3471,0,0,Top threshold: 20.530685742771166,0.0,Plate 4,P22-24
Nuclei_Intensity_MedianIntensity_DAPI_MAX_WellNormalized_Filter_Bottom,Nuclei Intensity MedianIntensity DAPI MAX WellNormalized Filter Bottom Band,3471,0,0,Bottom threshold: nan,0.0,Plate 4,P22-24
Nuclei_Intensity_MedianIntensity_DAPI_MAX_WellNormalized_Filter_Top,Nuclei Intensity MedianIntensity DAPI MAX WellNormalized Filter Top Band,3471,0,0,Top threshold: 2.5,0.0,Plate 4,P22-24
Cell_Neighbours_Filter,Percent of Cell Touching Neighbours AND Number Of Neighbours < 97.5th Percentile,3471,0,0,Max Percent Touching: 65.82167832167832 and Max Number Of Neighbours: 4.0,0.0,Plate 4,P22-24
Cell_Neighbours_PercentTouchingOnlyFilter,Percent of Cell Touching Neighbours < 97.5th Percentile,3471,0,0,Max Percent Touching: 65.82167832167832,0.0,Plate 4,P22-24
Cell_Neighbours_NumberOfOnlyFilter,Number Of Neighbours < 97.5th Percentile,3471,0,0,Max Number Of Neighbours: 4.0,0.0,Plate 4,P22-24
Nuc_Neighbours_Filter,Number Of Nuclei Neighbours < 97.5th Percentile,3471,0,0,Max Number Of Nuclei Neighbours: 1.0,0.0,Plate 4,P22-24
Initial_Dataset,Initial Dataset,3471,0,0,"None,None",,Plate 5,P22-24
Number_of_Mitochondria_Filter,Min Number of Mitochondria Filter,3471,0,0,min_compartments=0,0.0,Plate 5,P22-24
Number_of_Lysosomes_Filter,Min Number of Lysosomes Filter,3471,0,0,min_compartments=0,0.0,Plate 5,P22-24
AreaShape_Area_Filter_Bottom,Cell Size Filter Bottom Band,3471,0,0,Bottom threshold: 22768.0,0.0,Plate 5,P22-24
AreaShape_Area_Filter_Top,Cell Size Filter Top Band,3471,0,0,Top threshold: 1254046.5,0.0,Plate 5,P22-24
Nuclei_AreaShape_Area_Filter_Bottom,Nuclear Size Filter Bottom Band,3471,0,0,Bottom threshold: 9340.0,0.0,Plate 5,P22-24
Nuclei_AreaShape_Area_Filter_Top,Nuclear Size Filter Top Band,3471,0,0,Top threshold: 98385.75,0.0,Plate 5,P22-24
Cell_Nuclei_Area_Ratio_Filter_Bottom,Cell:Nuclear Area Ratio Filter Bottom Band,3471,0,0,Bottom threshold: 1.9243336199484091,0.0,Plate 5,P22-24
Cell_Nuclei_Area_Ratio_Filter_Top,Cell:Nuclear Area Ratio Filter Top Band,3471,0,0,Top threshold: 20.530685742771166,0.0,Plate 5,P22-24
Nuclei_Intensity_MedianIntensity_DAPI_MAX_WellNormalized_Filter_Bottom,Nuclei Intensity MedianIntensity DAPI MAX WellNormalized Filter Bottom Band,3471,0,0,Bottom threshold: nan,0.0,Plate 5,P22-24
Nuclei_Intensity_MedianIntensity_DAPI_MAX_WellNormalized_Filter_Top,Nuclei Intensity MedianIntensity DAPI MAX WellNormalized Filter Top Band,3471,0,0,Top threshold: 2.5,0.0,Plate 5,P22-24
Cell_Neighbours_Filter,Percent of Cell Touching Neighbours AND Number Of Neighbours < 97.5th Percentile,3471,0,0,Max Percent Touching: 65.82167832167832 and Max Number Of Neighbours: 4.0,0.0,Plate 5,P22-24
Cell_Neighbours_PercentTouchingOnlyFilter,Percent of Cell Touching Neighbours < 97.5th Percentile,3471,0,0,Max Percent Touching: 65.82167832167832,0.0,Plate 5,P22-24
Cell_Neighbours_NumberOfOnlyFilter,Number Of Neighbours < 97.5th Percentile,3471,0,0,Max Number Of Neighbours: 4.0,0.0,Plate 5,P22-24
Nuc_Neighbours_Filter,Number Of Nuclei Neighbours < 97.5th Percentile,3471,0,0,Max Number Of Nuclei Neighbours: 1.0,0.0,Plate 5,P22-24
Initial_Dataset,Initial Dataset,3471,0,0,"None,None",,Plate 6,P22-24
Number_of_Mitochondria_Filter,Min Number of Mitochondria Filter,3471,0,0,min_compartments=0,0.0,Plate 6,P22-24
Number_of_Lysosomes_Filter,Min Number of Lysosomes Filter,3471,0,0,min_compartments=0,0.0,Plate 6,P22-24
AreaShape_Area_Filter_Bottom,Cell Size Filter Bottom Band,3471,0,0,Bottom threshold: 22768.0,0.0,Plate 6,P22-24
AreaShape_Area_Filter_Top,Cell Size Filter Top Band,3471,0,0,Top threshold: 1254046.5,0.0,Plate 6,P22-24
Nuclei_AreaShape_Area_Filter_Bottom,Nuclear Size Filter Bottom Band,3471,0,0,Bottom threshold: 9340.0,0.0,Plate 6,P22-24
Nuclei_AreaShape_Area_Filter_Top,Nuclear Size Filter Top Band,3471,0,0,Top threshold: 98385.75,0.0,Plate 6,P22-24
Cell_Nuclei_Area_Ratio_Filter_Bottom,Cell:Nuclear Area Ratio Filter Bottom Band,3471,0,0,Bottom threshold: 1.9243336199484091,0.0,Plate 6,P22-24
Cell_Nuclei_Area_Ratio_Filter_Top,Cell:Nuclear Area Ratio Filter Top Band,3471,0,0,Top threshold: 20.530685742771166,0.0,Plate 6,P22-24
Nuclei_Intensity_MedianIntensity_DAPI_MAX_WellNormalized_Filter_Bottom,Nuclei Intensity MedianIntensity DAPI MAX WellNormalized Filter Bottom Band,3471,0,0,Bottom threshold: nan,0.0,Plate 6,P22-24
Nuclei_Intensity_MedianIntensity_DAPI_MAX_WellNormalized_Filter_Top,Nuclei Intensity MedianIntensity DAPI MAX WellNormalized Filter Top Band,3471,0,0,Top threshold: 2.5,0.0,Plate 6,P22-24
Cell_Neighbours_Filter,Percent of Cell Touching Neighbours AND Number Of Neighbours < 97.5th Percentile,3471,0,0,Max Percent Touching: 65.82167832167832 and Max Number Of Neighbours: 4.0,0.0,Plate 6,P22-24
Cell_Neighbours_PercentTouchingOnlyFilter,Percent of Cell Touching Neighbours < 97.5th Percentile,3471,0,0,Max Percent Touching: 65.82167832167832,0.0,Plate 6,P22-24
Cell_Neighbours_NumberOfOnlyFilter,Number Of Neighbours < 97.5th Percentile,3471,0,0,Max Number Of Neighbours: 4.0,0.0,Plate 6,P22-24
Nuc_Neighbours_Filter,Number Of Nuclei Neighbours < 97.5th Percentile,3471,0,0,Max Number Of Nuclei Neighbours: 1.0,0.0,Plate 6,P22-24
Initial_Dataset,Initial Dataset,3471,0,0,"None,None",,Plate 7,P22-24
Number_of_Mitochondria_Filter,Min Number of Mitochondria Filter,3471,0,0,min_compartments=0,0.0,Plate 7,P22-24
Number_of_Lysosomes_Filter,Min Number of Lysosomes Filter,3471,0,0,min_compartments=0,0.0,Plate 7,P22-24
AreaShape_Area_Filter_Bottom,Cell Size Filter Bottom Band,3471,0,0,Bottom threshold: 22768.0,0.0,Plate 7,P22-24
AreaShape_Area_Filter_Top,Cell Size Filter Top Band,3471,0,0,Top threshold: 1254046.5,0.0,Plate 7,P22-24
Nuclei_AreaShape_Area_Filter_Bottom,Nuclear Size Filter Bottom Band,3471,0,0,Bottom threshold: 9340.0,0.0,Plate 7,P22-24
Nuclei_AreaShape_Area_Filter_Top,Nuclear Size Filter Top Band,3471,0,0,Top threshold: 98385.75,0.0,Plate 7,P22-24
Cell_Nuclei_Area_Ratio_Filter_Bottom,Cell:Nuclear Area Ratio Filter Bottom Band,3471,0,0,Bottom threshold: 1.9243336199484091,0.0,Plate 7,P22-24
Cell_Nuclei_Area_Ratio_Filter_Top,Cell:Nuclear Area Ratio Filter Top Band,3471,0,0,Top threshold: 20.530685742771166,0.0,Plate 7,P22-24
Nuclei_Intensity_MedianIntensity_DAPI_MAX_WellNormalized_Filter_Bottom,Nuclei Intensity MedianIntensity DAPI MAX WellNormalized Filter Bottom Band,3471,0,0,Bottom threshold: nan,0.0,Plate 7,P22-24
Nuclei_Intensity_MedianIntensity_DAPI_MAX_WellNormalized_Filter_Top,Nuclei Intensity MedianIntensity DAPI MAX WellNormalized Filter Top Band,3471,0,0,Top threshold: 2.5,0.0,Plate 7,P22-24
Cell_Neighbours_Filter,Percent of Cell Touching Neighbours AND Number Of Neighbours < 97.5th Percentile,3471,0,0,Max Percent Touching: 65.82167832167832 and Max Number Of Neighbours: 4.0,0.0,Plate 7,P22-24
Cell_Neighbours_PercentTouchingOnlyFilter,Percent of Cell Touching Neighbours < 97.5th Percentile,3471,0,0,Max Percent Touching: 65.82167832167832,0.0,Plate 7,P22-24
Cell_Neighbours_NumberOfOnlyFilter,Number Of Neighbours < 97.5th Percentile,3471,0,0,Max Number Of Neighbours: 4.0,0.0,Plate 7,P22-24
Nuc_Neighbours_Filter,Number Of Nuclei Neighbours < 97.5th Percentile,3471,0,0,Max Number Of Nuclei Neighbours: 1.0,0.0,Plate 7,P22-24
Initial_Dataset,Initial Dataset,3471,0,0,"None,None",,Plate 1,P25-27
Number_of_Mitochondria_Filter,Min Number of Mitochondria Filter,3471,0,0,min_compartments=0,0.0,Plate 1,P25-27
Number_of_Lysosomes_Filter,Min Number of Lysosomes Filter,3471,0,0,min_compartments=0,0.0,Plate 1,P25-27
AreaShape_Area_Filter_Bottom,Cell Size Filter Bottom Band,3471,0,0,Bottom threshold: 22768.0,0.0,Plate 1,P25-27
AreaShape_Area_Filter_Top,Cell Size Filter Top Band,3471,0,0,Top threshold: 1254046.5,0.0,Plate 1,P25-27
Nuclei_AreaShape_Area_Filter_Bottom,Nuclear Size Filter Bottom Band,3471,0,0,Bottom threshold: 9340.0,0.0,Plate 1,P25-27
Nuclei_AreaShape_Area_Filter_Top,Nuclear Size Filter Top Band,3471,0,0,Top threshold: 98385.75,0.0,Plate 1,P25-27
Cell_Nuclei_Area_Ratio_Filter_Bottom,Cell:Nuclear Area Ratio Filter Bottom Band,3471,0,0,Bottom threshold: 1.9243336199484091,0.0,Plate 1,P25-27
Cell_Nuclei_Area_Ratio_Filter_Top,Cell:Nuclear Area Ratio Filter Top Band,3471,0,0,Top threshold: 20.530685742771166,0.0,Plate 1,P25-27
Nuclei_Intensity_MedianIntensity_DAPI_MAX_WellNormalized_Filter_Bottom,Nuclei Intensity MedianIntensity DAPI MAX WellNormalized Filter Bottom Band,3471,0,0,Bottom threshold: nan,0.0,Plate 1,P25-27
Nuclei_Intensity_MedianIntensity_DAPI_MAX_WellNormalized_Filter_Top,Nuclei Intensity MedianIntensity DAPI MAX WellNormalized Filter Top Band,3471,0,0,Top threshold: 2.5,0.0,Plate 1,P25-27
Cell_Neighbours_Filter,Percent of Cell Touching Neighbours AND Number Of Neighbours < 97.5th Percentile,3471,0,0,Max Percent Touching: 65.82167832167832 and Max Number Of Neighbours: 4.0,0.0,Plate 1,P25-27
Cell_Neighbours_PercentTouchingOnlyFilter,Percent of Cell Touching Neighbours < 97.5th Percentile,3471,0,0,Max Percent Touching: 65.82167832167832,0.0,Plate 1,P25-27
Cell_Neighbours_NumberOfOnlyFilter,Number Of Neighbours < 97.5th Percentile,3471,0,0,Max Number Of Neighbours: 4.0,0.0,Plate 1,P25-27
Nuc_Neighbours_Filter,Number Of Nuclei Neighbours < 97.5th Percentile,3471,0,0,Max Number Of Nuclei Neighbours: 1.0,0.0,Plate 1,P25-27
Initial_Dataset,Initial Dataset,3471,0,0,"None,None",,Plate 2,P25-27
Number_of_Mitochondria_Filter,Min Number of Mitochondria Filter,3471,0,0,min_compartments=0,0.0,Plate 2,P25-27
Number_of_Lysosomes_Filter,Min Number of Lysosomes Filter,3471,0,0,min_compartments=0,0.0,Plate 2,P25-27
AreaShape_Area_Filter_Bottom,Cell Size Filter Bottom Band,3471,0,0,Bottom threshold: 22768.0,0.0,Plate 2,P25-27
AreaShape_Area_Filter_Top,Cell Size Filter Top Band,3471,0,0,Top threshold: 1254046.5,0.0,Plate 2,P25-27
Nuclei_AreaShape_Area_Filter_Bottom,Nuclear Size Filter Bottom Band,3471,0,0,Bottom threshold: 9340.0,0.0,Plate 2,P25-27
Nuclei_AreaShape_Area_Filter_Top,Nuclear Size Filter Top Band,3471,0,0,Top threshold: 98385.75,0.0,Plate 2,P25-27
Cell_Nuclei_Area_Ratio_Filter_Bottom,Cell:Nuclear Area Ratio Filter Bottom Band,3471,0,0,Bottom threshold: 1.9243336199484091,0.0,Plate 2,P25-27
Cell_Nuclei_Area_Ratio_Filter_Top,Cell:Nuclear Area Ratio Filter Top Band,3471,0,0,Top threshold: 20.530685742771166,0.0,Plate 2,P25-27
Nuclei_Intensity_MedianIntensity_DAPI_MAX_WellNormalized_Filter_Bottom,Nuclei Intensity MedianIntensity DAPI MAX WellNormalized Filter Bottom Band,3471,0,0,Bottom threshold: nan,0.0,Plate 2,P25-27
Nuclei_Intensity_MedianIntensity_DAPI_MAX_WellNormalized_Filter_Top,Nuclei Intensity MedianIntensity DAPI MAX WellNormalized Filter Top Band,3471,0,0,Top threshold: 2.5,0.0,Plate 2,P25-27
Cell_Neighbours_Filter,Percent of Cell Touching Neighbours AND Number Of Neighbours < 97.5th Percentile,3471,0,0,Max Percent Touching: 65.82167832167832 and Max Number Of Neighbours: 4.0,0.0,Plate 2,P25-27
Cell_Neighbours_PercentTouchingOnlyFilter,Percent of Cell Touching Neighbours < 97.5th Percentile,3471,0,0,Max Percent Touching: 65.82167832167832,0.0,Plate 2,P25-27
Cell_Neighbours_NumberOfOnlyFilter,Number Of Neighbours < 97.5th Percentile,3471,0,0,Max Number Of Neighbours: 4.0,0.0,Plate 2,P25-27
Nuc_Neighbours_Filter,Number Of Nuclei Neighbours < 97.5th Percentile,3471,0,0,Max Number Of Nuclei Neighbours: 1.0,0.0,Plate 2,P25-27
Initial_Dataset,Initial Dataset,3471,0,0,"None,None",,Plate 3,P25-27
Number_of_Mitochondria_Filter,Min Number of Mitochondria Filter,3471,0,0,min_compartments=0,0.0,Plate 3,P25-27
Number_of_Lysosomes_Filter,Min Number of Lysosomes Filter,3471,0,0,min_compartments=0,0.0,Plate 3,P25-27
AreaShape_Area_Filter_Bottom,Cell Size Filter Bottom Band,3471,0,0,Bottom threshold: 22768.0,0.0,Plate 3,P25-27
AreaShape_Area_Filter_Top,Cell Size Filter Top Band,3471,0,0,Top threshold: 1254046.5,0.0,Plate 3,P25-27
Nuclei_AreaShape_Area_Filter_Bottom,Nuclear Size Filter Bottom Band,3471,0,0,Bottom threshold: 9340.0,0.0,Plate 3,P25-27
Nuclei_AreaShape_Area_Filter_Top,Nuclear Size Filter Top Band,3471,0,0,Top threshold: 98385.75,0.0,Plate 3,P25-27
Cell_Nuclei_Area_Ratio_Filter_Bottom,Cell:Nuclear Area Ratio Filter Bottom Band,3471,0,0,Bottom threshold: 1.9243336199484091,0.0,Plate 3,P25-27
Cell_Nuclei_Area_Ratio_Filter_Top,Cell:Nuclear Area Ratio Filter Top Band,3471,0,0,Top threshold: 20.530685742771166,0.0,Plate 3,P25-27
Nuclei_Intensity_MedianIntensity_DAPI_MAX_WellNormalized_Filter_Bottom,Nuclei Intensity MedianIntensity DAPI MAX WellNormalized Filter Bottom Band,3471,0,0,Bottom threshold: nan,0.0,Plate 3,P25-27
Nuclei_Intensity_MedianIntensity_DAPI_MAX_WellNormalized_Filter_Top,Nuclei Intensity MedianIntensity DAPI MAX WellNormalized Filter Top Band,3471,0,0,Top threshold: 2.5,0.0,Plate 3,P25-27
Cell_Neighbours_Filter,Percent of Cell Touching Neighbours AND Number Of Neighbours < 97.5th Percentile,3471,0,0,Max Percent Touching: 65.82167832167832 and Max Number Of Neighbours: 4.0,0.0,Plate 3,P25-27
Cell_Neighbours_PercentTouchingOnlyFilter,Percent of Cell Touching Neighbours < 97.5th Percentile,3471,0,0,Max Percent Touching: 65.82167832167832,0.0,Plate 3,P25-27
Cell_Neighbours_NumberOfOnlyFilter,Number Of Neighbours < 97.5th Percentile,3471,0,0,Max Number Of Neighbours: 4.0,0.0,Plate 3,P25-27
Nuc_Neighbours_Filter,Number Of Nuclei Neighbours < 97.5th Percentile,3471,0,0,Max Number Of Nuclei Neighbours: 1.0,0.0,Plate 3,P25-27
Initial_Dataset,Initial Dataset,3471,0,0,"None,None",,Plate 4,P25-27
Number_of_Mitochondria_Filter,Min Number of Mitochondria Filter,3471,0,0,min_compartments=0,0.0,Plate 4,P25-27
Number_of_Lysosomes_Filter,Min Number of Lysosomes Filter,3471,0,0,min_compartments=0,0.0,Plate 4,P25-27
AreaShape_Area_Filter_Bottom,Cell Size Filter Bottom Band,3471,0,0,Bottom threshold: 22768.0,0.0,Plate 4,P25-27
AreaShape_Area_Filter_Top,Cell Size Filter Top Band,3471,0,0,Top threshold: 1254046.5,0.0,Plate 4,P25-27
Nuclei_AreaShape_Area_Filter_Bottom,Nuclear Size Filter Bottom Band,3471,0,0,Bottom threshold: 9340.0,0.0,Plate 4,P25-27
Nuclei_AreaShape_Area_Filter_Top,Nuclear Size Filter Top Band,3471,0,0,Top threshold: 98385.75,0.0,Plate 4,P25-27
Cell_Nuclei_Area_Ratio_Filter_Bottom,Cell:Nuclear Area Ratio Filter Bottom Band,3471,0,0,Bottom threshold: 1.9243336199484091,0.0,Plate 4,P25-27
Cell_Nuclei_Area_Ratio_Filter_Top,Cell:Nuclear Area Ratio Filter Top Band,3471,0,0,Top threshold: 20.530685742771166,0.0,Plate 4,P25-27
Nuclei_Intensity_MedianIntensity_DAPI_MAX_WellNormalized_Filter_Bottom,Nuclei Intensity MedianIntensity DAPI MAX WellNormalized Filter Bottom Band,3471,0,0,Bottom threshold: nan,0.0,Plate 4,P25-27
Nuclei_Intensity_MedianIntensity_DAPI_MAX_WellNormalized_Filter_Top,Nuclei Intensity MedianIntensity DAPI MAX WellNormalized Filter Top Band,3471,0,0,Top threshold: 2.5,0.0,Plate 4,P25-27
Cell_Neighbours_Filter,Percent of Cell Touching Neighbours AND Number Of Neighbours < 97.5th Percentile,3471,0,0,Max Percent Touching: 65.82167832167832 and Max Number Of Neighbours: 4.0,0.0,Plate 4,P25-27
Cell_Neighbours_PercentTouchingOnlyFilter,Percent of Cell Touching Neighbours < 97.5th Percentile,3471,0,0,Max Percent Touching: 65.82167832167832,0.0,Plate 4,P25-27
Cell_Neighbours_NumberOfOnlyFilter,Number Of Neighbours < 97.5th Percentile,3471,0,0,Max Number Of Neighbours: 4.0,0.0,Plate 4,P25-27
Nuc_Neighbours_Filter,Number Of Nuclei Neighbours < 97.5th Percentile,3471,0,0,Max Number Of Nuclei Neighbours: 1.0,0.0,Plate 4,P25-27
Initial_Dataset,Initial Dataset,3471,0,0,"None,None",,Plate 5,P25-27
Number_of_Mitochondria_Filter,Min Number of Mitochondria Filter,3471,0,0,min_compartments=0,0.0,Plate 5,P25-27
Number_of_Lysosomes_Filter,Min Number of Lysosomes Filter,3471,0,0,min_compartments=0,0.0,Plate 5,P25-27
AreaShape_Area_Filter_Bottom,Cell Size Filter Bottom Band,3471,0,0,Bottom threshold: 22768.0,0.0,Plate 5,P25-27
AreaShape_Area_Filter_Top,Cell Size Filter Top Band,3471,0,0,Top threshold: 1254046.5,0.0,Plate 5,P25-27
Nuclei_AreaShape_Area_Filter_Bottom,Nuclear Size Filter Bottom Band,3471,0,0,Bottom threshold: 9340.0,0.0,Plate 5,P25-27
Nuclei_AreaShape_Area_Filter_Top,Nuclear Size Filter Top Band,3471,0,0,Top threshold: 98385.75,0.0,Plate 5,P25-27
Cell_Nuclei_Area_Ratio_Filter_Bottom,Cell:Nuclear Area Ratio Filter Bottom Band,3471,0,0,Bottom threshold: 1.9243336199484091,0.0,Plate 5,P25-27
Cell_Nuclei_Area_Ratio_Filter_Top,Cell:Nuclear Area Ratio Filter Top Band,3471,0,0,Top threshold: 20.530685742771166,0.0,Plate 5,P25-27
Nuclei_Intensity_MedianIntensity_DAPI_MAX_WellNormalized_Filter_Bottom,Nuclei Intensity MedianIntensity DAPI MAX WellNormalized Filter Bottom Band,3471,0,0,Bottom threshold: nan,0.0,Plate 5,P25-27
Nuclei_Intensity_MedianIntensity_DAPI_MAX_WellNormalized_Filter_Top,Nuclei Intensity MedianIntensity DAPI MAX WellNormalized Filter Top Band,3471,0,0,Top threshold: 2.5,0.0,Plate 5,P25-27
Cell_Neighbours_Filter,Percent of Cell Touching Neighbours AND Number Of Neighbours < 97.5th Percentile,3471,0,0,Max Percent Touching: 65.82167832167832 and Max Number Of Neighbours: 4.0,0.0,Plate 5,P25-27
Cell_Neighbours_PercentTouchingOnlyFilter,Percent of Cell Touching Neighbours < 97.5th Percentile,3471,0,0,Max Percent Touching: 65.82167832167832,0.0,Plate 5,P25-27
Cell_Neighbours_NumberOfOnlyFilter,Number Of Neighbours < 97.5th Percentile,3471,0,0,Max Number Of Neighbours: 4.0,0.0,Plate 5,P25-27
Nuc_Neighbours_Filter,Number Of Nuclei Neighbours < 97.5th Percentile,3471,0,0,Max Number Of Nuclei Neighbours: 1.0,0.0,Plate 5,P25-27
Initial_Dataset,Initial Dataset,3471,0,0,"None,None",,Plate 6,P25-27
Number_of_Mitochondria_Filter,Min Number of Mitochondria Filter,3471,0,0,min_compartments=0,0.0,Plate 6,P25-27
Number_of_Lysosomes_Filter,Min Number of Lysosomes Filter,3471,0,0,min_compartments=0,0.0,Plate 6,P25-27
AreaShape_Area_Filter_Bottom,Cell Size Filter Bottom Band,3471,0,0,Bottom threshold: 22768.0,0.0,Plate 6,P25-27
AreaShape_Area_Filter_Top,Cell Size Filter Top Band,3471,0,0,Top threshold: 1254046.5,0.0,Plate 6,P25-27
Nuclei_AreaShape_Area_Filter_Bottom,Nuclear Size Filter Bottom Band,3471,0,0,Bottom threshold: 9340.0,0.0,Plate 6,P25-27
Nuclei_AreaShape_Area_Filter_Top,Nuclear Size Filter Top Band,3471,0,0,Top threshold: 98385.75,0.0,Plate 6,P25-27
Cell_Nuclei_Area_Ratio_Filter_Bottom,Cell:Nuclear Area Ratio Filter Bottom Band,3471,0,0,Bottom threshold: 1.9243336199484091,0.0,Plate 6,P25-27
Cell_Nuclei_Area_Ratio_Filter_Top,Cell:Nuclear Area Ratio Filter Top Band,3471,0,0,Top threshold: 20.530685742771166,0.0,Plate 6,P25-27
Nuclei_Intensity_MedianIntensity_DAPI_MAX_WellNormalized_Filter_Bottom,Nuclei Intensity MedianIntensity DAPI MAX WellNormalized Filter Bottom Band,3471,0,0,Bottom threshold: nan,0.0,Plate 6,P25-27
Nuclei_Intensity_MedianIntensity_DAPI_MAX_WellNormalized_Filter_Top,Nuclei Intensity MedianIntensity DAPI MAX WellNormalized Filter Top Band,3471,0,0,Top threshold: 2.5,0.0,Plate 6,P25-27
Cell_Neighbours_Filter,Percent of Cell Touching Neighbours AND Number Of Neighbours < 97.5th Percentile,3471,0,0,Max Percent Touching: 65.82167832167832 and Max Number Of Neighbours: 4.0,0.0,Plate 6,P25-27
Cell_Neighbours_PercentTouchingOnlyFilter,Percent of Cell Touching Neighbours < 97.5th Percentile,3471,0,0,Max Percent Touching: 65.82167832167832,0.0,Plate 6,P25-27
Cell_Neighbours_NumberOfOnlyFilter,Number Of Neighbours < 97.5th Percentile,3471,0,0,Max Number Of Neighbours: 4.0,0.0,Plate 6,P25-27
Nuc_Neighbours_Filter,Number Of Nuclei Neighbours < 97.5th Percentile,3471,0,0,Max Number Of Nuclei Neighbours: 1.0,0.0,Plate 6,P25-27
Initial_Dataset,Initial Dataset,3471,0,0,"None,None",,Plate 7,P25-27
Number_of_Mitochondria_Filter,Min Number of Mitochondria Filter,3471,0,0,min_compartments=0,0.0,Plate 7,P25-27
Number_of_Lysosomes_Filter,Min Number of Lysosomes Filter,3471,0,0,min_compartments=0,0.0,Plate 7,P25-27
AreaShape_Area_Filter_Bottom,Cell Size Filter Bottom Band,3471,0,0,Bottom threshold: 22768.0,0.0,Plate 7,P25-27
AreaShape_Area_Filter_Top,Cell Size Filter Top Band,3471,0,0,Top threshold: 1254046.5,0.0,Plate 7,P25-27
Nuclei_AreaShape_Area_Filter_Bottom,Nuclear Size Filter Bottom Band,3471,0,0,Bottom threshold: 9340.0,0.0,Plate 7,P25-27
Nuclei_AreaShape_Area_Filter_Top,Nuclear Size Filter Top Band,3471,0,0,Top threshold: 98385.75,0.0,Plate 7,P25-27
Cell_Nuclei_Area_Ratio_Filter_Bottom,Cell:Nuclear Area Ratio Filter Bottom Band,3471,0,0,Bottom threshold: 1.9243336199484091,0.0,Plate 7,P25-27
Cell_Nuclei_Area_Ratio_Filter_Top,Cell:Nuclear Area Ratio Filter Top Band,3471,0,0,Top threshold: 20.530685742771166,0.0,Plate 7,P25-27
Nuclei_Intensity_MedianIntensity_DAPI_MAX_WellNormalized_Filter_Bottom,Nuclei Intensity MedianIntensity DAPI MAX WellNormalized Filter Bottom Band,3471,0,0,Bottom threshold: nan,0.0,Plate 7,P25-27
Nuclei_Intensity_MedianIntensity_DAPI_MAX_WellNormalized_Filter_Top,Nuclei Intensity MedianIntensity DAPI MAX WellNormalized Filter Top Band,3471,0,0,Top threshold: 2.5,0.0,Plate 7,P25-27
Cell_Neighbours_Filter,Percent of Cell Touching Neighbours AND Number Of Neighbours < 97.5th Percentile,3471,0,0,Max Percent Touching: 65.82167832167832 and Max Number Of Neighbours: 4.0,0.0,Plate 7,P25-27
Cell_Neighbours_PercentTouchingOnlyFilter,Percent of Cell Touching Neighbours < 97.5th Percentile,3471,0,0,Max Percent Touching: 65.82167832167832,0.0,Plate 7,P25-27
Cell_Neighbours_NumberOfOnlyFilter,Number Of Neighbours < 97.5th Percentile,3471,0,0,Max Number Of Neighbours: 4.0,0.0,Plate 7,P25-27
Nuc_Neighbours_Filter,Number Of Nuclei Neighbours < 97.5th Percentile,3471,0,0,Max Number Of Nuclei Neighbours: 1.0,0.0,Plate 7,P25-27
Initial_Dataset,Initial Dataset,3471,0,0,"None,None",,Plate 1,P28-31
Number_of_Mitochondria_Filter,Min Number of Mitochondria Filter,3471,0,0,min_compartments=0,0.0,Plate 1,P28-31
Number_of_Lysosomes_Filter,Min Number of Lysosomes Filter,3471,0,0,min_compartments=0,0.0,Plate 1,P28-31
AreaShape_Area_Filter_Bottom,Cell Size Filter Bottom Band,3471,0,0,Bottom threshold: 22768.0,0.0,Plate 1,P28-31
AreaShape_Area_Filter_Top,Cell Size Filter Top Band,3471,0,0,Top threshold: 1254046.5,0.0,Plate 1,P28-31
Nuclei_AreaShape_Area_Filter_Bottom,Nuclear Size Filter Bottom Band,3471,0,0,Bottom threshold: 9340.0,0.0,Plate 1,P28-31
Nuclei_AreaShape_Area_Filter_Top,Nuclear Size Filter Top Band,3471,0,0,Top threshold: 98385.75,0.0,Plate 1,P28-31
Cell_Nuclei_Area_Ratio_Filter_Bottom,Cell:Nuclear Area Ratio Filter Bottom Band,3471,0,0,Bottom threshold: 1.9243336199484091,0.0,Plate 1,P28-31
Cell_Nuclei_Area_Ratio_Filter_Top,Cell:Nuclear Area Ratio Filter Top Band,3471,0,0,Top threshold: 20.530685742771166,0.0,Plate 1,P28-31
Nuclei_Intensity_MedianIntensity_DAPI_MAX_WellNormalized_Filter_Bottom,Nuclei Intensity MedianIntensity DAPI MAX WellNormalized Filter Bottom Band,3471,0,0,Bottom threshold: nan,0.0,Plate 1,P28-31
Nuclei_Intensity_MedianIntensity_DAPI_MAX_WellNormalized_Filter_Top,Nuclei Intensity MedianIntensity DAPI MAX WellNormalized Filter Top Band,3471,0,0,Top threshold: 2.5,0.0,Plate 1,P28-31
Cell_Neighbours_Filter,Percent of Cell Touching Neighbours AND Number Of Neighbours < 97.5th Percentile,3471,0,0,Max Percent Touching: 65.82167832167832 and Max Number Of Neighbours: 4.0,0.0,Plate 1,P28-31
Cell_Neighbours_PercentTouchingOnlyFilter,Percent of Cell Touching Neighbours < 97.5th Percentile,3471,0,0,Max Percent Touching: 65.82167832167832,0.0,Plate 1,P28-31
Cell_Neighbours_NumberOfOnlyFilter,Number Of Neighbours < 97.5th Percentile,3471,0,0,Max Number Of Neighbours: 4.0,0.0,Plate 1,P28-31
Nuc_Neighbours_Filter,Number Of Nuclei Neighbours < 97.5th Percentile,3471,0,0,Max Number Of Nuclei Neighbours: 1.0,0.0,Plate 1,P28-31
Initial_Dataset,Initial Dataset,3471,0,0,"None,None",,Plate 2,P28-31
Number_of_Mitochondria_Filter,Min Number of Mitochondria Filter,3471,0,0,min_compartments=0,0.0,Plate 2,P28-31
Number_of_Lysosomes_Filter,Min Number of Lysosomes Filter,3471,0,0,min_compartments=0,0.0,Plate 2,P28-31
AreaShape_Area_Filter_Bottom,Cell Size Filter Bottom Band,3471,0,0,Bottom threshold: 22768.0,0.0,Plate 2,P28-31
AreaShape_Area_Filter_Top,Cell Size Filter Top Band,3471,0,0,Top threshold: 1254046.5,0.0,Plate 2,P28-31
Nuclei_AreaShape_Area_Filter_Bottom,Nuclear Size Filter Bottom Band,3471,0,0,Bottom threshold: 9340.0,0.0,Plate 2,P28-31
Nuclei_AreaShape_Area_Filter_Top,Nuclear Size Filter Top Band,3471,0,0,Top threshold: 98385.75,0.0,Plate 2,P28-31
Cell_Nuclei_Area_Ratio_Filter_Bottom,Cell:Nuclear Area Ratio Filter Bottom Band,3471,0,0,Bottom threshold: 1.9243336199484091,0.0,Plate 2,P28-31
Cell_Nuclei_Area_Ratio_Filter_Top,Cell:Nuclear Area Ratio Filter Top Band,3471,0,0,Top threshold: 20.530685742771166,0.0,Plate 2,P28-31
Nuclei_Intensity_MedianIntensity_DAPI_MAX_WellNormalized_Filter_Bottom,Nuclei Intensity MedianIntensity DAPI MAX WellNormalized Filter Bottom Band,3471,0,0,Bottom threshold: nan,0.0,Plate 2,P28-31
Nuclei_Intensity_MedianIntensity_DAPI_MAX_WellNormalized_Filter_Top,Nuclei Intensity MedianIntensity DAPI MAX WellNormalized Filter Top Band,3471,0,0,Top threshold: 2.5,0.0,Plate 2,P28-31
Cell_Neighbours_Filter,Percent of Cell Touching Neighbours AND Number Of Neighbours < 97.5th Percentile,3471,0,0,Max Percent Touching: 65.82167832167832 and Max Number Of Neighbours: 4.0,0.0,Plate 2,P28-31
Cell_Neighbours_PercentTouchingOnlyFilter,Percent of Cell Touching Neighbours < 97.5th Percentile,3471,0,0,Max Percent Touching: 65.82167832167832,0.0,Plate 2,P28-31
Cell_Neighbours_NumberOfOnlyFilter,Number Of Neighbours < 97.5th Percentile,3471,0,0,Max Number Of Neighbours: 4.0,0.0,Plate 2,P28-31
Nuc_Neighbours_Filter,Number Of Nuclei Neighbours < 97.5th Percentile,3471,0,0,Max Number Of Nuclei Neighbours: 1.0,0.0,Plate 2,P28-31
Initial_Dataset,Initial Dataset,3471,0,0,"None,None",,Plate 3,P28-31
Number_of_Mitochondria_Filter,Min Number of Mitochondria Filter,3471,0,0,min_compartments=0,0.0,Plate 3,P28-31
Number_of_Lysosomes_Filter,Min Number of Lysosomes Filter,3471,0,0,min_compartments=0,0.0,Plate 3,P28-31
AreaShape_Area_Filter_Bottom,Cell Size Filter Bottom Band,3471,0,0,Bottom threshold: 22768.0,0.0,Plate 3,P28-31
AreaShape_Area_Filter_Top,Cell Size Filter Top Band,3471,0,0,Top threshold: 1254046.5,0.0,Plate 3,P28-31
Nuclei_AreaShape_Area_Filter_Bottom,Nuclear Size Filter Bottom Band,3471,0,0,Bottom threshold: 9340.0,0.0,Plate 3,P28-31
Nuclei_AreaShape_Area_Filter_Top,Nuclear Size Filter Top Band,3471,0,0,Top threshold: 98385.75,0.0,Plate 3,P28-31
Cell_Nuclei_Area_Ratio_Filter_Bottom,Cell:Nuclear Area Ratio Filter Bottom Band,3471,0,0,Bottom threshold: 1.9243336199484091,0.0,Plate 3,P28-31
Cell_Nuclei_Area_Ratio_Filter_Top,Cell:Nuclear Area Ratio Filter Top Band,3471,0,0,Top threshold: 20.530685742771166,0.0,Plate 3,P28-31
Nuclei_Intensity_MedianIntensity_DAPI_MAX_WellNormalized_Filter_Bottom,Nuclei Intensity MedianIntensity DAPI MAX WellNormalized Filter Bottom Band,3471,0,0,Bottom threshold: nan,0.0,Plate 3,P28-31
Nuclei_Intensity_MedianIntensity_DAPI_MAX_WellNormalized_Filter_Top,Nuclei Intensity MedianIntensity DAPI MAX WellNormalized Filter Top Band,3471,0,0,Top threshold: 2.5,0.0,Plate 3,P28-31
Cell_Neighbours_Filter,Percent of Cell Touching Neighbours AND Number Of Neighbours < 97.5th Percentile,3471,0,0,Max Percent Touching: 65.82167832167832 and Max Number Of Neighbours: 4.0,0.0,Plate 3,P28-31
Cell_Neighbours_PercentTouchingOnlyFilter,Percent of Cell Touching Neighbours < 97.5th Percentile,3471,0,0,Max Percent Touching: 65.82167832167832,0.0,Plate 3,P28-31
Cell_Neighbours_NumberOfOnlyFilter,Number Of Neighbours < 97.5th Percentile,3471,0,0,Max Number Of Neighbours: 4.0,0.0,Plate 3,P28-31
Nuc_Neighbours_Filter,Number Of Nuclei Neighbours < 97.5th Percentile,3471,0,0,Max Number Of Nuclei Neighbours: 1.0,0.0,Plate 3,P28-31
Initial_Dataset,Initial Dataset,3471,0,0,"None,None",,Plate 4,P28-31
Number_of_Mitochondria_Filter,Min Number of Mitochondria Filter,3471,0,0,min_compartments=0,0.0,Plate 4,P28-31
Number_of_Lysosomes_Filter,Min Number of Lysosomes Filter,3471,0,0,min_compartments=0,0.0,Plate 4,P28-31
AreaShape_Area_Filter_Bottom,Cell Size Filter Bottom Band,3471,0,0,Bottom threshold: 22768.0,0.0,Plate 4,P28-31
AreaShape_Area_Filter_Top,Cell Size Filter Top Band,3471,0,0,Top threshold: 1254046.5,0.0,Plate 4,P28-31
Nuclei_AreaShape_Area_Filter_Bottom,Nuclear Size Filter Bottom Band,3471,0,0,Bottom threshold: 9340.0,0.0,Plate 4,P28-31
Nuclei_AreaShape_Area_Filter_Top,Nuclear Size Filter Top Band,3471,0,0,Top threshold: 98385.75,0.0,Plate 4,P28-31
Cell_Nuclei_Area_Ratio_Filter_Bottom,Cell:Nuclear Area Ratio Filter Bottom Band,3471,0,0,Bottom threshold: 1.9243336199484091,0.0,Plate 4,P28-31
Cell_Nuclei_Area_Ratio_Filter_Top,Cell:Nuclear Area Ratio Filter Top Band,3471,0,0,Top threshold: 20.530685742771166,0.0,Plate 4,P28-31
Nuclei_Intensity_MedianIntensity_DAPI_MAX_WellNormalized_Filter_Bottom,Nuclei Intensity MedianIntensity DAPI MAX WellNormalized Filter Bottom Band,3471,0,0,Bottom threshold: nan,0.0,Plate 4,P28-31
Nuclei_Intensity_MedianIntensity_DAPI_MAX_WellNormalized_Filter_Top,Nuclei Intensity MedianIntensity DAPI MAX WellNormalized Filter Top Band,3471,0,0,Top threshold: 2.5,0.0,Plate 4,P28-31
Cell_Neighbours_Filter,Percent of Cell Touching Neighbours AND Number Of Neighbours < 97.5th Percentile,3471,0,0,Max Percent Touching: 65.82167832167832 and Max Number Of Neighbours: 4.0,0.0,Plate 4,P28-31
Cell_Neighbours_PercentTouchingOnlyFilter,Percent of Cell Touching Neighbours < 97.5th Percentile,3471,0,0,Max Percent Touching: 65.82167832167832,0.0,Plate 4,P28-31
Cell_Neighbours_NumberOfOnlyFilter,Number Of Neighbours < 97.5th Percentile,3471,0,0,Max Number Of Neighbours: 4.0,0.0,Plate 4,P28-31
Nuc_Neighbours_Filter,Number Of Nuclei Neighbours < 97.5th Percentile,3471,0,0,Max Number Of Nuclei Neighbours: 1.0,0.0,Plate 4,P28-31
Initial_Dataset,Initial Dataset,3471,0,0,"None,None",,Plate 5,P28-31
Number_of_Mitochondria_Filter,Min Number of Mitochondria Filter,3471,0,0,min_compartments=0,0.0,Plate 5,P28-31
Number_of_Lysosomes_Filter,Min Number of Lysosomes Filter,3471,0,0,min_compartments=0,0.0,Plate 5,P28-31
AreaShape_Area_Filter_Bottom,Cell Size Filter Bottom Band,3471,0,0,Bottom threshold: 22768.0,0.0,Plate 5,P28-31
AreaShape_Area_Filter_Top,Cell Size Filter Top Band,3471,0,0,Top threshold: 1254046.5,0.0,Plate 5,P28-31
Nuclei_AreaShape_Area_Filter_Bottom,Nuclear Size Filter Bottom Band,3471,0,0,Bottom threshold: 9340.0,0.0,Plate 5,P28-31
Nuclei_AreaShape_Area_Filter_Top,Nuclear Size Filter Top Band,3471,0,0,Top threshold: 98385.75,0.0,Plate 5,P28-31
Cell_Nuclei_Area_Ratio_Filter_Bottom,Cell:Nuclear Area Ratio Filter Bottom Band,3471,0,0,Bottom threshold: 1.9243336199484091,0.0,Plate 5,P28-31
Cell_Nuclei_Area_Ratio_Filter_Top,Cell:Nuclear Area Ratio Filter Top Band,3471,0,0,Top threshold: 20.530685742771166,0.0,Plate 5,P28-31
Nuclei_Intensity_MedianIntensity_DAPI_MAX_WellNormalized_Filter_Bottom,Nuclei Intensity MedianIntensity DAPI MAX WellNormalized Filter Bottom Band,3471,0,0,Bottom threshold: nan,0.0,Plate 5,P28-31
Nuclei_Intensity_MedianIntensity_DAPI_MAX_WellNormalized_Filter_Top,Nuclei Intensity MedianIntensity DAPI MAX WellNormalized Filter Top Band,3471,0,0,Top threshold: 2.5,0.0,Plate 5,P28-31
Cell_Neighbours_Filter,Percent of Cell Touching Neighbours AND Number Of Neighbours < 97.5th Percentile,3471,0,0,Max Percent Touching: 65.82167832167832 and Max Number Of Neighbours: 4.0,0.0,Plate 5,P28-31
Cell_Neighbours_PercentTouchingOnlyFilter,Percent of Cell Touching Neighbours < 97.5th Percentile,3471,0,0,Max Percent Touching: 65.82167832167832,0.0,Plate 5,P28-31
Cell_Neighbours_NumberOfOnlyFilter,Number Of Neighbours < 97.5th Percentile,3471,0,0,Max Number Of Neighbours: 4.0,0.0,Plate 5,P28-31
Nuc_Neighbours_Filter,Number Of Nuclei Neighbours < 97.5th Percentile,3471,0,0,Max Number Of Nuclei Neighbours: 1.0,0.0,Plate 5,P28-31
Initial_Dataset,Initial Dataset,3471,0,0,"None,None",,Plate 6,P28-31
Number_of_Mitochondria_Filter,Min Number of Mitochondria Filter,3471,0,0,min_compartments=0,0.0,Plate 6,P28-31
Number_of_Lysosomes_Filter,Min Number of Lysosomes Filter,3471,0,0,min_compartments=0,0.0,Plate 6,P28-31
AreaShape_Area_Filter_Bottom,Cell Size Filter Bottom Band,3471,0,0,Bottom threshold: 22768.0,0.0,Plate 6,P28-31
AreaShape_Area_Filter_Top,Cell Size Filter Top Band,3471,0,0,Top threshold: 1254046.5,0.0,Plate 6,P28-31
Nuclei_AreaShape_Area_Filter_Bottom,Nuclear Size Filter Bottom Band,3471,0,0,Bottom threshold: 9340.0,0.0,Plate 6,P28-31
Nuclei_AreaShape_Area_Filter_Top,Nuclear Size Filter Top Band,3471,0,0,Top threshold: 98385.75,0.0,Plate 6,P28-31
Cell_Nuclei_Area_Ratio_Filter_Bottom,Cell:Nuclear Area Ratio Filter Bottom Band,3471,0,0,Bottom threshold: 1.9243336199484091,0.0,Plate 6,P28-31
Cell_Nuclei_Area_Ratio_Filter_Top,Cell:Nuclear Area Ratio Filter Top Band,3471,0,0,Top threshold: 20.530685742771166,0.0,Plate 6,P28-31
Nuclei_Intensity_MedianIntensity_DAPI_MAX_WellNormalized_Filter_Bottom,Nuclei Intensity MedianIntensity DAPI MAX WellNormalized Filter Bottom Band,3471,0,0,Bottom threshold: nan,0.0,Plate 6,P28-31
Nuclei_Intensity_MedianIntensity_DAPI_MAX_WellNormalized_Filter_Top,Nuclei Intensity MedianIntensity DAPI MAX WellNormalized Filter Top Band,3471,0,0,Top threshold: 2.5,0.0,Plate 6,P28-31
Cell_Neighbours_Filter,Percent of Cell Touching Neighbours AND Number Of Neighbours < 97.5th Percentile,3471,0,0,Max Percent Touching: 65.82167832167832 and Max Number Of Neighbours: 4.0,0.0,Plate 6,P28-31
Cell_Neighbours_PercentTouchingOnlyFilter,Percent of Cell Touching Neighbours < 97.5th Percentile,3471,0,0,Max Percent Touching: 65.82167832167832,0.0,Plate 6,P28-31
Cell_Neighbours_NumberOfOnlyFilter,Number Of Neighbours < 97.5th Percentile,3471,0,0,Max Number Of Neighbours: 4.0,0.0,Plate 6,P28-31
Nuc_Neighbours_Filter,Number Of Nuclei Neighbours < 97.5th Percentile,3471,0,0,Max Number Of Nuclei Neighbours: 1.0,0.0,Plate 6,P28-31
Initial_Dataset,Initial Dataset,3471,0,0,"None,None",,Plate 7,P28-31
Number_of_Mitochondria_Filter,Min Number of Mitochondria Filter,3471,0,0,min_compartments=0,0.0,Plate 7,P28-31
Number_of_Lysosomes_Filter,Min Number of Lysosomes Filter,3471,0,0,min_compartments=0,0.0,Plate 7,P28-31
AreaShape_Area_Filter_Bottom,Cell Size Filter Bottom Band,3471,0,0,Bottom threshold: 22768.0,0.0,Plate 7,P28-31
AreaShape_Area_Filter_Top,Cell Size Filter Top Band,3471,0,0,Top threshold: 1254046.5,0.0,Plate 7,P28-31
Nuclei_AreaShape_Area_Filter_Bottom,Nuclear Size Filter Bottom Band,3471,0,0,Bottom threshold: 9340.0,0.0,Plate 7,P28-31
Nuclei_AreaShape_Area_Filter_Top,Nuclear Size Filter Top Band,3471,0,0,Top threshold: 98385.75,0.0,Plate 7,P28-31
Cell_Nuclei_Area_Ratio_Filter_Bottom,Cell:Nuclear Area Ratio Filter Bottom Band,3471,0,0,Bottom threshold: 1.9243336199484091,0.0,Plate 7,P28-31
Cell_Nuclei_Area_Ratio_Filter_Top,Cell:Nuclear Area Ratio Filter Top Band,3471,0,0,Top threshold: 20.530685742771166,0.0,Plate 7,P28-31
Nuclei_Intensity_MedianIntensity_DAPI_MAX_WellNormalized_Filter_Bottom,Nuclei Intensity MedianIntensity DAPI MAX WellNormalized Filter Bottom Band,3471,0,0,Bottom threshold: nan,0.0,Plate 7,P28-31
Nuclei_Intensity_MedianIntensity_DAPI_MAX_WellNormalized_Filter_Top,Nuclei Intensity MedianIntensity DAPI MAX WellNormalized Filter Top Band,3471,0,0,Top threshold: 2.5,0.0,Plate 7,P28-31
Cell_Neighbours_Filter,Percent of Cell Touching Neighbours AND Number Of Neighbours < 97.5th Percentile,3471,0,0,Max Percent Touching: 65.82167832167832 and Max Number Of Neighbours: 4.0,0.0,Plate 7,P28-31
Cell_Neighbours_PercentTouchingOnlyFilter,Percent of Cell Touching Neighbours < 97.5th Percentile,3471,0,0,Max Percent Touching: 65.82167832167832,0.0,Plate 7,P28-31
Cell_Neighbours_NumberOfOnlyFilter,Number Of Neighbours < 97.5th Percentile,3471,0,0,Max Number Of Neighbours: 4.0,0.0,Plate 7,P28-31
Nuc_Neighbours_Filter,Number Of Nuclei Neighbours < 97.5th Percentile,3471,0,0,Max Number Of Nuclei Neighbours: 1.0,0.0,Plate 7,P28-31
Initial_Dataset,Initial Dataset,3471,0,0,"None,None",,Plate 1,P32-35
Number_of_Mitochondria_Filter,Min Number of Mitochondria Filter,3471,0,0,min_compartments=0,0.0,Plate 1,P32-35
Number_of_Lysosomes_Filter,Min Number of Lysosomes Filter,3471,0,0,min_compartments=0,0.0,Plate 1,P32-35
AreaShape_Area_Filter_Bottom,Cell Size Filter Bottom Band,3471,0,0,Bottom threshold: 22768.0,0.0,Plate 1,P32-35
AreaShape_Area_Filter_Top,Cell Size Filter Top Band,3471,0,0,Top threshold: 1254046.5,0.0,Plate 1,P32-35
Nuclei_AreaShape_Area_Filter_Bottom,Nuclear Size Filter Bottom Band,3471,0,0,Bottom threshold: 9340.0,0.0,Plate 1,P32-35
Nuclei_AreaShape_Area_Filter_Top,Nuclear Size Filter Top Band,3471,0,0,Top threshold: 98385.75,0.0,Plate 1,P32-35
Cell_Nuclei_Area_Ratio_Filter_Bottom,Cell:Nuclear Area Ratio Filter Bottom Band,3471,0,0,Bottom threshold: 1.9243336199484091,0.0,Plate 1,P32-35
Cell_Nuclei_Area_Ratio_Filter_Top,Cell:Nuclear Area Ratio Filter Top Band,3471,0,0,Top threshold: 20.530685742771166,0.0,Plate 1,P32-35
Nuclei_Intensity_MedianIntensity_DAPI_MAX_WellNormalized_Filter_Bottom,Nuclei Intensity MedianIntensity DAPI MAX WellNormalized Filter Bottom Band,3471,0,0,Bottom threshold: nan,0.0,Plate 1,P32-35
Nuclei_Intensity_MedianIntensity_DAPI_MAX_WellNormalized_Filter_Top,Nuclei Intensity MedianIntensity DAPI MAX WellNormalized Filter Top Band,3471,0,0,Top threshold: 2.5,0.0,Plate 1,P32-35
Cell_Neighbours_Filter,Percent of Cell Touching Neighbours AND Number Of Neighbours < 97.5th Percentile,3471,0,0,Max Percent Touching: 65.82167832167832 and Max Number Of Neighbours: 4.0,0.0,Plate 1,P32-35
Cell_Neighbours_PercentTouchingOnlyFilter,Percent of Cell Touching Neighbours < 97.5th Percentile,3471,0,0,Max Percent Touching: 65.82167832167832,0.0,Plate 1,P32-35
Cell_Neighbours_NumberOfOnlyFilter,Number Of Neighbours < 97.5th Percentile,3471,0,0,Max Number Of Neighbours: 4.0,0.0,Plate 1,P32-35
Nuc_Neighbours_Filter,Number Of Nuclei Neighbours < 97.5th Percentile,3471,0,0,Max Number Of Nuclei Neighbours: 1.0,0.0,Plate 1,P32-35
Initial_Dataset,Initial Dataset,3471,0,0,"None,None",,Plate 2,P32-35
Number_of_Mitochondria_Filter,Min Number of Mitochondria Filter,3471,0,0,min_compartments=0,0.0,Plate 2,P32-35
Number_of_Lysosomes_Filter,Min Number of Lysosomes Filter,3471,0,0,min_compartments=0,0.0,Plate 2,P32-35
AreaShape_Area_Filter_Bottom,Cell Size Filter Bottom Band,3471,0,0,Bottom threshold: 22768.0,0.0,Plate 2,P32-35
AreaShape_Area_Filter_Top,Cell Size Filter Top Band,3471,0,0,Top threshold: 1254046.5,0.0,Plate 2,P32-35
Nuclei_AreaShape_Area_Filter_Bottom,Nuclear Size Filter Bottom Band,3471,0,0,Bottom threshold: 9340.0,0.0,Plate 2,P32-35
Nuclei_AreaShape_Area_Filter_Top,Nuclear Size Filter Top Band,3471,0,0,Top threshold: 98385.75,0.0,Plate 2,P32-35
Cell_Nuclei_Area_Ratio_Filter_Bottom,Cell:Nuclear Area Ratio Filter Bottom Band,3471,0,0,Bottom threshold: 1.9243336199484091,0.0,Plate 2,P32-35
Cell_Nuclei_Area_Ratio_Filter_Top,Cell:Nuclear Area Ratio Filter Top Band,3471,0,0,Top threshold: 20.530685742771166,0.0,Plate 2,P32-35
Nuclei_Intensity_MedianIntensity_DAPI_MAX_WellNormalized_Filter_Bottom,Nuclei Intensity MedianIntensity DAPI MAX WellNormalized Filter Bottom Band,3471,0,0,Bottom threshold: nan,0.0,Plate 2,P32-35
Nuclei_Intensity_MedianIntensity_DAPI_MAX_WellNormalized_Filter_Top,Nuclei Intensity MedianIntensity DAPI MAX WellNormalized Filter Top Band,3471,0,0,Top threshold: 2.5,0.0,Plate 2,P32-35
Cell_Neighbours_Filter,Percent of Cell Touching Neighbours AND Number Of Neighbours < 97.5th Percentile,3471,0,0,Max Percent Touching: 65.82167832167832 and Max Number Of Neighbours: 4.0,0.0,Plate 2,P32-35
Cell_Neighbours_PercentTouchingOnlyFilter,Percent of Cell Touching Neighbours < 97.5th Percentile,3471,0,0,Max Percent Touching: 65.82167832167832,0.0,Plate 2,P32-35
Cell_Neighbours_NumberOfOnlyFilter,Number Of Neighbours < 97.5th Percentile,3471,0,0,Max Number Of Neighbours: 4.0,0.0,Plate 2,P32-35
Nuc_Neighbours_Filter,Number Of Nuclei Neighbours < 97.5th Percentile,3471,0,0,Max Number Of Nuclei Neighbours: 1.0,0.0,Plate 2,P32-35
Initial_Dataset,Initial Dataset,3471,0,0,"None,None",,Plate 3,P32-35
Number_of_Mitochondria_Filter,Min Number of Mitochondria Filter,3471,0,0,min_compartments=0,0.0,Plate 3,P32-35
Number_of_Lysosomes_Filter,Min Number of Lysosomes Filter,3471,0,0,min_compartments=0,0.0,Plate 3,P32-35
AreaShape_Area_Filter_Bottom,Cell Size Filter Bottom Band,3471,0,0,Bottom threshold: 22768.0,0.0,Plate 3,P32-35
AreaShape_Area_Filter_Top,Cell Size Filter Top Band,3471,0,0,Top threshold: 1254046.5,0.0,Plate 3,P32-35
Nuclei_AreaShape_Area_Filter_Bottom,Nuclear Size Filter Bottom Band,3471,0,0,Bottom threshold: 9340.0,0.0,Plate 3,P32-35
Nuclei_AreaShape_Area_Filter_Top,Nuclear Size Filter Top Band,3471,0,0,Top threshold: 98385.75,0.0,Plate 3,P32-35
Cell_Nuclei_Area_Ratio_Filter_Bottom,Cell:Nuclear Area Ratio Filter Bottom Band,3471,0,0,Bottom threshold: 1.9243336199484091,0.0,Plate 3,P32-35
Cell_Nuclei_Area_Ratio_Filter_Top,Cell:Nuclear Area Ratio Filter Top Band,3471,0,0,Top threshold: 20.530685742771166,0.0,Plate 3,P32-35
Nuclei_Intensity_MedianIntensity_DAPI_MAX_WellNormalized_Filter_Bottom,Nuclei Intensity MedianIntensity DAPI MAX WellNormalized Filter Bottom Band,3471,0,0,Bottom threshold: nan,0.0,Plate 3,P32-35
Nuclei_Intensity_MedianIntensity_DAPI_MAX_WellNormalized_Filter_Top,Nuclei Intensity MedianIntensity DAPI MAX WellNormalized Filter Top Band,3471,0,0,Top threshold: 2.5,0.0,Plate 3,P32-35
Cell_Neighbours_Filter,Percent of Cell Touching Neighbours AND Number Of Neighbours < 97.5th Percentile,3471,0,0,Max Percent Touching: 65.82167832167832 and Max Number Of Neighbours: 4.0,0.0,Plate 3,P32-35
Cell_Neighbours_PercentTouchingOnlyFilter,Percent of Cell Touching Neighbours < 97.5th Percentile,3471,0,0,Max Percent Touching: 65.82167832167832,0.0,Plate 3,P32-35
Cell_Neighbours_NumberOfOnlyFilter,Number Of Neighbours < 97.5th Percentile,3471,0,0,Max Number Of Neighbours: 4.0,0.0,Plate 3,P32-35
Nuc_Neighbours_Filter,Number Of Nuclei Neighbours < 97.5th Percentile,3471,0,0,Max Number Of Nuclei Neighbours: 1.0,0.0,Plate 3,P32-35
Initial_Dataset,Initial Dataset,3471,0,0,"None,None",,Plate 4,P32-35
Number_of_Mitochondria_Filter,Min Number of Mitochondria Filter,3471,0,0,min_compartments=0,0.0,Plate 4,P32-35
Number_of_Lysosomes_Filter,Min Number of Lysosomes Filter,3471,0,0,min_compartments=0,0.0,Plate 4,P32-35
AreaShape_Area_Filter_Bottom,Cell Size Filter Bottom Band,3471,0,0,Bottom threshold: 22768.0,0.0,Plate 4,P32-35
AreaShape_Area_Filter_Top,Cell Size Filter Top Band,3471,0,0,Top threshold: 1254046.5,0.0,Plate 4,P32-35
Nuclei_AreaShape_Area_Filter_Bottom,Nuclear Size Filter Bottom Band,3471,0,0,Bottom threshold: 9340.0,0.0,Plate 4,P32-35
Nuclei_AreaShape_Area_Filter_Top,Nuclear Size Filter Top Band,3471,0,0,Top threshold: 98385.75,0.0,Plate 4,P32-35
Cell_Nuclei_Area_Ratio_Filter_Bottom,Cell:Nuclear Area Ratio Filter Bottom Band,3471,0,0,Bottom threshold: 1.9243336199484091,0.0,Plate 4,P32-35
Cell_Nuclei_Area_Ratio_Filter_Top,Cell:Nuclear Area Ratio Filter Top Band,3471,0,0,Top threshold: 20.530685742771166,0.0,Plate 4,P32-35
Nuclei_Intensity_MedianIntensity_DAPI_MAX_WellNormalized_Filter_Bottom,Nuclei Intensity MedianIntensity DAPI MAX WellNormalized Filter Bottom Band,3471,0,0,Bottom threshold: nan,0.0,Plate 4,P32-35
Nuclei_Intensity_MedianIntensity_DAPI_MAX_WellNormalized_Filter_Top,Nuclei Intensity MedianIntensity DAPI MAX WellNormalized Filter Top Band,3471,0,0,Top threshold: 2.5,0.0,Plate 4,P32-35
Cell_Neighbours_Filter,Percent of Cell Touching Neighbours AND Number Of Neighbours < 97.5th Percentile,3471,0,0,Max Percent Touching: 65.82167832167832 and Max Number Of Neighbours: 4.0,0.0,Plate 4,P32-35
Cell_Neighbours_PercentTouchingOnlyFilter,Percent of Cell Touching Neighbours < 97.5th Percentile,3471,0,0,Max Percent Touching: 65.82167832167832,0.0,Plate 4,P32-35
Cell_Neighbours_NumberOfOnlyFilter,Number Of Neighbours < 97.5th Percentile,3471,0,0,Max Number Of Neighbours: 4.0,0.0,Plate 4,P32-35
Nuc_Neighbours_Filter,Number Of Nuclei Neighbours < 97.5th Percentile,3471,0,0,Max Number Of Nuclei Neighbours: 1.0,0.0,Plate 4,P32-35
Initial_Dataset,Initial Dataset,3471,0,0,"None,None",,Plate 5,P32-35
Number_of_Mitochondria_Filter,Min Number of Mitochondria Filter,3471,0,0,min_compartments=0,0.0,Plate 5,P32-35
Number_of_Lysosomes_Filter,Min Number of Lysosomes Filter,3471,0,0,min_compartments=0,0.0,Plate 5,P32-35
AreaShape_Area_Filter_Bottom,Cell Size Filter Bottom Band,3471,0,0,Bottom threshold: 22768.0,0.0,Plate 5,P32-35
AreaShape_Area_Filter_Top,Cell Size Filter Top Band,3471,0,0,Top threshold: 1254046.5,0.0,Plate 5,P32-35
Nuclei_AreaShape_Area_Filter_Bottom,Nuclear Size Filter Bottom Band,3471,0,0,Bottom threshold: 9340.0,0.0,Plate 5,P32-35
Nuclei_AreaShape_Area_Filter_Top,Nuclear Size Filter Top Band,3471,0,0,Top threshold: 98385.75,0.0,Plate 5,P32-35
Cell_Nuclei_Area_Ratio_Filter_Bottom,Cell:Nuclear Area Ratio Filter Bottom Band,3471,0,0,Bottom threshold: 1.9243336199484091,0.0,Plate 5,P32-35
Cell_Nuclei_Area_Ratio_Filter_Top,Cell:Nuclear Area Ratio Filter Top Band,3471,0,0,Top threshold: 20.530685742771166,0.0,Plate 5,P32-35
Nuclei_Intensity_MedianIntensity_DAPI_MAX_WellNormalized_Filter_Bottom,Nuclei Intensity MedianIntensity DAPI MAX WellNormalized Filter Bottom Band,3471,0,0,Bottom threshold: nan,0.0,Plate 5,P32-35
Nuclei_Intensity_MedianIntensity_DAPI_MAX_WellNormalized_Filter_Top,Nuclei Intensity MedianIntensity DAPI MAX WellNormalized Filter Top Band,3471,0,0,Top threshold: 2.5,0.0,Plate 5,P32-35
Cell_Neighbours_Filter,Percent of Cell Touching Neighbours AND Number Of Neighbours < 97.5th Percentile,3471,0,0,Max Percent Touching: 65.82167832167832 and Max Number Of Neighbours: 4.0,0.0,Plate 5,P32-35
Cell_Neighbours_PercentTouchingOnlyFilter,Percent of Cell Touching Neighbours < 97.5th Percentile,3471,0,0,Max Percent Touching: 65.82167832167832,0.0,Plate 5,P32-35
Cell_Neighbours_NumberOfOnlyFilter,Number Of Neighbours < 97.5th Percentile,3471,0,0,Max Number Of Neighbours: 4.0,0.0,Plate 5,P32-35
Nuc_Neighbours_Filter,Number Of Nuclei Neighbours < 97.5th Percentile,3471,0,0,Max Number Of Nuclei Neighbours: 1.0,0.0,Plate 5,P32-35
Initial_Dataset,Initial Dataset,3471,0,0,"None,None",,Plate 6,P32-35
Number_of_Mitochondria_Filter,Min Number of Mitochondria Filter,3471,0,0,min_compartments=0,0.0,Plate 6,P32-35
Number_of_Lysosomes_Filter,Min Number of Lysosomes Filter,3471,0,0,min_compartments=0,0.0,Plate 6,P32-35
AreaShape_Area_Filter_Bottom,Cell Size Filter Bottom Band,3471,0,0,Bottom threshold: 22768.0,0.0,Plate 6,P32-35
AreaShape_Area_Filter_Top,Cell Size Filter Top Band,3471,0,0,Top threshold: 1254046.5,0.0,Plate 6,P32-35
Nuclei_AreaShape_Area_Filter_Bottom,Nuclear Size Filter Bottom Band,3471,0,0,Bottom threshold: 9340.0,0.0,Plate 6,P32-35
Nuclei_AreaShape_Area_Filter_Top,Nuclear Size Filter Top Band,3471,0,0,Top threshold: 98385.75,0.0,Plate 6,P32-35
Cell_Nuclei_Area_Ratio_Filter_Bottom,Cell:Nuclear Area Ratio Filter Bottom Band,3471,0,0,Bottom threshold: 1.9243336199484091,0.0,Plate 6,P32-35
Cell_Nuclei_Area_Ratio_Filter_Top,Cell:Nuclear Area Ratio Filter Top Band,3471,0,0,Top threshold: 20.530685742771166,0.0,Plate 6,P32-35
Nuclei_Intensity_MedianIntensity_DAPI_MAX_WellNormalized_Filter_Bottom,Nuclei Intensity MedianIntensity DAPI MAX WellNormalized Filter Bottom Band,3471,0,0,Bottom threshold: nan,0.0,Plate 6,P32-35
Nuclei_Intensity_MedianIntensity_DAPI_MAX_WellNormalized_Filter_Top,Nuclei Intensity MedianIntensity DAPI MAX WellNormalized Filter Top Band,3471,0,0,Top threshold: 2.5,0.0,Plate 6,P32-35
Cell_Neighbours_Filter,Percent of Cell Touching Neighbours AND Number Of Neighbours < 97.5th Percentile,3471,0,0,Max Percent Touching: 65.82167832167832 and Max Number Of Neighbours: 4.0,0.0,Plate 6,P32-35
Cell_Neighbours_PercentTouchingOnlyFilter,Percent of Cell Touching Neighbours < 97.5th Percentile,3471,0,0,Max Percent Touching: 65.82167832167832,0.0,Plate 6,P32-35
Cell_Neighbours_NumberOfOnlyFilter,Number Of Neighbours < 97.5th Percentile,3471,0,0,Max Number Of Neighbours: 4.0,0.0,Plate 6,P32-35
Nuc_Neighbours_Filter,Number Of Nuclei Neighbours < 97.5th Percentile,3471,0,0,Max Number Of Nuclei Neighbours: 1.0,0.0,Plate 6,P32-35
Initial_Dataset,Initial Dataset,3471,0,0,"None,None",,Plate 7,P32-35
Number_of_Mitochondria_Filter,Min Number of Mitochondria Filter,3471,0,0,min_compartments=0,0.0,Plate 7,P32-35
Number_of_Lysosomes_Filter,Min Number of Lysosomes Filter,3471,0,0,min_compartments=0,0.0,Plate 7,P32-35
AreaShape_Area_Filter_Bottom,Cell Size Filter Bottom Band,3471,0,0,Bottom threshold: 22768.0,0.0,Plate 7,P32-35
AreaShape_Area_Filter_Top,Cell Size Filter Top Band,3471,0,0,Top threshold: 1254046.5,0.0,Plate 7,P32-35
Nuclei_AreaShape_Area_Filter_Bottom,Nuclear Size Filter Bottom Band,3471,0,0,Bottom threshold: 9340.0,0.0,Plate 7,P32-35
Nuclei_AreaShape_Area_Filter_Top,Nuclear Size Filter Top Band,3471,0,0,Top threshold: 98385.75,0.0,Plate 7,P32-35
Cell_Nuclei_Area_Ratio_Filter_Bottom,Cell:Nuclear Area Ratio Filter Bottom Band,3471,0,0,Bottom threshold: 1.9243336199484091,0.0,Plate 7,P32-35
Cell_Nuclei_Area_Ratio_Filter_Top,Cell:Nuclear Area Ratio Filter Top Band,3471,0,0,Top threshold: 20.530685742771166,0.0,Plate 7,P32-35
Nuclei_Intensity_MedianIntensity_DAPI_MAX_WellNormalized_Filter_Bottom,Nuclei Intensity MedianIntensity DAPI MAX WellNormalized Filter Bottom Band,3471,0,0,Bottom threshold: nan,0.0,Plate 7,P32-35
Nuclei_Intensity_MedianIntensity_DAPI_MAX_WellNormalized_Filter_Top,Nuclei Intensity MedianIntensity DAPI MAX WellNormalized Filter Top Band,3471,0,0,Top threshold: 2.5,0.0,Plate 7,P32-35
Cell_Neighbours_Filter,Percent of Cell Touching Neighbours AND Number Of Neighbours < 97.5th Percentile,3471,0,0,Max Percent Touching: 65.82167832167832 and Max Number Of Neighbours: 4.0,0.0,Plate 7,P32-35
Cell_Neighbours_PercentTouchingOnlyFilter,Percent of Cell Touching Neighbours < 97.5th Percentile,3471,0,0,Max Percent Touching: 65.82167832167832,0.0,Plate 7,P32-35
Cell_Neighbours_NumberOfOnlyFilter,Number Of Neighbours < 97.5th Percentile,3471,0,0,Max Number Of Neighbours: 4.0,0.0,Plate 7,P32-35
Nuc_Neighbours_Filter,Number Of Nuclei Neighbours < 97.5th Percentile,3471,0,0,Max Number Of Nuclei Neighbours: 1.0,0.0,Plate 7,P32-35
Initial_Dataset,Initial Dataset,3471,0,0,"None,None",,Plate 1,Doxo
Number_of_Mitochondria_Filter,Min Number of Mitochondria Filter,3471,0,0,min_compartments=0,0.0,Plate 1,Doxo
Number_of_Lysosomes_Filter,Min Number of Lysosomes Filter,3471,0,0,min_compartments=0,0.0,Plate 1,Doxo
AreaShape_Area_Filter_Bottom,Cell Size Filter Bottom Band,3471,0,0,Bottom threshold: 22768.0,0.0,Plate 1,Doxo
AreaShape_Area_Filter_Top,Cell Size Filter Top Band,3471,0,0,Top threshold: 1254046.5,0.0,Plate 1,Doxo
Nuclei_AreaShape_Area_Filter_Bottom,Nuclear Size Filter Bottom Band,3471,0,0,Bottom threshold: 9340.0,0.0,Plate 1,Doxo
Nuclei_AreaShape_Area_Filter_Top,Nuclear Size Filter Top Band,3471,0,0,Top threshold: 98385.75,0.0,Plate 1,Doxo
Cell_Nuclei_Area_Ratio_Filter_Bottom,Cell:Nuclear Area Ratio Filter Bottom Band,3471,0,0,Bottom threshold: 1.9243336199484091,0.0,Plate 1,Doxo
Cell_Nuclei_Area_Ratio_Filter_Top,Cell:Nuclear Area Ratio Filter Top Band,3471,0,0,Top threshold: 20.530685742771166,0.0,Plate 1,Doxo
Nuclei_Intensity_MedianIntensity_DAPI_MAX_WellNormalized_Filter_Bottom,Nuclei Intensity MedianIntensity DAPI MAX WellNormalized Filter Bottom Band,3471,0,0,Bottom threshold: nan,0.0,Plate 1,Doxo
Nuclei_Intensity_MedianIntensity_DAPI_MAX_WellNormalized_Filter_Top,Nuclei Intensity MedianIntensity DAPI MAX WellNormalized Filter Top Band,3471,0,0,Top threshold: 2.5,0.0,Plate 1,Doxo
Cell_Neighbours_Filter,Percent of Cell Touching Neighbours AND Number Of Neighbours < 97.5th Percentile,3471,0,0,Max Percent Touching: 65.82167832167832 and Max Number Of Neighbours: 4.0,0.0,Plate 1,Doxo
Cell_Neighbours_PercentTouchingOnlyFilter,Percent of Cell Touching Neighbours < 97.5th Percentile,3471,0,0,Max Percent Touching: 65.82167832167832,0.0,Plate 1,Doxo
Cell_Neighbours_NumberOfOnlyFilter,Number Of Neighbours < 97.5th Percentile,3471,0,0,Max Number Of Neighbours: 4.0,0.0,Plate 1,Doxo
Nuc_Neighbours_Filter,Number Of Nuclei Neighbours < 97.5th Percentile,3471,0,0,Max Number Of Nuclei Neighbours: 1.0,0.0,Plate 1,Doxo
Initial_Dataset,Initial Dataset,3471,0,0,"None,None",,Plate 2,Doxo
Number_of_Mitochondria_Filter,Min Number of Mitochondria Filter,3471,0,0,min_compartments=0,0.0,Plate 2,Doxo
Number_of_Lysosomes_Filter,Min Number of Lysosomes Filter,3471,0,0,min_compartments=0,0.0,Plate 2,Doxo
AreaShape_Area_Filter_Bottom,Cell Size Filter Bottom Band,3471,0,0,Bottom threshold: 22768.0,0.0,Plate 2,Doxo
AreaShape_Area_Filter_Top,Cell Size Filter Top Band,3471,0,0,Top threshold: 1254046.5,0.0,Plate 2,Doxo
Nuclei_AreaShape_Area_Filter_Bottom,Nuclear Size Filter Bottom Band,3471,0,0,Bottom threshold: 9340.0,0.0,Plate 2,Doxo
Nuclei_AreaShape_Area_Filter_Top,Nuclear Size Filter Top Band,3471,0,0,Top threshold: 98385.75,0.0,Plate 2,Doxo
Cell_Nuclei_Area_Ratio_Filter_Bottom,Cell:Nuclear Area Ratio Filter Bottom Band,3471,0,0,Bottom threshold: 1.9243336199484091,0.0,Plate 2,Doxo
Cell_Nuclei_Area_Ratio_Filter_Top,Cell:Nuclear Area Ratio Filter Top Band,3471,0,0,Top threshold: 20.530685742771166,0.0,Plate 2,Doxo
Nuclei_Intensity_MedianIntensity_DAPI_MAX_WellNormalized_Filter_Bottom,Nuclei Intensity MedianIntensity DAPI MAX WellNormalized Filter Bottom Band,3471,0,0,Bottom threshold: nan,0.0,Plate 2,Doxo
Nuclei_Intensity_MedianIntensity_DAPI_MAX_WellNormalized_Filter_Top,Nuclei Intensity MedianIntensity DAPI MAX WellNormalized Filter Top Band,3471,0,0,Top threshold: 2.5,0.0,Plate 2,Doxo
Cell_Neighbours_Filter,Percent of Cell Touching Neighbours AND Number Of Neighbours < 97.5th Percentile,3471,0,0,Max Percent Touching: 65.82167832167832 and Max Number Of Neighbours: 4.0,0.0,Plate 2,Doxo
Cell_Neighbours_PercentTouchingOnlyFilter,Percent of Cell Touching Neighbours < 97.5th Percentile,3471,0,0,Max Percent Touching: 65.82167832167832,0.0,Plate 2,Doxo
Cell_Neighbours_NumberOfOnlyFilter,Number Of Neighbours < 97.5th Percentile,3471,0,0,Max Number Of Neighbours: 4.0,0.0,Plate 2,Doxo
Nuc_Neighbours_Filter,Number Of Nuclei Neighbours < 97.5th Percentile,3471,0,0,Max Number Of Nuclei Neighbours: 1.0,0.0,Plate 2,Doxo
Initial_Dataset,Initial Dataset,3471,0,0,"None,None",,Plate 3,Doxo
Number_of_Mitochondria_Filter,Min Number of Mitochondria Filter,3471,0,0,min_compartments=0,0.0,Plate 3,Doxo
Number_of_Lysosomes_Filter,Min Number of Lysosomes Filter,3471,0,0,min_compartments=0,0.0,Plate 3,Doxo
AreaShape_Area_Filter_Bottom,Cell Size Filter Bottom Band,3471,0,0,Bottom threshold: 22768.0,0.0,Plate 3,Doxo
AreaShape_Area_Filter_Top,Cell Size Filter Top Band,3471,0,0,Top threshold: 1254046.5,0.0,Plate 3,Doxo
Nuclei_AreaShape_Area_Filter_Bottom,Nuclear Size Filter Bottom Band,3471,0,0,Bottom threshold: 9340.0,0.0,Plate 3,Doxo
Nuclei_AreaShape_Area_Filter_Top,Nuclear Size Filter Top Band,3471,0,0,Top threshold: 98385.75,0.0,Plate 3,Doxo
Cell_Nuclei_Area_Ratio_Filter_Bottom,Cell:Nuclear Area Ratio Filter Bottom Band,3471,0,0,Bottom threshold: 1.9243336199484091,0.0,Plate 3,Doxo
Cell_Nuclei_Area_Ratio_Filter_Top,Cell:Nuclear Area Ratio Filter Top Band,3471,0,0,Top threshold: 20.530685742771166,0.0,Plate 3,Doxo
Nuclei_Intensity_MedianIntensity_DAPI_MAX_WellNormalized_Filter_Bottom,Nuclei Intensity MedianIntensity DAPI MAX WellNormalized Filter Bottom Band,3471,0,0,Bottom threshold: nan,0.0,Plate 3,Doxo
Nuclei_Intensity_MedianIntensity_DAPI_MAX_WellNormalized_Filter_Top,Nuclei Intensity MedianIntensity DAPI MAX WellNormalized Filter Top Band,3471,0,0,Top threshold: 2.5,0.0,Plate 3,Doxo
Cell_Neighbours_Filter,Percent of Cell Touching Neighbours AND Number Of Neighbours < 97.5th Percentile,3471,0,0,Max Percent Touching: 65.82167832167832 and Max Number Of Neighbours: 4.0,0.0,Plate 3,Doxo
Cell_Neighbours_PercentTouchingOnlyFilter,Percent of Cell Touching Neighbours < 97.5th Percentile,3471,0,0,Max Percent Touching: 65.82167832167832,0.0,Plate 3,Doxo
Cell_Neighbours_NumberOfOnlyFilter,Number Of Neighbours < 97.5th Percentile,3471,0,0,Max Number Of Neighbours: 4.0,0.0,Plate 3,Doxo
Nuc_Neighbours_Filter,Number Of Nuclei Neighbours < 97.5th Percentile,3471,0,0,Max Number Of Nuclei Neighbours: 1.0,0.0,Plate 3,Doxo
Initial_Dataset,Initial Dataset,3471,0,0,"None,None",,Plate 4,Doxo
Number_of_Mitochondria_Filter,Min Number of Mitochondria Filter,3471,0,0,min_compartments=0,0.0,Plate 4,Doxo
Number_of_Lysosomes_Filter,Min Number of Lysosomes Filter,3471,0,0,min_compartments=0,0.0,Plate 4,Doxo
AreaShape_Area_Filter_Bottom,Cell Size Filter Bottom Band,3471,0,0,Bottom threshold: 22768.0,0.0,Plate 4,Doxo
AreaShape_Area_Filter_Top,Cell Size Filter Top Band,3471,0,0,Top threshold: 1254046.5,0.0,Plate 4,Doxo
Nuclei_AreaShape_Area_Filter_Bottom,Nuclear Size Filter Bottom Band,3471,0,0,Bottom threshold: 9340.0,0.0,Plate 4,Doxo
Nuclei_AreaShape_Area_Filter_Top,Nuclear Size Filter Top Band,3471,0,0,Top threshold: 98385.75,0.0,Plate 4,Doxo
Cell_Nuclei_Area_Ratio_Filter_Bottom,Cell:Nuclear Area Ratio Filter Bottom Band,3471,0,0,Bottom threshold: 1.9243336199484091,0.0,Plate 4,Doxo
Cell_Nuclei_Area_Ratio_Filter_Top,Cell:Nuclear Area Ratio Filter Top Band,3471,0,0,Top threshold: 20.530685742771166,0.0,Plate 4,Doxo
Nuclei_Intensity_MedianIntensity_DAPI_MAX_WellNormalized_Filter_Bottom,Nuclei Intensity MedianIntensity DAPI MAX WellNormalized Filter Bottom Band,3471,0,0,Bottom threshold: nan,0.0,Plate 4,Doxo
Nuclei_Intensity_MedianIntensity_DAPI_MAX_WellNormalized_Filter_Top,Nuclei Intensity MedianIntensity DAPI MAX WellNormalized Filter Top Band,3471,0,0,Top threshold: 2.5,0.0,Plate 4,Doxo
Cell_Neighbours_Filter,Percent of Cell Touching Neighbours AND Number Of Neighbours < 97.5th Percentile,3471,0,0,Max Percent Touching: 65.82167832167832 and Max Number Of Neighbours: 4.0,0.0,Plate 4,Doxo
Cell_Neighbours_PercentTouchingOnlyFilter,Percent of Cell Touching Neighbours < 97.5th Percentile,3471,0,0,Max Percent Touching: 65.82167832167832,0.0,Plate 4,Doxo
Cell_Neighbours_NumberOfOnlyFilter,Number Of Neighbours < 97.5th Percentile,3471,0,0,Max Number Of Neighbours: 4.0,0.0,Plate 4,Doxo
Nuc_Neighbours_Filter,Number Of Nuclei Neighbours < 97.5th Percentile,3471,0,0,Max Number Of Nuclei Neighbours: 1.0,0.0,Plate 4,Doxo
Initial_Dataset,Initial Dataset,3471,0,0,"None,None",,Plate 5,Doxo
Number_of_Mitochondria_Filter,Min Number of Mitochondria Filter,3471,0,0,min_compartments=0,0.0,Plate 5,Doxo
Number_of_Lysosomes_Filter,Min Number of Lysosomes Filter,3471,0,0,min_compartments=0,0.0,Plate 5,Doxo
AreaShape_Area_Filter_Bottom,Cell Size Filter Bottom Band,3471,0,0,Bottom threshold: 22768.0,0.0,Plate 5,Doxo
AreaShape_Area_Filter_Top,Cell Size Filter Top Band,3471,0,0,Top threshold: 1254046.5,0.0,Plate 5,Doxo
Nuclei_AreaShape_Area_Filter_Bottom,Nuclear Size Filter Bottom Band,3471,0,0,Bottom threshold: 9340.0,0.0,Plate 5,Doxo
Nuclei_AreaShape_Area_Filter_Top,Nuclear Size Filter Top Band,3471,0,0,Top threshold: 98385.75,0.0,Plate 5,Doxo
Cell_Nuclei_Area_Ratio_Filter_Bottom,Cell:Nuclear Area Ratio Filter Bottom Band,3471,0,0,Bottom threshold: 1.9243336199484091,0.0,Plate 5,Doxo
Cell_Nuclei_Area_Ratio_Filter_Top,Cell:Nuclear Area Ratio Filter Top Band,3471,0,0,Top threshold: 20.530685742771166,0.0,Plate 5,Doxo
Nuclei_Intensity_MedianIntensity_DAPI_MAX_WellNormalized_Filter_Bottom,Nuclei Intensity MedianIntensity DAPI MAX WellNormalized Filter Bottom Band,3471,0,0,Bottom threshold: nan,0.0,Plate 5,Doxo
Nuclei_Intensity_MedianIntensity_DAPI_MAX_WellNormalized_Filter_Top,Nuclei Intensity MedianIntensity DAPI MAX WellNormalized Filter Top Band,3471,0,0,Top threshold: 2.5,0.0,Plate 5,Doxo
Cell_Neighbours_Filter,Percent of Cell Touching Neighbours AND Number Of Neighbours < 97.5th Percentile,3471,0,0,Max Percent Touching: 65.82167832167832 and Max Number Of Neighbours: 4.0,0.0,Plate 5,Doxo
Cell_Neighbours_PercentTouchingOnlyFilter,Percent of Cell Touching Neighbours < 97.5th Percentile,3471,0,0,Max Percent Touching: 65.82167832167832,0.0,Plate 5,Doxo
Cell_Neighbours_NumberOfOnlyFilter,Number Of Neighbours < 97.5th Percentile,3471,0,0,Max Number Of Neighbours: 4.0,0.0,Plate 5,Doxo
Nuc_Neighbours_Filter,Number Of Nuclei Neighbours < 97.5th Percentile,3471,0,0,Max Number Of Nuclei Neighbours: 1.0,0.0,Plate 5,Doxo
Initial_Dataset,Initial Dataset,3471,0,0,"None,None",,Plate 6,Doxo
Number_of_Mitochondria_Filter,Min Number of Mitochondria Filter,3471,0,0,min_compartments=0,0.0,Plate 6,Doxo
Number_of_Lysosomes_Filter,Min Number of Lysosomes Filter,3471,0,0,min_compartments=0,0.0,Plate 6,Doxo
AreaShape_Area_Filter_Bottom,Cell Size Filter Bottom Band,3471,0,0,Bottom threshold: 22768.0,0.0,Plate 6,Doxo
AreaShape_Area_Filter_Top,Cell Size Filter Top Band,3471,0,0,Top threshold: 1254046.5,0.0,Plate 6,Doxo
Nuclei_AreaShape_Area_Filter_Bottom,Nuclear Size Filter Bottom Band,3471,0,0,Bottom threshold: 9340.0,0.0,Plate 6,Doxo
Nuclei_AreaShape_Area_Filter_Top,Nuclear Size Filter Top Band,3471,0,0,Top threshold: 98385.75,0.0,Plate 6,Doxo
Cell_Nuclei_Area_Ratio_Filter_Bottom,Cell:Nuclear Area Ratio Filter Bottom Band,3471,0,0,Bottom threshold: 1.9243336199484091,0.0,Plate 6,Doxo
Cell_Nuclei_Area_Ratio_Filter_Top,Cell:Nuclear Area Ratio Filter Top Band,3471,0,0,Top threshold: 20.530685742771166,0.0,Plate 6,Doxo
Nuclei_Intensity_MedianIntensity_DAPI_MAX_WellNormalized_Filter_Bottom,Nuclei Intensity MedianIntensity DAPI MAX WellNormalized Filter Bottom Band,3471,0,0,Bottom threshold: nan,0.0,Plate 6,Doxo
Nuclei_Intensity_MedianIntensity_DAPI_MAX_WellNormalized_Filter_Top,Nuclei Intensity MedianIntensity DAPI MAX WellNormalized Filter Top Band,3471,0,0,Top threshold: 2.5,0.0,Plate 6,Doxo
Cell_Neighbours_Filter,Percent of Cell Touching Neighbours AND Number Of Neighbours < 97.5th Percentile,3471,0,0,Max Percent Touching: 65.82167832167832 and Max Number Of Neighbours: 4.0,0.0,Plate 6,Doxo
Cell_Neighbours_PercentTouchingOnlyFilter,Percent of Cell Touching Neighbours < 97.5th Percentile,3471,0,0,Max Percent Touching: 65.82167832167832,0.0,Plate 6,Doxo
Cell_Neighbours_NumberOfOnlyFilter,Number Of Neighbours < 97.5th Percentile,3471,0,0,Max Number Of Neighbours: 4.0,0.0,Plate 6,Doxo
Nuc_Neighbours_Filter,Number Of Nuclei Neighbours < 97.5th Percentile,3471,0,0,Max Number Of Nuclei Neighbours: 1.0,0.0,Plate 6,Doxo
Initial_Dataset,Initial Dataset,3471,0,0,"None,None",,Plate 7,Doxo
Number_of_Mitochondria_Filter,Min Number of Mitochondria Filter,3471,0,0,min_compartments=0,0.0,Plate 7,Doxo
Number_of_Lysosomes_Filter,Min Number of Lysosomes Filter,3471,0,0,min_compartments=0,0.0,Plate 7,Doxo
AreaShape_Area_Filter_Bottom,Cell Size Filter Bottom Band,3471,0,0,Bottom threshold: 22768.0,0.0,Plate 7,Doxo
AreaShape_Area_Filter_Top,Cell Size Filter Top Band,3471,0,0,Top threshold: 1254046.5,0.0,Plate 7,Doxo
Nuclei_AreaShape_Area_Filter_Bottom,Nuclear Size Filter Bottom Band,3471,0,0,Bottom threshold: 9340.0,0.0,Plate 7,Doxo
Nuclei_AreaShape_Area_Filter_Top,Nuclear Size Filter Top Band,3471,0,0,Top threshold: 98385.75,0.0,Plate 7,Doxo
Cell_Nuclei_Area_Ratio_Filter_Bottom,Cell:Nuclear Area Ratio Filter Bottom Band,3471,0,0,Bottom threshold: 1.9243336199484091,0.0,Plate 7,Doxo
Cell_Nuclei_Area_Ratio_Filter_Top,Cell:Nuclear Area Ratio Filter Top Band,3471,0,0,Top threshold: 20.530685742771166,0.0,Plate 7,Doxo
Nuclei_Intensity_MedianIntensity_DAPI_MAX_WellNormalized_Filter_Bottom,Nuclei Intensity MedianIntensity DAPI MAX WellNormalized Filter Bottom Band,3471,0,0,Bottom threshold: nan,0.0,Plate 7,Doxo
Nuclei_Intensity_MedianIntensity_DAPI_MAX_WellNormalized_Filter_Top,Nuclei Intensity MedianIntensity DAPI MAX WellNormalized Filter Top Band,3471,0,0,Top threshold: 2.5,0.0,Plate 7,Doxo
Cell_Neighbours_Filter,Percent of Cell Touching Neighbours AND Number Of Neighbours < 97.5th Percentile,3471,0,0,Max Percent Touching: 65.82167832167832 and Max Number Of Neighbours: 4.0,0.0,Plate 7,Doxo
Cell_Neighbours_PercentTouchingOnlyFilter,Percent of Cell Touching Neighbours < 97.5th Percentile,3471,0,0,Max Percent Touching: 65.82167832167832,0.0,Plate 7,Doxo
Cell_Neighbours_NumberOfOnlyFilter,Number Of Neighbours < 97.5th Percentile,3471,0,0,Max Number Of Neighbours: 4.0,0.0,Plate 7,Doxo
Nuc_Neighbours_Filter,Number Of Nuclei Neighbours < 97.5th Percentile,3471,0,0,Max Number Of Nuclei Neighbours: 1.0,0.0,Plate 7,Doxo
