Image_ID,Well_ID,Well,Row,Col,Field_ID,Field,PositionX,PositionY,PositionZ,PositionX (um),PositionX (pixels),max_bbox_PositionX (um),min_bbox_PositionX (um),PositionY (um),PositionY (pixels),max_bbox_PositionY (um),min_bbox_PositionY (um),PositionZ (um),PositionZ (pixels),max_bbox_PositionZ (um),min_bbox_PositionZ (um),bbox_coords
0202K1F1P1R1,0202,B02,2,2,F01,1,-0.001640163,-0.000615061,-1e-06,-1640.163,-0.017280000369692308,-1435.14263,-1845.18337,-615.061,-0.006479998821692308,-410.04063,-820.08137,-1.0,-1.0535538461538461e-05,204.02037,-206.02037,"-1845.2,-820.1,(-1435, 1),-410.0"
0202K1F1P1R2,0202,B02,2,2,F01,1,-0.001640163,-0.000615061,-1e-06,-1640.163,-0.017280000369692308,-1435.14263,-1845.18337,-615.061,-0.006479998821692308,-410.04063,-820.08137,-1.0,-1.0535538461538461e-05,204.02037,-206.02037,"-1845.2,-820.1,(-1435, 1),-410.0"
0202K1F1P1R3,0202,B02,2,2,F01,1,-0.001640163,-0.000615061,-1e-06,-1640.163,-0.017280000369692308,-1435.14263,-1845.18337,-615.061,-0.006479998821692308,-410.04063,-820.08137,-1.0,-1.0535538461538461e-05,204.02037,-206.02037,"-1845.2,-820.1,(-1435, 1),-410.0"
0202K1F1P1R4,0202,B02,2,2,F01,1,-0.001640163,-0.000615061,-1e-06,-1640.163,-0.017280000369692308,-1435.14263,-1845.18337,-615.061,-0.006479998821692308,-410.04063,-820.08137,-1.0,-1.0535538461538461e-05,204.02037,-206.02037,"-1845.2,-820.1,(-1435, 1),-410.0"
0202K1F1P2R1,0202,B02,2,2,F01,1,-0.001640163,-0.000615061,0.0,-1640.163,-0.017280000369692308,-1435.14263,-1845.18337,-615.061,-0.006479998821692308,-410.04063,-820.08137,0.0,0.0,205.02037,-205.02037,"-1845.2,-820.1,(-1435, 1),-410.0"
0202K1F1P2R2,0202,B02,2,2,F01,1,-0.001640163,-0.000615061,0.0,-1640.163,-0.017280000369692308,-1435.14263,-1845.18337,-615.061,-0.006479998821692308,-410.04063,-820.08137,0.0,0.0,205.02037,-205.02037,"-1845.2,-820.1,(-1435, 1),-410.0"
0202K1F1P2R3,0202,B02,2,2,F01,1,-0.001640163,-0.000615061,0.0,-1640.163,-0.017280000369692308,-1435.14263,-1845.18337,-615.061,-0.006479998821692308,-410.04063,-820.08137,0.0,0.0,205.02037,-205.02037,"-1845.2,-820.1,(-1435, 1),-410.0"
0202K1F1P2R4,0202,B02,2,2,F01,1,-0.001640163,-0.000615061,0.0,-1640.163,-0.017280000369692308,-1435.14263,-1845.18337,-615.061,-0.006479998821692308,-410.04063,-820.08137,0.0,0.0,205.02037,-205.02037,"-1845.2,-820.1,(-1435, 1),-410.0"
0202K1F1P3R1,0202,B02,2,2,F01,1,-0.001640163,-0.000615061,1e-06,-1640.163,-0.017280000369692308,-1435.14263,-1845.18337,-615.061,-0.006479998821692308,-410.04063,-820.08137,1.0,1.0535538461538461e-05,206.02037,-204.02037,"-1845.2,-820.1,(-1435, 1),-410.0"
0202K1F1P3R2,0202,B02,2,2,F01,1,-0.001640163,-0.000615061,1e-06,-1640.163,-0.017280000369692308,-1435.14263,-1845.18337,-615.061,-0.006479998821692308,-410.04063,-820.08137,1.0,1.0535538461538461e-05,206.02037,-204.02037,"-1845.2,-820.1,(-1435, 1),-410.0"
0202K1F1P3R3,0202,B02,2,2,F01,1,-0.001640163,-0.000615061,1e-06,-1640.163,-0.017280000369692308,-1435.14263,-1845.18337,-615.061,-0.006479998821692308,-410.04063,-820.08137,1.0,1.0535538461538461e-05,206.02037,-204.02037,"-1845.2,-820.1,(-1435, 1),-410.0"
0202K1F1P3R4,0202,B02,2,2,F01,1,-0.001640163,-0.000615061,1e-06,-1640.163,-0.017280000369692308,-1435.14263,-1845.18337,-615.061,-0.006479998821692308,-410.04063,-820.08137,1.0,1.0535538461538461e-05,206.02037,-204.02037,"-1845.2,-820.1,(-1435, 1),-410.0"
0202K1F1P4R1,0202,B02,2,2,F01,1,-0.001640163,-0.000615061,2e-06,-1640.163,-0.017280000369692308,-1435.14263,-1845.18337,-615.061,-0.006479998821692308,-410.04063,-820.08137,2.0,2.1071076923076922e-05,207.02037,-203.02037,"-1845.2,-820.1,(-1435, 1),-410.0"
0202K1F1P4R2,0202,B02,2,2,F01,1,-0.001640163,-0.000615061,2e-06,-1640.163,-0.017280000369692308,-1435.14263,-1845.18337,-615.061,-0.006479998821692308,-410.04063,-820.08137,2.0,2.1071076923076922e-05,207.02037,-203.02037,"-1845.2,-820.1,(-1435, 1),-410.0"
0202K1F1P4R3,0202,B02,2,2,F01,1,-0.001640163,-0.000615061,2e-06,-1640.163,-0.017280000369692308,-1435.14263,-1845.18337,-615.061,-0.006479998821692308,-410.04063,-820.08137,2.0,2.1071076923076922e-05,207.02037,-203.02037,"-1845.2,-820.1,(-1435, 1),-410.0"
0202K1F1P4R4,0202,B02,2,2,F01,1,-0.001640163,-0.000615061,2e-06,-1640.163,-0.017280000369692308,-1435.14263,-1845.18337,-615.061,-0.006479998821692308,-410.04063,-820.08137,2.0,2.1071076923076922e-05,207.02037,-203.02037,"-1845.2,-820.1,(-1435, 1),-410.0"
0202K1F1P5R1,0202,B02,2,2,F01,1,-0.001640163,-0.000615061,3e-06,-1640.163,-0.017280000369692308,-1435.14263,-1845.18337,-615.061,-0.006479998821692308,-410.04063,-820.08137,3.0,3.1606615384615385e-05,208.02037,-202.02037,"-1845.2,-820.1,(-1435, 1),-410.0"
0202K1F1P5R2,0202,B02,2,2,F01,1,-0.001640163,-0.000615061,3e-06,-1640.163,-0.017280000369692308,-1435.14263,-1845.18337,-615.061,-0.006479998821692308,-410.04063,-820.08137,3.0,3.1606615384615385e-05,208.02037,-202.02037,"-1845.2,-820.1,(-1435, 1),-410.0"
0202K1F1P5R3,0202,B02,2,2,F01,1,-0.001640163,-0.000615061,3e-06,-1640.163,-0.017280000369692308,-1435.14263,-1845.18337,-615.061,-0.006479998821692308,-410.04063,-820.08137,3.0,3.1606615384615385e-05,208.02037,-202.02037,"-1845.2,-820.1,(-1435, 1),-410.0"
0202K1F1P5R4,0202,B02,2,2,F01,1,-0.001640163,-0.000615061,3e-06,-1640.163,-0.017280000369692308,-1435.14263,-1845.18337,-615.061,-0.006479998821692308,-410.04063,-820.08137,3.0,3.1606615384615385e-05,208.02037,-202.02037,"-1845.2,-820.1,(-1435, 1),-410.0"
0202K1F1P6R1,0202,B02,2,2,F01,1,-0.001640163,-0.000615061,4e-06,-1640.163,-0.017280000369692308,-1435.14263,-1845.18337,-615.061,-0.006479998821692308,-410.04063,-820.08137,4.0,4.2142153846153845e-05,209.02037,-201.02037,"-1845.2,-820.1,(-1435, 1),-410.0"
0202K1F1P6R2,0202,B02,2,2,F01,1,-0.001640163,-0.000615061,4e-06,-1640.163,-0.017280000369692308,-1435.14263,-1845.18337,-615.061,-0.006479998821692308,-410.04063,-820.08137,4.0,4.2142153846153845e-05,209.02037,-201.02037,"-1845.2,-820.1,(-1435, 1),-410.0"
0202K1F1P6R3,0202,B02,2,2,F01,1,-0.001640163,-0.000615061,4e-06,-1640.163,-0.017280000369692308,-1435.14263,-1845.18337,-615.061,-0.006479998821692308,-410.04063,-820.08137,4.0,4.2142153846153845e-05,209.02037,-201.02037,"-1845.2,-820.1,(-1435, 1),-410.0"
0202K1F1P6R4,0202,B02,2,2,F01,1,-0.001640163,-0.000615061,4e-06,-1640.163,-0.017280000369692308,-1435.14263,-1845.18337,-615.061,-0.006479998821692308,-410.04063,-820.08137,4.0,4.2142153846153845e-05,209.02037,-201.02037,"-1845.2,-820.1,(-1435, 1),-410.0"
0202K1F1P7R1,0202,B02,2,2,F01,1,-0.001640163,-0.000615061,5e-06,-1640.163,-0.017280000369692308,-1435.14263,-1845.18337,-615.061,-0.006479998821692308,-410.04063,-820.08137,5.0,5.267769230769231e-05,210.02037,-200.02037,"-1845.2,-820.1,(-1435, 1),-410.0"
0202K1F1P7R2,0202,B02,2,2,F01,1,-0.001640163,-0.000615061,5e-06,-1640.163,-0.017280000369692308,-1435.14263,-1845.18337,-615.061,-0.006479998821692308,-410.04063,-820.08137,5.0,5.267769230769231e-05,210.02037,-200.02037,"-1845.2,-820.1,(-1435, 1),-410.0"
0202K1F1P7R3,0202,B02,2,2,F01,1,-0.001640163,-0.000615061,5e-06,-1640.163,-0.017280000369692308,-1435.14263,-1845.18337,-615.061,-0.006479998821692308,-410.04063,-820.08137,5.0,5.267769230769231e-05,210.02037,-200.02037,"-1845.2,-820.1,(-1435, 1),-410.0"
0202K1F1P7R4,0202,B02,2,2,F01,1,-0.001640163,-0.000615061,5e-06,-1640.163,-0.017280000369692308,-1435.14263,-1845.18337,-615.061,-0.006479998821692308,-410.04063,-820.08137,5.0,5.267769230769231e-05,210.02037,-200.02037,"-1845.2,-820.1,(-1435, 1),-410.0"
0202K1F2P1R1,0202,B02,2,2,F02,2,-0.001845183,0.002050204,-1e-06,-1845.183,-0.019439996465076922,-1640.16263,-2050.20337,2050.204,0.021600003096,2255.22437,1845.18363,-1.0,-1.0535538461538461e-05,204.02037,-206.02037,"-2050.2,1845.2,(-1640, 1),2255.2"
0202K1F2P1R2,0202,B02,2,2,F02,2,-0.001845183,0.002050204,-1e-06,-1845.183,-0.019439996465076922,-1640.16263,-2050.20337,2050.204,0.021600003096,2255.22437,1845.18363,-1.0,-1.0535538461538461e-05,204.02037,-206.02037,"-2050.2,1845.2,(-1640, 1),2255.2"
0202K1F2P1R3,0202,B02,2,2,F02,2,-0.001845183,0.002050204,-1e-06,-1845.183,-0.019439996465076922,-1640.16263,-2050.20337,2050.204,0.021600003096,2255.22437,1845.18363,-1.0,-1.0535538461538461e-05,204.02037,-206.02037,"-2050.2,1845.2,(-1640, 1),2255.2"
0202K1F2P1R4,0202,B02,2,2,F02,2,-0.001845183,0.002050204,-1e-06,-1845.183,-0.019439996465076922,-1640.16263,-2050.20337,2050.204,0.021600003096,2255.22437,1845.18363,-1.0,-1.0535538461538461e-05,204.02037,-206.02037,"-2050.2,1845.2,(-1640, 1),2255.2"
0202K1F2P2R1,0202,B02,2,2,F02,2,-0.001845183,0.002050204,0.0,-1845.183,-0.019439996465076922,-1640.16263,-2050.20337,2050.204,0.021600003096,2255.22437,1845.18363,0.0,0.0,205.02037,-205.02037,"-2050.2,1845.2,(-1640, 1),2255.2"
0202K1F2P2R2,0202,B02,2,2,F02,2,-0.001845183,0.002050204,0.0,-1845.183,-0.019439996465076922,-1640.16263,-2050.20337,2050.204,0.021600003096,2255.22437,1845.18363,0.0,0.0,205.02037,-205.02037,"-2050.2,1845.2,(-1640, 1),2255.2"
0202K1F2P2R3,0202,B02,2,2,F02,2,-0.001845183,0.002050204,0.0,-1845.183,-0.019439996465076922,-1640.16263,-2050.20337,2050.204,0.021600003096,2255.22437,1845.18363,0.0,0.0,205.02037,-205.02037,"-2050.2,1845.2,(-1640, 1),2255.2"
0202K1F2P2R4,0202,B02,2,2,F02,2,-0.001845183,0.002050204,0.0,-1845.183,-0.019439996465076922,-1640.16263,-2050.20337,2050.204,0.021600003096,2255.22437,1845.18363,0.0,0.0,205.02037,-205.02037,"-2050.2,1845.2,(-1640, 1),2255.2"
0202K1F2P3R1,0202,B02,2,2,F02,2,-0.001845183,0.002050204,1e-06,-1845.183,-0.019439996465076922,-1640.16263,-2050.20337,2050.204,0.021600003096,2255.22437,1845.18363,1.0,1.0535538461538461e-05,206.02037,-204.02037,"-2050.2,1845.2,(-1640, 1),2255.2"
0202K1F2P3R2,0202,B02,2,2,F02,2,-0.001845183,0.002050204,1e-06,-1845.183,-0.019439996465076922,-1640.16263,-2050.20337,2050.204,0.021600003096,2255.22437,1845.18363,1.0,1.0535538461538461e-05,206.02037,-204.02037,"-2050.2,1845.2,(-1640, 1),2255.2"
0202K1F2P3R3,0202,B02,2,2,F02,2,-0.001845183,0.002050204,1e-06,-1845.183,-0.019439996465076922,-1640.16263,-2050.20337,2050.204,0.021600003096,2255.22437,1845.18363,1.0,1.0535538461538461e-05,206.02037,-204.02037,"-2050.2,1845.2,(-1640, 1),2255.2"
0202K1F2P3R4,0202,B02,2,2,F02,2,-0.001845183,0.002050204,1e-06,-1845.183,-0.019439996465076922,-1640.16263,-2050.20337,2050.204,0.021600003096,2255.22437,1845.18363,1.0,1.0535538461538461e-05,206.02037,-204.02037,"-2050.2,1845.2,(-1640, 1),2255.2"
0202K1F2P4R1,0202,B02,2,2,F02,2,-0.001845183,0.002050204,2e-06,-1845.183,-0.019439996465076922,-1640.16263,-2050.20337,2050.204,0.021600003096,2255.22437,1845.18363,2.0,2.1071076923076922e-05,207.02037,-203.02037,"-2050.2,1845.2,(-1640, 1),2255.2"
0202K1F2P4R2,0202,B02,2,2,F02,2,-0.001845183,0.002050204,2e-06,-1845.183,-0.019439996465076922,-1640.16263,-2050.20337,2050.204,0.021600003096,2255.22437,1845.18363,2.0,2.1071076923076922e-05,207.02037,-203.02037,"-2050.2,1845.2,(-1640, 1),2255.2"
0202K1F2P4R3,0202,B02,2,2,F02,2,-0.001845183,0.002050204,2e-06,-1845.183,-0.019439996465076922,-1640.16263,-2050.20337,2050.204,0.021600003096,2255.22437,1845.18363,2.0,2.1071076923076922e-05,207.02037,-203.02037,"-2050.2,1845.2,(-1640, 1),2255.2"
0202K1F2P4R4,0202,B02,2,2,F02,2,-0.001845183,0.002050204,2e-06,-1845.183,-0.019439996465076922,-1640.16263,-2050.20337,2050.204,0.021600003096,2255.22437,1845.18363,2.0,2.1071076923076922e-05,207.02037,-203.02037,"-2050.2,1845.2,(-1640, 1),2255.2"
0202K1F2P5R1,0202,B02,2,2,F02,2,-0.001845183,0.002050204,3e-06,-1845.183,-0.019439996465076922,-1640.16263,-2050.20337,2050.204,0.021600003096,2255.22437,1845.18363,3.0,3.1606615384615385e-05,208.02037,-202.02037,"-2050.2,1845.2,(-1640, 1),2255.2"
0202K1F2P5R2,0202,B02,2,2,F02,2,-0.001845183,0.002050204,3e-06,-1845.183,-0.019439996465076922,-1640.16263,-2050.20337,2050.204,0.021600003096,2255.22437,1845.18363,3.0,3.1606615384615385e-05,208.02037,-202.02037,"-2050.2,1845.2,(-1640, 1),2255.2"
0202K1F2P5R3,0202,B02,2,2,F02,2,-0.001845183,0.002050204,3e-06,-1845.183,-0.019439996465076922,-1640.16263,-2050.20337,2050.204,0.021600003096,2255.22437,1845.18363,3.0,3.1606615384615385e-05,208.02037,-202.02037,"-2050.2,1845.2,(-1640, 1),2255.2"
0202K1F2P5R4,0202,B02,2,2,F02,2,-0.001845183,0.002050204,3e-06,-1845.183,-0.019439996465076922,-1640.16263,-2050.20337,2050.204,0.021600003096,2255.22437,1845.18363,3.0,3.1606615384615385e-05,208.02037,-202.02037,"-2050.2,1845.2,(-1640, 1),2255.2"
0202K1F2P6R1,0202,B02,2,2,F02,2,-0.001845183,0.002050204,4e-06,-1845.183,-0.019439996465076922,-1640.16263,-2050.20337,2050.204,0.021600003096,2255.22437,1845.18363,4.0,4.2142153846153845e-05,209.02037,-201.02037,"-2050.2,1845.2,(-1640, 1),2255.2"
0202K1F2P6R2,0202,B02,2,2,F02,2,-0.001845183,0.002050204,4e-06,-1845.183,-0.019439996465076922,-1640.16263,-2050.20337,2050.204,0.021600003096,2255.22437,1845.18363,4.0,4.2142153846153845e-05,209.02037,-201.02037,"-2050.2,1845.2,(-1640, 1),2255.2"
0202K1F2P6R3,0202,B02,2,2,F02,2,-0.001845183,0.002050204,4e-06,-1845.183,-0.019439996465076922,-1640.16263,-2050.20337,2050.204,0.021600003096,2255.22437,1845.18363,4.0,4.2142153846153845e-05,209.02037,-201.02037,"-2050.2,1845.2,(-1640, 1),2255.2"
0202K1F2P6R4,0202,B02,2,2,F02,2,-0.001845183,0.002050204,4e-06,-1845.183,-0.019439996465076922,-1640.16263,-2050.20337,2050.204,0.021600003096,2255.22437,1845.18363,4.0,4.2142153846153845e-05,209.02037,-201.02037,"-2050.2,1845.2,(-1640, 1),2255.2"
0202K1F2P7R1,0202,B02,2,2,F02,2,-0.001845183,0.002050204,5e-06,-1845.183,-0.019439996465076922,-1640.16263,-2050.20337,2050.204,0.021600003096,2255.22437,1845.18363,5.0,5.267769230769231e-05,210.02037,-200.02037,"-2050.2,1845.2,(-1640, 1),2255.2"
0202K1F2P7R2,0202,B02,2,2,F02,2,-0.001845183,0.002050204,5e-06,-1845.183,-0.019439996465076922,-1640.16263,-2050.20337,2050.204,0.021600003096,2255.22437,1845.18363,5.0,5.267769230769231e-05,210.02037,-200.02037,"-2050.2,1845.2,(-1640, 1),2255.2"
0202K1F2P7R3,0202,B02,2,2,F02,2,-0.001845183,0.002050204,5e-06,-1845.183,-0.019439996465076922,-1640.16263,-2050.20337,2050.204,0.021600003096,2255.22437,1845.18363,5.0,5.267769230769231e-05,210.02037,-200.02037,"-2050.2,1845.2,(-1640, 1),2255.2"
0202K1F2P7R4,0202,B02,2,2,F02,2,-0.001845183,0.002050204,5e-06,-1845.183,-0.019439996465076922,-1640.16263,-2050.20337,2050.204,0.021600003096,2255.22437,1845.18363,5.0,5.267769230769231e-05,210.02037,-200.02037,"-2050.2,1845.2,(-1640, 1),2255.2"
0202K1F3P1R1,0202,B02,2,2,F03,3,-0.001640163,0.002050204,-1e-06,-1640.163,-0.017280000369692308,-1435.14263,-1845.18337,2050.204,0.021600003096,2255.22437,1845.18363,-1.0,-1.0535538461538461e-05,204.02037,-206.02037,"-1845.2,1845.2,(-1435, 1),2255.2"
0202K1F3P1R2,0202,B02,2,2,F03,3,-0.001640163,0.002050204,-1e-06,-1640.163,-0.017280000369692308,-1435.14263,-1845.18337,2050.204,0.021600003096,2255.22437,1845.18363,-1.0,-1.0535538461538461e-05,204.02037,-206.02037,"-1845.2,1845.2,(-1435, 1),2255.2"
0202K1F3P1R3,0202,B02,2,2,F03,3,-0.001640163,0.002050204,-1e-06,-1640.163,-0.017280000369692308,-1435.14263,-1845.18337,2050.204,0.021600003096,2255.22437,1845.18363,-1.0,-1.0535538461538461e-05,204.02037,-206.02037,"-1845.2,1845.2,(-1435, 1),2255.2"
0202K1F3P1R4,0202,B02,2,2,F03,3,-0.001640163,0.002050204,-1e-06,-1640.163,-0.017280000369692308,-1435.14263,-1845.18337,2050.204,0.021600003096,2255.22437,1845.18363,-1.0,-1.0535538461538461e-05,204.02037,-206.02037,"-1845.2,1845.2,(-1435, 1),2255.2"
0202K1F3P2R1,0202,B02,2,2,F03,3,-0.001640163,0.002050204,0.0,-1640.163,-0.017280000369692308,-1435.14263,-1845.18337,2050.204,0.021600003096,2255.22437,1845.18363,0.0,0.0,205.02037,-205.02037,"-1845.2,1845.2,(-1435, 1),2255.2"
0202K1F3P2R2,0202,B02,2,2,F03,3,-0.001640163,0.002050204,0.0,-1640.163,-0.017280000369692308,-1435.14263,-1845.18337,2050.204,0.021600003096,2255.22437,1845.18363,0.0,0.0,205.02037,-205.02037,"-1845.2,1845.2,(-1435, 1),2255.2"
0202K1F3P2R3,0202,B02,2,2,F03,3,-0.001640163,0.002050204,0.0,-1640.163,-0.017280000369692308,-1435.14263,-1845.18337,2050.204,0.021600003096,2255.22437,1845.18363,0.0,0.0,205.02037,-205.02037,"-1845.2,1845.2,(-1435, 1),2255.2"
0202K1F3P2R4,0202,B02,2,2,F03,3,-0.001640163,0.002050204,0.0,-1640.163,-0.017280000369692308,-1435.14263,-1845.18337,2050.204,0.021600003096,2255.22437,1845.18363,0.0,0.0,205.02037,-205.02037,"-1845.2,1845.2,(-1435, 1),2255.2"
0202K1F3P3R1,0202,B02,2,2,F03,3,-0.001640163,0.002050204,1e-06,-1640.163,-0.017280000369692308,-1435.14263,-1845.18337,2050.204,0.021600003096,2255.22437,1845.18363,1.0,1.0535538461538461e-05,206.02037,-204.02037,"-1845.2,1845.2,(-1435, 1),2255.2"
0202K1F3P3R2,0202,B02,2,2,F03,3,-0.001640163,0.002050204,1e-06,-1640.163,-0.017280000369692308,-1435.14263,-1845.18337,2050.204,0.021600003096,2255.22437,1845.18363,1.0,1.0535538461538461e-05,206.02037,-204.02037,"-1845.2,1845.2,(-1435, 1),2255.2"
0202K1F3P3R3,0202,B02,2,2,F03,3,-0.001640163,0.002050204,1e-06,-1640.163,-0.017280000369692308,-1435.14263,-1845.18337,2050.204,0.021600003096,2255.22437,1845.18363,1.0,1.0535538461538461e-05,206.02037,-204.02037,"-1845.2,1845.2,(-1435, 1),2255.2"
0202K1F3P3R4,0202,B02,2,2,F03,3,-0.001640163,0.002050204,1e-06,-1640.163,-0.017280000369692308,-1435.14263,-1845.18337,2050.204,0.021600003096,2255.22437,1845.18363,1.0,1.0535538461538461e-05,206.02037,-204.02037,"-1845.2,1845.2,(-1435, 1),2255.2"
0202K1F3P4R1,0202,B02,2,2,F03,3,-0.001640163,0.002050204,2e-06,-1640.163,-0.017280000369692308,-1435.14263,-1845.18337,2050.204,0.021600003096,2255.22437,1845.18363,2.0,2.1071076923076922e-05,207.02037,-203.02037,"-1845.2,1845.2,(-1435, 1),2255.2"
0202K1F3P4R2,0202,B02,2,2,F03,3,-0.001640163,0.002050204,2e-06,-1640.163,-0.017280000369692308,-1435.14263,-1845.18337,2050.204,0.021600003096,2255.22437,1845.18363,2.0,2.1071076923076922e-05,207.02037,-203.02037,"-1845.2,1845.2,(-1435, 1),2255.2"
0202K1F3P4R3,0202,B02,2,2,F03,3,-0.001640163,0.002050204,2e-06,-1640.163,-0.017280000369692308,-1435.14263,-1845.18337,2050.204,0.021600003096,2255.22437,1845.18363,2.0,2.1071076923076922e-05,207.02037,-203.02037,"-1845.2,1845.2,(-1435, 1),2255.2"
0202K1F3P4R4,0202,B02,2,2,F03,3,-0.001640163,0.002050204,2e-06,-1640.163,-0.017280000369692308,-1435.14263,-1845.18337,2050.204,0.021600003096,2255.22437,1845.18363,2.0,2.1071076923076922e-05,207.02037,-203.02037,"-1845.2,1845.2,(-1435, 1),2255.2"
0202K1F3P5R1,0202,B02,2,2,F03,3,-0.001640163,0.002050204,3e-06,-1640.163,-0.017280000369692308,-1435.14263,-1845.18337,2050.204,0.021600003096,2255.22437,1845.18363,3.0,3.1606615384615385e-05,208.02037,-202.02037,"-1845.2,1845.2,(-1435, 1),2255.2"
0202K1F3P5R2,0202,B02,2,2,F03,3,-0.001640163,0.002050204,3e-06,-1640.163,-0.017280000369692308,-1435.14263,-1845.18337,2050.204,0.021600003096,2255.22437,1845.18363,3.0,3.1606615384615385e-05,208.02037,-202.02037,"-1845.2,1845.2,(-1435, 1),2255.2"
0202K1F3P5R3,0202,B02,2,2,F03,3,-0.001640163,0.002050204,3e-06,-1640.163,-0.017280000369692308,-1435.14263,-1845.18337,2050.204,0.021600003096,2255.22437,1845.18363,3.0,3.1606615384615385e-05,208.02037,-202.02037,"-1845.2,1845.2,(-1435, 1),2255.2"
0202K1F3P5R4,0202,B02,2,2,F03,3,-0.001640163,0.002050204,3e-06,-1640.163,-0.017280000369692308,-1435.14263,-1845.18337,2050.204,0.021600003096,2255.22437,1845.18363,3.0,3.1606615384615385e-05,208.02037,-202.02037,"-1845.2,1845.2,(-1435, 1),2255.2"
0202K1F3P6R1,0202,B02,2,2,F03,3,-0.001640163,0.002050204,4e-06,-1640.163,-0.017280000369692308,-1435.14263,-1845.18337,2050.204,0.021600003096,2255.22437,1845.18363,4.0,4.2142153846153845e-05,209.02037,-201.02037,"-1845.2,1845.2,(-1435, 1),2255.2"
0202K1F3P6R2,0202,B02,2,2,F03,3,-0.001640163,0.002050204,4e-06,-1640.163,-0.017280000369692308,-1435.14263,-1845.18337,2050.204,0.021600003096,2255.22437,1845.18363,4.0,4.2142153846153845e-05,209.02037,-201.02037,"-1845.2,1845.2,(-1435, 1),2255.2"
0202K1F3P6R3,0202,B02,2,2,F03,3,-0.001640163,0.002050204,4e-06,-1640.163,-0.017280000369692308,-1435.14263,-1845.18337,2050.204,0.021600003096,2255.22437,1845.18363,4.0,4.2142153846153845e-05,209.02037,-201.02037,"-1845.2,1845.2,(-1435, 1),2255.2"
0202K1F3P6R4,0202,B02,2,2,F03,3,-0.001640163,0.002050204,4e-06,-1640.163,-0.017280000369692308,-1435.14263,-1845.18337,2050.204,0.021600003096,2255.22437,1845.18363,4.0,4.2142153846153845e-05,209.02037,-201.02037,"-1845.2,1845.2,(-1435, 1),2255.2"
0202K1F3P7R1,0202,B02,2,2,F03,3,-0.001640163,0.002050204,5e-06,-1640.163,-0.017280000369692308,-1435.14263,-1845.18337,2050.204,0.021600003096,2255.22437,1845.18363,5.0,5.267769230769231e-05,210.02037,-200.02037,"-1845.2,1845.2,(-1435, 1),2255.2"
0202K1F3P7R2,0202,B02,2,2,F03,3,-0.001640163,0.002050204,5e-06,-1640.163,-0.017280000369692308,-1435.14263,-1845.18337,2050.204,0.021600003096,2255.22437,1845.18363,5.0,5.267769230769231e-05,210.02037,-200.02037,"-1845.2,1845.2,(-1435, 1),2255.2"
0202K1F3P7R3,0202,B02,2,2,F03,3,-0.001640163,0.002050204,5e-06,-1640.163,-0.017280000369692308,-1435.14263,-1845.18337,2050.204,0.021600003096,2255.22437,1845.18363,5.0,5.267769230769231e-05,210.02037,-200.02037,"-1845.2,1845.2,(-1435, 1),2255.2"
0202K1F3P7R4,0202,B02,2,2,F03,3,-0.001640163,0.002050204,5e-06,-1640.163,-0.017280000369692308,-1435.14263,-1845.18337,2050.204,0.021600003096,2255.22437,1845.18363,5.0,5.267769230769231e-05,210.02037,-200.02037,"-1845.2,1845.2,(-1435, 1),2255.2"
0202K1F4P1R1,0202,B02,2,2,F04,4,-0.001435143,0.002050204,-1e-06,-1435.143,-0.015120004274307694,-1230.12263,-1640.16337,2050.204,0.021600003096,2255.22437,1845.18363,-1.0,-1.0535538461538461e-05,204.02037,-206.02037,"-1640.2,1845.2,(-1230, 1),2255.2"
0202K1F4P1R2,0202,B02,2,2,F04,4,-0.001435143,0.002050204,-1e-06,-1435.143,-0.015120004274307694,-1230.12263,-1640.16337,2050.204,0.021600003096,2255.22437,1845.18363,-1.0,-1.0535538461538461e-05,204.02037,-206.02037,"-1640.2,1845.2,(-1230, 1),2255.2"
0202K1F4P1R3,0202,B02,2,2,F04,4,-0.001435143,0.002050204,-1e-06,-1435.143,-0.015120004274307694,-1230.12263,-1640.16337,2050.204,0.021600003096,2255.22437,1845.18363,-1.0,-1.0535538461538461e-05,204.02037,-206.02037,"-1640.2,1845.2,(-1230, 1),2255.2"
0202K1F4P1R4,0202,B02,2,2,F04,4,-0.001435143,0.002050204,-1e-06,-1435.143,-0.015120004274307694,-1230.12263,-1640.16337,2050.204,0.021600003096,2255.22437,1845.18363,-1.0,-1.0535538461538461e-05,204.02037,-206.02037,"-1640.2,1845.2,(-1230, 1),2255.2"
0202K1F4P2R1,0202,B02,2,2,F04,4,-0.001435143,0.002050204,0.0,-1435.143,-0.015120004274307694,-1230.12263,-1640.16337,2050.204,0.021600003096,2255.22437,1845.18363,0.0,0.0,205.02037,-205.02037,"-1640.2,1845.2,(-1230, 1),2255.2"
0202K1F4P2R2,0202,B02,2,2,F04,4,-0.001435143,0.002050204,0.0,-1435.143,-0.015120004274307694,-1230.12263,-1640.16337,2050.204,0.021600003096,2255.22437,1845.18363,0.0,0.0,205.02037,-205.02037,"-1640.2,1845.2,(-1230, 1),2255.2"
0202K1F4P2R3,0202,B02,2,2,F04,4,-0.001435143,0.002050204,0.0,-1435.143,-0.015120004274307694,-1230.12263,-1640.16337,2050.204,0.021600003096,2255.22437,1845.18363,0.0,0.0,205.02037,-205.02037,"-1640.2,1845.2,(-1230, 1),2255.2"
0202K1F4P2R4,0202,B02,2,2,F04,4,-0.001435143,0.002050204,0.0,-1435.143,-0.015120004274307694,-1230.12263,-1640.16337,2050.204,0.021600003096,2255.22437,1845.18363,0.0,0.0,205.02037,-205.02037,"-1640.2,1845.2,(-1230, 1),2255.2"
0202K1F4P3R1,0202,B02,2,2,F04,4,-0.001435143,0.002050204,1e-06,-1435.143,-0.015120004274307694,-1230.12263,-1640.16337,2050.204,0.021600003096,2255.22437,1845.18363,1.0,1.0535538461538461e-05,206.02037,-204.02037,"-1640.2,1845.2,(-1230, 1),2255.2"
0202K1F4P3R2,0202,B02,2,2,F04,4,-0.001435143,0.002050204,1e-06,-1435.143,-0.015120004274307694,-1230.12263,-1640.16337,2050.204,0.021600003096,2255.22437,1845.18363,1.0,1.0535538461538461e-05,206.02037,-204.02037,"-1640.2,1845.2,(-1230, 1),2255.2"
0202K1F4P3R3,0202,B02,2,2,F04,4,-0.001435143,0.002050204,1e-06,-1435.143,-0.015120004274307694,-1230.12263,-1640.16337,2050.204,0.021600003096,2255.22437,1845.18363,1.0,1.0535538461538461e-05,206.02037,-204.02037,"-1640.2,1845.2,(-1230, 1),2255.2"
0202K1F4P3R4,0202,B02,2,2,F04,4,-0.001435143,0.002050204,1e-06,-1435.143,-0.015120004274307694,-1230.12263,-1640.16337,2050.204,0.021600003096,2255.22437,1845.18363,1.0,1.0535538461538461e-05,206.02037,-204.02037,"-1640.2,1845.2,(-1230, 1),2255.2"
0202K1F4P4R1,0202,B02,2,2,F04,4,-0.001435143,0.002050204,2e-06,-1435.143,-0.015120004274307694,-1230.12263,-1640.16337,2050.204,0.021600003096,2255.22437,1845.18363,2.0,2.1071076923076922e-05,207.02037,-203.02037,"-1640.2,1845.2,(-1230, 1),2255.2"
0202K1F4P4R2,0202,B02,2,2,F04,4,-0.001435143,0.002050204,2e-06,-1435.143,-0.015120004274307694,-1230.12263,-1640.16337,2050.204,0.021600003096,2255.22437,1845.18363,2.0,2.1071076923076922e-05,207.02037,-203.02037,"-1640.2,1845.2,(-1230, 1),2255.2"
0202K1F4P4R3,0202,B02,2,2,F04,4,-0.001435143,0.002050204,2e-06,-1435.143,-0.015120004274307694,-1230.12263,-1640.16337,2050.204,0.021600003096,2255.22437,1845.18363,2.0,2.1071076923076922e-05,207.02037,-203.02037,"-1640.2,1845.2,(-1230, 1),2255.2"
0202K1F4P4R4,0202,B02,2,2,F04,4,-0.001435143,0.002050204,2e-06,-1435.143,-0.015120004274307694,-1230.12263,-1640.16337,2050.204,0.021600003096,2255.22437,1845.18363,2.0,2.1071076923076922e-05,207.02037,-203.02037,"-1640.2,1845.2,(-1230, 1),2255.2"
0202K1F4P5R1,0202,B02,2,2,F04,4,-0.001435143,0.002050204,3e-06,-1435.143,-0.015120004274307694,-1230.12263,-1640.16337,2050.204,0.021600003096,2255.22437,1845.18363,3.0,3.1606615384615385e-05,208.02037,-202.02037,"-1640.2,1845.2,(-1230, 1),2255.2"
0202K1F4P5R2,0202,B02,2,2,F04,4,-0.001435143,0.002050204,3e-06,-1435.143,-0.015120004274307694,-1230.12263,-1640.16337,2050.204,0.021600003096,2255.22437,1845.18363,3.0,3.1606615384615385e-05,208.02037,-202.02037,"-1640.2,1845.2,(-1230, 1),2255.2"
0202K1F4P5R3,0202,B02,2,2,F04,4,-0.001435143,0.002050204,3e-06,-1435.143,-0.015120004274307694,-1230.12263,-1640.16337,2050.204,0.021600003096,2255.22437,1845.18363,3.0,3.1606615384615385e-05,208.02037,-202.02037,"-1640.2,1845.2,(-1230, 1),2255.2"
0202K1F4P5R4,0202,B02,2,2,F04,4,-0.001435143,0.002050204,3e-06,-1435.143,-0.015120004274307694,-1230.12263,-1640.16337,2050.204,0.021600003096,2255.22437,1845.18363,3.0,3.1606615384615385e-05,208.02037,-202.02037,"-1640.2,1845.2,(-1230, 1),2255.2"
0202K1F4P6R1,0202,B02,2,2,F04,4,-0.001435143,0.002050204,4e-06,-1435.143,-0.015120004274307694,-1230.12263,-1640.16337,2050.204,0.021600003096,2255.22437,1845.18363,4.0,4.2142153846153845e-05,209.02037,-201.02037,"-1640.2,1845.2,(-1230, 1),2255.2"
0202K1F4P6R2,0202,B02,2,2,F04,4,-0.001435143,0.002050204,4e-06,-1435.143,-0.015120004274307694,-1230.12263,-1640.16337,2050.204,0.021600003096,2255.22437,1845.18363,4.0,4.2142153846153845e-05,209.02037,-201.02037,"-1640.2,1845.2,(-1230, 1),2255.2"
0202K1F4P6R3,0202,B02,2,2,F04,4,-0.001435143,0.002050204,4e-06,-1435.143,-0.015120004274307694,-1230.12263,-1640.16337,2050.204,0.021600003096,2255.22437,1845.18363,4.0,4.2142153846153845e-05,209.02037,-201.02037,"-1640.2,1845.2,(-1230, 1),2255.2"
0202K1F4P6R4,0202,B02,2,2,F04,4,-0.001435143,0.002050204,4e-06,-1435.143,-0.015120004274307694,-1230.12263,-1640.16337,2050.204,0.021600003096,2255.22437,1845.18363,4.0,4.2142153846153845e-05,209.02037,-201.02037,"-1640.2,1845.2,(-1230, 1),2255.2"
0202K1F4P7R1,0202,B02,2,2,F04,4,-0.001435143,0.002050204,5e-06,-1435.143,-0.015120004274307694,-1230.12263,-1640.16337,2050.204,0.021600003096,2255.22437,1845.18363,5.0,5.267769230769231e-05,210.02037,-200.02037,"-1640.2,1845.2,(-1230, 1),2255.2"
0202K1F4P7R2,0202,B02,2,2,F04,4,-0.001435143,0.002050204,5e-06,-1435.143,-0.015120004274307694,-1230.12263,-1640.16337,2050.204,0.021600003096,2255.22437,1845.18363,5.0,5.267769230769231e-05,210.02037,-200.02037,"-1640.2,1845.2,(-1230, 1),2255.2"
0202K1F4P7R3,0202,B02,2,2,F04,4,-0.001435143,0.002050204,5e-06,-1435.143,-0.015120004274307694,-1230.12263,-1640.16337,2050.204,0.021600003096,2255.22437,1845.18363,5.0,5.267769230769231e-05,210.02037,-200.02037,"-1640.2,1845.2,(-1230, 1),2255.2"
0202K1F4P7R4,0202,B02,2,2,F04,4,-0.001435143,0.002050204,5e-06,-1435.143,-0.015120004274307694,-1230.12263,-1640.16337,2050.204,0.021600003096,2255.22437,1845.18363,5.0,5.267769230769231e-05,210.02037,-200.02037,"-1640.2,1845.2,(-1230, 1),2255.2"
0202K1F5P1R1,0202,B02,2,2,F05,5,-0.001230122,0.002050204,-1e-06,-1230.122,-0.012959997643384616,-1025.10163,-1435.14237,2050.204,0.021600003096,2255.22437,1845.18363,-1.0,-1.0535538461538461e-05,204.02037,-206.02037,"-1435.1,1845.2,(-1025, 1),2255.2"
0202K1F5P1R2,0202,B02,2,2,F05,5,-0.001230122,0.002050204,-1e-06,-1230.122,-0.012959997643384616,-1025.10163,-1435.14237,2050.204,0.021600003096,2255.22437,1845.18363,-1.0,-1.0535538461538461e-05,204.02037,-206.02037,"-1435.1,1845.2,(-1025, 1),2255.2"
0202K1F5P1R3,0202,B02,2,2,F05,5,-0.001230122,0.002050204,-1e-06,-1230.122,-0.012959997643384616,-1025.10163,-1435.14237,2050.204,0.021600003096,2255.22437,1845.18363,-1.0,-1.0535538461538461e-05,204.02037,-206.02037,"-1435.1,1845.2,(-1025, 1),2255.2"
0202K1F5P1R4,0202,B02,2,2,F05,5,-0.001230122,0.002050204,-1e-06,-1230.122,-0.012959997643384616,-1025.10163,-1435.14237,2050.204,0.021600003096,2255.22437,1845.18363,-1.0,-1.0535538461538461e-05,204.02037,-206.02037,"-1435.1,1845.2,(-1025, 1),2255.2"
0202K1F5P2R1,0202,B02,2,2,F05,5,-0.001230122,0.002050204,0.0,-1230.122,-0.012959997643384616,-1025.10163,-1435.14237,2050.204,0.021600003096,2255.22437,1845.18363,0.0,0.0,205.02037,-205.02037,"-1435.1,1845.2,(-1025, 1),2255.2"
0202K1F5P2R2,0202,B02,2,2,F05,5,-0.001230122,0.002050204,0.0,-1230.122,-0.012959997643384616,-1025.10163,-1435.14237,2050.204,0.021600003096,2255.22437,1845.18363,0.0,0.0,205.02037,-205.02037,"-1435.1,1845.2,(-1025, 1),2255.2"
0202K1F5P2R3,0202,B02,2,2,F05,5,-0.001230122,0.002050204,0.0,-1230.122,-0.012959997643384616,-1025.10163,-1435.14237,2050.204,0.021600003096,2255.22437,1845.18363,0.0,0.0,205.02037,-205.02037,"-1435.1,1845.2,(-1025, 1),2255.2"
0202K1F5P2R4,0202,B02,2,2,F05,5,-0.001230122,0.002050204,0.0,-1230.122,-0.012959997643384616,-1025.10163,-1435.14237,2050.204,0.021600003096,2255.22437,1845.18363,0.0,0.0,205.02037,-205.02037,"-1435.1,1845.2,(-1025, 1),2255.2"
0202K1F5P3R1,0202,B02,2,2,F05,5,-0.001230122,0.002050204,1e-06,-1230.122,-0.012959997643384616,-1025.10163,-1435.14237,2050.204,0.021600003096,2255.22437,1845.18363,1.0,1.0535538461538461e-05,206.02037,-204.02037,"-1435.1,1845.2,(-1025, 1),2255.2"
0202K1F5P3R2,0202,B02,2,2,F05,5,-0.001230122,0.002050204,1e-06,-1230.122,-0.012959997643384616,-1025.10163,-1435.14237,2050.204,0.021600003096,2255.22437,1845.18363,1.0,1.0535538461538461e-05,206.02037,-204.02037,"-1435.1,1845.2,(-1025, 1),2255.2"
0202K1F5P3R3,0202,B02,2,2,F05,5,-0.001230122,0.002050204,1e-06,-1230.122,-0.012959997643384616,-1025.10163,-1435.14237,2050.204,0.021600003096,2255.22437,1845.18363,1.0,1.0535538461538461e-05,206.02037,-204.02037,"-1435.1,1845.2,(-1025, 1),2255.2"
0202K1F5P3R4,0202,B02,2,2,F05,5,-0.001230122,0.002050204,1e-06,-1230.122,-0.012959997643384616,-1025.10163,-1435.14237,2050.204,0.021600003096,2255.22437,1845.18363,1.0,1.0535538461538461e-05,206.02037,-204.02037,"-1435.1,1845.2,(-1025, 1),2255.2"
0202K1F5P4R1,0202,B02,2,2,F05,5,-0.001230122,0.002050204,2e-06,-1230.122,-0.012959997643384616,-1025.10163,-1435.14237,2050.204,0.021600003096,2255.22437,1845.18363,2.0,2.1071076923076922e-05,207.02037,-203.02037,"-1435.1,1845.2,(-1025, 1),2255.2"
0202K1F5P4R2,0202,B02,2,2,F05,5,-0.001230122,0.002050204,2e-06,-1230.122,-0.012959997643384616,-1025.10163,-1435.14237,2050.204,0.021600003096,2255.22437,1845.18363,2.0,2.1071076923076922e-05,207.02037,-203.02037,"-1435.1,1845.2,(-1025, 1),2255.2"
0202K1F5P4R3,0202,B02,2,2,F05,5,-0.001230122,0.002050204,2e-06,-1230.122,-0.012959997643384616,-1025.10163,-1435.14237,2050.204,0.021600003096,2255.22437,1845.18363,2.0,2.1071076923076922e-05,207.02037,-203.02037,"-1435.1,1845.2,(-1025, 1),2255.2"
0202K1F5P4R4,0202,B02,2,2,F05,5,-0.001230122,0.002050204,2e-06,-1230.122,-0.012959997643384616,-1025.10163,-1435.14237,2050.204,0.021600003096,2255.22437,1845.18363,2.0,2.1071076923076922e-05,207.02037,-203.02037,"-1435.1,1845.2,(-1025, 1),2255.2"
0202K1F5P5R1,0202,B02,2,2,F05,5,-0.001230122,0.002050204,3e-06,-1230.122,-0.012959997643384616,-1025.10163,-1435.14237,2050.204,0.021600003096,2255.22437,1845.18363,3.0,3.1606615384615385e-05,208.02037,-202.02037,"-1435.1,1845.2,(-1025, 1),2255.2"
0202K1F5P5R2,0202,B02,2,2,F05,5,-0.001230122,0.002050204,3e-06,-1230.122,-0.012959997643384616,-1025.10163,-1435.14237,2050.204,0.021600003096,2255.22437,1845.18363,3.0,3.1606615384615385e-05,208.02037,-202.02037,"-1435.1,1845.2,(-1025, 1),2255.2"
0202K1F5P5R3,0202,B02,2,2,F05,5,-0.001230122,0.002050204,3e-06,-1230.122,-0.012959997643384616,-1025.10163,-1435.14237,2050.204,0.021600003096,2255.22437,1845.18363,3.0,3.1606615384615385e-05,208.02037,-202.02037,"-1435.1,1845.2,(-1025, 1),2255.2"
0202K1F5P5R4,0202,B02,2,2,F05,5,-0.001230122,0.002050204,3e-06,-1230.122,-0.012959997643384616,-1025.10163,-1435.14237,2050.204,0.021600003096,2255.22437,1845.18363,3.0,3.1606615384615385e-05,208.02037,-202.02037,"-1435.1,1845.2,(-1025, 1),2255.2"
0202K1F5P6R1,0202,B02,2,2,F05,5,-0.001230122,0.002050204,4e-06,-1230.122,-0.012959997643384616,-1025.10163,-1435.14237,2050.204,0.021600003096,2255.22437,1845.18363,4.0,4.2142153846153845e-05,209.02037,-201.02037,"-1435.1,1845.2,(-1025, 1),2255.2"
0202K1F5P6R2,0202,B02,2,2,F05,5,-0.001230122,0.002050204,4e-06,-1230.122,-0.012959997643384616,-1025.10163,-1435.14237,2050.204,0.021600003096,2255.22437,1845.18363,4.0,4.2142153846153845e-05,209.02037,-201.02037,"-1435.1,1845.2,(-1025, 1),2255.2"
0202K1F5P6R3,0202,B02,2,2,F05,5,-0.001230122,0.002050204,4e-06,-1230.122,-0.012959997643384616,-1025.10163,-1435.14237,2050.204,0.021600003096,2255.22437,1845.18363,4.0,4.2142153846153845e-05,209.02037,-201.02037,"-1435.1,1845.2,(-1025, 1),2255.2"
0202K1F5P6R4,0202,B02,2,2,F05,5,-0.001230122,0.002050204,4e-06,-1230.122,-0.012959997643384616,-1025.10163,-1435.14237,2050.204,0.021600003096,2255.22437,1845.18363,4.0,4.2142153846153845e-05,209.02037,-201.02037,"-1435.1,1845.2,(-1025, 1),2255.2"
0202K1F5P7R1,0202,B02,2,2,F05,5,-0.001230122,0.002050204,5e-06,-1230.122,-0.012959997643384616,-1025.10163,-1435.14237,2050.204,0.021600003096,2255.22437,1845.18363,5.0,5.267769230769231e-05,210.02037,-200.02037,"-1435.1,1845.2,(-1025, 1),2255.2"
0202K1F5P7R2,0202,B02,2,2,F05,5,-0.001230122,0.002050204,5e-06,-1230.122,-0.012959997643384616,-1025.10163,-1435.14237,2050.204,0.021600003096,2255.22437,1845.18363,5.0,5.267769230769231e-05,210.02037,-200.02037,"-1435.1,1845.2,(-1025, 1),2255.2"
0202K1F5P7R3,0202,B02,2,2,F05,5,-0.001230122,0.002050204,5e-06,-1230.122,-0.012959997643384616,-1025.10163,-1435.14237,2050.204,0.021600003096,2255.22437,1845.18363,5.0,5.267769230769231e-05,210.02037,-200.02037,"-1435.1,1845.2,(-1025, 1),2255.2"
0202K1F5P7R4,0202,B02,2,2,F05,5,-0.001230122,0.002050204,5e-06,-1230.122,-0.012959997643384616,-1025.10163,-1435.14237,2050.204,0.021600003096,2255.22437,1845.18363,5.0,5.267769230769231e-05,210.02037,-200.02037,"-1435.1,1845.2,(-1025, 1),2255.2"
0202K1F6P1R1,0202,B02,2,2,F06,6,-0.001025102,0.002050204,-1e-06,-1025.102,-0.010800001548,-820.08163,-1230.12237,2050.204,0.021600003096,2255.22437,1845.18363,-1.0,-1.0535538461538461e-05,204.02037,-206.02037,"-1230.1,1845.2,(-820, 1),2255.2"
0202K1F6P1R2,0202,B02,2,2,F06,6,-0.001025102,0.002050204,-1e-06,-1025.102,-0.010800001548,-820.08163,-1230.12237,2050.204,0.021600003096,2255.22437,1845.18363,-1.0,-1.0535538461538461e-05,204.02037,-206.02037,"-1230.1,1845.2,(-820, 1),2255.2"
0202K1F6P1R3,0202,B02,2,2,F06,6,-0.001025102,0.002050204,-1e-06,-1025.102,-0.010800001548,-820.08163,-1230.12237,2050.204,0.021600003096,2255.22437,1845.18363,-1.0,-1.0535538461538461e-05,204.02037,-206.02037,"-1230.1,1845.2,(-820, 1),2255.2"
0202K1F6P1R4,0202,B02,2,2,F06,6,-0.001025102,0.002050204,-1e-06,-1025.102,-0.010800001548,-820.08163,-1230.12237,2050.204,0.021600003096,2255.22437,1845.18363,-1.0,-1.0535538461538461e-05,204.02037,-206.02037,"-1230.1,1845.2,(-820, 1),2255.2"
0202K1F6P2R1,0202,B02,2,2,F06,6,-0.001025102,0.002050204,0.0,-1025.102,-0.010800001548,-820.08163,-1230.12237,2050.204,0.021600003096,2255.22437,1845.18363,0.0,0.0,205.02037,-205.02037,"-1230.1,1845.2,(-820, 1),2255.2"
0202K1F6P2R2,0202,B02,2,2,F06,6,-0.001025102,0.002050204,0.0,-1025.102,-0.010800001548,-820.08163,-1230.12237,2050.204,0.021600003096,2255.22437,1845.18363,0.0,0.0,205.02037,-205.02037,"-1230.1,1845.2,(-820, 1),2255.2"
0202K1F6P2R3,0202,B02,2,2,F06,6,-0.001025102,0.002050204,0.0,-1025.102,-0.010800001548,-820.08163,-1230.12237,2050.204,0.021600003096,2255.22437,1845.18363,0.0,0.0,205.02037,-205.02037,"-1230.1,1845.2,(-820, 1),2255.2"
0202K1F6P2R4,0202,B02,2,2,F06,6,-0.001025102,0.002050204,0.0,-1025.102,-0.010800001548,-820.08163,-1230.12237,2050.204,0.021600003096,2255.22437,1845.18363,0.0,0.0,205.02037,-205.02037,"-1230.1,1845.2,(-820, 1),2255.2"
0202K1F6P3R1,0202,B02,2,2,F06,6,-0.001025102,0.002050204,1e-06,-1025.102,-0.010800001548,-820.08163,-1230.12237,2050.204,0.021600003096,2255.22437,1845.18363,1.0,1.0535538461538461e-05,206.02037,-204.02037,"-1230.1,1845.2,(-820, 1),2255.2"
0202K1F6P3R2,0202,B02,2,2,F06,6,-0.001025102,0.002050204,1e-06,-1025.102,-0.010800001548,-820.08163,-1230.12237,2050.204,0.021600003096,2255.22437,1845.18363,1.0,1.0535538461538461e-05,206.02037,-204.02037,"-1230.1,1845.2,(-820, 1),2255.2"
0202K1F6P3R3,0202,B02,2,2,F06,6,-0.001025102,0.002050204,1e-06,-1025.102,-0.010800001548,-820.08163,-1230.12237,2050.204,0.021600003096,2255.22437,1845.18363,1.0,1.0535538461538461e-05,206.02037,-204.02037,"-1230.1,1845.2,(-820, 1),2255.2"
0202K1F6P3R4,0202,B02,2,2,F06,6,-0.001025102,0.002050204,1e-06,-1025.102,-0.010800001548,-820.08163,-1230.12237,2050.204,0.021600003096,2255.22437,1845.18363,1.0,1.0535538461538461e-05,206.02037,-204.02037,"-1230.1,1845.2,(-820, 1),2255.2"
0202K1F6P4R1,0202,B02,2,2,F06,6,-0.001025102,0.002050204,2e-06,-1025.102,-0.010800001548,-820.08163,-1230.12237,2050.204,0.021600003096,2255.22437,1845.18363,2.0,2.1071076923076922e-05,207.02037,-203.02037,"-1230.1,1845.2,(-820, 1),2255.2"
0202K1F6P4R2,0202,B02,2,2,F06,6,-0.001025102,0.002050204,2e-06,-1025.102,-0.010800001548,-820.08163,-1230.12237,2050.204,0.021600003096,2255.22437,1845.18363,2.0,2.1071076923076922e-05,207.02037,-203.02037,"-1230.1,1845.2,(-820, 1),2255.2"
0202K1F6P4R3,0202,B02,2,2,F06,6,-0.001025102,0.002050204,2e-06,-1025.102,-0.010800001548,-820.08163,-1230.12237,2050.204,0.021600003096,2255.22437,1845.18363,2.0,2.1071076923076922e-05,207.02037,-203.02037,"-1230.1,1845.2,(-820, 1),2255.2"
0202K1F6P4R4,0202,B02,2,2,F06,6,-0.001025102,0.002050204,2e-06,-1025.102,-0.010800001548,-820.08163,-1230.12237,2050.204,0.021600003096,2255.22437,1845.18363,2.0,2.1071076923076922e-05,207.02037,-203.02037,"-1230.1,1845.2,(-820, 1),2255.2"
0202K1F6P5R1,0202,B02,2,2,F06,6,-0.001025102,0.002050204,3e-06,-1025.102,-0.010800001548,-820.08163,-1230.12237,2050.204,0.021600003096,2255.22437,1845.18363,3.0,3.1606615384615385e-05,208.02037,-202.02037,"-1230.1,1845.2,(-820, 1),2255.2"
0202K1F6P5R2,0202,B02,2,2,F06,6,-0.001025102,0.002050204,3e-06,-1025.102,-0.010800001548,-820.08163,-1230.12237,2050.204,0.021600003096,2255.22437,1845.18363,3.0,3.1606615384615385e-05,208.02037,-202.02037,"-1230.1,1845.2,(-820, 1),2255.2"
0202K1F6P5R3,0202,B02,2,2,F06,6,-0.001025102,0.002050204,3e-06,-1025.102,-0.010800001548,-820.08163,-1230.12237,2050.204,0.021600003096,2255.22437,1845.18363,3.0,3.1606615384615385e-05,208.02037,-202.02037,"-1230.1,1845.2,(-820, 1),2255.2"
0202K1F6P5R4,0202,B02,2,2,F06,6,-0.001025102,0.002050204,3e-06,-1025.102,-0.010800001548,-820.08163,-1230.12237,2050.204,0.021600003096,2255.22437,1845.18363,3.0,3.1606615384615385e-05,208.02037,-202.02037,"-1230.1,1845.2,(-820, 1),2255.2"
0202K1F6P6R1,0202,B02,2,2,F06,6,-0.001025102,0.002050204,4e-06,-1025.102,-0.010800001548,-820.08163,-1230.12237,2050.204,0.021600003096,2255.22437,1845.18363,4.0,4.2142153846153845e-05,209.02037,-201.02037,"-1230.1,1845.2,(-820, 1),2255.2"
0202K1F6P6R2,0202,B02,2,2,F06,6,-0.001025102,0.002050204,4e-06,-1025.102,-0.010800001548,-820.08163,-1230.12237,2050.204,0.021600003096,2255.22437,1845.18363,4.0,4.2142153846153845e-05,209.02037,-201.02037,"-1230.1,1845.2,(-820, 1),2255.2"
0202K1F6P6R3,0202,B02,2,2,F06,6,-0.001025102,0.002050204,4e-06,-1025.102,-0.010800001548,-820.08163,-1230.12237,2050.204,0.021600003096,2255.22437,1845.18363,4.0,4.2142153846153845e-05,209.02037,-201.02037,"-1230.1,1845.2,(-820, 1),2255.2"
0202K1F6P6R4,0202,B02,2,2,F06,6,-0.001025102,0.002050204,4e-06,-1025.102,-0.010800001548,-820.08163,-1230.12237,2050.204,0.021600003096,2255.22437,1845.18363,4.0,4.2142153846153845e-05,209.02037,-201.02037,"-1230.1,1845.2,(-820, 1),2255.2"
0202K1F6P7R1,0202,B02,2,2,F06,6,-0.001025102,0.002050204,5e-06,-1025.102,-0.010800001548,-820.08163,-1230.12237,2050.204,0.021600003096,2255.22437,1845.18363,5.0,5.267769230769231e-05,210.02037,-200.02037,"-1230.1,1845.2,(-820, 1),2255.2"
0202K1F6P7R2,0202,B02,2,2,F06,6,-0.001025102,0.002050204,5e-06,-1025.102,-0.010800001548,-820.08163,-1230.12237,2050.204,0.021600003096,2255.22437,1845.18363,5.0,5.267769230769231e-05,210.02037,-200.02037,"-1230.1,1845.2,(-820, 1),2255.2"
0202K1F6P7R3,0202,B02,2,2,F06,6,-0.001025102,0.002050204,5e-06,-1025.102,-0.010800001548,-820.08163,-1230.12237,2050.204,0.021600003096,2255.22437,1845.18363,5.0,5.267769230769231e-05,210.02037,-200.02037,"-1230.1,1845.2,(-820, 1),2255.2"
0202K1F6P7R4,0202,B02,2,2,F06,6,-0.001025102,0.002050204,5e-06,-1025.102,-0.010800001548,-820.08163,-1230.12237,2050.204,0.021600003096,2255.22437,1845.18363,5.0,5.267769230769231e-05,210.02037,-200.02037,"-1230.1,1845.2,(-820, 1),2255.2"
0202K1F7P1R1,0202,B02,2,2,F07,7,-0.001025102,0.001845184,-1e-06,-1025.102,-0.010800001548,-820.08163,-1230.12237,1845.184,0.019440007000615385,2050.20437,1640.16363,-1.0,-1.0535538461538461e-05,204.02037,-206.02037,"-1230.1,1640.2,(-820, 1),2050.2"
0202K1F7P1R2,0202,B02,2,2,F07,7,-0.001025102,0.001845184,-1e-06,-1025.102,-0.010800001548,-820.08163,-1230.12237,1845.184,0.019440007000615385,2050.20437,1640.16363,-1.0,-1.0535538461538461e-05,204.02037,-206.02037,"-1230.1,1640.2,(-820, 1),2050.2"
0202K1F7P1R3,0202,B02,2,2,F07,7,-0.001025102,0.001845184,-1e-06,-1025.102,-0.010800001548,-820.08163,-1230.12237,1845.184,0.019440007000615385,2050.20437,1640.16363,-1.0,-1.0535538461538461e-05,204.02037,-206.02037,"-1230.1,1640.2,(-820, 1),2050.2"
0202K1F7P1R4,0202,B02,2,2,F07,7,-0.001025102,0.001845184,-1e-06,-1025.102,-0.010800001548,-820.08163,-1230.12237,1845.184,0.019440007000615385,2050.20437,1640.16363,-1.0,-1.0535538461538461e-05,204.02037,-206.02037,"-1230.1,1640.2,(-820, 1),2050.2"
0202K1F7P2R1,0202,B02,2,2,F07,7,-0.001025102,0.001845184,0.0,-1025.102,-0.010800001548,-820.08163,-1230.12237,1845.184,0.019440007000615385,2050.20437,1640.16363,0.0,0.0,205.02037,-205.02037,"-1230.1,1640.2,(-820, 1),2050.2"
0202K1F7P2R2,0202,B02,2,2,F07,7,-0.001025102,0.001845184,0.0,-1025.102,-0.010800001548,-820.08163,-1230.12237,1845.184,0.019440007000615385,2050.20437,1640.16363,0.0,0.0,205.02037,-205.02037,"-1230.1,1640.2,(-820, 1),2050.2"
0202K1F7P2R3,0202,B02,2,2,F07,7,-0.001025102,0.001845184,0.0,-1025.102,-0.010800001548,-820.08163,-1230.12237,1845.184,0.019440007000615385,2050.20437,1640.16363,0.0,0.0,205.02037,-205.02037,"-1230.1,1640.2,(-820, 1),2050.2"
0202K1F7P2R4,0202,B02,2,2,F07,7,-0.001025102,0.001845184,0.0,-1025.102,-0.010800001548,-820.08163,-1230.12237,1845.184,0.019440007000615385,2050.20437,1640.16363,0.0,0.0,205.02037,-205.02037,"-1230.1,1640.2,(-820, 1),2050.2"
0202K1F7P3R1,0202,B02,2,2,F07,7,-0.001025102,0.001845184,1e-06,-1025.102,-0.010800001548,-820.08163,-1230.12237,1845.184,0.019440007000615385,2050.20437,1640.16363,1.0,1.0535538461538461e-05,206.02037,-204.02037,"-1230.1,1640.2,(-820, 1),2050.2"
0202K1F7P3R2,0202,B02,2,2,F07,7,-0.001025102,0.001845184,1e-06,-1025.102,-0.010800001548,-820.08163,-1230.12237,1845.184,0.019440007000615385,2050.20437,1640.16363,1.0,1.0535538461538461e-05,206.02037,-204.02037,"-1230.1,1640.2,(-820, 1),2050.2"
0202K1F7P3R3,0202,B02,2,2,F07,7,-0.001025102,0.001845184,1e-06,-1025.102,-0.010800001548,-820.08163,-1230.12237,1845.184,0.019440007000615385,2050.20437,1640.16363,1.0,1.0535538461538461e-05,206.02037,-204.02037,"-1230.1,1640.2,(-820, 1),2050.2"
0202K1F7P3R4,0202,B02,2,2,F07,7,-0.001025102,0.001845184,1e-06,-1025.102,-0.010800001548,-820.08163,-1230.12237,1845.184,0.019440007000615385,2050.20437,1640.16363,1.0,1.0535538461538461e-05,206.02037,-204.02037,"-1230.1,1640.2,(-820, 1),2050.2"
0202K1F7P4R1,0202,B02,2,2,F07,7,-0.001025102,0.001845184,2e-06,-1025.102,-0.010800001548,-820.08163,-1230.12237,1845.184,0.019440007000615385,2050.20437,1640.16363,2.0,2.1071076923076922e-05,207.02037,-203.02037,"-1230.1,1640.2,(-820, 1),2050.2"
0202K1F7P4R2,0202,B02,2,2,F07,7,-0.001025102,0.001845184,2e-06,-1025.102,-0.010800001548,-820.08163,-1230.12237,1845.184,0.019440007000615385,2050.20437,1640.16363,2.0,2.1071076923076922e-05,207.02037,-203.02037,"-1230.1,1640.2,(-820, 1),2050.2"
0202K1F7P4R3,0202,B02,2,2,F07,7,-0.001025102,0.001845184,2e-06,-1025.102,-0.010800001548,-820.08163,-1230.12237,1845.184,0.019440007000615385,2050.20437,1640.16363,2.0,2.1071076923076922e-05,207.02037,-203.02037,"-1230.1,1640.2,(-820, 1),2050.2"
0202K1F7P4R4,0202,B02,2,2,F07,7,-0.001025102,0.001845184,2e-06,-1025.102,-0.010800001548,-820.08163,-1230.12237,1845.184,0.019440007000615385,2050.20437,1640.16363,2.0,2.1071076923076922e-05,207.02037,-203.02037,"-1230.1,1640.2,(-820, 1),2050.2"
0202K1F7P5R1,0202,B02,2,2,F07,7,-0.001025102,0.001845184,3e-06,-1025.102,-0.010800001548,-820.08163,-1230.12237,1845.184,0.019440007000615385,2050.20437,1640.16363,3.0,3.1606615384615385e-05,208.02037,-202.02037,"-1230.1,1640.2,(-820, 1),2050.2"
0202K1F7P5R2,0202,B02,2,2,F07,7,-0.001025102,0.001845184,3e-06,-1025.102,-0.010800001548,-820.08163,-1230.12237,1845.184,0.019440007000615385,2050.20437,1640.16363,3.0,3.1606615384615385e-05,208.02037,-202.02037,"-1230.1,1640.2,(-820, 1),2050.2"
0202K1F7P5R3,0202,B02,2,2,F07,7,-0.001025102,0.001845184,3e-06,-1025.102,-0.010800001548,-820.08163,-1230.12237,1845.184,0.019440007000615385,2050.20437,1640.16363,3.0,3.1606615384615385e-05,208.02037,-202.02037,"-1230.1,1640.2,(-820, 1),2050.2"
0202K1F7P5R4,0202,B02,2,2,F07,7,-0.001025102,0.001845184,3e-06,-1025.102,-0.010800001548,-820.08163,-1230.12237,1845.184,0.019440007000615385,2050.20437,1640.16363,3.0,3.1606615384615385e-05,208.02037,-202.02037,"-1230.1,1640.2,(-820, 1),2050.2"
0202K1F7P6R1,0202,B02,2,2,F07,7,-0.001025102,0.001845184,4e-06,-1025.102,-0.010800001548,-820.08163,-1230.12237,1845.184,0.019440007000615385,2050.20437,1640.16363,4.0,4.2142153846153845e-05,209.02037,-201.02037,"-1230.1,1640.2,(-820, 1),2050.2"
0202K1F7P6R2,0202,B02,2,2,F07,7,-0.001025102,0.001845184,4e-06,-1025.102,-0.010800001548,-820.08163,-1230.12237,1845.184,0.019440007000615385,2050.20437,1640.16363,4.0,4.2142153846153845e-05,209.02037,-201.02037,"-1230.1,1640.2,(-820, 1),2050.2"
0202K1F7P6R3,0202,B02,2,2,F07,7,-0.001025102,0.001845184,4e-06,-1025.102,-0.010800001548,-820.08163,-1230.12237,1845.184,0.019440007000615385,2050.20437,1640.16363,4.0,4.2142153846153845e-05,209.02037,-201.02037,"-1230.1,1640.2,(-820, 1),2050.2"
0202K1F7P6R4,0202,B02,2,2,F07,7,-0.001025102,0.001845184,4e-06,-1025.102,-0.010800001548,-820.08163,-1230.12237,1845.184,0.019440007000615385,2050.20437,1640.16363,4.0,4.2142153846153845e-05,209.02037,-201.02037,"-1230.1,1640.2,(-820, 1),2050.2"
0202K1F7P7R1,0202,B02,2,2,F07,7,-0.001025102,0.001845184,5e-06,-1025.102,-0.010800001548,-820.08163,-1230.12237,1845.184,0.019440007000615385,2050.20437,1640.16363,5.0,5.267769230769231e-05,210.02037,-200.02037,"-1230.1,1640.2,(-820, 1),2050.2"
0202K1F7P7R2,0202,B02,2,2,F07,7,-0.001025102,0.001845184,5e-06,-1025.102,-0.010800001548,-820.08163,-1230.12237,1845.184,0.019440007000615385,2050.20437,1640.16363,5.0,5.267769230769231e-05,210.02037,-200.02037,"-1230.1,1640.2,(-820, 1),2050.2"
0202K1F7P7R3,0202,B02,2,2,F07,7,-0.001025102,0.001845184,5e-06,-1025.102,-0.010800001548,-820.08163,-1230.12237,1845.184,0.019440007000615385,2050.20437,1640.16363,5.0,5.267769230769231e-05,210.02037,-200.02037,"-1230.1,1640.2,(-820, 1),2050.2"
0202K1F7P7R4,0202,B02,2,2,F07,7,-0.001025102,0.001845184,5e-06,-1025.102,-0.010800001548,-820.08163,-1230.12237,1845.184,0.019440007000615385,2050.20437,1640.16363,5.0,5.267769230769231e-05,210.02037,-200.02037,"-1230.1,1640.2,(-820, 1),2050.2"
0202K1F8P1R1,0202,B02,2,2,F08,8,-0.001230122,0.001845184,-1e-06,-1230.122,-0.012959997643384616,-1025.10163,-1435.14237,1845.184,0.019440007000615385,2050.20437,1640.16363,-1.0,-1.0535538461538461e-05,204.02037,-206.02037,"-1435.1,1640.2,(-1025, 1),2050.2"
0202K1F8P1R2,0202,B02,2,2,F08,8,-0.001230122,0.001845184,-1e-06,-1230.122,-0.012959997643384616,-1025.10163,-1435.14237,1845.184,0.019440007000615385,2050.20437,1640.16363,-1.0,-1.0535538461538461e-05,204.02037,-206.02037,"-1435.1,1640.2,(-1025, 1),2050.2"
0202K1F8P1R3,0202,B02,2,2,F08,8,-0.001230122,0.001845184,-1e-06,-1230.122,-0.012959997643384616,-1025.10163,-1435.14237,1845.184,0.019440007000615385,2050.20437,1640.16363,-1.0,-1.0535538461538461e-05,204.02037,-206.02037,"-1435.1,1640.2,(-1025, 1),2050.2"
0202K1F8P1R4,0202,B02,2,2,F08,8,-0.001230122,0.001845184,-1e-06,-1230.122,-0.012959997643384616,-1025.10163,-1435.14237,1845.184,0.019440007000615385,2050.20437,1640.16363,-1.0,-1.0535538461538461e-05,204.02037,-206.02037,"-1435.1,1640.2,(-1025, 1),2050.2"
0202K1F8P2R1,0202,B02,2,2,F08,8,-0.001230122,0.001845184,0.0,-1230.122,-0.012959997643384616,-1025.10163,-1435.14237,1845.184,0.019440007000615385,2050.20437,1640.16363,0.0,0.0,205.02037,-205.02037,"-1435.1,1640.2,(-1025, 1),2050.2"
0202K1F8P2R2,0202,B02,2,2,F08,8,-0.001230122,0.001845184,0.0,-1230.122,-0.012959997643384616,-1025.10163,-1435.14237,1845.184,0.019440007000615385,2050.20437,1640.16363,0.0,0.0,205.02037,-205.02037,"-1435.1,1640.2,(-1025, 1),2050.2"
0202K1F8P2R3,0202,B02,2,2,F08,8,-0.001230122,0.001845184,0.0,-1230.122,-0.012959997643384616,-1025.10163,-1435.14237,1845.184,0.019440007000615385,2050.20437,1640.16363,0.0,0.0,205.02037,-205.02037,"-1435.1,1640.2,(-1025, 1),2050.2"
0202K1F8P2R4,0202,B02,2,2,F08,8,-0.001230122,0.001845184,0.0,-1230.122,-0.012959997643384616,-1025.10163,-1435.14237,1845.184,0.019440007000615385,2050.20437,1640.16363,0.0,0.0,205.02037,-205.02037,"-1435.1,1640.2,(-1025, 1),2050.2"
0202K1F8P3R1,0202,B02,2,2,F08,8,-0.001230122,0.001845184,1e-06,-1230.122,-0.012959997643384616,-1025.10163,-1435.14237,1845.184,0.019440007000615385,2050.20437,1640.16363,1.0,1.0535538461538461e-05,206.02037,-204.02037,"-1435.1,1640.2,(-1025, 1),2050.2"
0202K1F8P3R2,0202,B02,2,2,F08,8,-0.001230122,0.001845184,1e-06,-1230.122,-0.012959997643384616,-1025.10163,-1435.14237,1845.184,0.019440007000615385,2050.20437,1640.16363,1.0,1.0535538461538461e-05,206.02037,-204.02037,"-1435.1,1640.2,(-1025, 1),2050.2"
0202K1F8P3R3,0202,B02,2,2,F08,8,-0.001230122,0.001845184,1e-06,-1230.122,-0.012959997643384616,-1025.10163,-1435.14237,1845.184,0.019440007000615385,2050.20437,1640.16363,1.0,1.0535538461538461e-05,206.02037,-204.02037,"-1435.1,1640.2,(-1025, 1),2050.2"
0202K1F8P3R4,0202,B02,2,2,F08,8,-0.001230122,0.001845184,1e-06,-1230.122,-0.012959997643384616,-1025.10163,-1435.14237,1845.184,0.019440007000615385,2050.20437,1640.16363,1.0,1.0535538461538461e-05,206.02037,-204.02037,"-1435.1,1640.2,(-1025, 1),2050.2"
0202K1F8P4R1,0202,B02,2,2,F08,8,-0.001230122,0.001845184,2e-06,-1230.122,-0.012959997643384616,-1025.10163,-1435.14237,1845.184,0.019440007000615385,2050.20437,1640.16363,2.0,2.1071076923076922e-05,207.02037,-203.02037,"-1435.1,1640.2,(-1025, 1),2050.2"
0202K1F8P4R2,0202,B02,2,2,F08,8,-0.001230122,0.001845184,2e-06,-1230.122,-0.012959997643384616,-1025.10163,-1435.14237,1845.184,0.019440007000615385,2050.20437,1640.16363,2.0,2.1071076923076922e-05,207.02037,-203.02037,"-1435.1,1640.2,(-1025, 1),2050.2"
0202K1F8P4R3,0202,B02,2,2,F08,8,-0.001230122,0.001845184,2e-06,-1230.122,-0.012959997643384616,-1025.10163,-1435.14237,1845.184,0.019440007000615385,2050.20437,1640.16363,2.0,2.1071076923076922e-05,207.02037,-203.02037,"-1435.1,1640.2,(-1025, 1),2050.2"
0202K1F8P4R4,0202,B02,2,2,F08,8,-0.001230122,0.001845184,2e-06,-1230.122,-0.012959997643384616,-1025.10163,-1435.14237,1845.184,0.019440007000615385,2050.20437,1640.16363,2.0,2.1071076923076922e-05,207.02037,-203.02037,"-1435.1,1640.2,(-1025, 1),2050.2"
0202K1F8P5R1,0202,B02,2,2,F08,8,-0.001230122,0.001845184,3e-06,-1230.122,-0.012959997643384616,-1025.10163,-1435.14237,1845.184,0.019440007000615385,2050.20437,1640.16363,3.0,3.1606615384615385e-05,208.02037,-202.02037,"-1435.1,1640.2,(-1025, 1),2050.2"
0202K1F8P5R2,0202,B02,2,2,F08,8,-0.001230122,0.001845184,3e-06,-1230.122,-0.012959997643384616,-1025.10163,-1435.14237,1845.184,0.019440007000615385,2050.20437,1640.16363,3.0,3.1606615384615385e-05,208.02037,-202.02037,"-1435.1,1640.2,(-1025, 1),2050.2"
0202K1F8P5R3,0202,B02,2,2,F08,8,-0.001230122,0.001845184,3e-06,-1230.122,-0.012959997643384616,-1025.10163,-1435.14237,1845.184,0.019440007000615385,2050.20437,1640.16363,3.0,3.1606615384615385e-05,208.02037,-202.02037,"-1435.1,1640.2,(-1025, 1),2050.2"
0202K1F8P5R4,0202,B02,2,2,F08,8,-0.001230122,0.001845184,3e-06,-1230.122,-0.012959997643384616,-1025.10163,-1435.14237,1845.184,0.019440007000615385,2050.20437,1640.16363,3.0,3.1606615384615385e-05,208.02037,-202.02037,"-1435.1,1640.2,(-1025, 1),2050.2"
0202K1F8P6R1,0202,B02,2,2,F08,8,-0.001230122,0.001845184,4e-06,-1230.122,-0.012959997643384616,-1025.10163,-1435.14237,1845.184,0.019440007000615385,2050.20437,1640.16363,4.0,4.2142153846153845e-05,209.02037,-201.02037,"-1435.1,1640.2,(-1025, 1),2050.2"
0202K1F8P6R2,0202,B02,2,2,F08,8,-0.001230122,0.001845184,4e-06,-1230.122,-0.012959997643384616,-1025.10163,-1435.14237,1845.184,0.019440007000615385,2050.20437,1640.16363,4.0,4.2142153846153845e-05,209.02037,-201.02037,"-1435.1,1640.2,(-1025, 1),2050.2"
0202K1F8P6R3,0202,B02,2,2,F08,8,-0.001230122,0.001845184,4e-06,-1230.122,-0.012959997643384616,-1025.10163,-1435.14237,1845.184,0.019440007000615385,2050.20437,1640.16363,4.0,4.2142153846153845e-05,209.02037,-201.02037,"-1435.1,1640.2,(-1025, 1),2050.2"
0202K1F8P6R4,0202,B02,2,2,F08,8,-0.001230122,0.001845184,4e-06,-1230.122,-0.012959997643384616,-1025.10163,-1435.14237,1845.184,0.019440007000615385,2050.20437,1640.16363,4.0,4.2142153846153845e-05,209.02037,-201.02037,"-1435.1,1640.2,(-1025, 1),2050.2"
0202K1F8P7R1,0202,B02,2,2,F08,8,-0.001230122,0.001845184,5e-06,-1230.122,-0.012959997643384616,-1025.10163,-1435.14237,1845.184,0.019440007000615385,2050.20437,1640.16363,5.0,5.267769230769231e-05,210.02037,-200.02037,"-1435.1,1640.2,(-1025, 1),2050.2"
0202K1F8P7R2,0202,B02,2,2,F08,8,-0.001230122,0.001845184,5e-06,-1230.122,-0.012959997643384616,-1025.10163,-1435.14237,1845.184,0.019440007000615385,2050.20437,1640.16363,5.0,5.267769230769231e-05,210.02037,-200.02037,"-1435.1,1640.2,(-1025, 1),2050.2"
0202K1F8P7R3,0202,B02,2,2,F08,8,-0.001230122,0.001845184,5e-06,-1230.122,-0.012959997643384616,-1025.10163,-1435.14237,1845.184,0.019440007000615385,2050.20437,1640.16363,5.0,5.267769230769231e-05,210.02037,-200.02037,"-1435.1,1640.2,(-1025, 1),2050.2"
0202K1F8P7R4,0202,B02,2,2,F08,8,-0.001230122,0.001845184,5e-06,-1230.122,-0.012959997643384616,-1025.10163,-1435.14237,1845.184,0.019440007000615385,2050.20437,1640.16363,5.0,5.267769230769231e-05,210.02037,-200.02037,"-1435.1,1640.2,(-1025, 1),2050.2"
0202K1F9P1R1,0202,B02,2,2,F09,9,-0.001435143,0.001845184,-1e-06,-1435.143,-0.015120004274307694,-1230.12263,-1640.16337,1845.184,0.019440007000615385,2050.20437,1640.16363,-1.0,-1.0535538461538461e-05,204.02037,-206.02037,"-1640.2,1640.2,(-1230, 1),2050.2"
0202K1F9P1R2,0202,B02,2,2,F09,9,-0.001435143,0.001845184,-1e-06,-1435.143,-0.015120004274307694,-1230.12263,-1640.16337,1845.184,0.019440007000615385,2050.20437,1640.16363,-1.0,-1.0535538461538461e-05,204.02037,-206.02037,"-1640.2,1640.2,(-1230, 1),2050.2"
0202K1F9P1R3,0202,B02,2,2,F09,9,-0.001435143,0.001845184,-1e-06,-1435.143,-0.015120004274307694,-1230.12263,-1640.16337,1845.184,0.019440007000615385,2050.20437,1640.16363,-1.0,-1.0535538461538461e-05,204.02037,-206.02037,"-1640.2,1640.2,(-1230, 1),2050.2"
0202K1F9P1R4,0202,B02,2,2,F09,9,-0.001435143,0.001845184,-1e-06,-1435.143,-0.015120004274307694,-1230.12263,-1640.16337,1845.184,0.019440007000615385,2050.20437,1640.16363,-1.0,-1.0535538461538461e-05,204.02037,-206.02037,"-1640.2,1640.2,(-1230, 1),2050.2"
0202K1F9P2R1,0202,B02,2,2,F09,9,-0.001435143,0.001845184,0.0,-1435.143,-0.015120004274307694,-1230.12263,-1640.16337,1845.184,0.019440007000615385,2050.20437,1640.16363,0.0,0.0,205.02037,-205.02037,"-1640.2,1640.2,(-1230, 1),2050.2"
0202K1F9P2R2,0202,B02,2,2,F09,9,-0.001435143,0.001845184,0.0,-1435.143,-0.015120004274307694,-1230.12263,-1640.16337,1845.184,0.019440007000615385,2050.20437,1640.16363,0.0,0.0,205.02037,-205.02037,"-1640.2,1640.2,(-1230, 1),2050.2"
0202K1F9P2R3,0202,B02,2,2,F09,9,-0.001435143,0.001845184,0.0,-1435.143,-0.015120004274307694,-1230.12263,-1640.16337,1845.184,0.019440007000615385,2050.20437,1640.16363,0.0,0.0,205.02037,-205.02037,"-1640.2,1640.2,(-1230, 1),2050.2"
0202K1F9P2R4,0202,B02,2,2,F09,9,-0.001435143,0.001845184,0.0,-1435.143,-0.015120004274307694,-1230.12263,-1640.16337,1845.184,0.019440007000615385,2050.20437,1640.16363,0.0,0.0,205.02037,-205.02037,"-1640.2,1640.2,(-1230, 1),2050.2"
0202K1F9P3R1,0202,B02,2,2,F09,9,-0.001435143,0.001845184,1e-06,-1435.143,-0.015120004274307694,-1230.12263,-1640.16337,1845.184,0.019440007000615385,2050.20437,1640.16363,1.0,1.0535538461538461e-05,206.02037,-204.02037,"-1640.2,1640.2,(-1230, 1),2050.2"
0202K1F9P3R2,0202,B02,2,2,F09,9,-0.001435143,0.001845184,1e-06,-1435.143,-0.015120004274307694,-1230.12263,-1640.16337,1845.184,0.019440007000615385,2050.20437,1640.16363,1.0,1.0535538461538461e-05,206.02037,-204.02037,"-1640.2,1640.2,(-1230, 1),2050.2"
0202K1F9P3R3,0202,B02,2,2,F09,9,-0.001435143,0.001845184,1e-06,-1435.143,-0.015120004274307694,-1230.12263,-1640.16337,1845.184,0.019440007000615385,2050.20437,1640.16363,1.0,1.0535538461538461e-05,206.02037,-204.02037,"-1640.2,1640.2,(-1230, 1),2050.2"
0202K1F9P3R4,0202,B02,2,2,F09,9,-0.001435143,0.001845184,1e-06,-1435.143,-0.015120004274307694,-1230.12263,-1640.16337,1845.184,0.019440007000615385,2050.20437,1640.16363,1.0,1.0535538461538461e-05,206.02037,-204.02037,"-1640.2,1640.2,(-1230, 1),2050.2"
0202K1F9P4R1,0202,B02,2,2,F09,9,-0.001435143,0.001845184,2e-06,-1435.143,-0.015120004274307694,-1230.12263,-1640.16337,1845.184,0.019440007000615385,2050.20437,1640.16363,2.0,2.1071076923076922e-05,207.02037,-203.02037,"-1640.2,1640.2,(-1230, 1),2050.2"
0202K1F9P4R2,0202,B02,2,2,F09,9,-0.001435143,0.001845184,2e-06,-1435.143,-0.015120004274307694,-1230.12263,-1640.16337,1845.184,0.019440007000615385,2050.20437,1640.16363,2.0,2.1071076923076922e-05,207.02037,-203.02037,"-1640.2,1640.2,(-1230, 1),2050.2"
0202K1F9P4R3,0202,B02,2,2,F09,9,-0.001435143,0.001845184,2e-06,-1435.143,-0.015120004274307694,-1230.12263,-1640.16337,1845.184,0.019440007000615385,2050.20437,1640.16363,2.0,2.1071076923076922e-05,207.02037,-203.02037,"-1640.2,1640.2,(-1230, 1),2050.2"
0202K1F9P4R4,0202,B02,2,2,F09,9,-0.001435143,0.001845184,2e-06,-1435.143,-0.015120004274307694,-1230.12263,-1640.16337,1845.184,0.019440007000615385,2050.20437,1640.16363,2.0,2.1071076923076922e-05,207.02037,-203.02037,"-1640.2,1640.2,(-1230, 1),2050.2"
0202K1F9P5R1,0202,B02,2,2,F09,9,-0.001435143,0.001845184,3e-06,-1435.143,-0.015120004274307694,-1230.12263,-1640.16337,1845.184,0.019440007000615385,2050.20437,1640.16363,3.0,3.1606615384615385e-05,208.02037,-202.02037,"-1640.2,1640.2,(-1230, 1),2050.2"
0202K1F9P5R2,0202,B02,2,2,F09,9,-0.001435143,0.001845184,3e-06,-1435.143,-0.015120004274307694,-1230.12263,-1640.16337,1845.184,0.019440007000615385,2050.20437,1640.16363,3.0,3.1606615384615385e-05,208.02037,-202.02037,"-1640.2,1640.2,(-1230, 1),2050.2"
0202K1F9P5R3,0202,B02,2,2,F09,9,-0.001435143,0.001845184,3e-06,-1435.143,-0.015120004274307694,-1230.12263,-1640.16337,1845.184,0.019440007000615385,2050.20437,1640.16363,3.0,3.1606615384615385e-05,208.02037,-202.02037,"-1640.2,1640.2,(-1230, 1),2050.2"
0202K1F9P5R4,0202,B02,2,2,F09,9,-0.001435143,0.001845184,3e-06,-1435.143,-0.015120004274307694,-1230.12263,-1640.16337,1845.184,0.019440007000615385,2050.20437,1640.16363,3.0,3.1606615384615385e-05,208.02037,-202.02037,"-1640.2,1640.2,(-1230, 1),2050.2"
0202K1F9P6R1,0202,B02,2,2,F09,9,-0.001435143,0.001845184,4e-06,-1435.143,-0.015120004274307694,-1230.12263,-1640.16337,1845.184,0.019440007000615385,2050.20437,1640.16363,4.0,4.2142153846153845e-05,209.02037,-201.02037,"-1640.2,1640.2,(-1230, 1),2050.2"
0202K1F9P6R2,0202,B02,2,2,F09,9,-0.001435143,0.001845184,4e-06,-1435.143,-0.015120004274307694,-1230.12263,-1640.16337,1845.184,0.019440007000615385,2050.20437,1640.16363,4.0,4.2142153846153845e-05,209.02037,-201.02037,"-1640.2,1640.2,(-1230, 1),2050.2"
0202K1F9P6R3,0202,B02,2,2,F09,9,-0.001435143,0.001845184,4e-06,-1435.143,-0.015120004274307694,-1230.12263,-1640.16337,1845.184,0.019440007000615385,2050.20437,1640.16363,4.0,4.2142153846153845e-05,209.02037,-201.02037,"-1640.2,1640.2,(-1230, 1),2050.2"
0202K1F9P6R4,0202,B02,2,2,F09,9,-0.001435143,0.001845184,4e-06,-1435.143,-0.015120004274307694,-1230.12263,-1640.16337,1845.184,0.019440007000615385,2050.20437,1640.16363,4.0,4.2142153846153845e-05,209.02037,-201.02037,"-1640.2,1640.2,(-1230, 1),2050.2"
0202K1F9P7R1,0202,B02,2,2,F09,9,-0.001435143,0.001845184,5e-06,-1435.143,-0.015120004274307694,-1230.12263,-1640.16337,1845.184,0.019440007000615385,2050.20437,1640.16363,5.0,5.267769230769231e-05,210.02037,-200.02037,"-1640.2,1640.2,(-1230, 1),2050.2"
0202K1F9P7R2,0202,B02,2,2,F09,9,-0.001435143,0.001845184,5e-06,-1435.143,-0.015120004274307694,-1230.12263,-1640.16337,1845.184,0.019440007000615385,2050.20437,1640.16363,5.0,5.267769230769231e-05,210.02037,-200.02037,"-1640.2,1640.2,(-1230, 1),2050.2"
0202K1F9P7R3,0202,B02,2,2,F09,9,-0.001435143,0.001845184,5e-06,-1435.143,-0.015120004274307694,-1230.12263,-1640.16337,1845.184,0.019440007000615385,2050.20437,1640.16363,5.0,5.267769230769231e-05,210.02037,-200.02037,"-1640.2,1640.2,(-1230, 1),2050.2"
0202K1F9P7R4,0202,B02,2,2,F09,9,-0.001435143,0.001845184,5e-06,-1435.143,-0.015120004274307694,-1230.12263,-1640.16337,1845.184,0.019440007000615385,2050.20437,1640.16363,5.0,5.267769230769231e-05,210.02037,-200.02037,"-1640.2,1640.2,(-1230, 1),2050.2"
0202K1F10P1R1,0202,B02,2,2,F10,10,-0.001640163,0.001845184,-1e-06,-1640.163,-0.017280000369692308,-1435.14263,-1845.18337,1845.184,0.019440007000615385,2050.20437,1640.16363,-1.0,-1.0535538461538461e-05,204.02037,-206.02037,"-1845.2,1640.2,(-1435, 1),2050.2"
0202K1F10P1R2,0202,B02,2,2,F10,10,-0.001640163,0.001845184,-1e-06,-1640.163,-0.017280000369692308,-1435.14263,-1845.18337,1845.184,0.019440007000615385,2050.20437,1640.16363,-1.0,-1.0535538461538461e-05,204.02037,-206.02037,"-1845.2,1640.2,(-1435, 1),2050.2"
0202K1F10P1R3,0202,B02,2,2,F10,10,-0.001640163,0.001845184,-1e-06,-1640.163,-0.017280000369692308,-1435.14263,-1845.18337,1845.184,0.019440007000615385,2050.20437,1640.16363,-1.0,-1.0535538461538461e-05,204.02037,-206.02037,"-1845.2,1640.2,(-1435, 1),2050.2"
0202K1F10P1R4,0202,B02,2,2,F10,10,-0.001640163,0.001845184,-1e-06,-1640.163,-0.017280000369692308,-1435.14263,-1845.18337,1845.184,0.019440007000615385,2050.20437,1640.16363,-1.0,-1.0535538461538461e-05,204.02037,-206.02037,"-1845.2,1640.2,(-1435, 1),2050.2"
0202K1F10P2R1,0202,B02,2,2,F10,10,-0.001640163,0.001845184,0.0,-1640.163,-0.017280000369692308,-1435.14263,-1845.18337,1845.184,0.019440007000615385,2050.20437,1640.16363,0.0,0.0,205.02037,-205.02037,"-1845.2,1640.2,(-1435, 1),2050.2"
0202K1F10P2R2,0202,B02,2,2,F10,10,-0.001640163,0.001845184,0.0,-1640.163,-0.017280000369692308,-1435.14263,-1845.18337,1845.184,0.019440007000615385,2050.20437,1640.16363,0.0,0.0,205.02037,-205.02037,"-1845.2,1640.2,(-1435, 1),2050.2"
0202K1F10P2R3,0202,B02,2,2,F10,10,-0.001640163,0.001845184,0.0,-1640.163,-0.017280000369692308,-1435.14263,-1845.18337,1845.184,0.019440007000615385,2050.20437,1640.16363,0.0,0.0,205.02037,-205.02037,"-1845.2,1640.2,(-1435, 1),2050.2"
0202K1F10P2R4,0202,B02,2,2,F10,10,-0.001640163,0.001845184,0.0,-1640.163,-0.017280000369692308,-1435.14263,-1845.18337,1845.184,0.019440007000615385,2050.20437,1640.16363,0.0,0.0,205.02037,-205.02037,"-1845.2,1640.2,(-1435, 1),2050.2"
0202K1F10P3R1,0202,B02,2,2,F10,10,-0.001640163,0.001845184,1e-06,-1640.163,-0.017280000369692308,-1435.14263,-1845.18337,1845.184,0.019440007000615385,2050.20437,1640.16363,1.0,1.0535538461538461e-05,206.02037,-204.02037,"-1845.2,1640.2,(-1435, 1),2050.2"
0202K1F10P3R2,0202,B02,2,2,F10,10,-0.001640163,0.001845184,1e-06,-1640.163,-0.017280000369692308,-1435.14263,-1845.18337,1845.184,0.019440007000615385,2050.20437,1640.16363,1.0,1.0535538461538461e-05,206.02037,-204.02037,"-1845.2,1640.2,(-1435, 1),2050.2"
0202K1F10P3R3,0202,B02,2,2,F10,10,-0.001640163,0.001845184,1e-06,-1640.163,-0.017280000369692308,-1435.14263,-1845.18337,1845.184,0.019440007000615385,2050.20437,1640.16363,1.0,1.0535538461538461e-05,206.02037,-204.02037,"-1845.2,1640.2,(-1435, 1),2050.2"
0202K1F10P3R4,0202,B02,2,2,F10,10,-0.001640163,0.001845184,1e-06,-1640.163,-0.017280000369692308,-1435.14263,-1845.18337,1845.184,0.019440007000615385,2050.20437,1640.16363,1.0,1.0535538461538461e-05,206.02037,-204.02037,"-1845.2,1640.2,(-1435, 1),2050.2"
0202K1F10P4R1,0202,B02,2,2,F10,10,-0.001640163,0.001845184,2e-06,-1640.163,-0.017280000369692308,-1435.14263,-1845.18337,1845.184,0.019440007000615385,2050.20437,1640.16363,2.0,2.1071076923076922e-05,207.02037,-203.02037,"-1845.2,1640.2,(-1435, 1),2050.2"
0202K1F10P4R2,0202,B02,2,2,F10,10,-0.001640163,0.001845184,2e-06,-1640.163,-0.017280000369692308,-1435.14263,-1845.18337,1845.184,0.019440007000615385,2050.20437,1640.16363,2.0,2.1071076923076922e-05,207.02037,-203.02037,"-1845.2,1640.2,(-1435, 1),2050.2"
0202K1F10P4R3,0202,B02,2,2,F10,10,-0.001640163,0.001845184,2e-06,-1640.163,-0.017280000369692308,-1435.14263,-1845.18337,1845.184,0.019440007000615385,2050.20437,1640.16363,2.0,2.1071076923076922e-05,207.02037,-203.02037,"-1845.2,1640.2,(-1435, 1),2050.2"
0202K1F10P4R4,0202,B02,2,2,F10,10,-0.001640163,0.001845184,2e-06,-1640.163,-0.017280000369692308,-1435.14263,-1845.18337,1845.184,0.019440007000615385,2050.20437,1640.16363,2.0,2.1071076923076922e-05,207.02037,-203.02037,"-1845.2,1640.2,(-1435, 1),2050.2"
0202K1F10P5R1,0202,B02,2,2,F10,10,-0.001640163,0.001845184,3e-06,-1640.163,-0.017280000369692308,-1435.14263,-1845.18337,1845.184,0.019440007000615385,2050.20437,1640.16363,3.0,3.1606615384615385e-05,208.02037,-202.02037,"-1845.2,1640.2,(-1435, 1),2050.2"
0202K1F10P5R2,0202,B02,2,2,F10,10,-0.001640163,0.001845184,3e-06,-1640.163,-0.017280000369692308,-1435.14263,-1845.18337,1845.184,0.019440007000615385,2050.20437,1640.16363,3.0,3.1606615384615385e-05,208.02037,-202.02037,"-1845.2,1640.2,(-1435, 1),2050.2"
0202K1F10P5R3,0202,B02,2,2,F10,10,-0.001640163,0.001845184,3e-06,-1640.163,-0.017280000369692308,-1435.14263,-1845.18337,1845.184,0.019440007000615385,2050.20437,1640.16363,3.0,3.1606615384615385e-05,208.02037,-202.02037,"-1845.2,1640.2,(-1435, 1),2050.2"
0202K1F10P5R4,0202,B02,2,2,F10,10,-0.001640163,0.001845184,3e-06,-1640.163,-0.017280000369692308,-1435.14263,-1845.18337,1845.184,0.019440007000615385,2050.20437,1640.16363,3.0,3.1606615384615385e-05,208.02037,-202.02037,"-1845.2,1640.2,(-1435, 1),2050.2"
0202K1F10P6R1,0202,B02,2,2,F10,10,-0.001640163,0.001845184,4e-06,-1640.163,-0.017280000369692308,-1435.14263,-1845.18337,1845.184,0.019440007000615385,2050.20437,1640.16363,4.0,4.2142153846153845e-05,209.02037,-201.02037,"-1845.2,1640.2,(-1435, 1),2050.2"
0202K1F10P6R2,0202,B02,2,2,F10,10,-0.001640163,0.001845184,4e-06,-1640.163,-0.017280000369692308,-1435.14263,-1845.18337,1845.184,0.019440007000615385,2050.20437,1640.16363,4.0,4.2142153846153845e-05,209.02037,-201.02037,"-1845.2,1640.2,(-1435, 1),2050.2"
0202K1F10P6R3,0202,B02,2,2,F10,10,-0.001640163,0.001845184,4e-06,-1640.163,-0.017280000369692308,-1435.14263,-1845.18337,1845.184,0.019440007000615385,2050.20437,1640.16363,4.0,4.2142153846153845e-05,209.02037,-201.02037,"-1845.2,1640.2,(-1435, 1),2050.2"
0202K1F10P6R4,0202,B02,2,2,F10,10,-0.001640163,0.001845184,4e-06,-1640.163,-0.017280000369692308,-1435.14263,-1845.18337,1845.184,0.019440007000615385,2050.20437,1640.16363,4.0,4.2142153846153845e-05,209.02037,-201.02037,"-1845.2,1640.2,(-1435, 1),2050.2"
0202K1F10P7R1,0202,B02,2,2,F10,10,-0.001640163,0.001845184,5e-06,-1640.163,-0.017280000369692308,-1435.14263,-1845.18337,1845.184,0.019440007000615385,2050.20437,1640.16363,5.0,5.267769230769231e-05,210.02037,-200.02037,"-1845.2,1640.2,(-1435, 1),2050.2"
0202K1F10P7R2,0202,B02,2,2,F10,10,-0.001640163,0.001845184,5e-06,-1640.163,-0.017280000369692308,-1435.14263,-1845.18337,1845.184,0.019440007000615385,2050.20437,1640.16363,5.0,5.267769230769231e-05,210.02037,-200.02037,"-1845.2,1640.2,(-1435, 1),2050.2"
0202K1F10P7R3,0202,B02,2,2,F10,10,-0.001640163,0.001845184,5e-06,-1640.163,-0.017280000369692308,-1435.14263,-1845.18337,1845.184,0.019440007000615385,2050.20437,1640.16363,5.0,5.267769230769231e-05,210.02037,-200.02037,"-1845.2,1640.2,(-1435, 1),2050.2"
0202K1F10P7R4,0202,B02,2,2,F10,10,-0.001640163,0.001845184,5e-06,-1640.163,-0.017280000369692308,-1435.14263,-1845.18337,1845.184,0.019440007000615385,2050.20437,1640.16363,5.0,5.267769230769231e-05,210.02037,-200.02037,"-1845.2,1640.2,(-1435, 1),2050.2"
0202K1F11P1R1,0202,B02,2,2,F11,11,-0.001845183,0.001845184,-1e-06,-1845.183,-0.019439996465076922,-1640.16263,-2050.20337,1845.184,0.019440007000615385,2050.20437,1640.16363,-1.0,-1.0535538461538461e-05,204.02037,-206.02037,"-2050.2,1640.2,(-1640, 1),2050.2"
0202K1F11P1R2,0202,B02,2,2,F11,11,-0.001845183,0.001845184,-1e-06,-1845.183,-0.019439996465076922,-1640.16263,-2050.20337,1845.184,0.019440007000615385,2050.20437,1640.16363,-1.0,-1.0535538461538461e-05,204.02037,-206.02037,"-2050.2,1640.2,(-1640, 1),2050.2"
0202K1F11P1R3,0202,B02,2,2,F11,11,-0.001845183,0.001845184,-1e-06,-1845.183,-0.019439996465076922,-1640.16263,-2050.20337,1845.184,0.019440007000615385,2050.20437,1640.16363,-1.0,-1.0535538461538461e-05,204.02037,-206.02037,"-2050.2,1640.2,(-1640, 1),2050.2"
0202K1F11P1R4,0202,B02,2,2,F11,11,-0.001845183,0.001845184,-1e-06,-1845.183,-0.019439996465076922,-1640.16263,-2050.20337,1845.184,0.019440007000615385,2050.20437,1640.16363,-1.0,-1.0535538461538461e-05,204.02037,-206.02037,"-2050.2,1640.2,(-1640, 1),2050.2"
0202K1F11P2R1,0202,B02,2,2,F11,11,-0.001845183,0.001845184,0.0,-1845.183,-0.019439996465076922,-1640.16263,-2050.20337,1845.184,0.019440007000615385,2050.20437,1640.16363,0.0,0.0,205.02037,-205.02037,"-2050.2,1640.2,(-1640, 1),2050.2"
0202K1F11P2R2,0202,B02,2,2,F11,11,-0.001845183,0.001845184,0.0,-1845.183,-0.019439996465076922,-1640.16263,-2050.20337,1845.184,0.019440007000615385,2050.20437,1640.16363,0.0,0.0,205.02037,-205.02037,"-2050.2,1640.2,(-1640, 1),2050.2"
0202K1F11P2R3,0202,B02,2,2,F11,11,-0.001845183,0.001845184,0.0,-1845.183,-0.019439996465076922,-1640.16263,-2050.20337,1845.184,0.019440007000615385,2050.20437,1640.16363,0.0,0.0,205.02037,-205.02037,"-2050.2,1640.2,(-1640, 1),2050.2"
0202K1F11P2R4,0202,B02,2,2,F11,11,-0.001845183,0.001845184,0.0,-1845.183,-0.019439996465076922,-1640.16263,-2050.20337,1845.184,0.019440007000615385,2050.20437,1640.16363,0.0,0.0,205.02037,-205.02037,"-2050.2,1640.2,(-1640, 1),2050.2"
0202K1F11P3R1,0202,B02,2,2,F11,11,-0.001845183,0.001845184,1e-06,-1845.183,-0.019439996465076922,-1640.16263,-2050.20337,1845.184,0.019440007000615385,2050.20437,1640.16363,1.0,1.0535538461538461e-05,206.02037,-204.02037,"-2050.2,1640.2,(-1640, 1),2050.2"
0202K1F11P3R2,0202,B02,2,2,F11,11,-0.001845183,0.001845184,1e-06,-1845.183,-0.019439996465076922,-1640.16263,-2050.20337,1845.184,0.019440007000615385,2050.20437,1640.16363,1.0,1.0535538461538461e-05,206.02037,-204.02037,"-2050.2,1640.2,(-1640, 1),2050.2"
0202K1F11P3R3,0202,B02,2,2,F11,11,-0.001845183,0.001845184,1e-06,-1845.183,-0.019439996465076922,-1640.16263,-2050.20337,1845.184,0.019440007000615385,2050.20437,1640.16363,1.0,1.0535538461538461e-05,206.02037,-204.02037,"-2050.2,1640.2,(-1640, 1),2050.2"
0202K1F11P3R4,0202,B02,2,2,F11,11,-0.001845183,0.001845184,1e-06,-1845.183,-0.019439996465076922,-1640.16263,-2050.20337,1845.184,0.019440007000615385,2050.20437,1640.16363,1.0,1.0535538461538461e-05,206.02037,-204.02037,"-2050.2,1640.2,(-1640, 1),2050.2"
0202K1F11P4R1,0202,B02,2,2,F11,11,-0.001845183,0.001845184,2e-06,-1845.183,-0.019439996465076922,-1640.16263,-2050.20337,1845.184,0.019440007000615385,2050.20437,1640.16363,2.0,2.1071076923076922e-05,207.02037,-203.02037,"-2050.2,1640.2,(-1640, 1),2050.2"
0202K1F11P4R2,0202,B02,2,2,F11,11,-0.001845183,0.001845184,2e-06,-1845.183,-0.019439996465076922,-1640.16263,-2050.20337,1845.184,0.019440007000615385,2050.20437,1640.16363,2.0,2.1071076923076922e-05,207.02037,-203.02037,"-2050.2,1640.2,(-1640, 1),2050.2"
0202K1F11P4R3,0202,B02,2,2,F11,11,-0.001845183,0.001845184,2e-06,-1845.183,-0.019439996465076922,-1640.16263,-2050.20337,1845.184,0.019440007000615385,2050.20437,1640.16363,2.0,2.1071076923076922e-05,207.02037,-203.02037,"-2050.2,1640.2,(-1640, 1),2050.2"
0202K1F11P4R4,0202,B02,2,2,F11,11,-0.001845183,0.001845184,2e-06,-1845.183,-0.019439996465076922,-1640.16263,-2050.20337,1845.184,0.019440007000615385,2050.20437,1640.16363,2.0,2.1071076923076922e-05,207.02037,-203.02037,"-2050.2,1640.2,(-1640, 1),2050.2"
0202K1F11P5R1,0202,B02,2,2,F11,11,-0.001845183,0.001845184,3e-06,-1845.183,-0.019439996465076922,-1640.16263,-2050.20337,1845.184,0.019440007000615385,2050.20437,1640.16363,3.0,3.1606615384615385e-05,208.02037,-202.02037,"-2050.2,1640.2,(-1640, 1),2050.2"
0202K1F11P5R2,0202,B02,2,2,F11,11,-0.001845183,0.001845184,3e-06,-1845.183,-0.019439996465076922,-1640.16263,-2050.20337,1845.184,0.019440007000615385,2050.20437,1640.16363,3.0,3.1606615384615385e-05,208.02037,-202.02037,"-2050.2,1640.2,(-1640, 1),2050.2"
0202K1F11P5R3,0202,B02,2,2,F11,11,-0.001845183,0.001845184,3e-06,-1845.183,-0.019439996465076922,-1640.16263,-2050.20337,1845.184,0.019440007000615385,2050.20437,1640.16363,3.0,3.1606615384615385e-05,208.02037,-202.02037,"-2050.2,1640.2,(-1640, 1),2050.2"
0202K1F11P5R4,0202,B02,2,2,F11,11,-0.001845183,0.001845184,3e-06,-1845.183,-0.019439996465076922,-1640.16263,-2050.20337,1845.184,0.019440007000615385,2050.20437,1640.16363,3.0,3.1606615384615385e-05,208.02037,-202.02037,"-2050.2,1640.2,(-1640, 1),2050.2"
0202K1F11P6R1,0202,B02,2,2,F11,11,-0.001845183,0.001845184,4e-06,-1845.183,-0.019439996465076922,-1640.16263,-2050.20337,1845.184,0.019440007000615385,2050.20437,1640.16363,4.0,4.2142153846153845e-05,209.02037,-201.02037,"-2050.2,1640.2,(-1640, 1),2050.2"
0202K1F11P6R2,0202,B02,2,2,F11,11,-0.001845183,0.001845184,4e-06,-1845.183,-0.019439996465076922,-1640.16263,-2050.20337,1845.184,0.019440007000615385,2050.20437,1640.16363,4.0,4.2142153846153845e-05,209.02037,-201.02037,"-2050.2,1640.2,(-1640, 1),2050.2"
0202K1F11P6R3,0202,B02,2,2,F11,11,-0.001845183,0.001845184,4e-06,-1845.183,-0.019439996465076922,-1640.16263,-2050.20337,1845.184,0.019440007000615385,2050.20437,1640.16363,4.0,4.2142153846153845e-05,209.02037,-201.02037,"-2050.2,1640.2,(-1640, 1),2050.2"
0202K1F11P6R4,0202,B02,2,2,F11,11,-0.001845183,0.001845184,4e-06,-1845.183,-0.019439996465076922,-1640.16263,-2050.20337,1845.184,0.019440007000615385,2050.20437,1640.16363,4.0,4.2142153846153845e-05,209.02037,-201.02037,"-2050.2,1640.2,(-1640, 1),2050.2"
0202K1F11P7R1,0202,B02,2,2,F11,11,-0.001845183,0.001845184,5e-06,-1845.183,-0.019439996465076922,-1640.16263,-2050.20337,1845.184,0.019440007000615385,2050.20437,1640.16363,5.0,5.267769230769231e-05,210.02037,-200.02037,"-2050.2,1640.2,(-1640, 1),2050.2"
0202K1F11P7R2,0202,B02,2,2,F11,11,-0.001845183,0.001845184,5e-06,-1845.183,-0.019439996465076922,-1640.16263,-2050.20337,1845.184,0.019440007000615385,2050.20437,1640.16363,5.0,5.267769230769231e-05,210.02037,-200.02037,"-2050.2,1640.2,(-1640, 1),2050.2"
0202K1F11P7R3,0202,B02,2,2,F11,11,-0.001845183,0.001845184,5e-06,-1845.183,-0.019439996465076922,-1640.16263,-2050.20337,1845.184,0.019440007000615385,2050.20437,1640.16363,5.0,5.267769230769231e-05,210.02037,-200.02037,"-2050.2,1640.2,(-1640, 1),2050.2"
0202K1F11P7R4,0202,B02,2,2,F11,11,-0.001845183,0.001845184,5e-06,-1845.183,-0.019439996465076922,-1640.16263,-2050.20337,1845.184,0.019440007000615385,2050.20437,1640.16363,5.0,5.267769230769231e-05,210.02037,-200.02037,"-2050.2,1640.2,(-1640, 1),2050.2"
0202K1F12P1R1,0202,B02,2,2,F12,12,-0.001845183,0.001640163,-1e-06,-1845.183,-0.019439996465076922,-1640.16263,-2050.20337,1640.163,0.017280000369692308,1845.18337,1435.14263,-1.0,-1.0535538461538461e-05,204.02037,-206.02037,"-2050.2,1435.1,(-1640, 1),1845.2"
0202K1F12P1R2,0202,B02,2,2,F12,12,-0.001845183,0.001640163,-1e-06,-1845.183,-0.019439996465076922,-1640.16263,-2050.20337,1640.163,0.017280000369692308,1845.18337,1435.14263,-1.0,-1.0535538461538461e-05,204.02037,-206.02037,"-2050.2,1435.1,(-1640, 1),1845.2"
0202K1F12P1R3,0202,B02,2,2,F12,12,-0.001845183,0.001640163,-1e-06,-1845.183,-0.019439996465076922,-1640.16263,-2050.20337,1640.163,0.017280000369692308,1845.18337,1435.14263,-1.0,-1.0535538461538461e-05,204.02037,-206.02037,"-2050.2,1435.1,(-1640, 1),1845.2"
0202K1F12P1R4,0202,B02,2,2,F12,12,-0.001845183,0.001640163,-1e-06,-1845.183,-0.019439996465076922,-1640.16263,-2050.20337,1640.163,0.017280000369692308,1845.18337,1435.14263,-1.0,-1.0535538461538461e-05,204.02037,-206.02037,"-2050.2,1435.1,(-1640, 1),1845.2"
0202K1F12P2R1,0202,B02,2,2,F12,12,-0.001845183,0.001640163,0.0,-1845.183,-0.019439996465076922,-1640.16263,-2050.20337,1640.163,0.017280000369692308,1845.18337,1435.14263,0.0,0.0,205.02037,-205.02037,"-2050.2,1435.1,(-1640, 1),1845.2"
0202K1F12P2R2,0202,B02,2,2,F12,12,-0.001845183,0.001640163,0.0,-1845.183,-0.019439996465076922,-1640.16263,-2050.20337,1640.163,0.017280000369692308,1845.18337,1435.14263,0.0,0.0,205.02037,-205.02037,"-2050.2,1435.1,(-1640, 1),1845.2"
0202K1F12P2R3,0202,B02,2,2,F12,12,-0.001845183,0.001640163,0.0,-1845.183,-0.019439996465076922,-1640.16263,-2050.20337,1640.163,0.017280000369692308,1845.18337,1435.14263,0.0,0.0,205.02037,-205.02037,"-2050.2,1435.1,(-1640, 1),1845.2"
0202K1F12P2R4,0202,B02,2,2,F12,12,-0.001845183,0.001640163,0.0,-1845.183,-0.019439996465076922,-1640.16263,-2050.20337,1640.163,0.017280000369692308,1845.18337,1435.14263,0.0,0.0,205.02037,-205.02037,"-2050.2,1435.1,(-1640, 1),1845.2"
0202K1F12P3R1,0202,B02,2,2,F12,12,-0.001845183,0.001640163,1e-06,-1845.183,-0.019439996465076922,-1640.16263,-2050.20337,1640.163,0.017280000369692308,1845.18337,1435.14263,1.0,1.0535538461538461e-05,206.02037,-204.02037,"-2050.2,1435.1,(-1640, 1),1845.2"
0202K1F12P3R2,0202,B02,2,2,F12,12,-0.001845183,0.001640163,1e-06,-1845.183,-0.019439996465076922,-1640.16263,-2050.20337,1640.163,0.017280000369692308,1845.18337,1435.14263,1.0,1.0535538461538461e-05,206.02037,-204.02037,"-2050.2,1435.1,(-1640, 1),1845.2"
0202K1F12P3R3,0202,B02,2,2,F12,12,-0.001845183,0.001640163,1e-06,-1845.183,-0.019439996465076922,-1640.16263,-2050.20337,1640.163,0.017280000369692308,1845.18337,1435.14263,1.0,1.0535538461538461e-05,206.02037,-204.02037,"-2050.2,1435.1,(-1640, 1),1845.2"
0202K1F12P3R4,0202,B02,2,2,F12,12,-0.001845183,0.001640163,1e-06,-1845.183,-0.019439996465076922,-1640.16263,-2050.20337,1640.163,0.017280000369692308,1845.18337,1435.14263,1.0,1.0535538461538461e-05,206.02037,-204.02037,"-2050.2,1435.1,(-1640, 1),1845.2"
0202K1F12P4R1,0202,B02,2,2,F12,12,-0.001845183,0.001640163,2e-06,-1845.183,-0.019439996465076922,-1640.16263,-2050.20337,1640.163,0.017280000369692308,1845.18337,1435.14263,2.0,2.1071076923076922e-05,207.02037,-203.02037,"-2050.2,1435.1,(-1640, 1),1845.2"
0202K1F12P4R2,0202,B02,2,2,F12,12,-0.001845183,0.001640163,2e-06,-1845.183,-0.019439996465076922,-1640.16263,-2050.20337,1640.163,0.017280000369692308,1845.18337,1435.14263,2.0,2.1071076923076922e-05,207.02037,-203.02037,"-2050.2,1435.1,(-1640, 1),1845.2"
0202K1F12P4R3,0202,B02,2,2,F12,12,-0.001845183,0.001640163,2e-06,-1845.183,-0.019439996465076922,-1640.16263,-2050.20337,1640.163,0.017280000369692308,1845.18337,1435.14263,2.0,2.1071076923076922e-05,207.02037,-203.02037,"-2050.2,1435.1,(-1640, 1),1845.2"
0202K1F12P4R4,0202,B02,2,2,F12,12,-0.001845183,0.001640163,2e-06,-1845.183,-0.019439996465076922,-1640.16263,-2050.20337,1640.163,0.017280000369692308,1845.18337,1435.14263,2.0,2.1071076923076922e-05,207.02037,-203.02037,"-2050.2,1435.1,(-1640, 1),1845.2"
0202K1F12P5R1,0202,B02,2,2,F12,12,-0.001845183,0.001640163,3e-06,-1845.183,-0.019439996465076922,-1640.16263,-2050.20337,1640.163,0.017280000369692308,1845.18337,1435.14263,3.0,3.1606615384615385e-05,208.02037,-202.02037,"-2050.2,1435.1,(-1640, 1),1845.2"
0202K1F12P5R2,0202,B02,2,2,F12,12,-0.001845183,0.001640163,3e-06,-1845.183,-0.019439996465076922,-1640.16263,-2050.20337,1640.163,0.017280000369692308,1845.18337,1435.14263,3.0,3.1606615384615385e-05,208.02037,-202.02037,"-2050.2,1435.1,(-1640, 1),1845.2"
0202K1F12P5R3,0202,B02,2,2,F12,12,-0.001845183,0.001640163,3e-06,-1845.183,-0.019439996465076922,-1640.16263,-2050.20337,1640.163,0.017280000369692308,1845.18337,1435.14263,3.0,3.1606615384615385e-05,208.02037,-202.02037,"-2050.2,1435.1,(-1640, 1),1845.2"
0202K1F12P5R4,0202,B02,2,2,F12,12,-0.001845183,0.001640163,3e-06,-1845.183,-0.019439996465076922,-1640.16263,-2050.20337,1640.163,0.017280000369692308,1845.18337,1435.14263,3.0,3.1606615384615385e-05,208.02037,-202.02037,"-2050.2,1435.1,(-1640, 1),1845.2"
0202K1F12P6R1,0202,B02,2,2,F12,12,-0.001845183,0.001640163,4e-06,-1845.183,-0.019439996465076922,-1640.16263,-2050.20337,1640.163,0.017280000369692308,1845.18337,1435.14263,4.0,4.2142153846153845e-05,209.02037,-201.02037,"-2050.2,1435.1,(-1640, 1),1845.2"
0202K1F12P6R2,0202,B02,2,2,F12,12,-0.001845183,0.001640163,4e-06,-1845.183,-0.019439996465076922,-1640.16263,-2050.20337,1640.163,0.017280000369692308,1845.18337,1435.14263,4.0,4.2142153846153845e-05,209.02037,-201.02037,"-2050.2,1435.1,(-1640, 1),1845.2"
0202K1F12P6R3,0202,B02,2,2,F12,12,-0.001845183,0.001640163,4e-06,-1845.183,-0.019439996465076922,-1640.16263,-2050.20337,1640.163,0.017280000369692308,1845.18337,1435.14263,4.0,4.2142153846153845e-05,209.02037,-201.02037,"-2050.2,1435.1,(-1640, 1),1845.2"
0202K1F12P6R4,0202,B02,2,2,F12,12,-0.001845183,0.001640163,4e-06,-1845.183,-0.019439996465076922,-1640.16263,-2050.20337,1640.163,0.017280000369692308,1845.18337,1435.14263,4.0,4.2142153846153845e-05,209.02037,-201.02037,"-2050.2,1435.1,(-1640, 1),1845.2"
0202K1F12P7R1,0202,B02,2,2,F12,12,-0.001845183,0.001640163,5e-06,-1845.183,-0.019439996465076922,-1640.16263,-2050.20337,1640.163,0.017280000369692308,1845.18337,1435.14263,5.0,5.267769230769231e-05,210.02037,-200.02037,"-2050.2,1435.1,(-1640, 1),1845.2"
0202K1F12P7R2,0202,B02,2,2,F12,12,-0.001845183,0.001640163,5e-06,-1845.183,-0.019439996465076922,-1640.16263,-2050.20337,1640.163,0.017280000369692308,1845.18337,1435.14263,5.0,5.267769230769231e-05,210.02037,-200.02037,"-2050.2,1435.1,(-1640, 1),1845.2"
0202K1F12P7R3,0202,B02,2,2,F12,12,-0.001845183,0.001640163,5e-06,-1845.183,-0.019439996465076922,-1640.16263,-2050.20337,1640.163,0.017280000369692308,1845.18337,1435.14263,5.0,5.267769230769231e-05,210.02037,-200.02037,"-2050.2,1435.1,(-1640, 1),1845.2"
0202K1F12P7R4,0202,B02,2,2,F12,12,-0.001845183,0.001640163,5e-06,-1845.183,-0.019439996465076922,-1640.16263,-2050.20337,1640.163,0.017280000369692308,1845.18337,1435.14263,5.0,5.267769230769231e-05,210.02037,-200.02037,"-2050.2,1435.1,(-1640, 1),1845.2"
0202K1F13P1R1,0202,B02,2,2,F13,13,-0.001640163,0.001640163,-1e-06,-1640.163,-0.017280000369692308,-1435.14263,-1845.18337,1640.163,0.017280000369692308,1845.18337,1435.14263,-1.0,-1.0535538461538461e-05,204.02037,-206.02037,"-1845.2,1435.1,(-1435, 1),1845.2"
0202K1F13P1R2,0202,B02,2,2,F13,13,-0.001640163,0.001640163,-1e-06,-1640.163,-0.017280000369692308,-1435.14263,-1845.18337,1640.163,0.017280000369692308,1845.18337,1435.14263,-1.0,-1.0535538461538461e-05,204.02037,-206.02037,"-1845.2,1435.1,(-1435, 1),1845.2"
0202K1F13P1R3,0202,B02,2,2,F13,13,-0.001640163,0.001640163,-1e-06,-1640.163,-0.017280000369692308,-1435.14263,-1845.18337,1640.163,0.017280000369692308,1845.18337,1435.14263,-1.0,-1.0535538461538461e-05,204.02037,-206.02037,"-1845.2,1435.1,(-1435, 1),1845.2"
0202K1F13P1R4,0202,B02,2,2,F13,13,-0.001640163,0.001640163,-1e-06,-1640.163,-0.017280000369692308,-1435.14263,-1845.18337,1640.163,0.017280000369692308,1845.18337,1435.14263,-1.0,-1.0535538461538461e-05,204.02037,-206.02037,"-1845.2,1435.1,(-1435, 1),1845.2"
0202K1F13P2R1,0202,B02,2,2,F13,13,-0.001640163,0.001640163,0.0,-1640.163,-0.017280000369692308,-1435.14263,-1845.18337,1640.163,0.017280000369692308,1845.18337,1435.14263,0.0,0.0,205.02037,-205.02037,"-1845.2,1435.1,(-1435, 1),1845.2"
0202K1F13P2R2,0202,B02,2,2,F13,13,-0.001640163,0.001640163,0.0,-1640.163,-0.017280000369692308,-1435.14263,-1845.18337,1640.163,0.017280000369692308,1845.18337,1435.14263,0.0,0.0,205.02037,-205.02037,"-1845.2,1435.1,(-1435, 1),1845.2"
0202K1F13P2R3,0202,B02,2,2,F13,13,-0.001640163,0.001640163,0.0,-1640.163,-0.017280000369692308,-1435.14263,-1845.18337,1640.163,0.017280000369692308,1845.18337,1435.14263,0.0,0.0,205.02037,-205.02037,"-1845.2,1435.1,(-1435, 1),1845.2"
0202K1F13P2R4,0202,B02,2,2,F13,13,-0.001640163,0.001640163,0.0,-1640.163,-0.017280000369692308,-1435.14263,-1845.18337,1640.163,0.017280000369692308,1845.18337,1435.14263,0.0,0.0,205.02037,-205.02037,"-1845.2,1435.1,(-1435, 1),1845.2"
0202K1F13P3R1,0202,B02,2,2,F13,13,-0.001640163,0.001640163,1e-06,-1640.163,-0.017280000369692308,-1435.14263,-1845.18337,1640.163,0.017280000369692308,1845.18337,1435.14263,1.0,1.0535538461538461e-05,206.02037,-204.02037,"-1845.2,1435.1,(-1435, 1),1845.2"
0202K1F13P3R2,0202,B02,2,2,F13,13,-0.001640163,0.001640163,1e-06,-1640.163,-0.017280000369692308,-1435.14263,-1845.18337,1640.163,0.017280000369692308,1845.18337,1435.14263,1.0,1.0535538461538461e-05,206.02037,-204.02037,"-1845.2,1435.1,(-1435, 1),1845.2"
0202K1F13P3R3,0202,B02,2,2,F13,13,-0.001640163,0.001640163,1e-06,-1640.163,-0.017280000369692308,-1435.14263,-1845.18337,1640.163,0.017280000369692308,1845.18337,1435.14263,1.0,1.0535538461538461e-05,206.02037,-204.02037,"-1845.2,1435.1,(-1435, 1),1845.2"
0202K1F13P3R4,0202,B02,2,2,F13,13,-0.001640163,0.001640163,1e-06,-1640.163,-0.017280000369692308,-1435.14263,-1845.18337,1640.163,0.017280000369692308,1845.18337,1435.14263,1.0,1.0535538461538461e-05,206.02037,-204.02037,"-1845.2,1435.1,(-1435, 1),1845.2"
0202K1F13P4R1,0202,B02,2,2,F13,13,-0.001640163,0.001640163,2e-06,-1640.163,-0.017280000369692308,-1435.14263,-1845.18337,1640.163,0.017280000369692308,1845.18337,1435.14263,2.0,2.1071076923076922e-05,207.02037,-203.02037,"-1845.2,1435.1,(-1435, 1),1845.2"
0202K1F13P4R2,0202,B02,2,2,F13,13,-0.001640163,0.001640163,2e-06,-1640.163,-0.017280000369692308,-1435.14263,-1845.18337,1640.163,0.017280000369692308,1845.18337,1435.14263,2.0,2.1071076923076922e-05,207.02037,-203.02037,"-1845.2,1435.1,(-1435, 1),1845.2"
0202K1F13P4R3,0202,B02,2,2,F13,13,-0.001640163,0.001640163,2e-06,-1640.163,-0.017280000369692308,-1435.14263,-1845.18337,1640.163,0.017280000369692308,1845.18337,1435.14263,2.0,2.1071076923076922e-05,207.02037,-203.02037,"-1845.2,1435.1,(-1435, 1),1845.2"
0202K1F13P4R4,0202,B02,2,2,F13,13,-0.001640163,0.001640163,2e-06,-1640.163,-0.017280000369692308,-1435.14263,-1845.18337,1640.163,0.017280000369692308,1845.18337,1435.14263,2.0,2.1071076923076922e-05,207.02037,-203.02037,"-1845.2,1435.1,(-1435, 1),1845.2"
0202K1F13P5R1,0202,B02,2,2,F13,13,-0.001640163,0.001640163,3e-06,-1640.163,-0.017280000369692308,-1435.14263,-1845.18337,1640.163,0.017280000369692308,1845.18337,1435.14263,3.0,3.1606615384615385e-05,208.02037,-202.02037,"-1845.2,1435.1,(-1435, 1),1845.2"
0202K1F13P5R2,0202,B02,2,2,F13,13,-0.001640163,0.001640163,3e-06,-1640.163,-0.017280000369692308,-1435.14263,-1845.18337,1640.163,0.017280000369692308,1845.18337,1435.14263,3.0,3.1606615384615385e-05,208.02037,-202.02037,"-1845.2,1435.1,(-1435, 1),1845.2"
0202K1F13P5R3,0202,B02,2,2,F13,13,-0.001640163,0.001640163,3e-06,-1640.163,-0.017280000369692308,-1435.14263,-1845.18337,1640.163,0.017280000369692308,1845.18337,1435.14263,3.0,3.1606615384615385e-05,208.02037,-202.02037,"-1845.2,1435.1,(-1435, 1),1845.2"
0202K1F13P5R4,0202,B02,2,2,F13,13,-0.001640163,0.001640163,3e-06,-1640.163,-0.017280000369692308,-1435.14263,-1845.18337,1640.163,0.017280000369692308,1845.18337,1435.14263,3.0,3.1606615384615385e-05,208.02037,-202.02037,"-1845.2,1435.1,(-1435, 1),1845.2"
0202K1F13P6R1,0202,B02,2,2,F13,13,-0.001640163,0.001640163,4e-06,-1640.163,-0.017280000369692308,-1435.14263,-1845.18337,1640.163,0.017280000369692308,1845.18337,1435.14263,4.0,4.2142153846153845e-05,209.02037,-201.02037,"-1845.2,1435.1,(-1435, 1),1845.2"
0202K1F13P6R2,0202,B02,2,2,F13,13,-0.001640163,0.001640163,4e-06,-1640.163,-0.017280000369692308,-1435.14263,-1845.18337,1640.163,0.017280000369692308,1845.18337,1435.14263,4.0,4.2142153846153845e-05,209.02037,-201.02037,"-1845.2,1435.1,(-1435, 1),1845.2"
0202K1F13P6R3,0202,B02,2,2,F13,13,-0.001640163,0.001640163,4e-06,-1640.163,-0.017280000369692308,-1435.14263,-1845.18337,1640.163,0.017280000369692308,1845.18337,1435.14263,4.0,4.2142153846153845e-05,209.02037,-201.02037,"-1845.2,1435.1,(-1435, 1),1845.2"
0202K1F13P6R4,0202,B02,2,2,F13,13,-0.001640163,0.001640163,4e-06,-1640.163,-0.017280000369692308,-1435.14263,-1845.18337,1640.163,0.017280000369692308,1845.18337,1435.14263,4.0,4.2142153846153845e-05,209.02037,-201.02037,"-1845.2,1435.1,(-1435, 1),1845.2"
0202K1F13P7R1,0202,B02,2,2,F13,13,-0.001640163,0.001640163,5e-06,-1640.163,-0.017280000369692308,-1435.14263,-1845.18337,1640.163,0.017280000369692308,1845.18337,1435.14263,5.0,5.267769230769231e-05,210.02037,-200.02037,"-1845.2,1435.1,(-1435, 1),1845.2"
0202K1F13P7R2,0202,B02,2,2,F13,13,-0.001640163,0.001640163,5e-06,-1640.163,-0.017280000369692308,-1435.14263,-1845.18337,1640.163,0.017280000369692308,1845.18337,1435.14263,5.0,5.267769230769231e-05,210.02037,-200.02037,"-1845.2,1435.1,(-1435, 1),1845.2"
0202K1F13P7R3,0202,B02,2,2,F13,13,-0.001640163,0.001640163,5e-06,-1640.163,-0.017280000369692308,-1435.14263,-1845.18337,1640.163,0.017280000369692308,1845.18337,1435.14263,5.0,5.267769230769231e-05,210.02037,-200.02037,"-1845.2,1435.1,(-1435, 1),1845.2"
0202K1F13P7R4,0202,B02,2,2,F13,13,-0.001640163,0.001640163,5e-06,-1640.163,-0.017280000369692308,-1435.14263,-1845.18337,1640.163,0.017280000369692308,1845.18337,1435.14263,5.0,5.267769230769231e-05,210.02037,-200.02037,"-1845.2,1435.1,(-1435, 1),1845.2"
0202K1F14P1R1,0202,B02,2,2,F14,14,-0.001435143,0.001640163,-1e-06,-1435.143,-0.015120004274307694,-1230.12263,-1640.16337,1640.163,0.017280000369692308,1845.18337,1435.14263,-1.0,-1.0535538461538461e-05,204.02037,-206.02037,"-1640.2,1435.1,(-1230, 1),1845.2"
0202K1F14P1R2,0202,B02,2,2,F14,14,-0.001435143,0.001640163,-1e-06,-1435.143,-0.015120004274307694,-1230.12263,-1640.16337,1640.163,0.017280000369692308,1845.18337,1435.14263,-1.0,-1.0535538461538461e-05,204.02037,-206.02037,"-1640.2,1435.1,(-1230, 1),1845.2"
0202K1F14P1R3,0202,B02,2,2,F14,14,-0.001435143,0.001640163,-1e-06,-1435.143,-0.015120004274307694,-1230.12263,-1640.16337,1640.163,0.017280000369692308,1845.18337,1435.14263,-1.0,-1.0535538461538461e-05,204.02037,-206.02037,"-1640.2,1435.1,(-1230, 1),1845.2"
0202K1F14P1R4,0202,B02,2,2,F14,14,-0.001435143,0.001640163,-1e-06,-1435.143,-0.015120004274307694,-1230.12263,-1640.16337,1640.163,0.017280000369692308,1845.18337,1435.14263,-1.0,-1.0535538461538461e-05,204.02037,-206.02037,"-1640.2,1435.1,(-1230, 1),1845.2"
0202K1F14P2R1,0202,B02,2,2,F14,14,-0.001435143,0.001640163,0.0,-1435.143,-0.015120004274307694,-1230.12263,-1640.16337,1640.163,0.017280000369692308,1845.18337,1435.14263,0.0,0.0,205.02037,-205.02037,"-1640.2,1435.1,(-1230, 1),1845.2"
0202K1F14P2R2,0202,B02,2,2,F14,14,-0.001435143,0.001640163,0.0,-1435.143,-0.015120004274307694,-1230.12263,-1640.16337,1640.163,0.017280000369692308,1845.18337,1435.14263,0.0,0.0,205.02037,-205.02037,"-1640.2,1435.1,(-1230, 1),1845.2"
0202K1F14P2R3,0202,B02,2,2,F14,14,-0.001435143,0.001640163,0.0,-1435.143,-0.015120004274307694,-1230.12263,-1640.16337,1640.163,0.017280000369692308,1845.18337,1435.14263,0.0,0.0,205.02037,-205.02037,"-1640.2,1435.1,(-1230, 1),1845.2"
0202K1F14P2R4,0202,B02,2,2,F14,14,-0.001435143,0.001640163,0.0,-1435.143,-0.015120004274307694,-1230.12263,-1640.16337,1640.163,0.017280000369692308,1845.18337,1435.14263,0.0,0.0,205.02037,-205.02037,"-1640.2,1435.1,(-1230, 1),1845.2"
0202K1F14P3R1,0202,B02,2,2,F14,14,-0.001435143,0.001640163,1e-06,-1435.143,-0.015120004274307694,-1230.12263,-1640.16337,1640.163,0.017280000369692308,1845.18337,1435.14263,1.0,1.0535538461538461e-05,206.02037,-204.02037,"-1640.2,1435.1,(-1230, 1),1845.2"
0202K1F14P3R2,0202,B02,2,2,F14,14,-0.001435143,0.001640163,1e-06,-1435.143,-0.015120004274307694,-1230.12263,-1640.16337,1640.163,0.017280000369692308,1845.18337,1435.14263,1.0,1.0535538461538461e-05,206.02037,-204.02037,"-1640.2,1435.1,(-1230, 1),1845.2"
0202K1F14P3R3,0202,B02,2,2,F14,14,-0.001435143,0.001640163,1e-06,-1435.143,-0.015120004274307694,-1230.12263,-1640.16337,1640.163,0.017280000369692308,1845.18337,1435.14263,1.0,1.0535538461538461e-05,206.02037,-204.02037,"-1640.2,1435.1,(-1230, 1),1845.2"
0202K1F14P3R4,0202,B02,2,2,F14,14,-0.001435143,0.001640163,1e-06,-1435.143,-0.015120004274307694,-1230.12263,-1640.16337,1640.163,0.017280000369692308,1845.18337,1435.14263,1.0,1.0535538461538461e-05,206.02037,-204.02037,"-1640.2,1435.1,(-1230, 1),1845.2"
0202K1F14P4R1,0202,B02,2,2,F14,14,-0.001435143,0.001640163,2e-06,-1435.143,-0.015120004274307694,-1230.12263,-1640.16337,1640.163,0.017280000369692308,1845.18337,1435.14263,2.0,2.1071076923076922e-05,207.02037,-203.02037,"-1640.2,1435.1,(-1230, 1),1845.2"
0202K1F14P4R2,0202,B02,2,2,F14,14,-0.001435143,0.001640163,2e-06,-1435.143,-0.015120004274307694,-1230.12263,-1640.16337,1640.163,0.017280000369692308,1845.18337,1435.14263,2.0,2.1071076923076922e-05,207.02037,-203.02037,"-1640.2,1435.1,(-1230, 1),1845.2"
0202K1F14P4R3,0202,B02,2,2,F14,14,-0.001435143,0.001640163,2e-06,-1435.143,-0.015120004274307694,-1230.12263,-1640.16337,1640.163,0.017280000369692308,1845.18337,1435.14263,2.0,2.1071076923076922e-05,207.02037,-203.02037,"-1640.2,1435.1,(-1230, 1),1845.2"
0202K1F14P4R4,0202,B02,2,2,F14,14,-0.001435143,0.001640163,2e-06,-1435.143,-0.015120004274307694,-1230.12263,-1640.16337,1640.163,0.017280000369692308,1845.18337,1435.14263,2.0,2.1071076923076922e-05,207.02037,-203.02037,"-1640.2,1435.1,(-1230, 1),1845.2"
0202K1F14P5R1,0202,B02,2,2,F14,14,-0.001435143,0.001640163,3e-06,-1435.143,-0.015120004274307694,-1230.12263,-1640.16337,1640.163,0.017280000369692308,1845.18337,1435.14263,3.0,3.1606615384615385e-05,208.02037,-202.02037,"-1640.2,1435.1,(-1230, 1),1845.2"
0202K1F14P5R2,0202,B02,2,2,F14,14,-0.001435143,0.001640163,3e-06,-1435.143,-0.015120004274307694,-1230.12263,-1640.16337,1640.163,0.017280000369692308,1845.18337,1435.14263,3.0,3.1606615384615385e-05,208.02037,-202.02037,"-1640.2,1435.1,(-1230, 1),1845.2"
0202K1F14P5R3,0202,B02,2,2,F14,14,-0.001435143,0.001640163,3e-06,-1435.143,-0.015120004274307694,-1230.12263,-1640.16337,1640.163,0.017280000369692308,1845.18337,1435.14263,3.0,3.1606615384615385e-05,208.02037,-202.02037,"-1640.2,1435.1,(-1230, 1),1845.2"
0202K1F14P5R4,0202,B02,2,2,F14,14,-0.001435143,0.001640163,3e-06,-1435.143,-0.015120004274307694,-1230.12263,-1640.16337,1640.163,0.017280000369692308,1845.18337,1435.14263,3.0,3.1606615384615385e-05,208.02037,-202.02037,"-1640.2,1435.1,(-1230, 1),1845.2"
0202K1F14P6R1,0202,B02,2,2,F14,14,-0.001435143,0.001640163,4e-06,-1435.143,-0.015120004274307694,-1230.12263,-1640.16337,1640.163,0.017280000369692308,1845.18337,1435.14263,4.0,4.2142153846153845e-05,209.02037,-201.02037,"-1640.2,1435.1,(-1230, 1),1845.2"
0202K1F14P6R2,0202,B02,2,2,F14,14,-0.001435143,0.001640163,4e-06,-1435.143,-0.015120004274307694,-1230.12263,-1640.16337,1640.163,0.017280000369692308,1845.18337,1435.14263,4.0,4.2142153846153845e-05,209.02037,-201.02037,"-1640.2,1435.1,(-1230, 1),1845.2"
0202K1F14P6R3,0202,B02,2,2,F14,14,-0.001435143,0.001640163,4e-06,-1435.143,-0.015120004274307694,-1230.12263,-1640.16337,1640.163,0.017280000369692308,1845.18337,1435.14263,4.0,4.2142153846153845e-05,209.02037,-201.02037,"-1640.2,1435.1,(-1230, 1),1845.2"
0202K1F14P6R4,0202,B02,2,2,F14,14,-0.001435143,0.001640163,4e-06,-1435.143,-0.015120004274307694,-1230.12263,-1640.16337,1640.163,0.017280000369692308,1845.18337,1435.14263,4.0,4.2142153846153845e-05,209.02037,-201.02037,"-1640.2,1435.1,(-1230, 1),1845.2"
0202K1F14P7R1,0202,B02,2,2,F14,14,-0.001435143,0.001640163,5e-06,-1435.143,-0.015120004274307694,-1230.12263,-1640.16337,1640.163,0.017280000369692308,1845.18337,1435.14263,5.0,5.267769230769231e-05,210.02037,-200.02037,"-1640.2,1435.1,(-1230, 1),1845.2"
0202K1F14P7R2,0202,B02,2,2,F14,14,-0.001435143,0.001640163,5e-06,-1435.143,-0.015120004274307694,-1230.12263,-1640.16337,1640.163,0.017280000369692308,1845.18337,1435.14263,5.0,5.267769230769231e-05,210.02037,-200.02037,"-1640.2,1435.1,(-1230, 1),1845.2"
0202K1F14P7R3,0202,B02,2,2,F14,14,-0.001435143,0.001640163,5e-06,-1435.143,-0.015120004274307694,-1230.12263,-1640.16337,1640.163,0.017280000369692308,1845.18337,1435.14263,5.0,5.267769230769231e-05,210.02037,-200.02037,"-1640.2,1435.1,(-1230, 1),1845.2"
0202K1F14P7R4,0202,B02,2,2,F14,14,-0.001435143,0.001640163,5e-06,-1435.143,-0.015120004274307694,-1230.12263,-1640.16337,1640.163,0.017280000369692308,1845.18337,1435.14263,5.0,5.267769230769231e-05,210.02037,-200.02037,"-1640.2,1435.1,(-1230, 1),1845.2"
0202K1F15P1R1,0202,B02,2,2,F15,15,-0.001230122,0.001640163,-1e-06,-1230.122,-0.012959997643384616,-1025.10163,-1435.14237,1640.163,0.017280000369692308,1845.18337,1435.14263,-1.0,-1.0535538461538461e-05,204.02037,-206.02037,"-1435.1,1435.1,(-1025, 1),1845.2"
0202K1F15P1R2,0202,B02,2,2,F15,15,-0.001230122,0.001640163,-1e-06,-1230.122,-0.012959997643384616,-1025.10163,-1435.14237,1640.163,0.017280000369692308,1845.18337,1435.14263,-1.0,-1.0535538461538461e-05,204.02037,-206.02037,"-1435.1,1435.1,(-1025, 1),1845.2"
0202K1F15P1R3,0202,B02,2,2,F15,15,-0.001230122,0.001640163,-1e-06,-1230.122,-0.012959997643384616,-1025.10163,-1435.14237,1640.163,0.017280000369692308,1845.18337,1435.14263,-1.0,-1.0535538461538461e-05,204.02037,-206.02037,"-1435.1,1435.1,(-1025, 1),1845.2"
0202K1F15P1R4,0202,B02,2,2,F15,15,-0.001230122,0.001640163,-1e-06,-1230.122,-0.012959997643384616,-1025.10163,-1435.14237,1640.163,0.017280000369692308,1845.18337,1435.14263,-1.0,-1.0535538461538461e-05,204.02037,-206.02037,"-1435.1,1435.1,(-1025, 1),1845.2"
0202K1F15P2R1,0202,B02,2,2,F15,15,-0.001230122,0.001640163,0.0,-1230.122,-0.012959997643384616,-1025.10163,-1435.14237,1640.163,0.017280000369692308,1845.18337,1435.14263,0.0,0.0,205.02037,-205.02037,"-1435.1,1435.1,(-1025, 1),1845.2"
0202K1F15P2R2,0202,B02,2,2,F15,15,-0.001230122,0.001640163,0.0,-1230.122,-0.012959997643384616,-1025.10163,-1435.14237,1640.163,0.017280000369692308,1845.18337,1435.14263,0.0,0.0,205.02037,-205.02037,"-1435.1,1435.1,(-1025, 1),1845.2"
0202K1F15P2R3,0202,B02,2,2,F15,15,-0.001230122,0.001640163,0.0,-1230.122,-0.012959997643384616,-1025.10163,-1435.14237,1640.163,0.017280000369692308,1845.18337,1435.14263,0.0,0.0,205.02037,-205.02037,"-1435.1,1435.1,(-1025, 1),1845.2"
0202K1F15P2R4,0202,B02,2,2,F15,15,-0.001230122,0.001640163,0.0,-1230.122,-0.012959997643384616,-1025.10163,-1435.14237,1640.163,0.017280000369692308,1845.18337,1435.14263,0.0,0.0,205.02037,-205.02037,"-1435.1,1435.1,(-1025, 1),1845.2"
0202K1F15P3R1,0202,B02,2,2,F15,15,-0.001230122,0.001640163,1e-06,-1230.122,-0.012959997643384616,-1025.10163,-1435.14237,1640.163,0.017280000369692308,1845.18337,1435.14263,1.0,1.0535538461538461e-05,206.02037,-204.02037,"-1435.1,1435.1,(-1025, 1),1845.2"
0202K1F15P3R2,0202,B02,2,2,F15,15,-0.001230122,0.001640163,1e-06,-1230.122,-0.012959997643384616,-1025.10163,-1435.14237,1640.163,0.017280000369692308,1845.18337,1435.14263,1.0,1.0535538461538461e-05,206.02037,-204.02037,"-1435.1,1435.1,(-1025, 1),1845.2"
0202K1F15P3R3,0202,B02,2,2,F15,15,-0.001230122,0.001640163,1e-06,-1230.122,-0.012959997643384616,-1025.10163,-1435.14237,1640.163,0.017280000369692308,1845.18337,1435.14263,1.0,1.0535538461538461e-05,206.02037,-204.02037,"-1435.1,1435.1,(-1025, 1),1845.2"
0202K1F15P3R4,0202,B02,2,2,F15,15,-0.001230122,0.001640163,1e-06,-1230.122,-0.012959997643384616,-1025.10163,-1435.14237,1640.163,0.017280000369692308,1845.18337,1435.14263,1.0,1.0535538461538461e-05,206.02037,-204.02037,"-1435.1,1435.1,(-1025, 1),1845.2"
0202K1F15P4R1,0202,B02,2,2,F15,15,-0.001230122,0.001640163,2e-06,-1230.122,-0.012959997643384616,-1025.10163,-1435.14237,1640.163,0.017280000369692308,1845.18337,1435.14263,2.0,2.1071076923076922e-05,207.02037,-203.02037,"-1435.1,1435.1,(-1025, 1),1845.2"
0202K1F15P4R2,0202,B02,2,2,F15,15,-0.001230122,0.001640163,2e-06,-1230.122,-0.012959997643384616,-1025.10163,-1435.14237,1640.163,0.017280000369692308,1845.18337,1435.14263,2.0,2.1071076923076922e-05,207.02037,-203.02037,"-1435.1,1435.1,(-1025, 1),1845.2"
0202K1F15P4R3,0202,B02,2,2,F15,15,-0.001230122,0.001640163,2e-06,-1230.122,-0.012959997643384616,-1025.10163,-1435.14237,1640.163,0.017280000369692308,1845.18337,1435.14263,2.0,2.1071076923076922e-05,207.02037,-203.02037,"-1435.1,1435.1,(-1025, 1),1845.2"
0202K1F15P4R4,0202,B02,2,2,F15,15,-0.001230122,0.001640163,2e-06,-1230.122,-0.012959997643384616,-1025.10163,-1435.14237,1640.163,0.017280000369692308,1845.18337,1435.14263,2.0,2.1071076923076922e-05,207.02037,-203.02037,"-1435.1,1435.1,(-1025, 1),1845.2"
0202K1F15P5R1,0202,B02,2,2,F15,15,-0.001230122,0.001640163,3e-06,-1230.122,-0.012959997643384616,-1025.10163,-1435.14237,1640.163,0.017280000369692308,1845.18337,1435.14263,3.0,3.1606615384615385e-05,208.02037,-202.02037,"-1435.1,1435.1,(-1025, 1),1845.2"
0202K1F15P5R2,0202,B02,2,2,F15,15,-0.001230122,0.001640163,3e-06,-1230.122,-0.012959997643384616,-1025.10163,-1435.14237,1640.163,0.017280000369692308,1845.18337,1435.14263,3.0,3.1606615384615385e-05,208.02037,-202.02037,"-1435.1,1435.1,(-1025, 1),1845.2"
0202K1F15P5R3,0202,B02,2,2,F15,15,-0.001230122,0.001640163,3e-06,-1230.122,-0.012959997643384616,-1025.10163,-1435.14237,1640.163,0.017280000369692308,1845.18337,1435.14263,3.0,3.1606615384615385e-05,208.02037,-202.02037,"-1435.1,1435.1,(-1025, 1),1845.2"
0202K1F15P5R4,0202,B02,2,2,F15,15,-0.001230122,0.001640163,3e-06,-1230.122,-0.012959997643384616,-1025.10163,-1435.14237,1640.163,0.017280000369692308,1845.18337,1435.14263,3.0,3.1606615384615385e-05,208.02037,-202.02037,"-1435.1,1435.1,(-1025, 1),1845.2"
0202K1F15P6R1,0202,B02,2,2,F15,15,-0.001230122,0.001640163,4e-06,-1230.122,-0.012959997643384616,-1025.10163,-1435.14237,1640.163,0.017280000369692308,1845.18337,1435.14263,4.0,4.2142153846153845e-05,209.02037,-201.02037,"-1435.1,1435.1,(-1025, 1),1845.2"
0202K1F15P6R2,0202,B02,2,2,F15,15,-0.001230122,0.001640163,4e-06,-1230.122,-0.012959997643384616,-1025.10163,-1435.14237,1640.163,0.017280000369692308,1845.18337,1435.14263,4.0,4.2142153846153845e-05,209.02037,-201.02037,"-1435.1,1435.1,(-1025, 1),1845.2"
0202K1F15P6R3,0202,B02,2,2,F15,15,-0.001230122,0.001640163,4e-06,-1230.122,-0.012959997643384616,-1025.10163,-1435.14237,1640.163,0.017280000369692308,1845.18337,1435.14263,4.0,4.2142153846153845e-05,209.02037,-201.02037,"-1435.1,1435.1,(-1025, 1),1845.2"
0202K1F15P6R4,0202,B02,2,2,F15,15,-0.001230122,0.001640163,4e-06,-1230.122,-0.012959997643384616,-1025.10163,-1435.14237,1640.163,0.017280000369692308,1845.18337,1435.14263,4.0,4.2142153846153845e-05,209.02037,-201.02037,"-1435.1,1435.1,(-1025, 1),1845.2"
0202K1F15P7R1,0202,B02,2,2,F15,15,-0.001230122,0.001640163,5e-06,-1230.122,-0.012959997643384616,-1025.10163,-1435.14237,1640.163,0.017280000369692308,1845.18337,1435.14263,5.0,5.267769230769231e-05,210.02037,-200.02037,"-1435.1,1435.1,(-1025, 1),1845.2"
0202K1F15P7R2,0202,B02,2,2,F15,15,-0.001230122,0.001640163,5e-06,-1230.122,-0.012959997643384616,-1025.10163,-1435.14237,1640.163,0.017280000369692308,1845.18337,1435.14263,5.0,5.267769230769231e-05,210.02037,-200.02037,"-1435.1,1435.1,(-1025, 1),1845.2"
0202K1F15P7R3,0202,B02,2,2,F15,15,-0.001230122,0.001640163,5e-06,-1230.122,-0.012959997643384616,-1025.10163,-1435.14237,1640.163,0.017280000369692308,1845.18337,1435.14263,5.0,5.267769230769231e-05,210.02037,-200.02037,"-1435.1,1435.1,(-1025, 1),1845.2"
0202K1F15P7R4,0202,B02,2,2,F15,15,-0.001230122,0.001640163,5e-06,-1230.122,-0.012959997643384616,-1025.10163,-1435.14237,1640.163,0.017280000369692308,1845.18337,1435.14263,5.0,5.267769230769231e-05,210.02037,-200.02037,"-1435.1,1435.1,(-1025, 1),1845.2"
0202K1F16P1R1,0202,B02,2,2,F16,16,-0.001025102,0.001640163,-1e-06,-1025.102,-0.010800001548,-820.08163,-1230.12237,1640.163,0.017280000369692308,1845.18337,1435.14263,-1.0,-1.0535538461538461e-05,204.02037,-206.02037,"-1230.1,1435.1,(-820, 1),1845.2"
0202K1F16P1R2,0202,B02,2,2,F16,16,-0.001025102,0.001640163,-1e-06,-1025.102,-0.010800001548,-820.08163,-1230.12237,1640.163,0.017280000369692308,1845.18337,1435.14263,-1.0,-1.0535538461538461e-05,204.02037,-206.02037,"-1230.1,1435.1,(-820, 1),1845.2"
0202K1F16P1R3,0202,B02,2,2,F16,16,-0.001025102,0.001640163,-1e-06,-1025.102,-0.010800001548,-820.08163,-1230.12237,1640.163,0.017280000369692308,1845.18337,1435.14263,-1.0,-1.0535538461538461e-05,204.02037,-206.02037,"-1230.1,1435.1,(-820, 1),1845.2"
0202K1F16P1R4,0202,B02,2,2,F16,16,-0.001025102,0.001640163,-1e-06,-1025.102,-0.010800001548,-820.08163,-1230.12237,1640.163,0.017280000369692308,1845.18337,1435.14263,-1.0,-1.0535538461538461e-05,204.02037,-206.02037,"-1230.1,1435.1,(-820, 1),1845.2"
0202K1F16P2R1,0202,B02,2,2,F16,16,-0.001025102,0.001640163,0.0,-1025.102,-0.010800001548,-820.08163,-1230.12237,1640.163,0.017280000369692308,1845.18337,1435.14263,0.0,0.0,205.02037,-205.02037,"-1230.1,1435.1,(-820, 1),1845.2"
0202K1F16P2R2,0202,B02,2,2,F16,16,-0.001025102,0.001640163,0.0,-1025.102,-0.010800001548,-820.08163,-1230.12237,1640.163,0.017280000369692308,1845.18337,1435.14263,0.0,0.0,205.02037,-205.02037,"-1230.1,1435.1,(-820, 1),1845.2"
0202K1F16P2R3,0202,B02,2,2,F16,16,-0.001025102,0.001640163,0.0,-1025.102,-0.010800001548,-820.08163,-1230.12237,1640.163,0.017280000369692308,1845.18337,1435.14263,0.0,0.0,205.02037,-205.02037,"-1230.1,1435.1,(-820, 1),1845.2"
0202K1F16P2R4,0202,B02,2,2,F16,16,-0.001025102,0.001640163,0.0,-1025.102,-0.010800001548,-820.08163,-1230.12237,1640.163,0.017280000369692308,1845.18337,1435.14263,0.0,0.0,205.02037,-205.02037,"-1230.1,1435.1,(-820, 1),1845.2"
0202K1F16P3R1,0202,B02,2,2,F16,16,-0.001025102,0.001640163,1e-06,-1025.102,-0.010800001548,-820.08163,-1230.12237,1640.163,0.017280000369692308,1845.18337,1435.14263,1.0,1.0535538461538461e-05,206.02037,-204.02037,"-1230.1,1435.1,(-820, 1),1845.2"
0202K1F16P3R2,0202,B02,2,2,F16,16,-0.001025102,0.001640163,1e-06,-1025.102,-0.010800001548,-820.08163,-1230.12237,1640.163,0.017280000369692308,1845.18337,1435.14263,1.0,1.0535538461538461e-05,206.02037,-204.02037,"-1230.1,1435.1,(-820, 1),1845.2"
0202K1F16P3R3,0202,B02,2,2,F16,16,-0.001025102,0.001640163,1e-06,-1025.102,-0.010800001548,-820.08163,-1230.12237,1640.163,0.017280000369692308,1845.18337,1435.14263,1.0,1.0535538461538461e-05,206.02037,-204.02037,"-1230.1,1435.1,(-820, 1),1845.2"
0202K1F16P3R4,0202,B02,2,2,F16,16,-0.001025102,0.001640163,1e-06,-1025.102,-0.010800001548,-820.08163,-1230.12237,1640.163,0.017280000369692308,1845.18337,1435.14263,1.0,1.0535538461538461e-05,206.02037,-204.02037,"-1230.1,1435.1,(-820, 1),1845.2"
0202K1F16P4R1,0202,B02,2,2,F16,16,-0.001025102,0.001640163,2e-06,-1025.102,-0.010800001548,-820.08163,-1230.12237,1640.163,0.017280000369692308,1845.18337,1435.14263,2.0,2.1071076923076922e-05,207.02037,-203.02037,"-1230.1,1435.1,(-820, 1),1845.2"
0202K1F16P4R2,0202,B02,2,2,F16,16,-0.001025102,0.001640163,2e-06,-1025.102,-0.010800001548,-820.08163,-1230.12237,1640.163,0.017280000369692308,1845.18337,1435.14263,2.0,2.1071076923076922e-05,207.02037,-203.02037,"-1230.1,1435.1,(-820, 1),1845.2"
0202K1F16P4R3,0202,B02,2,2,F16,16,-0.001025102,0.001640163,2e-06,-1025.102,-0.010800001548,-820.08163,-1230.12237,1640.163,0.017280000369692308,1845.18337,1435.14263,2.0,2.1071076923076922e-05,207.02037,-203.02037,"-1230.1,1435.1,(-820, 1),1845.2"
0202K1F16P4R4,0202,B02,2,2,F16,16,-0.001025102,0.001640163,2e-06,-1025.102,-0.010800001548,-820.08163,-1230.12237,1640.163,0.017280000369692308,1845.18337,1435.14263,2.0,2.1071076923076922e-05,207.02037,-203.02037,"-1230.1,1435.1,(-820, 1),1845.2"
0202K1F16P5R1,0202,B02,2,2,F16,16,-0.001025102,0.001640163,3e-06,-1025.102,-0.010800001548,-820.08163,-1230.12237,1640.163,0.017280000369692308,1845.18337,1435.14263,3.0,3.1606615384615385e-05,208.02037,-202.02037,"-1230.1,1435.1,(-820, 1),1845.2"
0202K1F16P5R2,0202,B02,2,2,F16,16,-0.001025102,0.001640163,3e-06,-1025.102,-0.010800001548,-820.08163,-1230.12237,1640.163,0.017280000369692308,1845.18337,1435.14263,3.0,3.1606615384615385e-05,208.02037,-202.02037,"-1230.1,1435.1,(-820, 1),1845.2"
0202K1F16P5R3,0202,B02,2,2,F16,16,-0.001025102,0.001640163,3e-06,-1025.102,-0.010800001548,-820.08163,-1230.12237,1640.163,0.017280000369692308,1845.18337,1435.14263,3.0,3.1606615384615385e-05,208.02037,-202.02037,"-1230.1,1435.1,(-820, 1),1845.2"
0202K1F16P5R4,0202,B02,2,2,F16,16,-0.001025102,0.001640163,3e-06,-1025.102,-0.010800001548,-820.08163,-1230.12237,1640.163,0.017280000369692308,1845.18337,1435.14263,3.0,3.1606615384615385e-05,208.02037,-202.02037,"-1230.1,1435.1,(-820, 1),1845.2"
0202K1F16P6R1,0202,B02,2,2,F16,16,-0.001025102,0.001640163,4e-06,-1025.102,-0.010800001548,-820.08163,-1230.12237,1640.163,0.017280000369692308,1845.18337,1435.14263,4.0,4.2142153846153845e-05,209.02037,-201.02037,"-1230.1,1435.1,(-820, 1),1845.2"
0202K1F16P6R2,0202,B02,2,2,F16,16,-0.001025102,0.001640163,4e-06,-1025.102,-0.010800001548,-820.08163,-1230.12237,1640.163,0.017280000369692308,1845.18337,1435.14263,4.0,4.2142153846153845e-05,209.02037,-201.02037,"-1230.1,1435.1,(-820, 1),1845.2"
0202K1F16P6R3,0202,B02,2,2,F16,16,-0.001025102,0.001640163,4e-06,-1025.102,-0.010800001548,-820.08163,-1230.12237,1640.163,0.017280000369692308,1845.18337,1435.14263,4.0,4.2142153846153845e-05,209.02037,-201.02037,"-1230.1,1435.1,(-820, 1),1845.2"
0202K1F16P6R4,0202,B02,2,2,F16,16,-0.001025102,0.001640163,4e-06,-1025.102,-0.010800001548,-820.08163,-1230.12237,1640.163,0.017280000369692308,1845.18337,1435.14263,4.0,4.2142153846153845e-05,209.02037,-201.02037,"-1230.1,1435.1,(-820, 1),1845.2"
0202K1F16P7R1,0202,B02,2,2,F16,16,-0.001025102,0.001640163,5e-06,-1025.102,-0.010800001548,-820.08163,-1230.12237,1640.163,0.017280000369692308,1845.18337,1435.14263,5.0,5.267769230769231e-05,210.02037,-200.02037,"-1230.1,1435.1,(-820, 1),1845.2"
0202K1F16P7R2,0202,B02,2,2,F16,16,-0.001025102,0.001640163,5e-06,-1025.102,-0.010800001548,-820.08163,-1230.12237,1640.163,0.017280000369692308,1845.18337,1435.14263,5.0,5.267769230769231e-05,210.02037,-200.02037,"-1230.1,1435.1,(-820, 1),1845.2"
0202K1F16P7R3,0202,B02,2,2,F16,16,-0.001025102,0.001640163,5e-06,-1025.102,-0.010800001548,-820.08163,-1230.12237,1640.163,0.017280000369692308,1845.18337,1435.14263,5.0,5.267769230769231e-05,210.02037,-200.02037,"-1230.1,1435.1,(-820, 1),1845.2"
0202K1F16P7R4,0202,B02,2,2,F16,16,-0.001025102,0.001640163,5e-06,-1025.102,-0.010800001548,-820.08163,-1230.12237,1640.163,0.017280000369692308,1845.18337,1435.14263,5.0,5.267769230769231e-05,210.02037,-200.02037,"-1230.1,1435.1,(-820, 1),1845.2"
0202K1F17P1R1,0202,B02,2,2,F17,17,-0.001025102,0.001435143,-1e-06,-1025.102,-0.010800001548,-820.08163,-1230.12237,1435.143,0.015120004274307694,1640.16337,1230.12263,-1.0,-1.0535538461538461e-05,204.02037,-206.02037,"-1230.1,1230.1,(-820, 1),1640.2"
0202K1F17P1R2,0202,B02,2,2,F17,17,-0.001025102,0.001435143,-1e-06,-1025.102,-0.010800001548,-820.08163,-1230.12237,1435.143,0.015120004274307694,1640.16337,1230.12263,-1.0,-1.0535538461538461e-05,204.02037,-206.02037,"-1230.1,1230.1,(-820, 1),1640.2"
0202K1F17P1R3,0202,B02,2,2,F17,17,-0.001025102,0.001435143,-1e-06,-1025.102,-0.010800001548,-820.08163,-1230.12237,1435.143,0.015120004274307694,1640.16337,1230.12263,-1.0,-1.0535538461538461e-05,204.02037,-206.02037,"-1230.1,1230.1,(-820, 1),1640.2"
0202K1F17P1R4,0202,B02,2,2,F17,17,-0.001025102,0.001435143,-1e-06,-1025.102,-0.010800001548,-820.08163,-1230.12237,1435.143,0.015120004274307694,1640.16337,1230.12263,-1.0,-1.0535538461538461e-05,204.02037,-206.02037,"-1230.1,1230.1,(-820, 1),1640.2"
0202K1F17P2R1,0202,B02,2,2,F17,17,-0.001025102,0.001435143,0.0,-1025.102,-0.010800001548,-820.08163,-1230.12237,1435.143,0.015120004274307694,1640.16337,1230.12263,0.0,0.0,205.02037,-205.02037,"-1230.1,1230.1,(-820, 1),1640.2"
0202K1F17P2R2,0202,B02,2,2,F17,17,-0.001025102,0.001435143,0.0,-1025.102,-0.010800001548,-820.08163,-1230.12237,1435.143,0.015120004274307694,1640.16337,1230.12263,0.0,0.0,205.02037,-205.02037,"-1230.1,1230.1,(-820, 1),1640.2"
0202K1F17P2R3,0202,B02,2,2,F17,17,-0.001025102,0.001435143,0.0,-1025.102,-0.010800001548,-820.08163,-1230.12237,1435.143,0.015120004274307694,1640.16337,1230.12263,0.0,0.0,205.02037,-205.02037,"-1230.1,1230.1,(-820, 1),1640.2"
0202K1F17P2R4,0202,B02,2,2,F17,17,-0.001025102,0.001435143,0.0,-1025.102,-0.010800001548,-820.08163,-1230.12237,1435.143,0.015120004274307694,1640.16337,1230.12263,0.0,0.0,205.02037,-205.02037,"-1230.1,1230.1,(-820, 1),1640.2"
0202K1F17P3R1,0202,B02,2,2,F17,17,-0.001025102,0.001435143,1e-06,-1025.102,-0.010800001548,-820.08163,-1230.12237,1435.143,0.015120004274307694,1640.16337,1230.12263,1.0,1.0535538461538461e-05,206.02037,-204.02037,"-1230.1,1230.1,(-820, 1),1640.2"
0202K1F17P3R2,0202,B02,2,2,F17,17,-0.001025102,0.001435143,1e-06,-1025.102,-0.010800001548,-820.08163,-1230.12237,1435.143,0.015120004274307694,1640.16337,1230.12263,1.0,1.0535538461538461e-05,206.02037,-204.02037,"-1230.1,1230.1,(-820, 1),1640.2"
0202K1F17P3R3,0202,B02,2,2,F17,17,-0.001025102,0.001435143,1e-06,-1025.102,-0.010800001548,-820.08163,-1230.12237,1435.143,0.015120004274307694,1640.16337,1230.12263,1.0,1.0535538461538461e-05,206.02037,-204.02037,"-1230.1,1230.1,(-820, 1),1640.2"
0202K1F17P3R4,0202,B02,2,2,F17,17,-0.001025102,0.001435143,1e-06,-1025.102,-0.010800001548,-820.08163,-1230.12237,1435.143,0.015120004274307694,1640.16337,1230.12263,1.0,1.0535538461538461e-05,206.02037,-204.02037,"-1230.1,1230.1,(-820, 1),1640.2"
0202K1F17P4R1,0202,B02,2,2,F17,17,-0.001025102,0.001435143,2e-06,-1025.102,-0.010800001548,-820.08163,-1230.12237,1435.143,0.015120004274307694,1640.16337,1230.12263,2.0,2.1071076923076922e-05,207.02037,-203.02037,"-1230.1,1230.1,(-820, 1),1640.2"
0202K1F17P4R2,0202,B02,2,2,F17,17,-0.001025102,0.001435143,2e-06,-1025.102,-0.010800001548,-820.08163,-1230.12237,1435.143,0.015120004274307694,1640.16337,1230.12263,2.0,2.1071076923076922e-05,207.02037,-203.02037,"-1230.1,1230.1,(-820, 1),1640.2"
0202K1F17P4R3,0202,B02,2,2,F17,17,-0.001025102,0.001435143,2e-06,-1025.102,-0.010800001548,-820.08163,-1230.12237,1435.143,0.015120004274307694,1640.16337,1230.12263,2.0,2.1071076923076922e-05,207.02037,-203.02037,"-1230.1,1230.1,(-820, 1),1640.2"
0202K1F17P4R4,0202,B02,2,2,F17,17,-0.001025102,0.001435143,2e-06,-1025.102,-0.010800001548,-820.08163,-1230.12237,1435.143,0.015120004274307694,1640.16337,1230.12263,2.0,2.1071076923076922e-05,207.02037,-203.02037,"-1230.1,1230.1,(-820, 1),1640.2"
0202K1F17P5R1,0202,B02,2,2,F17,17,-0.001025102,0.001435143,3e-06,-1025.102,-0.010800001548,-820.08163,-1230.12237,1435.143,0.015120004274307694,1640.16337,1230.12263,3.0,3.1606615384615385e-05,208.02037,-202.02037,"-1230.1,1230.1,(-820, 1),1640.2"
0202K1F17P5R2,0202,B02,2,2,F17,17,-0.001025102,0.001435143,3e-06,-1025.102,-0.010800001548,-820.08163,-1230.12237,1435.143,0.015120004274307694,1640.16337,1230.12263,3.0,3.1606615384615385e-05,208.02037,-202.02037,"-1230.1,1230.1,(-820, 1),1640.2"
0202K1F17P5R3,0202,B02,2,2,F17,17,-0.001025102,0.001435143,3e-06,-1025.102,-0.010800001548,-820.08163,-1230.12237,1435.143,0.015120004274307694,1640.16337,1230.12263,3.0,3.1606615384615385e-05,208.02037,-202.02037,"-1230.1,1230.1,(-820, 1),1640.2"
0202K1F17P5R4,0202,B02,2,2,F17,17,-0.001025102,0.001435143,3e-06,-1025.102,-0.010800001548,-820.08163,-1230.12237,1435.143,0.015120004274307694,1640.16337,1230.12263,3.0,3.1606615384615385e-05,208.02037,-202.02037,"-1230.1,1230.1,(-820, 1),1640.2"
0202K1F17P6R1,0202,B02,2,2,F17,17,-0.001025102,0.001435143,4e-06,-1025.102,-0.010800001548,-820.08163,-1230.12237,1435.143,0.015120004274307694,1640.16337,1230.12263,4.0,4.2142153846153845e-05,209.02037,-201.02037,"-1230.1,1230.1,(-820, 1),1640.2"
0202K1F17P6R2,0202,B02,2,2,F17,17,-0.001025102,0.001435143,4e-06,-1025.102,-0.010800001548,-820.08163,-1230.12237,1435.143,0.015120004274307694,1640.16337,1230.12263,4.0,4.2142153846153845e-05,209.02037,-201.02037,"-1230.1,1230.1,(-820, 1),1640.2"
0202K1F17P6R3,0202,B02,2,2,F17,17,-0.001025102,0.001435143,4e-06,-1025.102,-0.010800001548,-820.08163,-1230.12237,1435.143,0.015120004274307694,1640.16337,1230.12263,4.0,4.2142153846153845e-05,209.02037,-201.02037,"-1230.1,1230.1,(-820, 1),1640.2"
0202K1F17P6R4,0202,B02,2,2,F17,17,-0.001025102,0.001435143,4e-06,-1025.102,-0.010800001548,-820.08163,-1230.12237,1435.143,0.015120004274307694,1640.16337,1230.12263,4.0,4.2142153846153845e-05,209.02037,-201.02037,"-1230.1,1230.1,(-820, 1),1640.2"
0202K1F17P7R1,0202,B02,2,2,F17,17,-0.001025102,0.001435143,5e-06,-1025.102,-0.010800001548,-820.08163,-1230.12237,1435.143,0.015120004274307694,1640.16337,1230.12263,5.0,5.267769230769231e-05,210.02037,-200.02037,"-1230.1,1230.1,(-820, 1),1640.2"
0202K1F17P7R2,0202,B02,2,2,F17,17,-0.001025102,0.001435143,5e-06,-1025.102,-0.010800001548,-820.08163,-1230.12237,1435.143,0.015120004274307694,1640.16337,1230.12263,5.0,5.267769230769231e-05,210.02037,-200.02037,"-1230.1,1230.1,(-820, 1),1640.2"
0202K1F17P7R3,0202,B02,2,2,F17,17,-0.001025102,0.001435143,5e-06,-1025.102,-0.010800001548,-820.08163,-1230.12237,1435.143,0.015120004274307694,1640.16337,1230.12263,5.0,5.267769230769231e-05,210.02037,-200.02037,"-1230.1,1230.1,(-820, 1),1640.2"
0202K1F17P7R4,0202,B02,2,2,F17,17,-0.001025102,0.001435143,5e-06,-1025.102,-0.010800001548,-820.08163,-1230.12237,1435.143,0.015120004274307694,1640.16337,1230.12263,5.0,5.267769230769231e-05,210.02037,-200.02037,"-1230.1,1230.1,(-820, 1),1640.2"
0202K1F18P1R1,0202,B02,2,2,F18,18,-0.001230122,0.001435143,-1e-06,-1230.122,-0.012959997643384616,-1025.10163,-1435.14237,1435.143,0.015120004274307694,1640.16337,1230.12263,-1.0,-1.0535538461538461e-05,204.02037,-206.02037,"-1435.1,1230.1,(-1025, 1),1640.2"
0202K1F18P1R2,0202,B02,2,2,F18,18,-0.001230122,0.001435143,-1e-06,-1230.122,-0.012959997643384616,-1025.10163,-1435.14237,1435.143,0.015120004274307694,1640.16337,1230.12263,-1.0,-1.0535538461538461e-05,204.02037,-206.02037,"-1435.1,1230.1,(-1025, 1),1640.2"
0202K1F18P1R3,0202,B02,2,2,F18,18,-0.001230122,0.001435143,-1e-06,-1230.122,-0.012959997643384616,-1025.10163,-1435.14237,1435.143,0.015120004274307694,1640.16337,1230.12263,-1.0,-1.0535538461538461e-05,204.02037,-206.02037,"-1435.1,1230.1,(-1025, 1),1640.2"
0202K1F18P1R4,0202,B02,2,2,F18,18,-0.001230122,0.001435143,-1e-06,-1230.122,-0.012959997643384616,-1025.10163,-1435.14237,1435.143,0.015120004274307694,1640.16337,1230.12263,-1.0,-1.0535538461538461e-05,204.02037,-206.02037,"-1435.1,1230.1,(-1025, 1),1640.2"
0202K1F18P2R1,0202,B02,2,2,F18,18,-0.001230122,0.001435143,0.0,-1230.122,-0.012959997643384616,-1025.10163,-1435.14237,1435.143,0.015120004274307694,1640.16337,1230.12263,0.0,0.0,205.02037,-205.02037,"-1435.1,1230.1,(-1025, 1),1640.2"
0202K1F18P2R2,0202,B02,2,2,F18,18,-0.001230122,0.001435143,0.0,-1230.122,-0.012959997643384616,-1025.10163,-1435.14237,1435.143,0.015120004274307694,1640.16337,1230.12263,0.0,0.0,205.02037,-205.02037,"-1435.1,1230.1,(-1025, 1),1640.2"
0202K1F18P2R3,0202,B02,2,2,F18,18,-0.001230122,0.001435143,0.0,-1230.122,-0.012959997643384616,-1025.10163,-1435.14237,1435.143,0.015120004274307694,1640.16337,1230.12263,0.0,0.0,205.02037,-205.02037,"-1435.1,1230.1,(-1025, 1),1640.2"
0202K1F18P2R4,0202,B02,2,2,F18,18,-0.001230122,0.001435143,0.0,-1230.122,-0.012959997643384616,-1025.10163,-1435.14237,1435.143,0.015120004274307694,1640.16337,1230.12263,0.0,0.0,205.02037,-205.02037,"-1435.1,1230.1,(-1025, 1),1640.2"
0202K1F18P3R1,0202,B02,2,2,F18,18,-0.001230122,0.001435143,1e-06,-1230.122,-0.012959997643384616,-1025.10163,-1435.14237,1435.143,0.015120004274307694,1640.16337,1230.12263,1.0,1.0535538461538461e-05,206.02037,-204.02037,"-1435.1,1230.1,(-1025, 1),1640.2"
0202K1F18P3R2,0202,B02,2,2,F18,18,-0.001230122,0.001435143,1e-06,-1230.122,-0.012959997643384616,-1025.10163,-1435.14237,1435.143,0.015120004274307694,1640.16337,1230.12263,1.0,1.0535538461538461e-05,206.02037,-204.02037,"-1435.1,1230.1,(-1025, 1),1640.2"
0202K1F18P3R3,0202,B02,2,2,F18,18,-0.001230122,0.001435143,1e-06,-1230.122,-0.012959997643384616,-1025.10163,-1435.14237,1435.143,0.015120004274307694,1640.16337,1230.12263,1.0,1.0535538461538461e-05,206.02037,-204.02037,"-1435.1,1230.1,(-1025, 1),1640.2"
0202K1F18P3R4,0202,B02,2,2,F18,18,-0.001230122,0.001435143,1e-06,-1230.122,-0.012959997643384616,-1025.10163,-1435.14237,1435.143,0.015120004274307694,1640.16337,1230.12263,1.0,1.0535538461538461e-05,206.02037,-204.02037,"-1435.1,1230.1,(-1025, 1),1640.2"
0202K1F18P4R1,0202,B02,2,2,F18,18,-0.001230122,0.001435143,2e-06,-1230.122,-0.012959997643384616,-1025.10163,-1435.14237,1435.143,0.015120004274307694,1640.16337,1230.12263,2.0,2.1071076923076922e-05,207.02037,-203.02037,"-1435.1,1230.1,(-1025, 1),1640.2"
0202K1F18P4R2,0202,B02,2,2,F18,18,-0.001230122,0.001435143,2e-06,-1230.122,-0.012959997643384616,-1025.10163,-1435.14237,1435.143,0.015120004274307694,1640.16337,1230.12263,2.0,2.1071076923076922e-05,207.02037,-203.02037,"-1435.1,1230.1,(-1025, 1),1640.2"
0202K1F18P4R3,0202,B02,2,2,F18,18,-0.001230122,0.001435143,2e-06,-1230.122,-0.012959997643384616,-1025.10163,-1435.14237,1435.143,0.015120004274307694,1640.16337,1230.12263,2.0,2.1071076923076922e-05,207.02037,-203.02037,"-1435.1,1230.1,(-1025, 1),1640.2"
0202K1F18P4R4,0202,B02,2,2,F18,18,-0.001230122,0.001435143,2e-06,-1230.122,-0.012959997643384616,-1025.10163,-1435.14237,1435.143,0.015120004274307694,1640.16337,1230.12263,2.0,2.1071076923076922e-05,207.02037,-203.02037,"-1435.1,1230.1,(-1025, 1),1640.2"
0202K1F18P5R1,0202,B02,2,2,F18,18,-0.001230122,0.001435143,3e-06,-1230.122,-0.012959997643384616,-1025.10163,-1435.14237,1435.143,0.015120004274307694,1640.16337,1230.12263,3.0,3.1606615384615385e-05,208.02037,-202.02037,"-1435.1,1230.1,(-1025, 1),1640.2"
0202K1F18P5R2,0202,B02,2,2,F18,18,-0.001230122,0.001435143,3e-06,-1230.122,-0.012959997643384616,-1025.10163,-1435.14237,1435.143,0.015120004274307694,1640.16337,1230.12263,3.0,3.1606615384615385e-05,208.02037,-202.02037,"-1435.1,1230.1,(-1025, 1),1640.2"
0202K1F18P5R3,0202,B02,2,2,F18,18,-0.001230122,0.001435143,3e-06,-1230.122,-0.012959997643384616,-1025.10163,-1435.14237,1435.143,0.015120004274307694,1640.16337,1230.12263,3.0,3.1606615384615385e-05,208.02037,-202.02037,"-1435.1,1230.1,(-1025, 1),1640.2"
0202K1F18P5R4,0202,B02,2,2,F18,18,-0.001230122,0.001435143,3e-06,-1230.122,-0.012959997643384616,-1025.10163,-1435.14237,1435.143,0.015120004274307694,1640.16337,1230.12263,3.0,3.1606615384615385e-05,208.02037,-202.02037,"-1435.1,1230.1,(-1025, 1),1640.2"
0202K1F18P6R1,0202,B02,2,2,F18,18,-0.001230122,0.001435143,4e-06,-1230.122,-0.012959997643384616,-1025.10163,-1435.14237,1435.143,0.015120004274307694,1640.16337,1230.12263,4.0,4.2142153846153845e-05,209.02037,-201.02037,"-1435.1,1230.1,(-1025, 1),1640.2"
0202K1F18P6R2,0202,B02,2,2,F18,18,-0.001230122,0.001435143,4e-06,-1230.122,-0.012959997643384616,-1025.10163,-1435.14237,1435.143,0.015120004274307694,1640.16337,1230.12263,4.0,4.2142153846153845e-05,209.02037,-201.02037,"-1435.1,1230.1,(-1025, 1),1640.2"
0202K1F18P6R3,0202,B02,2,2,F18,18,-0.001230122,0.001435143,4e-06,-1230.122,-0.012959997643384616,-1025.10163,-1435.14237,1435.143,0.015120004274307694,1640.16337,1230.12263,4.0,4.2142153846153845e-05,209.02037,-201.02037,"-1435.1,1230.1,(-1025, 1),1640.2"
0202K1F18P6R4,0202,B02,2,2,F18,18,-0.001230122,0.001435143,4e-06,-1230.122,-0.012959997643384616,-1025.10163,-1435.14237,1435.143,0.015120004274307694,1640.16337,1230.12263,4.0,4.2142153846153845e-05,209.02037,-201.02037,"-1435.1,1230.1,(-1025, 1),1640.2"
0202K1F18P7R1,0202,B02,2,2,F18,18,-0.001230122,0.001435143,5e-06,-1230.122,-0.012959997643384616,-1025.10163,-1435.14237,1435.143,0.015120004274307694,1640.16337,1230.12263,5.0,5.267769230769231e-05,210.02037,-200.02037,"-1435.1,1230.1,(-1025, 1),1640.2"
0202K1F18P7R2,0202,B02,2,2,F18,18,-0.001230122,0.001435143,5e-06,-1230.122,-0.012959997643384616,-1025.10163,-1435.14237,1435.143,0.015120004274307694,1640.16337,1230.12263,5.0,5.267769230769231e-05,210.02037,-200.02037,"-1435.1,1230.1,(-1025, 1),1640.2"
0202K1F18P7R3,0202,B02,2,2,F18,18,-0.001230122,0.001435143,5e-06,-1230.122,-0.012959997643384616,-1025.10163,-1435.14237,1435.143,0.015120004274307694,1640.16337,1230.12263,5.0,5.267769230769231e-05,210.02037,-200.02037,"-1435.1,1230.1,(-1025, 1),1640.2"
0202K1F18P7R4,0202,B02,2,2,F18,18,-0.001230122,0.001435143,5e-06,-1230.122,-0.012959997643384616,-1025.10163,-1435.14237,1435.143,0.015120004274307694,1640.16337,1230.12263,5.0,5.267769230769231e-05,210.02037,-200.02037,"-1435.1,1230.1,(-1025, 1),1640.2"
0202K1F19P1R1,0202,B02,2,2,F19,19,-0.001435143,0.001435143,-1e-06,-1435.143,-0.015120004274307694,-1230.12263,-1640.16337,1435.143,0.015120004274307694,1640.16337,1230.12263,-1.0,-1.0535538461538461e-05,204.02037,-206.02037,"-1640.2,1230.1,(-1230, 1),1640.2"
0202K1F19P1R2,0202,B02,2,2,F19,19,-0.001435143,0.001435143,-1e-06,-1435.143,-0.015120004274307694,-1230.12263,-1640.16337,1435.143,0.015120004274307694,1640.16337,1230.12263,-1.0,-1.0535538461538461e-05,204.02037,-206.02037,"-1640.2,1230.1,(-1230, 1),1640.2"
0202K1F19P1R3,0202,B02,2,2,F19,19,-0.001435143,0.001435143,-1e-06,-1435.143,-0.015120004274307694,-1230.12263,-1640.16337,1435.143,0.015120004274307694,1640.16337,1230.12263,-1.0,-1.0535538461538461e-05,204.02037,-206.02037,"-1640.2,1230.1,(-1230, 1),1640.2"
0202K1F19P1R4,0202,B02,2,2,F19,19,-0.001435143,0.001435143,-1e-06,-1435.143,-0.015120004274307694,-1230.12263,-1640.16337,1435.143,0.015120004274307694,1640.16337,1230.12263,-1.0,-1.0535538461538461e-05,204.02037,-206.02037,"-1640.2,1230.1,(-1230, 1),1640.2"
0202K1F19P2R1,0202,B02,2,2,F19,19,-0.001435143,0.001435143,0.0,-1435.143,-0.015120004274307694,-1230.12263,-1640.16337,1435.143,0.015120004274307694,1640.16337,1230.12263,0.0,0.0,205.02037,-205.02037,"-1640.2,1230.1,(-1230, 1),1640.2"
0202K1F19P2R2,0202,B02,2,2,F19,19,-0.001435143,0.001435143,0.0,-1435.143,-0.015120004274307694,-1230.12263,-1640.16337,1435.143,0.015120004274307694,1640.16337,1230.12263,0.0,0.0,205.02037,-205.02037,"-1640.2,1230.1,(-1230, 1),1640.2"
0202K1F19P2R3,0202,B02,2,2,F19,19,-0.001435143,0.001435143,0.0,-1435.143,-0.015120004274307694,-1230.12263,-1640.16337,1435.143,0.015120004274307694,1640.16337,1230.12263,0.0,0.0,205.02037,-205.02037,"-1640.2,1230.1,(-1230, 1),1640.2"
0202K1F19P2R4,0202,B02,2,2,F19,19,-0.001435143,0.001435143,0.0,-1435.143,-0.015120004274307694,-1230.12263,-1640.16337,1435.143,0.015120004274307694,1640.16337,1230.12263,0.0,0.0,205.02037,-205.02037,"-1640.2,1230.1,(-1230, 1),1640.2"
0202K1F19P3R1,0202,B02,2,2,F19,19,-0.001435143,0.001435143,1e-06,-1435.143,-0.015120004274307694,-1230.12263,-1640.16337,1435.143,0.015120004274307694,1640.16337,1230.12263,1.0,1.0535538461538461e-05,206.02037,-204.02037,"-1640.2,1230.1,(-1230, 1),1640.2"
0202K1F19P3R2,0202,B02,2,2,F19,19,-0.001435143,0.001435143,1e-06,-1435.143,-0.015120004274307694,-1230.12263,-1640.16337,1435.143,0.015120004274307694,1640.16337,1230.12263,1.0,1.0535538461538461e-05,206.02037,-204.02037,"-1640.2,1230.1,(-1230, 1),1640.2"
0202K1F19P3R3,0202,B02,2,2,F19,19,-0.001435143,0.001435143,1e-06,-1435.143,-0.015120004274307694,-1230.12263,-1640.16337,1435.143,0.015120004274307694,1640.16337,1230.12263,1.0,1.0535538461538461e-05,206.02037,-204.02037,"-1640.2,1230.1,(-1230, 1),1640.2"
0202K1F19P3R4,0202,B02,2,2,F19,19,-0.001435143,0.001435143,1e-06,-1435.143,-0.015120004274307694,-1230.12263,-1640.16337,1435.143,0.015120004274307694,1640.16337,1230.12263,1.0,1.0535538461538461e-05,206.02037,-204.02037,"-1640.2,1230.1,(-1230, 1),1640.2"
0202K1F19P4R1,0202,B02,2,2,F19,19,-0.001435143,0.001435143,2e-06,-1435.143,-0.015120004274307694,-1230.12263,-1640.16337,1435.143,0.015120004274307694,1640.16337,1230.12263,2.0,2.1071076923076922e-05,207.02037,-203.02037,"-1640.2,1230.1,(-1230, 1),1640.2"
0202K1F19P4R2,0202,B02,2,2,F19,19,-0.001435143,0.001435143,2e-06,-1435.143,-0.015120004274307694,-1230.12263,-1640.16337,1435.143,0.015120004274307694,1640.16337,1230.12263,2.0,2.1071076923076922e-05,207.02037,-203.02037,"-1640.2,1230.1,(-1230, 1),1640.2"
0202K1F19P4R3,0202,B02,2,2,F19,19,-0.001435143,0.001435143,2e-06,-1435.143,-0.015120004274307694,-1230.12263,-1640.16337,1435.143,0.015120004274307694,1640.16337,1230.12263,2.0,2.1071076923076922e-05,207.02037,-203.02037,"-1640.2,1230.1,(-1230, 1),1640.2"
0202K1F19P4R4,0202,B02,2,2,F19,19,-0.001435143,0.001435143,2e-06,-1435.143,-0.015120004274307694,-1230.12263,-1640.16337,1435.143,0.015120004274307694,1640.16337,1230.12263,2.0,2.1071076923076922e-05,207.02037,-203.02037,"-1640.2,1230.1,(-1230, 1),1640.2"
0202K1F19P5R1,0202,B02,2,2,F19,19,-0.001435143,0.001435143,3e-06,-1435.143,-0.015120004274307694,-1230.12263,-1640.16337,1435.143,0.015120004274307694,1640.16337,1230.12263,3.0,3.1606615384615385e-05,208.02037,-202.02037,"-1640.2,1230.1,(-1230, 1),1640.2"
0202K1F19P5R2,0202,B02,2,2,F19,19,-0.001435143,0.001435143,3e-06,-1435.143,-0.015120004274307694,-1230.12263,-1640.16337,1435.143,0.015120004274307694,1640.16337,1230.12263,3.0,3.1606615384615385e-05,208.02037,-202.02037,"-1640.2,1230.1,(-1230, 1),1640.2"
0202K1F19P5R3,0202,B02,2,2,F19,19,-0.001435143,0.001435143,3e-06,-1435.143,-0.015120004274307694,-1230.12263,-1640.16337,1435.143,0.015120004274307694,1640.16337,1230.12263,3.0,3.1606615384615385e-05,208.02037,-202.02037,"-1640.2,1230.1,(-1230, 1),1640.2"
0202K1F19P5R4,0202,B02,2,2,F19,19,-0.001435143,0.001435143,3e-06,-1435.143,-0.015120004274307694,-1230.12263,-1640.16337,1435.143,0.015120004274307694,1640.16337,1230.12263,3.0,3.1606615384615385e-05,208.02037,-202.02037,"-1640.2,1230.1,(-1230, 1),1640.2"
0202K1F19P6R1,0202,B02,2,2,F19,19,-0.001435143,0.001435143,4e-06,-1435.143,-0.015120004274307694,-1230.12263,-1640.16337,1435.143,0.015120004274307694,1640.16337,1230.12263,4.0,4.2142153846153845e-05,209.02037,-201.02037,"-1640.2,1230.1,(-1230, 1),1640.2"
0202K1F19P6R2,0202,B02,2,2,F19,19,-0.001435143,0.001435143,4e-06,-1435.143,-0.015120004274307694,-1230.12263,-1640.16337,1435.143,0.015120004274307694,1640.16337,1230.12263,4.0,4.2142153846153845e-05,209.02037,-201.02037,"-1640.2,1230.1,(-1230, 1),1640.2"
0202K1F19P6R3,0202,B02,2,2,F19,19,-0.001435143,0.001435143,4e-06,-1435.143,-0.015120004274307694,-1230.12263,-1640.16337,1435.143,0.015120004274307694,1640.16337,1230.12263,4.0,4.2142153846153845e-05,209.02037,-201.02037,"-1640.2,1230.1,(-1230, 1),1640.2"
0202K1F19P6R4,0202,B02,2,2,F19,19,-0.001435143,0.001435143,4e-06,-1435.143,-0.015120004274307694,-1230.12263,-1640.16337,1435.143,0.015120004274307694,1640.16337,1230.12263,4.0,4.2142153846153845e-05,209.02037,-201.02037,"-1640.2,1230.1,(-1230, 1),1640.2"
0202K1F19P7R1,0202,B02,2,2,F19,19,-0.001435143,0.001435143,5e-06,-1435.143,-0.015120004274307694,-1230.12263,-1640.16337,1435.143,0.015120004274307694,1640.16337,1230.12263,5.0,5.267769230769231e-05,210.02037,-200.02037,"-1640.2,1230.1,(-1230, 1),1640.2"
0202K1F19P7R2,0202,B02,2,2,F19,19,-0.001435143,0.001435143,5e-06,-1435.143,-0.015120004274307694,-1230.12263,-1640.16337,1435.143,0.015120004274307694,1640.16337,1230.12263,5.0,5.267769230769231e-05,210.02037,-200.02037,"-1640.2,1230.1,(-1230, 1),1640.2"
0202K1F19P7R3,0202,B02,2,2,F19,19,-0.001435143,0.001435143,5e-06,-1435.143,-0.015120004274307694,-1230.12263,-1640.16337,1435.143,0.015120004274307694,1640.16337,1230.12263,5.0,5.267769230769231e-05,210.02037,-200.02037,"-1640.2,1230.1,(-1230, 1),1640.2"
0202K1F19P7R4,0202,B02,2,2,F19,19,-0.001435143,0.001435143,5e-06,-1435.143,-0.015120004274307694,-1230.12263,-1640.16337,1435.143,0.015120004274307694,1640.16337,1230.12263,5.0,5.267769230769231e-05,210.02037,-200.02037,"-1640.2,1230.1,(-1230, 1),1640.2"
0202K1F20P1R1,0202,B02,2,2,F20,20,-0.001640163,0.001435143,-1e-06,-1640.163,-0.017280000369692308,-1435.14263,-1845.18337,1435.143,0.015120004274307694,1640.16337,1230.12263,-1.0,-1.0535538461538461e-05,204.02037,-206.02037,"-1845.2,1230.1,(-1435, 1),1640.2"
0202K1F20P1R2,0202,B02,2,2,F20,20,-0.001640163,0.001435143,-1e-06,-1640.163,-0.017280000369692308,-1435.14263,-1845.18337,1435.143,0.015120004274307694,1640.16337,1230.12263,-1.0,-1.0535538461538461e-05,204.02037,-206.02037,"-1845.2,1230.1,(-1435, 1),1640.2"
0202K1F20P1R3,0202,B02,2,2,F20,20,-0.001640163,0.001435143,-1e-06,-1640.163,-0.017280000369692308,-1435.14263,-1845.18337,1435.143,0.015120004274307694,1640.16337,1230.12263,-1.0,-1.0535538461538461e-05,204.02037,-206.02037,"-1845.2,1230.1,(-1435, 1),1640.2"
0202K1F20P1R4,0202,B02,2,2,F20,20,-0.001640163,0.001435143,-1e-06,-1640.163,-0.017280000369692308,-1435.14263,-1845.18337,1435.143,0.015120004274307694,1640.16337,1230.12263,-1.0,-1.0535538461538461e-05,204.02037,-206.02037,"-1845.2,1230.1,(-1435, 1),1640.2"
0202K1F20P2R1,0202,B02,2,2,F20,20,-0.001640163,0.001435143,0.0,-1640.163,-0.017280000369692308,-1435.14263,-1845.18337,1435.143,0.015120004274307694,1640.16337,1230.12263,0.0,0.0,205.02037,-205.02037,"-1845.2,1230.1,(-1435, 1),1640.2"
0202K1F20P2R2,0202,B02,2,2,F20,20,-0.001640163,0.001435143,0.0,-1640.163,-0.017280000369692308,-1435.14263,-1845.18337,1435.143,0.015120004274307694,1640.16337,1230.12263,0.0,0.0,205.02037,-205.02037,"-1845.2,1230.1,(-1435, 1),1640.2"
0202K1F20P2R3,0202,B02,2,2,F20,20,-0.001640163,0.001435143,0.0,-1640.163,-0.017280000369692308,-1435.14263,-1845.18337,1435.143,0.015120004274307694,1640.16337,1230.12263,0.0,0.0,205.02037,-205.02037,"-1845.2,1230.1,(-1435, 1),1640.2"
0202K1F20P2R4,0202,B02,2,2,F20,20,-0.001640163,0.001435143,0.0,-1640.163,-0.017280000369692308,-1435.14263,-1845.18337,1435.143,0.015120004274307694,1640.16337,1230.12263,0.0,0.0,205.02037,-205.02037,"-1845.2,1230.1,(-1435, 1),1640.2"
0202K1F20P3R1,0202,B02,2,2,F20,20,-0.001640163,0.001435143,1e-06,-1640.163,-0.017280000369692308,-1435.14263,-1845.18337,1435.143,0.015120004274307694,1640.16337,1230.12263,1.0,1.0535538461538461e-05,206.02037,-204.02037,"-1845.2,1230.1,(-1435, 1),1640.2"
0202K1F20P3R2,0202,B02,2,2,F20,20,-0.001640163,0.001435143,1e-06,-1640.163,-0.017280000369692308,-1435.14263,-1845.18337,1435.143,0.015120004274307694,1640.16337,1230.12263,1.0,1.0535538461538461e-05,206.02037,-204.02037,"-1845.2,1230.1,(-1435, 1),1640.2"
0202K1F20P3R3,0202,B02,2,2,F20,20,-0.001640163,0.001435143,1e-06,-1640.163,-0.017280000369692308,-1435.14263,-1845.18337,1435.143,0.015120004274307694,1640.16337,1230.12263,1.0,1.0535538461538461e-05,206.02037,-204.02037,"-1845.2,1230.1,(-1435, 1),1640.2"
0202K1F20P3R4,0202,B02,2,2,F20,20,-0.001640163,0.001435143,1e-06,-1640.163,-0.017280000369692308,-1435.14263,-1845.18337,1435.143,0.015120004274307694,1640.16337,1230.12263,1.0,1.0535538461538461e-05,206.02037,-204.02037,"-1845.2,1230.1,(-1435, 1),1640.2"
0202K1F20P4R1,0202,B02,2,2,F20,20,-0.001640163,0.001435143,2e-06,-1640.163,-0.017280000369692308,-1435.14263,-1845.18337,1435.143,0.015120004274307694,1640.16337,1230.12263,2.0,2.1071076923076922e-05,207.02037,-203.02037,"-1845.2,1230.1,(-1435, 1),1640.2"
0202K1F20P4R2,0202,B02,2,2,F20,20,-0.001640163,0.001435143,2e-06,-1640.163,-0.017280000369692308,-1435.14263,-1845.18337,1435.143,0.015120004274307694,1640.16337,1230.12263,2.0,2.1071076923076922e-05,207.02037,-203.02037,"-1845.2,1230.1,(-1435, 1),1640.2"
0202K1F20P4R3,0202,B02,2,2,F20,20,-0.001640163,0.001435143,2e-06,-1640.163,-0.017280000369692308,-1435.14263,-1845.18337,1435.143,0.015120004274307694,1640.16337,1230.12263,2.0,2.1071076923076922e-05,207.02037,-203.02037,"-1845.2,1230.1,(-1435, 1),1640.2"
0202K1F20P4R4,0202,B02,2,2,F20,20,-0.001640163,0.001435143,2e-06,-1640.163,-0.017280000369692308,-1435.14263,-1845.18337,1435.143,0.015120004274307694,1640.16337,1230.12263,2.0,2.1071076923076922e-05,207.02037,-203.02037,"-1845.2,1230.1,(-1435, 1),1640.2"
0202K1F20P5R1,0202,B02,2,2,F20,20,-0.001640163,0.001435143,3e-06,-1640.163,-0.017280000369692308,-1435.14263,-1845.18337,1435.143,0.015120004274307694,1640.16337,1230.12263,3.0,3.1606615384615385e-05,208.02037,-202.02037,"-1845.2,1230.1,(-1435, 1),1640.2"
0202K1F20P5R2,0202,B02,2,2,F20,20,-0.001640163,0.001435143,3e-06,-1640.163,-0.017280000369692308,-1435.14263,-1845.18337,1435.143,0.015120004274307694,1640.16337,1230.12263,3.0,3.1606615384615385e-05,208.02037,-202.02037,"-1845.2,1230.1,(-1435, 1),1640.2"
0202K1F20P5R3,0202,B02,2,2,F20,20,-0.001640163,0.001435143,3e-06,-1640.163,-0.017280000369692308,-1435.14263,-1845.18337,1435.143,0.015120004274307694,1640.16337,1230.12263,3.0,3.1606615384615385e-05,208.02037,-202.02037,"-1845.2,1230.1,(-1435, 1),1640.2"
0202K1F20P5R4,0202,B02,2,2,F20,20,-0.001640163,0.001435143,3e-06,-1640.163,-0.017280000369692308,-1435.14263,-1845.18337,1435.143,0.015120004274307694,1640.16337,1230.12263,3.0,3.1606615384615385e-05,208.02037,-202.02037,"-1845.2,1230.1,(-1435, 1),1640.2"
0202K1F20P6R1,0202,B02,2,2,F20,20,-0.001640163,0.001435143,4e-06,-1640.163,-0.017280000369692308,-1435.14263,-1845.18337,1435.143,0.015120004274307694,1640.16337,1230.12263,4.0,4.2142153846153845e-05,209.02037,-201.02037,"-1845.2,1230.1,(-1435, 1),1640.2"
0202K1F20P6R2,0202,B02,2,2,F20,20,-0.001640163,0.001435143,4e-06,-1640.163,-0.017280000369692308,-1435.14263,-1845.18337,1435.143,0.015120004274307694,1640.16337,1230.12263,4.0,4.2142153846153845e-05,209.02037,-201.02037,"-1845.2,1230.1,(-1435, 1),1640.2"
0202K1F20P6R3,0202,B02,2,2,F20,20,-0.001640163,0.001435143,4e-06,-1640.163,-0.017280000369692308,-1435.14263,-1845.18337,1435.143,0.015120004274307694,1640.16337,1230.12263,4.0,4.2142153846153845e-05,209.02037,-201.02037,"-1845.2,1230.1,(-1435, 1),1640.2"
0202K1F20P6R4,0202,B02,2,2,F20,20,-0.001640163,0.001435143,4e-06,-1640.163,-0.017280000369692308,-1435.14263,-1845.18337,1435.143,0.015120004274307694,1640.16337,1230.12263,4.0,4.2142153846153845e-05,209.02037,-201.02037,"-1845.2,1230.1,(-1435, 1),1640.2"
0202K1F20P7R1,0202,B02,2,2,F20,20,-0.001640163,0.001435143,5e-06,-1640.163,-0.017280000369692308,-1435.14263,-1845.18337,1435.143,0.015120004274307694,1640.16337,1230.12263,5.0,5.267769230769231e-05,210.02037,-200.02037,"-1845.2,1230.1,(-1435, 1),1640.2"
0202K1F20P7R2,0202,B02,2,2,F20,20,-0.001640163,0.001435143,5e-06,-1640.163,-0.017280000369692308,-1435.14263,-1845.18337,1435.143,0.015120004274307694,1640.16337,1230.12263,5.0,5.267769230769231e-05,210.02037,-200.02037,"-1845.2,1230.1,(-1435, 1),1640.2"
0202K1F20P7R3,0202,B02,2,2,F20,20,-0.001640163,0.001435143,5e-06,-1640.163,-0.017280000369692308,-1435.14263,-1845.18337,1435.143,0.015120004274307694,1640.16337,1230.12263,5.0,5.267769230769231e-05,210.02037,-200.02037,"-1845.2,1230.1,(-1435, 1),1640.2"
0202K1F20P7R4,0202,B02,2,2,F20,20,-0.001640163,0.001435143,5e-06,-1640.163,-0.017280000369692308,-1435.14263,-1845.18337,1435.143,0.015120004274307694,1640.16337,1230.12263,5.0,5.267769230769231e-05,210.02037,-200.02037,"-1845.2,1230.1,(-1435, 1),1640.2"
0202K1F21P1R1,0202,B02,2,2,F21,21,-0.001845183,0.001435143,-1e-06,-1845.183,-0.019439996465076922,-1640.16263,-2050.20337,1435.143,0.015120004274307694,1640.16337,1230.12263,-1.0,-1.0535538461538461e-05,204.02037,-206.02037,"-2050.2,1230.1,(-1640, 1),1640.2"
0202K1F21P1R2,0202,B02,2,2,F21,21,-0.001845183,0.001435143,-1e-06,-1845.183,-0.019439996465076922,-1640.16263,-2050.20337,1435.143,0.015120004274307694,1640.16337,1230.12263,-1.0,-1.0535538461538461e-05,204.02037,-206.02037,"-2050.2,1230.1,(-1640, 1),1640.2"
0202K1F21P1R3,0202,B02,2,2,F21,21,-0.001845183,0.001435143,-1e-06,-1845.183,-0.019439996465076922,-1640.16263,-2050.20337,1435.143,0.015120004274307694,1640.16337,1230.12263,-1.0,-1.0535538461538461e-05,204.02037,-206.02037,"-2050.2,1230.1,(-1640, 1),1640.2"
0202K1F21P1R4,0202,B02,2,2,F21,21,-0.001845183,0.001435143,-1e-06,-1845.183,-0.019439996465076922,-1640.16263,-2050.20337,1435.143,0.015120004274307694,1640.16337,1230.12263,-1.0,-1.0535538461538461e-05,204.02037,-206.02037,"-2050.2,1230.1,(-1640, 1),1640.2"
0202K1F21P2R1,0202,B02,2,2,F21,21,-0.001845183,0.001435143,0.0,-1845.183,-0.019439996465076922,-1640.16263,-2050.20337,1435.143,0.015120004274307694,1640.16337,1230.12263,0.0,0.0,205.02037,-205.02037,"-2050.2,1230.1,(-1640, 1),1640.2"
0202K1F21P2R2,0202,B02,2,2,F21,21,-0.001845183,0.001435143,0.0,-1845.183,-0.019439996465076922,-1640.16263,-2050.20337,1435.143,0.015120004274307694,1640.16337,1230.12263,0.0,0.0,205.02037,-205.02037,"-2050.2,1230.1,(-1640, 1),1640.2"
0202K1F21P2R3,0202,B02,2,2,F21,21,-0.001845183,0.001435143,0.0,-1845.183,-0.019439996465076922,-1640.16263,-2050.20337,1435.143,0.015120004274307694,1640.16337,1230.12263,0.0,0.0,205.02037,-205.02037,"-2050.2,1230.1,(-1640, 1),1640.2"
0202K1F21P2R4,0202,B02,2,2,F21,21,-0.001845183,0.001435143,0.0,-1845.183,-0.019439996465076922,-1640.16263,-2050.20337,1435.143,0.015120004274307694,1640.16337,1230.12263,0.0,0.0,205.02037,-205.02037,"-2050.2,1230.1,(-1640, 1),1640.2"
0202K1F21P3R1,0202,B02,2,2,F21,21,-0.001845183,0.001435143,1e-06,-1845.183,-0.019439996465076922,-1640.16263,-2050.20337,1435.143,0.015120004274307694,1640.16337,1230.12263,1.0,1.0535538461538461e-05,206.02037,-204.02037,"-2050.2,1230.1,(-1640, 1),1640.2"
0202K1F21P3R2,0202,B02,2,2,F21,21,-0.001845183,0.001435143,1e-06,-1845.183,-0.019439996465076922,-1640.16263,-2050.20337,1435.143,0.015120004274307694,1640.16337,1230.12263,1.0,1.0535538461538461e-05,206.02037,-204.02037,"-2050.2,1230.1,(-1640, 1),1640.2"
0202K1F21P3R3,0202,B02,2,2,F21,21,-0.001845183,0.001435143,1e-06,-1845.183,-0.019439996465076922,-1640.16263,-2050.20337,1435.143,0.015120004274307694,1640.16337,1230.12263,1.0,1.0535538461538461e-05,206.02037,-204.02037,"-2050.2,1230.1,(-1640, 1),1640.2"
0202K1F21P3R4,0202,B02,2,2,F21,21,-0.001845183,0.001435143,1e-06,-1845.183,-0.019439996465076922,-1640.16263,-2050.20337,1435.143,0.015120004274307694,1640.16337,1230.12263,1.0,1.0535538461538461e-05,206.02037,-204.02037,"-2050.2,1230.1,(-1640, 1),1640.2"
0202K1F21P4R1,0202,B02,2,2,F21,21,-0.001845183,0.001435143,2e-06,-1845.183,-0.019439996465076922,-1640.16263,-2050.20337,1435.143,0.015120004274307694,1640.16337,1230.12263,2.0,2.1071076923076922e-05,207.02037,-203.02037,"-2050.2,1230.1,(-1640, 1),1640.2"
0202K1F21P4R2,0202,B02,2,2,F21,21,-0.001845183,0.001435143,2e-06,-1845.183,-0.019439996465076922,-1640.16263,-2050.20337,1435.143,0.015120004274307694,1640.16337,1230.12263,2.0,2.1071076923076922e-05,207.02037,-203.02037,"-2050.2,1230.1,(-1640, 1),1640.2"
0202K1F21P4R3,0202,B02,2,2,F21,21,-0.001845183,0.001435143,2e-06,-1845.183,-0.019439996465076922,-1640.16263,-2050.20337,1435.143,0.015120004274307694,1640.16337,1230.12263,2.0,2.1071076923076922e-05,207.02037,-203.02037,"-2050.2,1230.1,(-1640, 1),1640.2"
0202K1F21P4R4,0202,B02,2,2,F21,21,-0.001845183,0.001435143,2e-06,-1845.183,-0.019439996465076922,-1640.16263,-2050.20337,1435.143,0.015120004274307694,1640.16337,1230.12263,2.0,2.1071076923076922e-05,207.02037,-203.02037,"-2050.2,1230.1,(-1640, 1),1640.2"
0202K1F21P5R1,0202,B02,2,2,F21,21,-0.001845183,0.001435143,3e-06,-1845.183,-0.019439996465076922,-1640.16263,-2050.20337,1435.143,0.015120004274307694,1640.16337,1230.12263,3.0,3.1606615384615385e-05,208.02037,-202.02037,"-2050.2,1230.1,(-1640, 1),1640.2"
0202K1F21P5R2,0202,B02,2,2,F21,21,-0.001845183,0.001435143,3e-06,-1845.183,-0.019439996465076922,-1640.16263,-2050.20337,1435.143,0.015120004274307694,1640.16337,1230.12263,3.0,3.1606615384615385e-05,208.02037,-202.02037,"-2050.2,1230.1,(-1640, 1),1640.2"
0202K1F21P5R3,0202,B02,2,2,F21,21,-0.001845183,0.001435143,3e-06,-1845.183,-0.019439996465076922,-1640.16263,-2050.20337,1435.143,0.015120004274307694,1640.16337,1230.12263,3.0,3.1606615384615385e-05,208.02037,-202.02037,"-2050.2,1230.1,(-1640, 1),1640.2"
0202K1F21P5R4,0202,B02,2,2,F21,21,-0.001845183,0.001435143,3e-06,-1845.183,-0.019439996465076922,-1640.16263,-2050.20337,1435.143,0.015120004274307694,1640.16337,1230.12263,3.0,3.1606615384615385e-05,208.02037,-202.02037,"-2050.2,1230.1,(-1640, 1),1640.2"
0202K1F21P6R1,0202,B02,2,2,F21,21,-0.001845183,0.001435143,4e-06,-1845.183,-0.019439996465076922,-1640.16263,-2050.20337,1435.143,0.015120004274307694,1640.16337,1230.12263,4.0,4.2142153846153845e-05,209.02037,-201.02037,"-2050.2,1230.1,(-1640, 1),1640.2"
0202K1F21P6R2,0202,B02,2,2,F21,21,-0.001845183,0.001435143,4e-06,-1845.183,-0.019439996465076922,-1640.16263,-2050.20337,1435.143,0.015120004274307694,1640.16337,1230.12263,4.0,4.2142153846153845e-05,209.02037,-201.02037,"-2050.2,1230.1,(-1640, 1),1640.2"
0202K1F21P6R3,0202,B02,2,2,F21,21,-0.001845183,0.001435143,4e-06,-1845.183,-0.019439996465076922,-1640.16263,-2050.20337,1435.143,0.015120004274307694,1640.16337,1230.12263,4.0,4.2142153846153845e-05,209.02037,-201.02037,"-2050.2,1230.1,(-1640, 1),1640.2"
0202K1F21P6R4,0202,B02,2,2,F21,21,-0.001845183,0.001435143,4e-06,-1845.183,-0.019439996465076922,-1640.16263,-2050.20337,1435.143,0.015120004274307694,1640.16337,1230.12263,4.0,4.2142153846153845e-05,209.02037,-201.02037,"-2050.2,1230.1,(-1640, 1),1640.2"
0202K1F21P7R1,0202,B02,2,2,F21,21,-0.001845183,0.001435143,5e-06,-1845.183,-0.019439996465076922,-1640.16263,-2050.20337,1435.143,0.015120004274307694,1640.16337,1230.12263,5.0,5.267769230769231e-05,210.02037,-200.02037,"-2050.2,1230.1,(-1640, 1),1640.2"
0202K1F21P7R2,0202,B02,2,2,F21,21,-0.001845183,0.001435143,5e-06,-1845.183,-0.019439996465076922,-1640.16263,-2050.20337,1435.143,0.015120004274307694,1640.16337,1230.12263,5.0,5.267769230769231e-05,210.02037,-200.02037,"-2050.2,1230.1,(-1640, 1),1640.2"
0202K1F21P7R3,0202,B02,2,2,F21,21,-0.001845183,0.001435143,5e-06,-1845.183,-0.019439996465076922,-1640.16263,-2050.20337,1435.143,0.015120004274307694,1640.16337,1230.12263,5.0,5.267769230769231e-05,210.02037,-200.02037,"-2050.2,1230.1,(-1640, 1),1640.2"
0202K1F21P7R4,0202,B02,2,2,F21,21,-0.001845183,0.001435143,5e-06,-1845.183,-0.019439996465076922,-1640.16263,-2050.20337,1435.143,0.015120004274307694,1640.16337,1230.12263,5.0,5.267769230769231e-05,210.02037,-200.02037,"-2050.2,1230.1,(-1640, 1),1640.2"
0202K1F22P1R1,0202,B02,2,2,F22,22,-0.002460245,-0.000615061,-1e-06,-2460.245,-0.02592000582230769,-2255.22463,-2665.26537,-615.061,-0.006479998821692308,-410.04063,-820.08137,-1.0,-1.0535538461538461e-05,204.02037,-206.02037,"-2665.3,-820.1,(-2255, 1),-410.0"
0202K1F22P1R2,0202,B02,2,2,F22,22,-0.002460245,-0.000615061,-1e-06,-2460.245,-0.02592000582230769,-2255.22463,-2665.26537,-615.061,-0.006479998821692308,-410.04063,-820.08137,-1.0,-1.0535538461538461e-05,204.02037,-206.02037,"-2665.3,-820.1,(-2255, 1),-410.0"
0202K1F22P1R3,0202,B02,2,2,F22,22,-0.002460245,-0.000615061,-1e-06,-2460.245,-0.02592000582230769,-2255.22463,-2665.26537,-615.061,-0.006479998821692308,-410.04063,-820.08137,-1.0,-1.0535538461538461e-05,204.02037,-206.02037,"-2665.3,-820.1,(-2255, 1),-410.0"
0202K1F22P1R4,0202,B02,2,2,F22,22,-0.002460245,-0.000615061,-1e-06,-2460.245,-0.02592000582230769,-2255.22463,-2665.26537,-615.061,-0.006479998821692308,-410.04063,-820.08137,-1.0,-1.0535538461538461e-05,204.02037,-206.02037,"-2665.3,-820.1,(-2255, 1),-410.0"
0202K1F22P2R1,0202,B02,2,2,F22,22,-0.002460245,-0.000615061,0.0,-2460.245,-0.02592000582230769,-2255.22463,-2665.26537,-615.061,-0.006479998821692308,-410.04063,-820.08137,0.0,0.0,205.02037,-205.02037,"-2665.3,-820.1,(-2255, 1),-410.0"
0202K1F22P2R2,0202,B02,2,2,F22,22,-0.002460245,-0.000615061,0.0,-2460.245,-0.02592000582230769,-2255.22463,-2665.26537,-615.061,-0.006479998821692308,-410.04063,-820.08137,0.0,0.0,205.02037,-205.02037,"-2665.3,-820.1,(-2255, 1),-410.0"
0202K1F22P2R3,0202,B02,2,2,F22,22,-0.002460245,-0.000615061,0.0,-2460.245,-0.02592000582230769,-2255.22463,-2665.26537,-615.061,-0.006479998821692308,-410.04063,-820.08137,0.0,0.0,205.02037,-205.02037,"-2665.3,-820.1,(-2255, 1),-410.0"
0202K1F22P2R4,0202,B02,2,2,F22,22,-0.002460245,-0.000615061,0.0,-2460.245,-0.02592000582230769,-2255.22463,-2665.26537,-615.061,-0.006479998821692308,-410.04063,-820.08137,0.0,0.0,205.02037,-205.02037,"-2665.3,-820.1,(-2255, 1),-410.0"
0202K1F22P3R1,0202,B02,2,2,F22,22,-0.002460245,-0.000615061,1e-06,-2460.245,-0.02592000582230769,-2255.22463,-2665.26537,-615.061,-0.006479998821692308,-410.04063,-820.08137,1.0,1.0535538461538461e-05,206.02037,-204.02037,"-2665.3,-820.1,(-2255, 1),-410.0"
0202K1F22P3R2,0202,B02,2,2,F22,22,-0.002460245,-0.000615061,1e-06,-2460.245,-0.02592000582230769,-2255.22463,-2665.26537,-615.061,-0.006479998821692308,-410.04063,-820.08137,1.0,1.0535538461538461e-05,206.02037,-204.02037,"-2665.3,-820.1,(-2255, 1),-410.0"
0202K1F22P3R3,0202,B02,2,2,F22,22,-0.002460245,-0.000615061,1e-06,-2460.245,-0.02592000582230769,-2255.22463,-2665.26537,-615.061,-0.006479998821692308,-410.04063,-820.08137,1.0,1.0535538461538461e-05,206.02037,-204.02037,"-2665.3,-820.1,(-2255, 1),-410.0"
0202K1F22P3R4,0202,B02,2,2,F22,22,-0.002460245,-0.000615061,1e-06,-2460.245,-0.02592000582230769,-2255.22463,-2665.26537,-615.061,-0.006479998821692308,-410.04063,-820.08137,1.0,1.0535538461538461e-05,206.02037,-204.02037,"-2665.3,-820.1,(-2255, 1),-410.0"
0202K1F22P4R1,0202,B02,2,2,F22,22,-0.002460245,-0.000615061,2e-06,-2460.245,-0.02592000582230769,-2255.22463,-2665.26537,-615.061,-0.006479998821692308,-410.04063,-820.08137,2.0,2.1071076923076922e-05,207.02037,-203.02037,"-2665.3,-820.1,(-2255, 1),-410.0"
0202K1F22P4R2,0202,B02,2,2,F22,22,-0.002460245,-0.000615061,2e-06,-2460.245,-0.02592000582230769,-2255.22463,-2665.26537,-615.061,-0.006479998821692308,-410.04063,-820.08137,2.0,2.1071076923076922e-05,207.02037,-203.02037,"-2665.3,-820.1,(-2255, 1),-410.0"
0202K1F22P4R3,0202,B02,2,2,F22,22,-0.002460245,-0.000615061,2e-06,-2460.245,-0.02592000582230769,-2255.22463,-2665.26537,-615.061,-0.006479998821692308,-410.04063,-820.08137,2.0,2.1071076923076922e-05,207.02037,-203.02037,"-2665.3,-820.1,(-2255, 1),-410.0"
0202K1F22P4R4,0202,B02,2,2,F22,22,-0.002460245,-0.000615061,2e-06,-2460.245,-0.02592000582230769,-2255.22463,-2665.26537,-615.061,-0.006479998821692308,-410.04063,-820.08137,2.0,2.1071076923076922e-05,207.02037,-203.02037,"-2665.3,-820.1,(-2255, 1),-410.0"
0202K1F22P5R1,0202,B02,2,2,F22,22,-0.002460245,-0.000615061,3e-06,-2460.245,-0.02592000582230769,-2255.22463,-2665.26537,-615.061,-0.006479998821692308,-410.04063,-820.08137,3.0,3.1606615384615385e-05,208.02037,-202.02037,"-2665.3,-820.1,(-2255, 1),-410.0"
0202K1F22P5R2,0202,B02,2,2,F22,22,-0.002460245,-0.000615061,3e-06,-2460.245,-0.02592000582230769,-2255.22463,-2665.26537,-615.061,-0.006479998821692308,-410.04063,-820.08137,3.0,3.1606615384615385e-05,208.02037,-202.02037,"-2665.3,-820.1,(-2255, 1),-410.0"
0202K1F22P5R3,0202,B02,2,2,F22,22,-0.002460245,-0.000615061,3e-06,-2460.245,-0.02592000582230769,-2255.22463,-2665.26537,-615.061,-0.006479998821692308,-410.04063,-820.08137,3.0,3.1606615384615385e-05,208.02037,-202.02037,"-2665.3,-820.1,(-2255, 1),-410.0"
0202K1F22P5R4,0202,B02,2,2,F22,22,-0.002460245,-0.000615061,3e-06,-2460.245,-0.02592000582230769,-2255.22463,-2665.26537,-615.061,-0.006479998821692308,-410.04063,-820.08137,3.0,3.1606615384615385e-05,208.02037,-202.02037,"-2665.3,-820.1,(-2255, 1),-410.0"
0202K1F22P6R1,0202,B02,2,2,F22,22,-0.002460245,-0.000615061,4e-06,-2460.245,-0.02592000582230769,-2255.22463,-2665.26537,-615.061,-0.006479998821692308,-410.04063,-820.08137,4.0,4.2142153846153845e-05,209.02037,-201.02037,"-2665.3,-820.1,(-2255, 1),-410.0"
0202K1F22P6R2,0202,B02,2,2,F22,22,-0.002460245,-0.000615061,4e-06,-2460.245,-0.02592000582230769,-2255.22463,-2665.26537,-615.061,-0.006479998821692308,-410.04063,-820.08137,4.0,4.2142153846153845e-05,209.02037,-201.02037,"-2665.3,-820.1,(-2255, 1),-410.0"
0202K1F22P6R3,0202,B02,2,2,F22,22,-0.002460245,-0.000615061,4e-06,-2460.245,-0.02592000582230769,-2255.22463,-2665.26537,-615.061,-0.006479998821692308,-410.04063,-820.08137,4.0,4.2142153846153845e-05,209.02037,-201.02037,"-2665.3,-820.1,(-2255, 1),-410.0"
0202K1F22P6R4,0202,B02,2,2,F22,22,-0.002460245,-0.000615061,4e-06,-2460.245,-0.02592000582230769,-2255.22463,-2665.26537,-615.061,-0.006479998821692308,-410.04063,-820.08137,4.0,4.2142153846153845e-05,209.02037,-201.02037,"-2665.3,-820.1,(-2255, 1),-410.0"
0202K1F22P7R1,0202,B02,2,2,F22,22,-0.002460245,-0.000615061,5e-06,-2460.245,-0.02592000582230769,-2255.22463,-2665.26537,-615.061,-0.006479998821692308,-410.04063,-820.08137,5.0,5.267769230769231e-05,210.02037,-200.02037,"-2665.3,-820.1,(-2255, 1),-410.0"
0202K1F22P7R2,0202,B02,2,2,F22,22,-0.002460245,-0.000615061,5e-06,-2460.245,-0.02592000582230769,-2255.22463,-2665.26537,-615.061,-0.006479998821692308,-410.04063,-820.08137,5.0,5.267769230769231e-05,210.02037,-200.02037,"-2665.3,-820.1,(-2255, 1),-410.0"
0202K1F22P7R3,0202,B02,2,2,F22,22,-0.002460245,-0.000615061,5e-06,-2460.245,-0.02592000582230769,-2255.22463,-2665.26537,-615.061,-0.006479998821692308,-410.04063,-820.08137,5.0,5.267769230769231e-05,210.02037,-200.02037,"-2665.3,-820.1,(-2255, 1),-410.0"
0202K1F22P7R4,0202,B02,2,2,F22,22,-0.002460245,-0.000615061,5e-06,-2460.245,-0.02592000582230769,-2255.22463,-2665.26537,-615.061,-0.006479998821692308,-410.04063,-820.08137,5.0,5.267769230769231e-05,210.02037,-200.02037,"-2665.3,-820.1,(-2255, 1),-410.0"
0202K1F23P1R1,0202,B02,2,2,F23,23,-0.002255224,-0.000615061,-1e-06,-2255.224,-0.023759999191384617,-2050.20363,-2460.24437,-615.061,-0.006479998821692308,-410.04063,-820.08137,-1.0,-1.0535538461538461e-05,204.02037,-206.02037,"-2460.2,-820.1,(-2050, 1),-410.0"
0202K1F23P1R2,0202,B02,2,2,F23,23,-0.002255224,-0.000615061,-1e-06,-2255.224,-0.023759999191384617,-2050.20363,-2460.24437,-615.061,-0.006479998821692308,-410.04063,-820.08137,-1.0,-1.0535538461538461e-05,204.02037,-206.02037,"-2460.2,-820.1,(-2050, 1),-410.0"
0202K1F23P1R3,0202,B02,2,2,F23,23,-0.002255224,-0.000615061,-1e-06,-2255.224,-0.023759999191384617,-2050.20363,-2460.24437,-615.061,-0.006479998821692308,-410.04063,-820.08137,-1.0,-1.0535538461538461e-05,204.02037,-206.02037,"-2460.2,-820.1,(-2050, 1),-410.0"
0202K1F23P1R4,0202,B02,2,2,F23,23,-0.002255224,-0.000615061,-1e-06,-2255.224,-0.023759999191384617,-2050.20363,-2460.24437,-615.061,-0.006479998821692308,-410.04063,-820.08137,-1.0,-1.0535538461538461e-05,204.02037,-206.02037,"-2460.2,-820.1,(-2050, 1),-410.0"
0202K1F23P2R1,0202,B02,2,2,F23,23,-0.002255224,-0.000615061,0.0,-2255.224,-0.023759999191384617,-2050.20363,-2460.24437,-615.061,-0.006479998821692308,-410.04063,-820.08137,0.0,0.0,205.02037,-205.02037,"-2460.2,-820.1,(-2050, 1),-410.0"
0202K1F23P2R2,0202,B02,2,2,F23,23,-0.002255224,-0.000615061,0.0,-2255.224,-0.023759999191384617,-2050.20363,-2460.24437,-615.061,-0.006479998821692308,-410.04063,-820.08137,0.0,0.0,205.02037,-205.02037,"-2460.2,-820.1,(-2050, 1),-410.0"
0202K1F23P2R3,0202,B02,2,2,F23,23,-0.002255224,-0.000615061,0.0,-2255.224,-0.023759999191384617,-2050.20363,-2460.24437,-615.061,-0.006479998821692308,-410.04063,-820.08137,0.0,0.0,205.02037,-205.02037,"-2460.2,-820.1,(-2050, 1),-410.0"
0202K1F23P2R4,0202,B02,2,2,F23,23,-0.002255224,-0.000615061,0.0,-2255.224,-0.023759999191384617,-2050.20363,-2460.24437,-615.061,-0.006479998821692308,-410.04063,-820.08137,0.0,0.0,205.02037,-205.02037,"-2460.2,-820.1,(-2050, 1),-410.0"
0202K1F23P3R1,0202,B02,2,2,F23,23,-0.002255224,-0.000615061,1e-06,-2255.224,-0.023759999191384617,-2050.20363,-2460.24437,-615.061,-0.006479998821692308,-410.04063,-820.08137,1.0,1.0535538461538461e-05,206.02037,-204.02037,"-2460.2,-820.1,(-2050, 1),-410.0"
0202K1F23P3R2,0202,B02,2,2,F23,23,-0.002255224,-0.000615061,1e-06,-2255.224,-0.023759999191384617,-2050.20363,-2460.24437,-615.061,-0.006479998821692308,-410.04063,-820.08137,1.0,1.0535538461538461e-05,206.02037,-204.02037,"-2460.2,-820.1,(-2050, 1),-410.0"
0202K1F23P3R3,0202,B02,2,2,F23,23,-0.002255224,-0.000615061,1e-06,-2255.224,-0.023759999191384617,-2050.20363,-2460.24437,-615.061,-0.006479998821692308,-410.04063,-820.08137,1.0,1.0535538461538461e-05,206.02037,-204.02037,"-2460.2,-820.1,(-2050, 1),-410.0"
0202K1F23P3R4,0202,B02,2,2,F23,23,-0.002255224,-0.000615061,1e-06,-2255.224,-0.023759999191384617,-2050.20363,-2460.24437,-615.061,-0.006479998821692308,-410.04063,-820.08137,1.0,1.0535538461538461e-05,206.02037,-204.02037,"-2460.2,-820.1,(-2050, 1),-410.0"
0202K1F23P4R1,0202,B02,2,2,F23,23,-0.002255224,-0.000615061,2e-06,-2255.224,-0.023759999191384617,-2050.20363,-2460.24437,-615.061,-0.006479998821692308,-410.04063,-820.08137,2.0,2.1071076923076922e-05,207.02037,-203.02037,"-2460.2,-820.1,(-2050, 1),-410.0"
0202K1F23P4R2,0202,B02,2,2,F23,23,-0.002255224,-0.000615061,2e-06,-2255.224,-0.023759999191384617,-2050.20363,-2460.24437,-615.061,-0.006479998821692308,-410.04063,-820.08137,2.0,2.1071076923076922e-05,207.02037,-203.02037,"-2460.2,-820.1,(-2050, 1),-410.0"
0202K1F23P4R3,0202,B02,2,2,F23,23,-0.002255224,-0.000615061,2e-06,-2255.224,-0.023759999191384617,-2050.20363,-2460.24437,-615.061,-0.006479998821692308,-410.04063,-820.08137,2.0,2.1071076923076922e-05,207.02037,-203.02037,"-2460.2,-820.1,(-2050, 1),-410.0"
0202K1F23P4R4,0202,B02,2,2,F23,23,-0.002255224,-0.000615061,2e-06,-2255.224,-0.023759999191384617,-2050.20363,-2460.24437,-615.061,-0.006479998821692308,-410.04063,-820.08137,2.0,2.1071076923076922e-05,207.02037,-203.02037,"-2460.2,-820.1,(-2050, 1),-410.0"
0202K1F23P5R1,0202,B02,2,2,F23,23,-0.002255224,-0.000615061,3e-06,-2255.224,-0.023759999191384617,-2050.20363,-2460.24437,-615.061,-0.006479998821692308,-410.04063,-820.08137,3.0,3.1606615384615385e-05,208.02037,-202.02037,"-2460.2,-820.1,(-2050, 1),-410.0"
0202K1F23P5R2,0202,B02,2,2,F23,23,-0.002255224,-0.000615061,3e-06,-2255.224,-0.023759999191384617,-2050.20363,-2460.24437,-615.061,-0.006479998821692308,-410.04063,-820.08137,3.0,3.1606615384615385e-05,208.02037,-202.02037,"-2460.2,-820.1,(-2050, 1),-410.0"
0202K1F23P5R3,0202,B02,2,2,F23,23,-0.002255224,-0.000615061,3e-06,-2255.224,-0.023759999191384617,-2050.20363,-2460.24437,-615.061,-0.006479998821692308,-410.04063,-820.08137,3.0,3.1606615384615385e-05,208.02037,-202.02037,"-2460.2,-820.1,(-2050, 1),-410.0"
0202K1F23P5R4,0202,B02,2,2,F23,23,-0.002255224,-0.000615061,3e-06,-2255.224,-0.023759999191384617,-2050.20363,-2460.24437,-615.061,-0.006479998821692308,-410.04063,-820.08137,3.0,3.1606615384615385e-05,208.02037,-202.02037,"-2460.2,-820.1,(-2050, 1),-410.0"
0202K1F23P6R1,0202,B02,2,2,F23,23,-0.002255224,-0.000615061,4e-06,-2255.224,-0.023759999191384617,-2050.20363,-2460.24437,-615.061,-0.006479998821692308,-410.04063,-820.08137,4.0,4.2142153846153845e-05,209.02037,-201.02037,"-2460.2,-820.1,(-2050, 1),-410.0"
0202K1F23P6R2,0202,B02,2,2,F23,23,-0.002255224,-0.000615061,4e-06,-2255.224,-0.023759999191384617,-2050.20363,-2460.24437,-615.061,-0.006479998821692308,-410.04063,-820.08137,4.0,4.2142153846153845e-05,209.02037,-201.02037,"-2460.2,-820.1,(-2050, 1),-410.0"
0202K1F23P6R3,0202,B02,2,2,F23,23,-0.002255224,-0.000615061,4e-06,-2255.224,-0.023759999191384617,-2050.20363,-2460.24437,-615.061,-0.006479998821692308,-410.04063,-820.08137,4.0,4.2142153846153845e-05,209.02037,-201.02037,"-2460.2,-820.1,(-2050, 1),-410.0"
0202K1F23P6R4,0202,B02,2,2,F23,23,-0.002255224,-0.000615061,4e-06,-2255.224,-0.023759999191384617,-2050.20363,-2460.24437,-615.061,-0.006479998821692308,-410.04063,-820.08137,4.0,4.2142153846153845e-05,209.02037,-201.02037,"-2460.2,-820.1,(-2050, 1),-410.0"
0202K1F23P7R1,0202,B02,2,2,F23,23,-0.002255224,-0.000615061,5e-06,-2255.224,-0.023759999191384617,-2050.20363,-2460.24437,-615.061,-0.006479998821692308,-410.04063,-820.08137,5.0,5.267769230769231e-05,210.02037,-200.02037,"-2460.2,-820.1,(-2050, 1),-410.0"
0202K1F23P7R2,0202,B02,2,2,F23,23,-0.002255224,-0.000615061,5e-06,-2255.224,-0.023759999191384617,-2050.20363,-2460.24437,-615.061,-0.006479998821692308,-410.04063,-820.08137,5.0,5.267769230769231e-05,210.02037,-200.02037,"-2460.2,-820.1,(-2050, 1),-410.0"
0202K1F23P7R3,0202,B02,2,2,F23,23,-0.002255224,-0.000615061,5e-06,-2255.224,-0.023759999191384617,-2050.20363,-2460.24437,-615.061,-0.006479998821692308,-410.04063,-820.08137,5.0,5.267769230769231e-05,210.02037,-200.02037,"-2460.2,-820.1,(-2050, 1),-410.0"
0202K1F23P7R4,0202,B02,2,2,F23,23,-0.002255224,-0.000615061,5e-06,-2255.224,-0.023759999191384617,-2050.20363,-2460.24437,-615.061,-0.006479998821692308,-410.04063,-820.08137,5.0,5.267769230769231e-05,210.02037,-200.02037,"-2460.2,-820.1,(-2050, 1),-410.0"
0202K1F24P1R1,0202,B02,2,2,F24,24,-0.002050204,-0.000615061,-1e-06,-2050.204,-0.021600003096,-1845.18363,-2255.22437,-615.061,-0.006479998821692308,-410.04063,-820.08137,-1.0,-1.0535538461538461e-05,204.02037,-206.02037,"-2255.2,-820.1,(-1845, 1),-410.0"
0202K1F24P1R2,0202,B02,2,2,F24,24,-0.002050204,-0.000615061,-1e-06,-2050.204,-0.021600003096,-1845.18363,-2255.22437,-615.061,-0.006479998821692308,-410.04063,-820.08137,-1.0,-1.0535538461538461e-05,204.02037,-206.02037,"-2255.2,-820.1,(-1845, 1),-410.0"
0202K1F24P1R3,0202,B02,2,2,F24,24,-0.002050204,-0.000615061,-1e-06,-2050.204,-0.021600003096,-1845.18363,-2255.22437,-615.061,-0.006479998821692308,-410.04063,-820.08137,-1.0,-1.0535538461538461e-05,204.02037,-206.02037,"-2255.2,-820.1,(-1845, 1),-410.0"
0202K1F24P1R4,0202,B02,2,2,F24,24,-0.002050204,-0.000615061,-1e-06,-2050.204,-0.021600003096,-1845.18363,-2255.22437,-615.061,-0.006479998821692308,-410.04063,-820.08137,-1.0,-1.0535538461538461e-05,204.02037,-206.02037,"-2255.2,-820.1,(-1845, 1),-410.0"
0202K1F24P2R1,0202,B02,2,2,F24,24,-0.002050204,-0.000615061,0.0,-2050.204,-0.021600003096,-1845.18363,-2255.22437,-615.061,-0.006479998821692308,-410.04063,-820.08137,0.0,0.0,205.02037,-205.02037,"-2255.2,-820.1,(-1845, 1),-410.0"
0202K1F24P2R2,0202,B02,2,2,F24,24,-0.002050204,-0.000615061,0.0,-2050.204,-0.021600003096,-1845.18363,-2255.22437,-615.061,-0.006479998821692308,-410.04063,-820.08137,0.0,0.0,205.02037,-205.02037,"-2255.2,-820.1,(-1845, 1),-410.0"
0202K1F24P2R3,0202,B02,2,2,F24,24,-0.002050204,-0.000615061,0.0,-2050.204,-0.021600003096,-1845.18363,-2255.22437,-615.061,-0.006479998821692308,-410.04063,-820.08137,0.0,0.0,205.02037,-205.02037,"-2255.2,-820.1,(-1845, 1),-410.0"
0202K1F24P2R4,0202,B02,2,2,F24,24,-0.002050204,-0.000615061,0.0,-2050.204,-0.021600003096,-1845.18363,-2255.22437,-615.061,-0.006479998821692308,-410.04063,-820.08137,0.0,0.0,205.02037,-205.02037,"-2255.2,-820.1,(-1845, 1),-410.0"
0202K1F24P3R1,0202,B02,2,2,F24,24,-0.002050204,-0.000615061,1e-06,-2050.204,-0.021600003096,-1845.18363,-2255.22437,-615.061,-0.006479998821692308,-410.04063,-820.08137,1.0,1.0535538461538461e-05,206.02037,-204.02037,"-2255.2,-820.1,(-1845, 1),-410.0"
0202K1F24P3R2,0202,B02,2,2,F24,24,-0.002050204,-0.000615061,1e-06,-2050.204,-0.021600003096,-1845.18363,-2255.22437,-615.061,-0.006479998821692308,-410.04063,-820.08137,1.0,1.0535538461538461e-05,206.02037,-204.02037,"-2255.2,-820.1,(-1845, 1),-410.0"
0202K1F24P3R3,0202,B02,2,2,F24,24,-0.002050204,-0.000615061,1e-06,-2050.204,-0.021600003096,-1845.18363,-2255.22437,-615.061,-0.006479998821692308,-410.04063,-820.08137,1.0,1.0535538461538461e-05,206.02037,-204.02037,"-2255.2,-820.1,(-1845, 1),-410.0"
0202K1F24P3R4,0202,B02,2,2,F24,24,-0.002050204,-0.000615061,1e-06,-2050.204,-0.021600003096,-1845.18363,-2255.22437,-615.061,-0.006479998821692308,-410.04063,-820.08137,1.0,1.0535538461538461e-05,206.02037,-204.02037,"-2255.2,-820.1,(-1845, 1),-410.0"
0202K1F24P4R1,0202,B02,2,2,F24,24,-0.002050204,-0.000615061,2e-06,-2050.204,-0.021600003096,-1845.18363,-2255.22437,-615.061,-0.006479998821692308,-410.04063,-820.08137,2.0,2.1071076923076922e-05,207.02037,-203.02037,"-2255.2,-820.1,(-1845, 1),-410.0"
0202K1F24P4R2,0202,B02,2,2,F24,24,-0.002050204,-0.000615061,2e-06,-2050.204,-0.021600003096,-1845.18363,-2255.22437,-615.061,-0.006479998821692308,-410.04063,-820.08137,2.0,2.1071076923076922e-05,207.02037,-203.02037,"-2255.2,-820.1,(-1845, 1),-410.0"
0202K1F24P4R3,0202,B02,2,2,F24,24,-0.002050204,-0.000615061,2e-06,-2050.204,-0.021600003096,-1845.18363,-2255.22437,-615.061,-0.006479998821692308,-410.04063,-820.08137,2.0,2.1071076923076922e-05,207.02037,-203.02037,"-2255.2,-820.1,(-1845, 1),-410.0"
0202K1F24P4R4,0202,B02,2,2,F24,24,-0.002050204,-0.000615061,2e-06,-2050.204,-0.021600003096,-1845.18363,-2255.22437,-615.061,-0.006479998821692308,-410.04063,-820.08137,2.0,2.1071076923076922e-05,207.02037,-203.02037,"-2255.2,-820.1,(-1845, 1),-410.0"
0202K1F24P5R1,0202,B02,2,2,F24,24,-0.002050204,-0.000615061,3e-06,-2050.204,-0.021600003096,-1845.18363,-2255.22437,-615.061,-0.006479998821692308,-410.04063,-820.08137,3.0,3.1606615384615385e-05,208.02037,-202.02037,"-2255.2,-820.1,(-1845, 1),-410.0"
0202K1F24P5R2,0202,B02,2,2,F24,24,-0.002050204,-0.000615061,3e-06,-2050.204,-0.021600003096,-1845.18363,-2255.22437,-615.061,-0.006479998821692308,-410.04063,-820.08137,3.0,3.1606615384615385e-05,208.02037,-202.02037,"-2255.2,-820.1,(-1845, 1),-410.0"
0202K1F24P5R3,0202,B02,2,2,F24,24,-0.002050204,-0.000615061,3e-06,-2050.204,-0.021600003096,-1845.18363,-2255.22437,-615.061,-0.006479998821692308,-410.04063,-820.08137,3.0,3.1606615384615385e-05,208.02037,-202.02037,"-2255.2,-820.1,(-1845, 1),-410.0"
0202K1F24P5R4,0202,B02,2,2,F24,24,-0.002050204,-0.000615061,3e-06,-2050.204,-0.021600003096,-1845.18363,-2255.22437,-615.061,-0.006479998821692308,-410.04063,-820.08137,3.0,3.1606615384615385e-05,208.02037,-202.02037,"-2255.2,-820.1,(-1845, 1),-410.0"
0202K1F24P6R1,0202,B02,2,2,F24,24,-0.002050204,-0.000615061,4e-06,-2050.204,-0.021600003096,-1845.18363,-2255.22437,-615.061,-0.006479998821692308,-410.04063,-820.08137,4.0,4.2142153846153845e-05,209.02037,-201.02037,"-2255.2,-820.1,(-1845, 1),-410.0"
0202K1F24P6R2,0202,B02,2,2,F24,24,-0.002050204,-0.000615061,4e-06,-2050.204,-0.021600003096,-1845.18363,-2255.22437,-615.061,-0.006479998821692308,-410.04063,-820.08137,4.0,4.2142153846153845e-05,209.02037,-201.02037,"-2255.2,-820.1,(-1845, 1),-410.0"
0202K1F24P6R3,0202,B02,2,2,F24,24,-0.002050204,-0.000615061,4e-06,-2050.204,-0.021600003096,-1845.18363,-2255.22437,-615.061,-0.006479998821692308,-410.04063,-820.08137,4.0,4.2142153846153845e-05,209.02037,-201.02037,"-2255.2,-820.1,(-1845, 1),-410.0"
0202K1F24P6R4,0202,B02,2,2,F24,24,-0.002050204,-0.000615061,4e-06,-2050.204,-0.021600003096,-1845.18363,-2255.22437,-615.061,-0.006479998821692308,-410.04063,-820.08137,4.0,4.2142153846153845e-05,209.02037,-201.02037,"-2255.2,-820.1,(-1845, 1),-410.0"
0202K1F24P7R1,0202,B02,2,2,F24,24,-0.002050204,-0.000615061,5e-06,-2050.204,-0.021600003096,-1845.18363,-2255.22437,-615.061,-0.006479998821692308,-410.04063,-820.08137,5.0,5.267769230769231e-05,210.02037,-200.02037,"-2255.2,-820.1,(-1845, 1),-410.0"
0202K1F24P7R2,0202,B02,2,2,F24,24,-0.002050204,-0.000615061,5e-06,-2050.204,-0.021600003096,-1845.18363,-2255.22437,-615.061,-0.006479998821692308,-410.04063,-820.08137,5.0,5.267769230769231e-05,210.02037,-200.02037,"-2255.2,-820.1,(-1845, 1),-410.0"
0202K1F24P7R3,0202,B02,2,2,F24,24,-0.002050204,-0.000615061,5e-06,-2050.204,-0.021600003096,-1845.18363,-2255.22437,-615.061,-0.006479998821692308,-410.04063,-820.08137,5.0,5.267769230769231e-05,210.02037,-200.02037,"-2255.2,-820.1,(-1845, 1),-410.0"
0202K1F24P7R4,0202,B02,2,2,F24,24,-0.002050204,-0.000615061,5e-06,-2050.204,-0.021600003096,-1845.18363,-2255.22437,-615.061,-0.006479998821692308,-410.04063,-820.08137,5.0,5.267769230769231e-05,210.02037,-200.02037,"-2255.2,-820.1,(-1845, 1),-410.0"
0202K1F25P1R1,0202,B02,2,2,F25,25,-0.001845183,-0.000615061,-1e-06,-1845.183,-0.019439996465076922,-1640.16263,-2050.20337,-615.061,-0.006479998821692308,-410.04063,-820.08137,-1.0,-1.0535538461538461e-05,204.02037,-206.02037,"-2050.2,-820.1,(-1640, 1),-410.0"
0202K1F25P1R2,0202,B02,2,2,F25,25,-0.001845183,-0.000615061,-1e-06,-1845.183,-0.019439996465076922,-1640.16263,-2050.20337,-615.061,-0.006479998821692308,-410.04063,-820.08137,-1.0,-1.0535538461538461e-05,204.02037,-206.02037,"-2050.2,-820.1,(-1640, 1),-410.0"
0202K1F25P1R3,0202,B02,2,2,F25,25,-0.001845183,-0.000615061,-1e-06,-1845.183,-0.019439996465076922,-1640.16263,-2050.20337,-615.061,-0.006479998821692308,-410.04063,-820.08137,-1.0,-1.0535538461538461e-05,204.02037,-206.02037,"-2050.2,-820.1,(-1640, 1),-410.0"
0202K1F25P1R4,0202,B02,2,2,F25,25,-0.001845183,-0.000615061,-1e-06,-1845.183,-0.019439996465076922,-1640.16263,-2050.20337,-615.061,-0.006479998821692308,-410.04063,-820.08137,-1.0,-1.0535538461538461e-05,204.02037,-206.02037,"-2050.2,-820.1,(-1640, 1),-410.0"
0202K1F25P2R1,0202,B02,2,2,F25,25,-0.001845183,-0.000615061,0.0,-1845.183,-0.019439996465076922,-1640.16263,-2050.20337,-615.061,-0.006479998821692308,-410.04063,-820.08137,0.0,0.0,205.02037,-205.02037,"-2050.2,-820.1,(-1640, 1),-410.0"
0202K1F25P2R2,0202,B02,2,2,F25,25,-0.001845183,-0.000615061,0.0,-1845.183,-0.019439996465076922,-1640.16263,-2050.20337,-615.061,-0.006479998821692308,-410.04063,-820.08137,0.0,0.0,205.02037,-205.02037,"-2050.2,-820.1,(-1640, 1),-410.0"
0202K1F25P2R3,0202,B02,2,2,F25,25,-0.001845183,-0.000615061,0.0,-1845.183,-0.019439996465076922,-1640.16263,-2050.20337,-615.061,-0.006479998821692308,-410.04063,-820.08137,0.0,0.0,205.02037,-205.02037,"-2050.2,-820.1,(-1640, 1),-410.0"
0202K1F25P2R4,0202,B02,2,2,F25,25,-0.001845183,-0.000615061,0.0,-1845.183,-0.019439996465076922,-1640.16263,-2050.20337,-615.061,-0.006479998821692308,-410.04063,-820.08137,0.0,0.0,205.02037,-205.02037,"-2050.2,-820.1,(-1640, 1),-410.0"
0202K1F25P3R1,0202,B02,2,2,F25,25,-0.001845183,-0.000615061,1e-06,-1845.183,-0.019439996465076922,-1640.16263,-2050.20337,-615.061,-0.006479998821692308,-410.04063,-820.08137,1.0,1.0535538461538461e-05,206.02037,-204.02037,"-2050.2,-820.1,(-1640, 1),-410.0"
0202K1F25P3R2,0202,B02,2,2,F25,25,-0.001845183,-0.000615061,1e-06,-1845.183,-0.019439996465076922,-1640.16263,-2050.20337,-615.061,-0.006479998821692308,-410.04063,-820.08137,1.0,1.0535538461538461e-05,206.02037,-204.02037,"-2050.2,-820.1,(-1640, 1),-410.0"
0202K1F25P3R3,0202,B02,2,2,F25,25,-0.001845183,-0.000615061,1e-06,-1845.183,-0.019439996465076922,-1640.16263,-2050.20337,-615.061,-0.006479998821692308,-410.04063,-820.08137,1.0,1.0535538461538461e-05,206.02037,-204.02037,"-2050.2,-820.1,(-1640, 1),-410.0"
0202K1F25P3R4,0202,B02,2,2,F25,25,-0.001845183,-0.000615061,1e-06,-1845.183,-0.019439996465076922,-1640.16263,-2050.20337,-615.061,-0.006479998821692308,-410.04063,-820.08137,1.0,1.0535538461538461e-05,206.02037,-204.02037,"-2050.2,-820.1,(-1640, 1),-410.0"
0202K1F25P4R1,0202,B02,2,2,F25,25,-0.001845183,-0.000615061,2e-06,-1845.183,-0.019439996465076922,-1640.16263,-2050.20337,-615.061,-0.006479998821692308,-410.04063,-820.08137,2.0,2.1071076923076922e-05,207.02037,-203.02037,"-2050.2,-820.1,(-1640, 1),-410.0"
0202K1F25P4R2,0202,B02,2,2,F25,25,-0.001845183,-0.000615061,2e-06,-1845.183,-0.019439996465076922,-1640.16263,-2050.20337,-615.061,-0.006479998821692308,-410.04063,-820.08137,2.0,2.1071076923076922e-05,207.02037,-203.02037,"-2050.2,-820.1,(-1640, 1),-410.0"
0202K1F25P4R3,0202,B02,2,2,F25,25,-0.001845183,-0.000615061,2e-06,-1845.183,-0.019439996465076922,-1640.16263,-2050.20337,-615.061,-0.006479998821692308,-410.04063,-820.08137,2.0,2.1071076923076922e-05,207.02037,-203.02037,"-2050.2,-820.1,(-1640, 1),-410.0"
0202K1F25P4R4,0202,B02,2,2,F25,25,-0.001845183,-0.000615061,2e-06,-1845.183,-0.019439996465076922,-1640.16263,-2050.20337,-615.061,-0.006479998821692308,-410.04063,-820.08137,2.0,2.1071076923076922e-05,207.02037,-203.02037,"-2050.2,-820.1,(-1640, 1),-410.0"
0202K1F25P5R1,0202,B02,2,2,F25,25,-0.001845183,-0.000615061,3e-06,-1845.183,-0.019439996465076922,-1640.16263,-2050.20337,-615.061,-0.006479998821692308,-410.04063,-820.08137,3.0,3.1606615384615385e-05,208.02037,-202.02037,"-2050.2,-820.1,(-1640, 1),-410.0"
0202K1F25P5R2,0202,B02,2,2,F25,25,-0.001845183,-0.000615061,3e-06,-1845.183,-0.019439996465076922,-1640.16263,-2050.20337,-615.061,-0.006479998821692308,-410.04063,-820.08137,3.0,3.1606615384615385e-05,208.02037,-202.02037,"-2050.2,-820.1,(-1640, 1),-410.0"
0202K1F25P5R3,0202,B02,2,2,F25,25,-0.001845183,-0.000615061,3e-06,-1845.183,-0.019439996465076922,-1640.16263,-2050.20337,-615.061,-0.006479998821692308,-410.04063,-820.08137,3.0,3.1606615384615385e-05,208.02037,-202.02037,"-2050.2,-820.1,(-1640, 1),-410.0"
0202K1F25P5R4,0202,B02,2,2,F25,25,-0.001845183,-0.000615061,3e-06,-1845.183,-0.019439996465076922,-1640.16263,-2050.20337,-615.061,-0.006479998821692308,-410.04063,-820.08137,3.0,3.1606615384615385e-05,208.02037,-202.02037,"-2050.2,-820.1,(-1640, 1),-410.0"
0202K1F25P6R1,0202,B02,2,2,F25,25,-0.001845183,-0.000615061,4e-06,-1845.183,-0.019439996465076922,-1640.16263,-2050.20337,-615.061,-0.006479998821692308,-410.04063,-820.08137,4.0,4.2142153846153845e-05,209.02037,-201.02037,"-2050.2,-820.1,(-1640, 1),-410.0"
0202K1F25P6R2,0202,B02,2,2,F25,25,-0.001845183,-0.000615061,4e-06,-1845.183,-0.019439996465076922,-1640.16263,-2050.20337,-615.061,-0.006479998821692308,-410.04063,-820.08137,4.0,4.2142153846153845e-05,209.02037,-201.02037,"-2050.2,-820.1,(-1640, 1),-410.0"
0202K1F25P6R3,0202,B02,2,2,F25,25,-0.001845183,-0.000615061,4e-06,-1845.183,-0.019439996465076922,-1640.16263,-2050.20337,-615.061,-0.006479998821692308,-410.04063,-820.08137,4.0,4.2142153846153845e-05,209.02037,-201.02037,"-2050.2,-820.1,(-1640, 1),-410.0"
0202K1F25P6R4,0202,B02,2,2,F25,25,-0.001845183,-0.000615061,4e-06,-1845.183,-0.019439996465076922,-1640.16263,-2050.20337,-615.061,-0.006479998821692308,-410.04063,-820.08137,4.0,4.2142153846153845e-05,209.02037,-201.02037,"-2050.2,-820.1,(-1640, 1),-410.0"
0202K1F25P7R1,0202,B02,2,2,F25,25,-0.001845183,-0.000615061,5e-06,-1845.183,-0.019439996465076922,-1640.16263,-2050.20337,-615.061,-0.006479998821692308,-410.04063,-820.08137,5.0,5.267769230769231e-05,210.02037,-200.02037,"-2050.2,-820.1,(-1640, 1),-410.0"
0202K1F25P7R2,0202,B02,2,2,F25,25,-0.001845183,-0.000615061,5e-06,-1845.183,-0.019439996465076922,-1640.16263,-2050.20337,-615.061,-0.006479998821692308,-410.04063,-820.08137,5.0,5.267769230769231e-05,210.02037,-200.02037,"-2050.2,-820.1,(-1640, 1),-410.0"
0202K1F25P7R3,0202,B02,2,2,F25,25,-0.001845183,-0.000615061,5e-06,-1845.183,-0.019439996465076922,-1640.16263,-2050.20337,-615.061,-0.006479998821692308,-410.04063,-820.08137,5.0,5.267769230769231e-05,210.02037,-200.02037,"-2050.2,-820.1,(-1640, 1),-410.0"
0202K1F25P7R4,0202,B02,2,2,F25,25,-0.001845183,-0.000615061,5e-06,-1845.183,-0.019439996465076922,-1640.16263,-2050.20337,-615.061,-0.006479998821692308,-410.04063,-820.08137,5.0,5.267769230769231e-05,210.02037,-200.02037,"-2050.2,-820.1,(-1640, 1),-410.0"
0202K1F26P1R1,0202,B02,2,2,F26,26,-0.001640163,-0.000820082,-1e-06,-1640.163,-0.017280000369692308,-1435.14263,-1845.18337,-820.082,-0.008640005452615385,-615.06163,-1025.10237,-1.0,-1.0535538461538461e-05,204.02037,-206.02037,"-1845.2,-1025.1,(-1435, 1),-615.1"
0202K1F26P1R2,0202,B02,2,2,F26,26,-0.001640163,-0.000820082,-1e-06,-1640.163,-0.017280000369692308,-1435.14263,-1845.18337,-820.082,-0.008640005452615385,-615.06163,-1025.10237,-1.0,-1.0535538461538461e-05,204.02037,-206.02037,"-1845.2,-1025.1,(-1435, 1),-615.1"
0202K1F26P1R3,0202,B02,2,2,F26,26,-0.001640163,-0.000820082,-1e-06,-1640.163,-0.017280000369692308,-1435.14263,-1845.18337,-820.082,-0.008640005452615385,-615.06163,-1025.10237,-1.0,-1.0535538461538461e-05,204.02037,-206.02037,"-1845.2,-1025.1,(-1435, 1),-615.1"
0202K1F26P1R4,0202,B02,2,2,F26,26,-0.001640163,-0.000820082,-1e-06,-1640.163,-0.017280000369692308,-1435.14263,-1845.18337,-820.082,-0.008640005452615385,-615.06163,-1025.10237,-1.0,-1.0535538461538461e-05,204.02037,-206.02037,"-1845.2,-1025.1,(-1435, 1),-615.1"
0202K1F26P2R1,0202,B02,2,2,F26,26,-0.001640163,-0.000820082,0.0,-1640.163,-0.017280000369692308,-1435.14263,-1845.18337,-820.082,-0.008640005452615385,-615.06163,-1025.10237,0.0,0.0,205.02037,-205.02037,"-1845.2,-1025.1,(-1435, 1),-615.1"
0202K1F26P2R2,0202,B02,2,2,F26,26,-0.001640163,-0.000820082,0.0,-1640.163,-0.017280000369692308,-1435.14263,-1845.18337,-820.082,-0.008640005452615385,-615.06163,-1025.10237,0.0,0.0,205.02037,-205.02037,"-1845.2,-1025.1,(-1435, 1),-615.1"
0202K1F26P2R3,0202,B02,2,2,F26,26,-0.001640163,-0.000820082,0.0,-1640.163,-0.017280000369692308,-1435.14263,-1845.18337,-820.082,-0.008640005452615385,-615.06163,-1025.10237,0.0,0.0,205.02037,-205.02037,"-1845.2,-1025.1,(-1435, 1),-615.1"
0202K1F26P2R4,0202,B02,2,2,F26,26,-0.001640163,-0.000820082,0.0,-1640.163,-0.017280000369692308,-1435.14263,-1845.18337,-820.082,-0.008640005452615385,-615.06163,-1025.10237,0.0,0.0,205.02037,-205.02037,"-1845.2,-1025.1,(-1435, 1),-615.1"
0202K1F26P3R1,0202,B02,2,2,F26,26,-0.001640163,-0.000820082,1e-06,-1640.163,-0.017280000369692308,-1435.14263,-1845.18337,-820.082,-0.008640005452615385,-615.06163,-1025.10237,1.0,1.0535538461538461e-05,206.02037,-204.02037,"-1845.2,-1025.1,(-1435, 1),-615.1"
0202K1F26P3R2,0202,B02,2,2,F26,26,-0.001640163,-0.000820082,1e-06,-1640.163,-0.017280000369692308,-1435.14263,-1845.18337,-820.082,-0.008640005452615385,-615.06163,-1025.10237,1.0,1.0535538461538461e-05,206.02037,-204.02037,"-1845.2,-1025.1,(-1435, 1),-615.1"
0202K1F26P3R3,0202,B02,2,2,F26,26,-0.001640163,-0.000820082,1e-06,-1640.163,-0.017280000369692308,-1435.14263,-1845.18337,-820.082,-0.008640005452615385,-615.06163,-1025.10237,1.0,1.0535538461538461e-05,206.02037,-204.02037,"-1845.2,-1025.1,(-1435, 1),-615.1"
0202K1F26P3R4,0202,B02,2,2,F26,26,-0.001640163,-0.000820082,1e-06,-1640.163,-0.017280000369692308,-1435.14263,-1845.18337,-820.082,-0.008640005452615385,-615.06163,-1025.10237,1.0,1.0535538461538461e-05,206.02037,-204.02037,"-1845.2,-1025.1,(-1435, 1),-615.1"
0202K1F26P4R1,0202,B02,2,2,F26,26,-0.001640163,-0.000820082,2e-06,-1640.163,-0.017280000369692308,-1435.14263,-1845.18337,-820.082,-0.008640005452615385,-615.06163,-1025.10237,2.0,2.1071076923076922e-05,207.02037,-203.02037,"-1845.2,-1025.1,(-1435, 1),-615.1"
0202K1F26P4R2,0202,B02,2,2,F26,26,-0.001640163,-0.000820082,2e-06,-1640.163,-0.017280000369692308,-1435.14263,-1845.18337,-820.082,-0.008640005452615385,-615.06163,-1025.10237,2.0,2.1071076923076922e-05,207.02037,-203.02037,"-1845.2,-1025.1,(-1435, 1),-615.1"
0202K1F26P4R3,0202,B02,2,2,F26,26,-0.001640163,-0.000820082,2e-06,-1640.163,-0.017280000369692308,-1435.14263,-1845.18337,-820.082,-0.008640005452615385,-615.06163,-1025.10237,2.0,2.1071076923076922e-05,207.02037,-203.02037,"-1845.2,-1025.1,(-1435, 1),-615.1"
0202K1F26P4R4,0202,B02,2,2,F26,26,-0.001640163,-0.000820082,2e-06,-1640.163,-0.017280000369692308,-1435.14263,-1845.18337,-820.082,-0.008640005452615385,-615.06163,-1025.10237,2.0,2.1071076923076922e-05,207.02037,-203.02037,"-1845.2,-1025.1,(-1435, 1),-615.1"
0202K1F26P5R1,0202,B02,2,2,F26,26,-0.001640163,-0.000820082,3e-06,-1640.163,-0.017280000369692308,-1435.14263,-1845.18337,-820.082,-0.008640005452615385,-615.06163,-1025.10237,3.0,3.1606615384615385e-05,208.02037,-202.02037,"-1845.2,-1025.1,(-1435, 1),-615.1"
0202K1F26P5R2,0202,B02,2,2,F26,26,-0.001640163,-0.000820082,3e-06,-1640.163,-0.017280000369692308,-1435.14263,-1845.18337,-820.082,-0.008640005452615385,-615.06163,-1025.10237,3.0,3.1606615384615385e-05,208.02037,-202.02037,"-1845.2,-1025.1,(-1435, 1),-615.1"
0202K1F26P5R3,0202,B02,2,2,F26,26,-0.001640163,-0.000820082,3e-06,-1640.163,-0.017280000369692308,-1435.14263,-1845.18337,-820.082,-0.008640005452615385,-615.06163,-1025.10237,3.0,3.1606615384615385e-05,208.02037,-202.02037,"-1845.2,-1025.1,(-1435, 1),-615.1"
0202K1F26P5R4,0202,B02,2,2,F26,26,-0.001640163,-0.000820082,3e-06,-1640.163,-0.017280000369692308,-1435.14263,-1845.18337,-820.082,-0.008640005452615385,-615.06163,-1025.10237,3.0,3.1606615384615385e-05,208.02037,-202.02037,"-1845.2,-1025.1,(-1435, 1),-615.1"
0202K1F26P6R1,0202,B02,2,2,F26,26,-0.001640163,-0.000820082,4e-06,-1640.163,-0.017280000369692308,-1435.14263,-1845.18337,-820.082,-0.008640005452615385,-615.06163,-1025.10237,4.0,4.2142153846153845e-05,209.02037,-201.02037,"-1845.2,-1025.1,(-1435, 1),-615.1"
0202K1F26P6R2,0202,B02,2,2,F26,26,-0.001640163,-0.000820082,4e-06,-1640.163,-0.017280000369692308,-1435.14263,-1845.18337,-820.082,-0.008640005452615385,-615.06163,-1025.10237,4.0,4.2142153846153845e-05,209.02037,-201.02037,"-1845.2,-1025.1,(-1435, 1),-615.1"
0202K1F26P6R3,0202,B02,2,2,F26,26,-0.001640163,-0.000820082,4e-06,-1640.163,-0.017280000369692308,-1435.14263,-1845.18337,-820.082,-0.008640005452615385,-615.06163,-1025.10237,4.0,4.2142153846153845e-05,209.02037,-201.02037,"-1845.2,-1025.1,(-1435, 1),-615.1"
0202K1F26P6R4,0202,B02,2,2,F26,26,-0.001640163,-0.000820082,4e-06,-1640.163,-0.017280000369692308,-1435.14263,-1845.18337,-820.082,-0.008640005452615385,-615.06163,-1025.10237,4.0,4.2142153846153845e-05,209.02037,-201.02037,"-1845.2,-1025.1,(-1435, 1),-615.1"
0202K1F26P7R1,0202,B02,2,2,F26,26,-0.001640163,-0.000820082,5e-06,-1640.163,-0.017280000369692308,-1435.14263,-1845.18337,-820.082,-0.008640005452615385,-615.06163,-1025.10237,5.0,5.267769230769231e-05,210.02037,-200.02037,"-1845.2,-1025.1,(-1435, 1),-615.1"
0202K1F26P7R2,0202,B02,2,2,F26,26,-0.001640163,-0.000820082,5e-06,-1640.163,-0.017280000369692308,-1435.14263,-1845.18337,-820.082,-0.008640005452615385,-615.06163,-1025.10237,5.0,5.267769230769231e-05,210.02037,-200.02037,"-1845.2,-1025.1,(-1435, 1),-615.1"
0202K1F26P7R3,0202,B02,2,2,F26,26,-0.001640163,-0.000820082,5e-06,-1640.163,-0.017280000369692308,-1435.14263,-1845.18337,-820.082,-0.008640005452615385,-615.06163,-1025.10237,5.0,5.267769230769231e-05,210.02037,-200.02037,"-1845.2,-1025.1,(-1435, 1),-615.1"
0202K1F26P7R4,0202,B02,2,2,F26,26,-0.001640163,-0.000820082,5e-06,-1640.163,-0.017280000369692308,-1435.14263,-1845.18337,-820.082,-0.008640005452615385,-615.06163,-1025.10237,5.0,5.267769230769231e-05,210.02037,-200.02037,"-1845.2,-1025.1,(-1435, 1),-615.1"
0202K1F27P1R1,0202,B02,2,2,F27,27,-0.001845183,-0.000820082,-1e-06,-1845.183,-0.019439996465076922,-1640.16263,-2050.20337,-820.082,-0.008640005452615385,-615.06163,-1025.10237,-1.0,-1.0535538461538461e-05,204.02037,-206.02037,"-2050.2,-1025.1,(-1640, 1),-615.1"
0202K1F27P1R2,0202,B02,2,2,F27,27,-0.001845183,-0.000820082,-1e-06,-1845.183,-0.019439996465076922,-1640.16263,-2050.20337,-820.082,-0.008640005452615385,-615.06163,-1025.10237,-1.0,-1.0535538461538461e-05,204.02037,-206.02037,"-2050.2,-1025.1,(-1640, 1),-615.1"
0202K1F27P1R3,0202,B02,2,2,F27,27,-0.001845183,-0.000820082,-1e-06,-1845.183,-0.019439996465076922,-1640.16263,-2050.20337,-820.082,-0.008640005452615385,-615.06163,-1025.10237,-1.0,-1.0535538461538461e-05,204.02037,-206.02037,"-2050.2,-1025.1,(-1640, 1),-615.1"
0202K1F27P1R4,0202,B02,2,2,F27,27,-0.001845183,-0.000820082,-1e-06,-1845.183,-0.019439996465076922,-1640.16263,-2050.20337,-820.082,-0.008640005452615385,-615.06163,-1025.10237,-1.0,-1.0535538461538461e-05,204.02037,-206.02037,"-2050.2,-1025.1,(-1640, 1),-615.1"
0202K1F27P2R1,0202,B02,2,2,F27,27,-0.001845183,-0.000820082,0.0,-1845.183,-0.019439996465076922,-1640.16263,-2050.20337,-820.082,-0.008640005452615385,-615.06163,-1025.10237,0.0,0.0,205.02037,-205.02037,"-2050.2,-1025.1,(-1640, 1),-615.1"
0202K1F27P2R2,0202,B02,2,2,F27,27,-0.001845183,-0.000820082,0.0,-1845.183,-0.019439996465076922,-1640.16263,-2050.20337,-820.082,-0.008640005452615385,-615.06163,-1025.10237,0.0,0.0,205.02037,-205.02037,"-2050.2,-1025.1,(-1640, 1),-615.1"
0202K1F27P2R3,0202,B02,2,2,F27,27,-0.001845183,-0.000820082,0.0,-1845.183,-0.019439996465076922,-1640.16263,-2050.20337,-820.082,-0.008640005452615385,-615.06163,-1025.10237,0.0,0.0,205.02037,-205.02037,"-2050.2,-1025.1,(-1640, 1),-615.1"
0202K1F27P2R4,0202,B02,2,2,F27,27,-0.001845183,-0.000820082,0.0,-1845.183,-0.019439996465076922,-1640.16263,-2050.20337,-820.082,-0.008640005452615385,-615.06163,-1025.10237,0.0,0.0,205.02037,-205.02037,"-2050.2,-1025.1,(-1640, 1),-615.1"
0202K1F27P3R1,0202,B02,2,2,F27,27,-0.001845183,-0.000820082,1e-06,-1845.183,-0.019439996465076922,-1640.16263,-2050.20337,-820.082,-0.008640005452615385,-615.06163,-1025.10237,1.0,1.0535538461538461e-05,206.02037,-204.02037,"-2050.2,-1025.1,(-1640, 1),-615.1"
0202K1F27P3R2,0202,B02,2,2,F27,27,-0.001845183,-0.000820082,1e-06,-1845.183,-0.019439996465076922,-1640.16263,-2050.20337,-820.082,-0.008640005452615385,-615.06163,-1025.10237,1.0,1.0535538461538461e-05,206.02037,-204.02037,"-2050.2,-1025.1,(-1640, 1),-615.1"
0202K1F27P3R3,0202,B02,2,2,F27,27,-0.001845183,-0.000820082,1e-06,-1845.183,-0.019439996465076922,-1640.16263,-2050.20337,-820.082,-0.008640005452615385,-615.06163,-1025.10237,1.0,1.0535538461538461e-05,206.02037,-204.02037,"-2050.2,-1025.1,(-1640, 1),-615.1"
0202K1F27P3R4,0202,B02,2,2,F27,27,-0.001845183,-0.000820082,1e-06,-1845.183,-0.019439996465076922,-1640.16263,-2050.20337,-820.082,-0.008640005452615385,-615.06163,-1025.10237,1.0,1.0535538461538461e-05,206.02037,-204.02037,"-2050.2,-1025.1,(-1640, 1),-615.1"
0202K1F27P4R1,0202,B02,2,2,F27,27,-0.001845183,-0.000820082,2e-06,-1845.183,-0.019439996465076922,-1640.16263,-2050.20337,-820.082,-0.008640005452615385,-615.06163,-1025.10237,2.0,2.1071076923076922e-05,207.02037,-203.02037,"-2050.2,-1025.1,(-1640, 1),-615.1"
0202K1F27P4R2,0202,B02,2,2,F27,27,-0.001845183,-0.000820082,2e-06,-1845.183,-0.019439996465076922,-1640.16263,-2050.20337,-820.082,-0.008640005452615385,-615.06163,-1025.10237,2.0,2.1071076923076922e-05,207.02037,-203.02037,"-2050.2,-1025.1,(-1640, 1),-615.1"
0202K1F27P4R3,0202,B02,2,2,F27,27,-0.001845183,-0.000820082,2e-06,-1845.183,-0.019439996465076922,-1640.16263,-2050.20337,-820.082,-0.008640005452615385,-615.06163,-1025.10237,2.0,2.1071076923076922e-05,207.02037,-203.02037,"-2050.2,-1025.1,(-1640, 1),-615.1"
0202K1F27P4R4,0202,B02,2,2,F27,27,-0.001845183,-0.000820082,2e-06,-1845.183,-0.019439996465076922,-1640.16263,-2050.20337,-820.082,-0.008640005452615385,-615.06163,-1025.10237,2.0,2.1071076923076922e-05,207.02037,-203.02037,"-2050.2,-1025.1,(-1640, 1),-615.1"
0202K1F27P5R1,0202,B02,2,2,F27,27,-0.001845183,-0.000820082,3e-06,-1845.183,-0.019439996465076922,-1640.16263,-2050.20337,-820.082,-0.008640005452615385,-615.06163,-1025.10237,3.0,3.1606615384615385e-05,208.02037,-202.02037,"-2050.2,-1025.1,(-1640, 1),-615.1"
0202K1F27P5R2,0202,B02,2,2,F27,27,-0.001845183,-0.000820082,3e-06,-1845.183,-0.019439996465076922,-1640.16263,-2050.20337,-820.082,-0.008640005452615385,-615.06163,-1025.10237,3.0,3.1606615384615385e-05,208.02037,-202.02037,"-2050.2,-1025.1,(-1640, 1),-615.1"
0202K1F27P5R3,0202,B02,2,2,F27,27,-0.001845183,-0.000820082,3e-06,-1845.183,-0.019439996465076922,-1640.16263,-2050.20337,-820.082,-0.008640005452615385,-615.06163,-1025.10237,3.0,3.1606615384615385e-05,208.02037,-202.02037,"-2050.2,-1025.1,(-1640, 1),-615.1"
0202K1F27P5R4,0202,B02,2,2,F27,27,-0.001845183,-0.000820082,3e-06,-1845.183,-0.019439996465076922,-1640.16263,-2050.20337,-820.082,-0.008640005452615385,-615.06163,-1025.10237,3.0,3.1606615384615385e-05,208.02037,-202.02037,"-2050.2,-1025.1,(-1640, 1),-615.1"
0202K1F27P6R1,0202,B02,2,2,F27,27,-0.001845183,-0.000820082,4e-06,-1845.183,-0.019439996465076922,-1640.16263,-2050.20337,-820.082,-0.008640005452615385,-615.06163,-1025.10237,4.0,4.2142153846153845e-05,209.02037,-201.02037,"-2050.2,-1025.1,(-1640, 1),-615.1"
0202K1F27P6R2,0202,B02,2,2,F27,27,-0.001845183,-0.000820082,4e-06,-1845.183,-0.019439996465076922,-1640.16263,-2050.20337,-820.082,-0.008640005452615385,-615.06163,-1025.10237,4.0,4.2142153846153845e-05,209.02037,-201.02037,"-2050.2,-1025.1,(-1640, 1),-615.1"
0202K1F27P6R3,0202,B02,2,2,F27,27,-0.001845183,-0.000820082,4e-06,-1845.183,-0.019439996465076922,-1640.16263,-2050.20337,-820.082,-0.008640005452615385,-615.06163,-1025.10237,4.0,4.2142153846153845e-05,209.02037,-201.02037,"-2050.2,-1025.1,(-1640, 1),-615.1"
0202K1F27P6R4,0202,B02,2,2,F27,27,-0.001845183,-0.000820082,4e-06,-1845.183,-0.019439996465076922,-1640.16263,-2050.20337,-820.082,-0.008640005452615385,-615.06163,-1025.10237,4.0,4.2142153846153845e-05,209.02037,-201.02037,"-2050.2,-1025.1,(-1640, 1),-615.1"
0202K1F27P7R1,0202,B02,2,2,F27,27,-0.001845183,-0.000820082,5e-06,-1845.183,-0.019439996465076922,-1640.16263,-2050.20337,-820.082,-0.008640005452615385,-615.06163,-1025.10237,5.0,5.267769230769231e-05,210.02037,-200.02037,"-2050.2,-1025.1,(-1640, 1),-615.1"
0202K1F27P7R2,0202,B02,2,2,F27,27,-0.001845183,-0.000820082,5e-06,-1845.183,-0.019439996465076922,-1640.16263,-2050.20337,-820.082,-0.008640005452615385,-615.06163,-1025.10237,5.0,5.267769230769231e-05,210.02037,-200.02037,"-2050.2,-1025.1,(-1640, 1),-615.1"
0202K1F27P7R3,0202,B02,2,2,F27,27,-0.001845183,-0.000820082,5e-06,-1845.183,-0.019439996465076922,-1640.16263,-2050.20337,-820.082,-0.008640005452615385,-615.06163,-1025.10237,5.0,5.267769230769231e-05,210.02037,-200.02037,"-2050.2,-1025.1,(-1640, 1),-615.1"
0202K1F27P7R4,0202,B02,2,2,F27,27,-0.001845183,-0.000820082,5e-06,-1845.183,-0.019439996465076922,-1640.16263,-2050.20337,-820.082,-0.008640005452615385,-615.06163,-1025.10237,5.0,5.267769230769231e-05,210.02037,-200.02037,"-2050.2,-1025.1,(-1640, 1),-615.1"
0202K1F28P1R1,0202,B02,2,2,F28,28,-0.002050204,-0.000820082,-1e-06,-2050.204,-0.021600003096,-1845.18363,-2255.22437,-820.082,-0.008640005452615385,-615.06163,-1025.10237,-1.0,-1.0535538461538461e-05,204.02037,-206.02037,"-2255.2,-1025.1,(-1845, 1),-615.1"
0202K1F28P1R2,0202,B02,2,2,F28,28,-0.002050204,-0.000820082,-1e-06,-2050.204,-0.021600003096,-1845.18363,-2255.22437,-820.082,-0.008640005452615385,-615.06163,-1025.10237,-1.0,-1.0535538461538461e-05,204.02037,-206.02037,"-2255.2,-1025.1,(-1845, 1),-615.1"
0202K1F28P1R3,0202,B02,2,2,F28,28,-0.002050204,-0.000820082,-1e-06,-2050.204,-0.021600003096,-1845.18363,-2255.22437,-820.082,-0.008640005452615385,-615.06163,-1025.10237,-1.0,-1.0535538461538461e-05,204.02037,-206.02037,"-2255.2,-1025.1,(-1845, 1),-615.1"
0202K1F28P1R4,0202,B02,2,2,F28,28,-0.002050204,-0.000820082,-1e-06,-2050.204,-0.021600003096,-1845.18363,-2255.22437,-820.082,-0.008640005452615385,-615.06163,-1025.10237,-1.0,-1.0535538461538461e-05,204.02037,-206.02037,"-2255.2,-1025.1,(-1845, 1),-615.1"
0202K1F28P2R1,0202,B02,2,2,F28,28,-0.002050204,-0.000820082,0.0,-2050.204,-0.021600003096,-1845.18363,-2255.22437,-820.082,-0.008640005452615385,-615.06163,-1025.10237,0.0,0.0,205.02037,-205.02037,"-2255.2,-1025.1,(-1845, 1),-615.1"
0202K1F28P2R2,0202,B02,2,2,F28,28,-0.002050204,-0.000820082,0.0,-2050.204,-0.021600003096,-1845.18363,-2255.22437,-820.082,-0.008640005452615385,-615.06163,-1025.10237,0.0,0.0,205.02037,-205.02037,"-2255.2,-1025.1,(-1845, 1),-615.1"
0202K1F28P2R3,0202,B02,2,2,F28,28,-0.002050204,-0.000820082,0.0,-2050.204,-0.021600003096,-1845.18363,-2255.22437,-820.082,-0.008640005452615385,-615.06163,-1025.10237,0.0,0.0,205.02037,-205.02037,"-2255.2,-1025.1,(-1845, 1),-615.1"
0202K1F28P2R4,0202,B02,2,2,F28,28,-0.002050204,-0.000820082,0.0,-2050.204,-0.021600003096,-1845.18363,-2255.22437,-820.082,-0.008640005452615385,-615.06163,-1025.10237,0.0,0.0,205.02037,-205.02037,"-2255.2,-1025.1,(-1845, 1),-615.1"
0202K1F28P3R1,0202,B02,2,2,F28,28,-0.002050204,-0.000820082,1e-06,-2050.204,-0.021600003096,-1845.18363,-2255.22437,-820.082,-0.008640005452615385,-615.06163,-1025.10237,1.0,1.0535538461538461e-05,206.02037,-204.02037,"-2255.2,-1025.1,(-1845, 1),-615.1"
0202K1F28P3R2,0202,B02,2,2,F28,28,-0.002050204,-0.000820082,1e-06,-2050.204,-0.021600003096,-1845.18363,-2255.22437,-820.082,-0.008640005452615385,-615.06163,-1025.10237,1.0,1.0535538461538461e-05,206.02037,-204.02037,"-2255.2,-1025.1,(-1845, 1),-615.1"
0202K1F28P3R3,0202,B02,2,2,F28,28,-0.002050204,-0.000820082,1e-06,-2050.204,-0.021600003096,-1845.18363,-2255.22437,-820.082,-0.008640005452615385,-615.06163,-1025.10237,1.0,1.0535538461538461e-05,206.02037,-204.02037,"-2255.2,-1025.1,(-1845, 1),-615.1"
0202K1F28P3R4,0202,B02,2,2,F28,28,-0.002050204,-0.000820082,1e-06,-2050.204,-0.021600003096,-1845.18363,-2255.22437,-820.082,-0.008640005452615385,-615.06163,-1025.10237,1.0,1.0535538461538461e-05,206.02037,-204.02037,"-2255.2,-1025.1,(-1845, 1),-615.1"
0202K1F28P4R1,0202,B02,2,2,F28,28,-0.002050204,-0.000820082,2e-06,-2050.204,-0.021600003096,-1845.18363,-2255.22437,-820.082,-0.008640005452615385,-615.06163,-1025.10237,2.0,2.1071076923076922e-05,207.02037,-203.02037,"-2255.2,-1025.1,(-1845, 1),-615.1"
0202K1F28P4R2,0202,B02,2,2,F28,28,-0.002050204,-0.000820082,2e-06,-2050.204,-0.021600003096,-1845.18363,-2255.22437,-820.082,-0.008640005452615385,-615.06163,-1025.10237,2.0,2.1071076923076922e-05,207.02037,-203.02037,"-2255.2,-1025.1,(-1845, 1),-615.1"
0202K1F28P4R3,0202,B02,2,2,F28,28,-0.002050204,-0.000820082,2e-06,-2050.204,-0.021600003096,-1845.18363,-2255.22437,-820.082,-0.008640005452615385,-615.06163,-1025.10237,2.0,2.1071076923076922e-05,207.02037,-203.02037,"-2255.2,-1025.1,(-1845, 1),-615.1"
0202K1F28P4R4,0202,B02,2,2,F28,28,-0.002050204,-0.000820082,2e-06,-2050.204,-0.021600003096,-1845.18363,-2255.22437,-820.082,-0.008640005452615385,-615.06163,-1025.10237,2.0,2.1071076923076922e-05,207.02037,-203.02037,"-2255.2,-1025.1,(-1845, 1),-615.1"
0202K1F28P5R1,0202,B02,2,2,F28,28,-0.002050204,-0.000820082,3e-06,-2050.204,-0.021600003096,-1845.18363,-2255.22437,-820.082,-0.008640005452615385,-615.06163,-1025.10237,3.0,3.1606615384615385e-05,208.02037,-202.02037,"-2255.2,-1025.1,(-1845, 1),-615.1"
0202K1F28P5R2,0202,B02,2,2,F28,28,-0.002050204,-0.000820082,3e-06,-2050.204,-0.021600003096,-1845.18363,-2255.22437,-820.082,-0.008640005452615385,-615.06163,-1025.10237,3.0,3.1606615384615385e-05,208.02037,-202.02037,"-2255.2,-1025.1,(-1845, 1),-615.1"
0202K1F28P5R3,0202,B02,2,2,F28,28,-0.002050204,-0.000820082,3e-06,-2050.204,-0.021600003096,-1845.18363,-2255.22437,-820.082,-0.008640005452615385,-615.06163,-1025.10237,3.0,3.1606615384615385e-05,208.02037,-202.02037,"-2255.2,-1025.1,(-1845, 1),-615.1"
0202K1F28P5R4,0202,B02,2,2,F28,28,-0.002050204,-0.000820082,3e-06,-2050.204,-0.021600003096,-1845.18363,-2255.22437,-820.082,-0.008640005452615385,-615.06163,-1025.10237,3.0,3.1606615384615385e-05,208.02037,-202.02037,"-2255.2,-1025.1,(-1845, 1),-615.1"
0202K1F28P6R1,0202,B02,2,2,F28,28,-0.002050204,-0.000820082,4e-06,-2050.204,-0.021600003096,-1845.18363,-2255.22437,-820.082,-0.008640005452615385,-615.06163,-1025.10237,4.0,4.2142153846153845e-05,209.02037,-201.02037,"-2255.2,-1025.1,(-1845, 1),-615.1"
0202K1F28P6R2,0202,B02,2,2,F28,28,-0.002050204,-0.000820082,4e-06,-2050.204,-0.021600003096,-1845.18363,-2255.22437,-820.082,-0.008640005452615385,-615.06163,-1025.10237,4.0,4.2142153846153845e-05,209.02037,-201.02037,"-2255.2,-1025.1,(-1845, 1),-615.1"
0202K1F28P6R3,0202,B02,2,2,F28,28,-0.002050204,-0.000820082,4e-06,-2050.204,-0.021600003096,-1845.18363,-2255.22437,-820.082,-0.008640005452615385,-615.06163,-1025.10237,4.0,4.2142153846153845e-05,209.02037,-201.02037,"-2255.2,-1025.1,(-1845, 1),-615.1"
0202K1F28P6R4,0202,B02,2,2,F28,28,-0.002050204,-0.000820082,4e-06,-2050.204,-0.021600003096,-1845.18363,-2255.22437,-820.082,-0.008640005452615385,-615.06163,-1025.10237,4.0,4.2142153846153845e-05,209.02037,-201.02037,"-2255.2,-1025.1,(-1845, 1),-615.1"
0202K1F28P7R1,0202,B02,2,2,F28,28,-0.002050204,-0.000820082,5e-06,-2050.204,-0.021600003096,-1845.18363,-2255.22437,-820.082,-0.008640005452615385,-615.06163,-1025.10237,5.0,5.267769230769231e-05,210.02037,-200.02037,"-2255.2,-1025.1,(-1845, 1),-615.1"
0202K1F28P7R2,0202,B02,2,2,F28,28,-0.002050204,-0.000820082,5e-06,-2050.204,-0.021600003096,-1845.18363,-2255.22437,-820.082,-0.008640005452615385,-615.06163,-1025.10237,5.0,5.267769230769231e-05,210.02037,-200.02037,"-2255.2,-1025.1,(-1845, 1),-615.1"
0202K1F28P7R3,0202,B02,2,2,F28,28,-0.002050204,-0.000820082,5e-06,-2050.204,-0.021600003096,-1845.18363,-2255.22437,-820.082,-0.008640005452615385,-615.06163,-1025.10237,5.0,5.267769230769231e-05,210.02037,-200.02037,"-2255.2,-1025.1,(-1845, 1),-615.1"
0202K1F28P7R4,0202,B02,2,2,F28,28,-0.002050204,-0.000820082,5e-06,-2050.204,-0.021600003096,-1845.18363,-2255.22437,-820.082,-0.008640005452615385,-615.06163,-1025.10237,5.0,5.267769230769231e-05,210.02037,-200.02037,"-2255.2,-1025.1,(-1845, 1),-615.1"
0202K1F29P1R1,0202,B02,2,2,F29,29,-0.002255224,-0.000820082,-1e-06,-2255.224,-0.023759999191384617,-2050.20363,-2460.24437,-820.082,-0.008640005452615385,-615.06163,-1025.10237,-1.0,-1.0535538461538461e-05,204.02037,-206.02037,"-2460.2,-1025.1,(-2050, 1),-615.1"
0202K1F29P1R2,0202,B02,2,2,F29,29,-0.002255224,-0.000820082,-1e-06,-2255.224,-0.023759999191384617,-2050.20363,-2460.24437,-820.082,-0.008640005452615385,-615.06163,-1025.10237,-1.0,-1.0535538461538461e-05,204.02037,-206.02037,"-2460.2,-1025.1,(-2050, 1),-615.1"
0202K1F29P1R3,0202,B02,2,2,F29,29,-0.002255224,-0.000820082,-1e-06,-2255.224,-0.023759999191384617,-2050.20363,-2460.24437,-820.082,-0.008640005452615385,-615.06163,-1025.10237,-1.0,-1.0535538461538461e-05,204.02037,-206.02037,"-2460.2,-1025.1,(-2050, 1),-615.1"
0202K1F29P1R4,0202,B02,2,2,F29,29,-0.002255224,-0.000820082,-1e-06,-2255.224,-0.023759999191384617,-2050.20363,-2460.24437,-820.082,-0.008640005452615385,-615.06163,-1025.10237,-1.0,-1.0535538461538461e-05,204.02037,-206.02037,"-2460.2,-1025.1,(-2050, 1),-615.1"
0202K1F29P2R1,0202,B02,2,2,F29,29,-0.002255224,-0.000820082,0.0,-2255.224,-0.023759999191384617,-2050.20363,-2460.24437,-820.082,-0.008640005452615385,-615.06163,-1025.10237,0.0,0.0,205.02037,-205.02037,"-2460.2,-1025.1,(-2050, 1),-615.1"
0202K1F29P2R2,0202,B02,2,2,F29,29,-0.002255224,-0.000820082,0.0,-2255.224,-0.023759999191384617,-2050.20363,-2460.24437,-820.082,-0.008640005452615385,-615.06163,-1025.10237,0.0,0.0,205.02037,-205.02037,"-2460.2,-1025.1,(-2050, 1),-615.1"
0202K1F29P2R3,0202,B02,2,2,F29,29,-0.002255224,-0.000820082,0.0,-2255.224,-0.023759999191384617,-2050.20363,-2460.24437,-820.082,-0.008640005452615385,-615.06163,-1025.10237,0.0,0.0,205.02037,-205.02037,"-2460.2,-1025.1,(-2050, 1),-615.1"
0202K1F29P2R4,0202,B02,2,2,F29,29,-0.002255224,-0.000820082,0.0,-2255.224,-0.023759999191384617,-2050.20363,-2460.24437,-820.082,-0.008640005452615385,-615.06163,-1025.10237,0.0,0.0,205.02037,-205.02037,"-2460.2,-1025.1,(-2050, 1),-615.1"
0202K1F29P3R1,0202,B02,2,2,F29,29,-0.002255224,-0.000820082,1e-06,-2255.224,-0.023759999191384617,-2050.20363,-2460.24437,-820.082,-0.008640005452615385,-615.06163,-1025.10237,1.0,1.0535538461538461e-05,206.02037,-204.02037,"-2460.2,-1025.1,(-2050, 1),-615.1"
0202K1F29P3R2,0202,B02,2,2,F29,29,-0.002255224,-0.000820082,1e-06,-2255.224,-0.023759999191384617,-2050.20363,-2460.24437,-820.082,-0.008640005452615385,-615.06163,-1025.10237,1.0,1.0535538461538461e-05,206.02037,-204.02037,"-2460.2,-1025.1,(-2050, 1),-615.1"
0202K1F29P3R3,0202,B02,2,2,F29,29,-0.002255224,-0.000820082,1e-06,-2255.224,-0.023759999191384617,-2050.20363,-2460.24437,-820.082,-0.008640005452615385,-615.06163,-1025.10237,1.0,1.0535538461538461e-05,206.02037,-204.02037,"-2460.2,-1025.1,(-2050, 1),-615.1"
0202K1F29P3R4,0202,B02,2,2,F29,29,-0.002255224,-0.000820082,1e-06,-2255.224,-0.023759999191384617,-2050.20363,-2460.24437,-820.082,-0.008640005452615385,-615.06163,-1025.10237,1.0,1.0535538461538461e-05,206.02037,-204.02037,"-2460.2,-1025.1,(-2050, 1),-615.1"
0202K1F29P4R1,0202,B02,2,2,F29,29,-0.002255224,-0.000820082,2e-06,-2255.224,-0.023759999191384617,-2050.20363,-2460.24437,-820.082,-0.008640005452615385,-615.06163,-1025.10237,2.0,2.1071076923076922e-05,207.02037,-203.02037,"-2460.2,-1025.1,(-2050, 1),-615.1"
0202K1F29P4R2,0202,B02,2,2,F29,29,-0.002255224,-0.000820082,2e-06,-2255.224,-0.023759999191384617,-2050.20363,-2460.24437,-820.082,-0.008640005452615385,-615.06163,-1025.10237,2.0,2.1071076923076922e-05,207.02037,-203.02037,"-2460.2,-1025.1,(-2050, 1),-615.1"
0202K1F29P4R3,0202,B02,2,2,F29,29,-0.002255224,-0.000820082,2e-06,-2255.224,-0.023759999191384617,-2050.20363,-2460.24437,-820.082,-0.008640005452615385,-615.06163,-1025.10237,2.0,2.1071076923076922e-05,207.02037,-203.02037,"-2460.2,-1025.1,(-2050, 1),-615.1"
0202K1F29P4R4,0202,B02,2,2,F29,29,-0.002255224,-0.000820082,2e-06,-2255.224,-0.023759999191384617,-2050.20363,-2460.24437,-820.082,-0.008640005452615385,-615.06163,-1025.10237,2.0,2.1071076923076922e-05,207.02037,-203.02037,"-2460.2,-1025.1,(-2050, 1),-615.1"
0202K1F29P5R1,0202,B02,2,2,F29,29,-0.002255224,-0.000820082,3e-06,-2255.224,-0.023759999191384617,-2050.20363,-2460.24437,-820.082,-0.008640005452615385,-615.06163,-1025.10237,3.0,3.1606615384615385e-05,208.02037,-202.02037,"-2460.2,-1025.1,(-2050, 1),-615.1"
0202K1F29P5R2,0202,B02,2,2,F29,29,-0.002255224,-0.000820082,3e-06,-2255.224,-0.023759999191384617,-2050.20363,-2460.24437,-820.082,-0.008640005452615385,-615.06163,-1025.10237,3.0,3.1606615384615385e-05,208.02037,-202.02037,"-2460.2,-1025.1,(-2050, 1),-615.1"
0202K1F29P5R3,0202,B02,2,2,F29,29,-0.002255224,-0.000820082,3e-06,-2255.224,-0.023759999191384617,-2050.20363,-2460.24437,-820.082,-0.008640005452615385,-615.06163,-1025.10237,3.0,3.1606615384615385e-05,208.02037,-202.02037,"-2460.2,-1025.1,(-2050, 1),-615.1"
0202K1F29P5R4,0202,B02,2,2,F29,29,-0.002255224,-0.000820082,3e-06,-2255.224,-0.023759999191384617,-2050.20363,-2460.24437,-820.082,-0.008640005452615385,-615.06163,-1025.10237,3.0,3.1606615384615385e-05,208.02037,-202.02037,"-2460.2,-1025.1,(-2050, 1),-615.1"
0202K1F29P6R1,0202,B02,2,2,F29,29,-0.002255224,-0.000820082,4e-06,-2255.224,-0.023759999191384617,-2050.20363,-2460.24437,-820.082,-0.008640005452615385,-615.06163,-1025.10237,4.0,4.2142153846153845e-05,209.02037,-201.02037,"-2460.2,-1025.1,(-2050, 1),-615.1"
0202K1F29P6R2,0202,B02,2,2,F29,29,-0.002255224,-0.000820082,4e-06,-2255.224,-0.023759999191384617,-2050.20363,-2460.24437,-820.082,-0.008640005452615385,-615.06163,-1025.10237,4.0,4.2142153846153845e-05,209.02037,-201.02037,"-2460.2,-1025.1,(-2050, 1),-615.1"
0202K1F29P6R3,0202,B02,2,2,F29,29,-0.002255224,-0.000820082,4e-06,-2255.224,-0.023759999191384617,-2050.20363,-2460.24437,-820.082,-0.008640005452615385,-615.06163,-1025.10237,4.0,4.2142153846153845e-05,209.02037,-201.02037,"-2460.2,-1025.1,(-2050, 1),-615.1"
0202K1F29P6R4,0202,B02,2,2,F29,29,-0.002255224,-0.000820082,4e-06,-2255.224,-0.023759999191384617,-2050.20363,-2460.24437,-820.082,-0.008640005452615385,-615.06163,-1025.10237,4.0,4.2142153846153845e-05,209.02037,-201.02037,"-2460.2,-1025.1,(-2050, 1),-615.1"
0202K1F29P7R1,0202,B02,2,2,F29,29,-0.002255224,-0.000820082,5e-06,-2255.224,-0.023759999191384617,-2050.20363,-2460.24437,-820.082,-0.008640005452615385,-615.06163,-1025.10237,5.0,5.267769230769231e-05,210.02037,-200.02037,"-2460.2,-1025.1,(-2050, 1),-615.1"
0202K1F29P7R2,0202,B02,2,2,F29,29,-0.002255224,-0.000820082,5e-06,-2255.224,-0.023759999191384617,-2050.20363,-2460.24437,-820.082,-0.008640005452615385,-615.06163,-1025.10237,5.0,5.267769230769231e-05,210.02037,-200.02037,"-2460.2,-1025.1,(-2050, 1),-615.1"
0202K1F29P7R3,0202,B02,2,2,F29,29,-0.002255224,-0.000820082,5e-06,-2255.224,-0.023759999191384617,-2050.20363,-2460.24437,-820.082,-0.008640005452615385,-615.06163,-1025.10237,5.0,5.267769230769231e-05,210.02037,-200.02037,"-2460.2,-1025.1,(-2050, 1),-615.1"
0202K1F29P7R4,0202,B02,2,2,F29,29,-0.002255224,-0.000820082,5e-06,-2255.224,-0.023759999191384617,-2050.20363,-2460.24437,-820.082,-0.008640005452615385,-615.06163,-1025.10237,5.0,5.267769230769231e-05,210.02037,-200.02037,"-2460.2,-1025.1,(-2050, 1),-615.1"
0202K1F30P1R1,0202,B02,2,2,F30,30,-0.002460245,-0.000820082,-1e-06,-2460.245,-0.02592000582230769,-2255.22463,-2665.26537,-820.082,-0.008640005452615385,-615.06163,-1025.10237,-1.0,-1.0535538461538461e-05,204.02037,-206.02037,"-2665.3,-1025.1,(-2255, 1),-615.1"
0202K1F30P1R2,0202,B02,2,2,F30,30,-0.002460245,-0.000820082,-1e-06,-2460.245,-0.02592000582230769,-2255.22463,-2665.26537,-820.082,-0.008640005452615385,-615.06163,-1025.10237,-1.0,-1.0535538461538461e-05,204.02037,-206.02037,"-2665.3,-1025.1,(-2255, 1),-615.1"
0202K1F30P1R3,0202,B02,2,2,F30,30,-0.002460245,-0.000820082,-1e-06,-2460.245,-0.02592000582230769,-2255.22463,-2665.26537,-820.082,-0.008640005452615385,-615.06163,-1025.10237,-1.0,-1.0535538461538461e-05,204.02037,-206.02037,"-2665.3,-1025.1,(-2255, 1),-615.1"
0202K1F30P1R4,0202,B02,2,2,F30,30,-0.002460245,-0.000820082,-1e-06,-2460.245,-0.02592000582230769,-2255.22463,-2665.26537,-820.082,-0.008640005452615385,-615.06163,-1025.10237,-1.0,-1.0535538461538461e-05,204.02037,-206.02037,"-2665.3,-1025.1,(-2255, 1),-615.1"
0202K1F30P2R1,0202,B02,2,2,F30,30,-0.002460245,-0.000820082,0.0,-2460.245,-0.02592000582230769,-2255.22463,-2665.26537,-820.082,-0.008640005452615385,-615.06163,-1025.10237,0.0,0.0,205.02037,-205.02037,"-2665.3,-1025.1,(-2255, 1),-615.1"
0202K1F30P2R2,0202,B02,2,2,F30,30,-0.002460245,-0.000820082,0.0,-2460.245,-0.02592000582230769,-2255.22463,-2665.26537,-820.082,-0.008640005452615385,-615.06163,-1025.10237,0.0,0.0,205.02037,-205.02037,"-2665.3,-1025.1,(-2255, 1),-615.1"
0202K1F30P2R3,0202,B02,2,2,F30,30,-0.002460245,-0.000820082,0.0,-2460.245,-0.02592000582230769,-2255.22463,-2665.26537,-820.082,-0.008640005452615385,-615.06163,-1025.10237,0.0,0.0,205.02037,-205.02037,"-2665.3,-1025.1,(-2255, 1),-615.1"
0202K1F30P2R4,0202,B02,2,2,F30,30,-0.002460245,-0.000820082,0.0,-2460.245,-0.02592000582230769,-2255.22463,-2665.26537,-820.082,-0.008640005452615385,-615.06163,-1025.10237,0.0,0.0,205.02037,-205.02037,"-2665.3,-1025.1,(-2255, 1),-615.1"
0202K1F30P3R1,0202,B02,2,2,F30,30,-0.002460245,-0.000820082,1e-06,-2460.245,-0.02592000582230769,-2255.22463,-2665.26537,-820.082,-0.008640005452615385,-615.06163,-1025.10237,1.0,1.0535538461538461e-05,206.02037,-204.02037,"-2665.3,-1025.1,(-2255, 1),-615.1"
0202K1F30P3R2,0202,B02,2,2,F30,30,-0.002460245,-0.000820082,1e-06,-2460.245,-0.02592000582230769,-2255.22463,-2665.26537,-820.082,-0.008640005452615385,-615.06163,-1025.10237,1.0,1.0535538461538461e-05,206.02037,-204.02037,"-2665.3,-1025.1,(-2255, 1),-615.1"
0202K1F30P3R3,0202,B02,2,2,F30,30,-0.002460245,-0.000820082,1e-06,-2460.245,-0.02592000582230769,-2255.22463,-2665.26537,-820.082,-0.008640005452615385,-615.06163,-1025.10237,1.0,1.0535538461538461e-05,206.02037,-204.02037,"-2665.3,-1025.1,(-2255, 1),-615.1"
0202K1F30P3R4,0202,B02,2,2,F30,30,-0.002460245,-0.000820082,1e-06,-2460.245,-0.02592000582230769,-2255.22463,-2665.26537,-820.082,-0.008640005452615385,-615.06163,-1025.10237,1.0,1.0535538461538461e-05,206.02037,-204.02037,"-2665.3,-1025.1,(-2255, 1),-615.1"
0202K1F30P4R1,0202,B02,2,2,F30,30,-0.002460245,-0.000820082,2e-06,-2460.245,-0.02592000582230769,-2255.22463,-2665.26537,-820.082,-0.008640005452615385,-615.06163,-1025.10237,2.0,2.1071076923076922e-05,207.02037,-203.02037,"-2665.3,-1025.1,(-2255, 1),-615.1"
0202K1F30P4R2,0202,B02,2,2,F30,30,-0.002460245,-0.000820082,2e-06,-2460.245,-0.02592000582230769,-2255.22463,-2665.26537,-820.082,-0.008640005452615385,-615.06163,-1025.10237,2.0,2.1071076923076922e-05,207.02037,-203.02037,"-2665.3,-1025.1,(-2255, 1),-615.1"
0202K1F30P4R3,0202,B02,2,2,F30,30,-0.002460245,-0.000820082,2e-06,-2460.245,-0.02592000582230769,-2255.22463,-2665.26537,-820.082,-0.008640005452615385,-615.06163,-1025.10237,2.0,2.1071076923076922e-05,207.02037,-203.02037,"-2665.3,-1025.1,(-2255, 1),-615.1"
0202K1F30P4R4,0202,B02,2,2,F30,30,-0.002460245,-0.000820082,2e-06,-2460.245,-0.02592000582230769,-2255.22463,-2665.26537,-820.082,-0.008640005452615385,-615.06163,-1025.10237,2.0,2.1071076923076922e-05,207.02037,-203.02037,"-2665.3,-1025.1,(-2255, 1),-615.1"
0202K1F30P5R1,0202,B02,2,2,F30,30,-0.002460245,-0.000820082,3e-06,-2460.245,-0.02592000582230769,-2255.22463,-2665.26537,-820.082,-0.008640005452615385,-615.06163,-1025.10237,3.0,3.1606615384615385e-05,208.02037,-202.02037,"-2665.3,-1025.1,(-2255, 1),-615.1"
0202K1F30P5R2,0202,B02,2,2,F30,30,-0.002460245,-0.000820082,3e-06,-2460.245,-0.02592000582230769,-2255.22463,-2665.26537,-820.082,-0.008640005452615385,-615.06163,-1025.10237,3.0,3.1606615384615385e-05,208.02037,-202.02037,"-2665.3,-1025.1,(-2255, 1),-615.1"
0202K1F30P5R3,0202,B02,2,2,F30,30,-0.002460245,-0.000820082,3e-06,-2460.245,-0.02592000582230769,-2255.22463,-2665.26537,-820.082,-0.008640005452615385,-615.06163,-1025.10237,3.0,3.1606615384615385e-05,208.02037,-202.02037,"-2665.3,-1025.1,(-2255, 1),-615.1"
0202K1F30P5R4,0202,B02,2,2,F30,30,-0.002460245,-0.000820082,3e-06,-2460.245,-0.02592000582230769,-2255.22463,-2665.26537,-820.082,-0.008640005452615385,-615.06163,-1025.10237,3.0,3.1606615384615385e-05,208.02037,-202.02037,"-2665.3,-1025.1,(-2255, 1),-615.1"
0202K1F30P6R1,0202,B02,2,2,F30,30,-0.002460245,-0.000820082,4e-06,-2460.245,-0.02592000582230769,-2255.22463,-2665.26537,-820.082,-0.008640005452615385,-615.06163,-1025.10237,4.0,4.2142153846153845e-05,209.02037,-201.02037,"-2665.3,-1025.1,(-2255, 1),-615.1"
0202K1F30P6R2,0202,B02,2,2,F30,30,-0.002460245,-0.000820082,4e-06,-2460.245,-0.02592000582230769,-2255.22463,-2665.26537,-820.082,-0.008640005452615385,-615.06163,-1025.10237,4.0,4.2142153846153845e-05,209.02037,-201.02037,"-2665.3,-1025.1,(-2255, 1),-615.1"
0202K1F30P6R3,0202,B02,2,2,F30,30,-0.002460245,-0.000820082,4e-06,-2460.245,-0.02592000582230769,-2255.22463,-2665.26537,-820.082,-0.008640005452615385,-615.06163,-1025.10237,4.0,4.2142153846153845e-05,209.02037,-201.02037,"-2665.3,-1025.1,(-2255, 1),-615.1"
0202K1F30P6R4,0202,B02,2,2,F30,30,-0.002460245,-0.000820082,4e-06,-2460.245,-0.02592000582230769,-2255.22463,-2665.26537,-820.082,-0.008640005452615385,-615.06163,-1025.10237,4.0,4.2142153846153845e-05,209.02037,-201.02037,"-2665.3,-1025.1,(-2255, 1),-615.1"
0202K1F30P7R1,0202,B02,2,2,F30,30,-0.002460245,-0.000820082,5e-06,-2460.245,-0.02592000582230769,-2255.22463,-2665.26537,-820.082,-0.008640005452615385,-615.06163,-1025.10237,5.0,5.267769230769231e-05,210.02037,-200.02037,"-2665.3,-1025.1,(-2255, 1),-615.1"
0202K1F30P7R2,0202,B02,2,2,F30,30,-0.002460245,-0.000820082,5e-06,-2460.245,-0.02592000582230769,-2255.22463,-2665.26537,-820.082,-0.008640005452615385,-615.06163,-1025.10237,5.0,5.267769230769231e-05,210.02037,-200.02037,"-2665.3,-1025.1,(-2255, 1),-615.1"
0202K1F30P7R3,0202,B02,2,2,F30,30,-0.002460245,-0.000820082,5e-06,-2460.245,-0.02592000582230769,-2255.22463,-2665.26537,-820.082,-0.008640005452615385,-615.06163,-1025.10237,5.0,5.267769230769231e-05,210.02037,-200.02037,"-2665.3,-1025.1,(-2255, 1),-615.1"
0202K1F30P7R4,0202,B02,2,2,F30,30,-0.002460245,-0.000820082,5e-06,-2460.245,-0.02592000582230769,-2255.22463,-2665.26537,-820.082,-0.008640005452615385,-615.06163,-1025.10237,5.0,5.267769230769231e-05,210.02037,-200.02037,"-2665.3,-1025.1,(-2255, 1),-615.1"
0202K1F31P1R1,0202,B02,2,2,F31,31,-0.002460245,-0.001025102,-1e-06,-2460.245,-0.02592000582230769,-2255.22463,-2665.26537,-1025.102,-0.010800001548,-820.08163,-1230.12237,-1.0,-1.0535538461538461e-05,204.02037,-206.02037,"-2665.3,-1230.1,(-2255, 1),-820.1"
0202K1F31P1R2,0202,B02,2,2,F31,31,-0.002460245,-0.001025102,-1e-06,-2460.245,-0.02592000582230769,-2255.22463,-2665.26537,-1025.102,-0.010800001548,-820.08163,-1230.12237,-1.0,-1.0535538461538461e-05,204.02037,-206.02037,"-2665.3,-1230.1,(-2255, 1),-820.1"
0202K1F31P1R3,0202,B02,2,2,F31,31,-0.002460245,-0.001025102,-1e-06,-2460.245,-0.02592000582230769,-2255.22463,-2665.26537,-1025.102,-0.010800001548,-820.08163,-1230.12237,-1.0,-1.0535538461538461e-05,204.02037,-206.02037,"-2665.3,-1230.1,(-2255, 1),-820.1"
0202K1F31P1R4,0202,B02,2,2,F31,31,-0.002460245,-0.001025102,-1e-06,-2460.245,-0.02592000582230769,-2255.22463,-2665.26537,-1025.102,-0.010800001548,-820.08163,-1230.12237,-1.0,-1.0535538461538461e-05,204.02037,-206.02037,"-2665.3,-1230.1,(-2255, 1),-820.1"
0202K1F31P2R1,0202,B02,2,2,F31,31,-0.002460245,-0.001025102,0.0,-2460.245,-0.02592000582230769,-2255.22463,-2665.26537,-1025.102,-0.010800001548,-820.08163,-1230.12237,0.0,0.0,205.02037,-205.02037,"-2665.3,-1230.1,(-2255, 1),-820.1"
0202K1F31P2R2,0202,B02,2,2,F31,31,-0.002460245,-0.001025102,0.0,-2460.245,-0.02592000582230769,-2255.22463,-2665.26537,-1025.102,-0.010800001548,-820.08163,-1230.12237,0.0,0.0,205.02037,-205.02037,"-2665.3,-1230.1,(-2255, 1),-820.1"
0202K1F31P2R3,0202,B02,2,2,F31,31,-0.002460245,-0.001025102,0.0,-2460.245,-0.02592000582230769,-2255.22463,-2665.26537,-1025.102,-0.010800001548,-820.08163,-1230.12237,0.0,0.0,205.02037,-205.02037,"-2665.3,-1230.1,(-2255, 1),-820.1"
0202K1F31P2R4,0202,B02,2,2,F31,31,-0.002460245,-0.001025102,0.0,-2460.245,-0.02592000582230769,-2255.22463,-2665.26537,-1025.102,-0.010800001548,-820.08163,-1230.12237,0.0,0.0,205.02037,-205.02037,"-2665.3,-1230.1,(-2255, 1),-820.1"
0202K1F31P3R1,0202,B02,2,2,F31,31,-0.002460245,-0.001025102,1e-06,-2460.245,-0.02592000582230769,-2255.22463,-2665.26537,-1025.102,-0.010800001548,-820.08163,-1230.12237,1.0,1.0535538461538461e-05,206.02037,-204.02037,"-2665.3,-1230.1,(-2255, 1),-820.1"
0202K1F31P3R2,0202,B02,2,2,F31,31,-0.002460245,-0.001025102,1e-06,-2460.245,-0.02592000582230769,-2255.22463,-2665.26537,-1025.102,-0.010800001548,-820.08163,-1230.12237,1.0,1.0535538461538461e-05,206.02037,-204.02037,"-2665.3,-1230.1,(-2255, 1),-820.1"
0202K1F31P3R3,0202,B02,2,2,F31,31,-0.002460245,-0.001025102,1e-06,-2460.245,-0.02592000582230769,-2255.22463,-2665.26537,-1025.102,-0.010800001548,-820.08163,-1230.12237,1.0,1.0535538461538461e-05,206.02037,-204.02037,"-2665.3,-1230.1,(-2255, 1),-820.1"
0202K1F31P3R4,0202,B02,2,2,F31,31,-0.002460245,-0.001025102,1e-06,-2460.245,-0.02592000582230769,-2255.22463,-2665.26537,-1025.102,-0.010800001548,-820.08163,-1230.12237,1.0,1.0535538461538461e-05,206.02037,-204.02037,"-2665.3,-1230.1,(-2255, 1),-820.1"
0202K1F31P4R1,0202,B02,2,2,F31,31,-0.002460245,-0.001025102,2e-06,-2460.245,-0.02592000582230769,-2255.22463,-2665.26537,-1025.102,-0.010800001548,-820.08163,-1230.12237,2.0,2.1071076923076922e-05,207.02037,-203.02037,"-2665.3,-1230.1,(-2255, 1),-820.1"
0202K1F31P4R2,0202,B02,2,2,F31,31,-0.002460245,-0.001025102,2e-06,-2460.245,-0.02592000582230769,-2255.22463,-2665.26537,-1025.102,-0.010800001548,-820.08163,-1230.12237,2.0,2.1071076923076922e-05,207.02037,-203.02037,"-2665.3,-1230.1,(-2255, 1),-820.1"
0202K1F31P4R3,0202,B02,2,2,F31,31,-0.002460245,-0.001025102,2e-06,-2460.245,-0.02592000582230769,-2255.22463,-2665.26537,-1025.102,-0.010800001548,-820.08163,-1230.12237,2.0,2.1071076923076922e-05,207.02037,-203.02037,"-2665.3,-1230.1,(-2255, 1),-820.1"
0202K1F31P4R4,0202,B02,2,2,F31,31,-0.002460245,-0.001025102,2e-06,-2460.245,-0.02592000582230769,-2255.22463,-2665.26537,-1025.102,-0.010800001548,-820.08163,-1230.12237,2.0,2.1071076923076922e-05,207.02037,-203.02037,"-2665.3,-1230.1,(-2255, 1),-820.1"
0202K1F31P5R1,0202,B02,2,2,F31,31,-0.002460245,-0.001025102,3e-06,-2460.245,-0.02592000582230769,-2255.22463,-2665.26537,-1025.102,-0.010800001548,-820.08163,-1230.12237,3.0,3.1606615384615385e-05,208.02037,-202.02037,"-2665.3,-1230.1,(-2255, 1),-820.1"
0202K1F31P5R2,0202,B02,2,2,F31,31,-0.002460245,-0.001025102,3e-06,-2460.245,-0.02592000582230769,-2255.22463,-2665.26537,-1025.102,-0.010800001548,-820.08163,-1230.12237,3.0,3.1606615384615385e-05,208.02037,-202.02037,"-2665.3,-1230.1,(-2255, 1),-820.1"
0202K1F31P5R3,0202,B02,2,2,F31,31,-0.002460245,-0.001025102,3e-06,-2460.245,-0.02592000582230769,-2255.22463,-2665.26537,-1025.102,-0.010800001548,-820.08163,-1230.12237,3.0,3.1606615384615385e-05,208.02037,-202.02037,"-2665.3,-1230.1,(-2255, 1),-820.1"
0202K1F31P5R4,0202,B02,2,2,F31,31,-0.002460245,-0.001025102,3e-06,-2460.245,-0.02592000582230769,-2255.22463,-2665.26537,-1025.102,-0.010800001548,-820.08163,-1230.12237,3.0,3.1606615384615385e-05,208.02037,-202.02037,"-2665.3,-1230.1,(-2255, 1),-820.1"
0202K1F31P6R1,0202,B02,2,2,F31,31,-0.002460245,-0.001025102,4e-06,-2460.245,-0.02592000582230769,-2255.22463,-2665.26537,-1025.102,-0.010800001548,-820.08163,-1230.12237,4.0,4.2142153846153845e-05,209.02037,-201.02037,"-2665.3,-1230.1,(-2255, 1),-820.1"
0202K1F31P6R2,0202,B02,2,2,F31,31,-0.002460245,-0.001025102,4e-06,-2460.245,-0.02592000582230769,-2255.22463,-2665.26537,-1025.102,-0.010800001548,-820.08163,-1230.12237,4.0,4.2142153846153845e-05,209.02037,-201.02037,"-2665.3,-1230.1,(-2255, 1),-820.1"
0202K1F31P6R3,0202,B02,2,2,F31,31,-0.002460245,-0.001025102,4e-06,-2460.245,-0.02592000582230769,-2255.22463,-2665.26537,-1025.102,-0.010800001548,-820.08163,-1230.12237,4.0,4.2142153846153845e-05,209.02037,-201.02037,"-2665.3,-1230.1,(-2255, 1),-820.1"
0202K1F31P6R4,0202,B02,2,2,F31,31,-0.002460245,-0.001025102,4e-06,-2460.245,-0.02592000582230769,-2255.22463,-2665.26537,-1025.102,-0.010800001548,-820.08163,-1230.12237,4.0,4.2142153846153845e-05,209.02037,-201.02037,"-2665.3,-1230.1,(-2255, 1),-820.1"
0202K1F31P7R1,0202,B02,2,2,F31,31,-0.002460245,-0.001025102,5e-06,-2460.245,-0.02592000582230769,-2255.22463,-2665.26537,-1025.102,-0.010800001548,-820.08163,-1230.12237,5.0,5.267769230769231e-05,210.02037,-200.02037,"-2665.3,-1230.1,(-2255, 1),-820.1"
0202K1F31P7R2,0202,B02,2,2,F31,31,-0.002460245,-0.001025102,5e-06,-2460.245,-0.02592000582230769,-2255.22463,-2665.26537,-1025.102,-0.010800001548,-820.08163,-1230.12237,5.0,5.267769230769231e-05,210.02037,-200.02037,"-2665.3,-1230.1,(-2255, 1),-820.1"
0202K1F31P7R3,0202,B02,2,2,F31,31,-0.002460245,-0.001025102,5e-06,-2460.245,-0.02592000582230769,-2255.22463,-2665.26537,-1025.102,-0.010800001548,-820.08163,-1230.12237,5.0,5.267769230769231e-05,210.02037,-200.02037,"-2665.3,-1230.1,(-2255, 1),-820.1"
0202K1F31P7R4,0202,B02,2,2,F31,31,-0.002460245,-0.001025102,5e-06,-2460.245,-0.02592000582230769,-2255.22463,-2665.26537,-1025.102,-0.010800001548,-820.08163,-1230.12237,5.0,5.267769230769231e-05,210.02037,-200.02037,"-2665.3,-1230.1,(-2255, 1),-820.1"
0202K1F32P1R1,0202,B02,2,2,F32,32,-0.002255224,-0.001025102,-1e-06,-2255.224,-0.023759999191384617,-2050.20363,-2460.24437,-1025.102,-0.010800001548,-820.08163,-1230.12237,-1.0,-1.0535538461538461e-05,204.02037,-206.02037,"-2460.2,-1230.1,(-2050, 1),-820.1"
0202K1F32P1R2,0202,B02,2,2,F32,32,-0.002255224,-0.001025102,-1e-06,-2255.224,-0.023759999191384617,-2050.20363,-2460.24437,-1025.102,-0.010800001548,-820.08163,-1230.12237,-1.0,-1.0535538461538461e-05,204.02037,-206.02037,"-2460.2,-1230.1,(-2050, 1),-820.1"
0202K1F32P1R3,0202,B02,2,2,F32,32,-0.002255224,-0.001025102,-1e-06,-2255.224,-0.023759999191384617,-2050.20363,-2460.24437,-1025.102,-0.010800001548,-820.08163,-1230.12237,-1.0,-1.0535538461538461e-05,204.02037,-206.02037,"-2460.2,-1230.1,(-2050, 1),-820.1"
0202K1F32P1R4,0202,B02,2,2,F32,32,-0.002255224,-0.001025102,-1e-06,-2255.224,-0.023759999191384617,-2050.20363,-2460.24437,-1025.102,-0.010800001548,-820.08163,-1230.12237,-1.0,-1.0535538461538461e-05,204.02037,-206.02037,"-2460.2,-1230.1,(-2050, 1),-820.1"
0202K1F32P2R1,0202,B02,2,2,F32,32,-0.002255224,-0.001025102,0.0,-2255.224,-0.023759999191384617,-2050.20363,-2460.24437,-1025.102,-0.010800001548,-820.08163,-1230.12237,0.0,0.0,205.02037,-205.02037,"-2460.2,-1230.1,(-2050, 1),-820.1"
0202K1F32P2R2,0202,B02,2,2,F32,32,-0.002255224,-0.001025102,0.0,-2255.224,-0.023759999191384617,-2050.20363,-2460.24437,-1025.102,-0.010800001548,-820.08163,-1230.12237,0.0,0.0,205.02037,-205.02037,"-2460.2,-1230.1,(-2050, 1),-820.1"
0202K1F32P2R3,0202,B02,2,2,F32,32,-0.002255224,-0.001025102,0.0,-2255.224,-0.023759999191384617,-2050.20363,-2460.24437,-1025.102,-0.010800001548,-820.08163,-1230.12237,0.0,0.0,205.02037,-205.02037,"-2460.2,-1230.1,(-2050, 1),-820.1"
0202K1F32P2R4,0202,B02,2,2,F32,32,-0.002255224,-0.001025102,0.0,-2255.224,-0.023759999191384617,-2050.20363,-2460.24437,-1025.102,-0.010800001548,-820.08163,-1230.12237,0.0,0.0,205.02037,-205.02037,"-2460.2,-1230.1,(-2050, 1),-820.1"
0202K1F32P3R1,0202,B02,2,2,F32,32,-0.002255224,-0.001025102,1e-06,-2255.224,-0.023759999191384617,-2050.20363,-2460.24437,-1025.102,-0.010800001548,-820.08163,-1230.12237,1.0,1.0535538461538461e-05,206.02037,-204.02037,"-2460.2,-1230.1,(-2050, 1),-820.1"
0202K1F32P3R2,0202,B02,2,2,F32,32,-0.002255224,-0.001025102,1e-06,-2255.224,-0.023759999191384617,-2050.20363,-2460.24437,-1025.102,-0.010800001548,-820.08163,-1230.12237,1.0,1.0535538461538461e-05,206.02037,-204.02037,"-2460.2,-1230.1,(-2050, 1),-820.1"
0202K1F32P3R3,0202,B02,2,2,F32,32,-0.002255224,-0.001025102,1e-06,-2255.224,-0.023759999191384617,-2050.20363,-2460.24437,-1025.102,-0.010800001548,-820.08163,-1230.12237,1.0,1.0535538461538461e-05,206.02037,-204.02037,"-2460.2,-1230.1,(-2050, 1),-820.1"
0202K1F32P3R4,0202,B02,2,2,F32,32,-0.002255224,-0.001025102,1e-06,-2255.224,-0.023759999191384617,-2050.20363,-2460.24437,-1025.102,-0.010800001548,-820.08163,-1230.12237,1.0,1.0535538461538461e-05,206.02037,-204.02037,"-2460.2,-1230.1,(-2050, 1),-820.1"
0202K1F32P4R1,0202,B02,2,2,F32,32,-0.002255224,-0.001025102,2e-06,-2255.224,-0.023759999191384617,-2050.20363,-2460.24437,-1025.102,-0.010800001548,-820.08163,-1230.12237,2.0,2.1071076923076922e-05,207.02037,-203.02037,"-2460.2,-1230.1,(-2050, 1),-820.1"
0202K1F32P4R2,0202,B02,2,2,F32,32,-0.002255224,-0.001025102,2e-06,-2255.224,-0.023759999191384617,-2050.20363,-2460.24437,-1025.102,-0.010800001548,-820.08163,-1230.12237,2.0,2.1071076923076922e-05,207.02037,-203.02037,"-2460.2,-1230.1,(-2050, 1),-820.1"
0202K1F32P4R3,0202,B02,2,2,F32,32,-0.002255224,-0.001025102,2e-06,-2255.224,-0.023759999191384617,-2050.20363,-2460.24437,-1025.102,-0.010800001548,-820.08163,-1230.12237,2.0,2.1071076923076922e-05,207.02037,-203.02037,"-2460.2,-1230.1,(-2050, 1),-820.1"
0202K1F32P4R4,0202,B02,2,2,F32,32,-0.002255224,-0.001025102,2e-06,-2255.224,-0.023759999191384617,-2050.20363,-2460.24437,-1025.102,-0.010800001548,-820.08163,-1230.12237,2.0,2.1071076923076922e-05,207.02037,-203.02037,"-2460.2,-1230.1,(-2050, 1),-820.1"
0202K1F32P5R1,0202,B02,2,2,F32,32,-0.002255224,-0.001025102,3e-06,-2255.224,-0.023759999191384617,-2050.20363,-2460.24437,-1025.102,-0.010800001548,-820.08163,-1230.12237,3.0,3.1606615384615385e-05,208.02037,-202.02037,"-2460.2,-1230.1,(-2050, 1),-820.1"
0202K1F32P5R2,0202,B02,2,2,F32,32,-0.002255224,-0.001025102,3e-06,-2255.224,-0.023759999191384617,-2050.20363,-2460.24437,-1025.102,-0.010800001548,-820.08163,-1230.12237,3.0,3.1606615384615385e-05,208.02037,-202.02037,"-2460.2,-1230.1,(-2050, 1),-820.1"
0202K1F32P5R3,0202,B02,2,2,F32,32,-0.002255224,-0.001025102,3e-06,-2255.224,-0.023759999191384617,-2050.20363,-2460.24437,-1025.102,-0.010800001548,-820.08163,-1230.12237,3.0,3.1606615384615385e-05,208.02037,-202.02037,"-2460.2,-1230.1,(-2050, 1),-820.1"
0202K1F32P5R4,0202,B02,2,2,F32,32,-0.002255224,-0.001025102,3e-06,-2255.224,-0.023759999191384617,-2050.20363,-2460.24437,-1025.102,-0.010800001548,-820.08163,-1230.12237,3.0,3.1606615384615385e-05,208.02037,-202.02037,"-2460.2,-1230.1,(-2050, 1),-820.1"
0202K1F32P6R1,0202,B02,2,2,F32,32,-0.002255224,-0.001025102,4e-06,-2255.224,-0.023759999191384617,-2050.20363,-2460.24437,-1025.102,-0.010800001548,-820.08163,-1230.12237,4.0,4.2142153846153845e-05,209.02037,-201.02037,"-2460.2,-1230.1,(-2050, 1),-820.1"
0202K1F32P6R2,0202,B02,2,2,F32,32,-0.002255224,-0.001025102,4e-06,-2255.224,-0.023759999191384617,-2050.20363,-2460.24437,-1025.102,-0.010800001548,-820.08163,-1230.12237,4.0,4.2142153846153845e-05,209.02037,-201.02037,"-2460.2,-1230.1,(-2050, 1),-820.1"
0202K1F32P6R3,0202,B02,2,2,F32,32,-0.002255224,-0.001025102,4e-06,-2255.224,-0.023759999191384617,-2050.20363,-2460.24437,-1025.102,-0.010800001548,-820.08163,-1230.12237,4.0,4.2142153846153845e-05,209.02037,-201.02037,"-2460.2,-1230.1,(-2050, 1),-820.1"
0202K1F32P6R4,0202,B02,2,2,F32,32,-0.002255224,-0.001025102,4e-06,-2255.224,-0.023759999191384617,-2050.20363,-2460.24437,-1025.102,-0.010800001548,-820.08163,-1230.12237,4.0,4.2142153846153845e-05,209.02037,-201.02037,"-2460.2,-1230.1,(-2050, 1),-820.1"
0202K1F32P7R1,0202,B02,2,2,F32,32,-0.002255224,-0.001025102,5e-06,-2255.224,-0.023759999191384617,-2050.20363,-2460.24437,-1025.102,-0.010800001548,-820.08163,-1230.12237,5.0,5.267769230769231e-05,210.02037,-200.02037,"-2460.2,-1230.1,(-2050, 1),-820.1"
0202K1F32P7R2,0202,B02,2,2,F32,32,-0.002255224,-0.001025102,5e-06,-2255.224,-0.023759999191384617,-2050.20363,-2460.24437,-1025.102,-0.010800001548,-820.08163,-1230.12237,5.0,5.267769230769231e-05,210.02037,-200.02037,"-2460.2,-1230.1,(-2050, 1),-820.1"
0202K1F32P7R3,0202,B02,2,2,F32,32,-0.002255224,-0.001025102,5e-06,-2255.224,-0.023759999191384617,-2050.20363,-2460.24437,-1025.102,-0.010800001548,-820.08163,-1230.12237,5.0,5.267769230769231e-05,210.02037,-200.02037,"-2460.2,-1230.1,(-2050, 1),-820.1"
0202K1F32P7R4,0202,B02,2,2,F32,32,-0.002255224,-0.001025102,5e-06,-2255.224,-0.023759999191384617,-2050.20363,-2460.24437,-1025.102,-0.010800001548,-820.08163,-1230.12237,5.0,5.267769230769231e-05,210.02037,-200.02037,"-2460.2,-1230.1,(-2050, 1),-820.1"
0202K1F33P1R1,0202,B02,2,2,F33,33,-0.002050204,-0.001025102,-1e-06,-2050.204,-0.021600003096,-1845.18363,-2255.22437,-1025.102,-0.010800001548,-820.08163,-1230.12237,-1.0,-1.0535538461538461e-05,204.02037,-206.02037,"-2255.2,-1230.1,(-1845, 1),-820.1"
0202K1F33P1R2,0202,B02,2,2,F33,33,-0.002050204,-0.001025102,-1e-06,-2050.204,-0.021600003096,-1845.18363,-2255.22437,-1025.102,-0.010800001548,-820.08163,-1230.12237,-1.0,-1.0535538461538461e-05,204.02037,-206.02037,"-2255.2,-1230.1,(-1845, 1),-820.1"
0202K1F33P1R3,0202,B02,2,2,F33,33,-0.002050204,-0.001025102,-1e-06,-2050.204,-0.021600003096,-1845.18363,-2255.22437,-1025.102,-0.010800001548,-820.08163,-1230.12237,-1.0,-1.0535538461538461e-05,204.02037,-206.02037,"-2255.2,-1230.1,(-1845, 1),-820.1"
0202K1F33P1R4,0202,B02,2,2,F33,33,-0.002050204,-0.001025102,-1e-06,-2050.204,-0.021600003096,-1845.18363,-2255.22437,-1025.102,-0.010800001548,-820.08163,-1230.12237,-1.0,-1.0535538461538461e-05,204.02037,-206.02037,"-2255.2,-1230.1,(-1845, 1),-820.1"
0202K1F33P2R1,0202,B02,2,2,F33,33,-0.002050204,-0.001025102,0.0,-2050.204,-0.021600003096,-1845.18363,-2255.22437,-1025.102,-0.010800001548,-820.08163,-1230.12237,0.0,0.0,205.02037,-205.02037,"-2255.2,-1230.1,(-1845, 1),-820.1"
0202K1F33P2R2,0202,B02,2,2,F33,33,-0.002050204,-0.001025102,0.0,-2050.204,-0.021600003096,-1845.18363,-2255.22437,-1025.102,-0.010800001548,-820.08163,-1230.12237,0.0,0.0,205.02037,-205.02037,"-2255.2,-1230.1,(-1845, 1),-820.1"
0202K1F33P2R3,0202,B02,2,2,F33,33,-0.002050204,-0.001025102,0.0,-2050.204,-0.021600003096,-1845.18363,-2255.22437,-1025.102,-0.010800001548,-820.08163,-1230.12237,0.0,0.0,205.02037,-205.02037,"-2255.2,-1230.1,(-1845, 1),-820.1"
0202K1F33P2R4,0202,B02,2,2,F33,33,-0.002050204,-0.001025102,0.0,-2050.204,-0.021600003096,-1845.18363,-2255.22437,-1025.102,-0.010800001548,-820.08163,-1230.12237,0.0,0.0,205.02037,-205.02037,"-2255.2,-1230.1,(-1845, 1),-820.1"
0202K1F33P3R1,0202,B02,2,2,F33,33,-0.002050204,-0.001025102,1e-06,-2050.204,-0.021600003096,-1845.18363,-2255.22437,-1025.102,-0.010800001548,-820.08163,-1230.12237,1.0,1.0535538461538461e-05,206.02037,-204.02037,"-2255.2,-1230.1,(-1845, 1),-820.1"
0202K1F33P3R2,0202,B02,2,2,F33,33,-0.002050204,-0.001025102,1e-06,-2050.204,-0.021600003096,-1845.18363,-2255.22437,-1025.102,-0.010800001548,-820.08163,-1230.12237,1.0,1.0535538461538461e-05,206.02037,-204.02037,"-2255.2,-1230.1,(-1845, 1),-820.1"
0202K1F33P3R3,0202,B02,2,2,F33,33,-0.002050204,-0.001025102,1e-06,-2050.204,-0.021600003096,-1845.18363,-2255.22437,-1025.102,-0.010800001548,-820.08163,-1230.12237,1.0,1.0535538461538461e-05,206.02037,-204.02037,"-2255.2,-1230.1,(-1845, 1),-820.1"
0202K1F33P3R4,0202,B02,2,2,F33,33,-0.002050204,-0.001025102,1e-06,-2050.204,-0.021600003096,-1845.18363,-2255.22437,-1025.102,-0.010800001548,-820.08163,-1230.12237,1.0,1.0535538461538461e-05,206.02037,-204.02037,"-2255.2,-1230.1,(-1845, 1),-820.1"
0202K1F33P4R1,0202,B02,2,2,F33,33,-0.002050204,-0.001025102,2e-06,-2050.204,-0.021600003096,-1845.18363,-2255.22437,-1025.102,-0.010800001548,-820.08163,-1230.12237,2.0,2.1071076923076922e-05,207.02037,-203.02037,"-2255.2,-1230.1,(-1845, 1),-820.1"
0202K1F33P4R2,0202,B02,2,2,F33,33,-0.002050204,-0.001025102,2e-06,-2050.204,-0.021600003096,-1845.18363,-2255.22437,-1025.102,-0.010800001548,-820.08163,-1230.12237,2.0,2.1071076923076922e-05,207.02037,-203.02037,"-2255.2,-1230.1,(-1845, 1),-820.1"
0202K1F33P4R3,0202,B02,2,2,F33,33,-0.002050204,-0.001025102,2e-06,-2050.204,-0.021600003096,-1845.18363,-2255.22437,-1025.102,-0.010800001548,-820.08163,-1230.12237,2.0,2.1071076923076922e-05,207.02037,-203.02037,"-2255.2,-1230.1,(-1845, 1),-820.1"
0202K1F33P4R4,0202,B02,2,2,F33,33,-0.002050204,-0.001025102,2e-06,-2050.204,-0.021600003096,-1845.18363,-2255.22437,-1025.102,-0.010800001548,-820.08163,-1230.12237,2.0,2.1071076923076922e-05,207.02037,-203.02037,"-2255.2,-1230.1,(-1845, 1),-820.1"
0202K1F33P5R1,0202,B02,2,2,F33,33,-0.002050204,-0.001025102,3e-06,-2050.204,-0.021600003096,-1845.18363,-2255.22437,-1025.102,-0.010800001548,-820.08163,-1230.12237,3.0,3.1606615384615385e-05,208.02037,-202.02037,"-2255.2,-1230.1,(-1845, 1),-820.1"
0202K1F33P5R2,0202,B02,2,2,F33,33,-0.002050204,-0.001025102,3e-06,-2050.204,-0.021600003096,-1845.18363,-2255.22437,-1025.102,-0.010800001548,-820.08163,-1230.12237,3.0,3.1606615384615385e-05,208.02037,-202.02037,"-2255.2,-1230.1,(-1845, 1),-820.1"
0202K1F33P5R3,0202,B02,2,2,F33,33,-0.002050204,-0.001025102,3e-06,-2050.204,-0.021600003096,-1845.18363,-2255.22437,-1025.102,-0.010800001548,-820.08163,-1230.12237,3.0,3.1606615384615385e-05,208.02037,-202.02037,"-2255.2,-1230.1,(-1845, 1),-820.1"
0202K1F33P5R4,0202,B02,2,2,F33,33,-0.002050204,-0.001025102,3e-06,-2050.204,-0.021600003096,-1845.18363,-2255.22437,-1025.102,-0.010800001548,-820.08163,-1230.12237,3.0,3.1606615384615385e-05,208.02037,-202.02037,"-2255.2,-1230.1,(-1845, 1),-820.1"
0202K1F33P6R1,0202,B02,2,2,F33,33,-0.002050204,-0.001025102,4e-06,-2050.204,-0.021600003096,-1845.18363,-2255.22437,-1025.102,-0.010800001548,-820.08163,-1230.12237,4.0,4.2142153846153845e-05,209.02037,-201.02037,"-2255.2,-1230.1,(-1845, 1),-820.1"
0202K1F33P6R2,0202,B02,2,2,F33,33,-0.002050204,-0.001025102,4e-06,-2050.204,-0.021600003096,-1845.18363,-2255.22437,-1025.102,-0.010800001548,-820.08163,-1230.12237,4.0,4.2142153846153845e-05,209.02037,-201.02037,"-2255.2,-1230.1,(-1845, 1),-820.1"
0202K1F33P6R3,0202,B02,2,2,F33,33,-0.002050204,-0.001025102,4e-06,-2050.204,-0.021600003096,-1845.18363,-2255.22437,-1025.102,-0.010800001548,-820.08163,-1230.12237,4.0,4.2142153846153845e-05,209.02037,-201.02037,"-2255.2,-1230.1,(-1845, 1),-820.1"
0202K1F33P6R4,0202,B02,2,2,F33,33,-0.002050204,-0.001025102,4e-06,-2050.204,-0.021600003096,-1845.18363,-2255.22437,-1025.102,-0.010800001548,-820.08163,-1230.12237,4.0,4.2142153846153845e-05,209.02037,-201.02037,"-2255.2,-1230.1,(-1845, 1),-820.1"
0202K1F33P7R1,0202,B02,2,2,F33,33,-0.002050204,-0.001025102,5e-06,-2050.204,-0.021600003096,-1845.18363,-2255.22437,-1025.102,-0.010800001548,-820.08163,-1230.12237,5.0,5.267769230769231e-05,210.02037,-200.02037,"-2255.2,-1230.1,(-1845, 1),-820.1"
0202K1F33P7R2,0202,B02,2,2,F33,33,-0.002050204,-0.001025102,5e-06,-2050.204,-0.021600003096,-1845.18363,-2255.22437,-1025.102,-0.010800001548,-820.08163,-1230.12237,5.0,5.267769230769231e-05,210.02037,-200.02037,"-2255.2,-1230.1,(-1845, 1),-820.1"
0202K1F33P7R3,0202,B02,2,2,F33,33,-0.002050204,-0.001025102,5e-06,-2050.204,-0.021600003096,-1845.18363,-2255.22437,-1025.102,-0.010800001548,-820.08163,-1230.12237,5.0,5.267769230769231e-05,210.02037,-200.02037,"-2255.2,-1230.1,(-1845, 1),-820.1"
0202K1F33P7R4,0202,B02,2,2,F33,33,-0.002050204,-0.001025102,5e-06,-2050.204,-0.021600003096,-1845.18363,-2255.22437,-1025.102,-0.010800001548,-820.08163,-1230.12237,5.0,5.267769230769231e-05,210.02037,-200.02037,"-2255.2,-1230.1,(-1845, 1),-820.1"
0202K1F34P1R1,0202,B02,2,2,F34,34,-0.001845183,-0.001025102,-1e-06,-1845.183,-0.019439996465076922,-1640.16263,-2050.20337,-1025.102,-0.010800001548,-820.08163,-1230.12237,-1.0,-1.0535538461538461e-05,204.02037,-206.02037,"-2050.2,-1230.1,(-1640, 1),-820.1"
0202K1F34P1R2,0202,B02,2,2,F34,34,-0.001845183,-0.001025102,-1e-06,-1845.183,-0.019439996465076922,-1640.16263,-2050.20337,-1025.102,-0.010800001548,-820.08163,-1230.12237,-1.0,-1.0535538461538461e-05,204.02037,-206.02037,"-2050.2,-1230.1,(-1640, 1),-820.1"
0202K1F34P1R3,0202,B02,2,2,F34,34,-0.001845183,-0.001025102,-1e-06,-1845.183,-0.019439996465076922,-1640.16263,-2050.20337,-1025.102,-0.010800001548,-820.08163,-1230.12237,-1.0,-1.0535538461538461e-05,204.02037,-206.02037,"-2050.2,-1230.1,(-1640, 1),-820.1"
0202K1F34P1R4,0202,B02,2,2,F34,34,-0.001845183,-0.001025102,-1e-06,-1845.183,-0.019439996465076922,-1640.16263,-2050.20337,-1025.102,-0.010800001548,-820.08163,-1230.12237,-1.0,-1.0535538461538461e-05,204.02037,-206.02037,"-2050.2,-1230.1,(-1640, 1),-820.1"
0202K1F34P2R1,0202,B02,2,2,F34,34,-0.001845183,-0.001025102,0.0,-1845.183,-0.019439996465076922,-1640.16263,-2050.20337,-1025.102,-0.010800001548,-820.08163,-1230.12237,0.0,0.0,205.02037,-205.02037,"-2050.2,-1230.1,(-1640, 1),-820.1"
0202K1F34P2R2,0202,B02,2,2,F34,34,-0.001845183,-0.001025102,0.0,-1845.183,-0.019439996465076922,-1640.16263,-2050.20337,-1025.102,-0.010800001548,-820.08163,-1230.12237,0.0,0.0,205.02037,-205.02037,"-2050.2,-1230.1,(-1640, 1),-820.1"
0202K1F34P2R3,0202,B02,2,2,F34,34,-0.001845183,-0.001025102,0.0,-1845.183,-0.019439996465076922,-1640.16263,-2050.20337,-1025.102,-0.010800001548,-820.08163,-1230.12237,0.0,0.0,205.02037,-205.02037,"-2050.2,-1230.1,(-1640, 1),-820.1"
0202K1F34P2R4,0202,B02,2,2,F34,34,-0.001845183,-0.001025102,0.0,-1845.183,-0.019439996465076922,-1640.16263,-2050.20337,-1025.102,-0.010800001548,-820.08163,-1230.12237,0.0,0.0,205.02037,-205.02037,"-2050.2,-1230.1,(-1640, 1),-820.1"
0202K1F34P3R1,0202,B02,2,2,F34,34,-0.001845183,-0.001025102,1e-06,-1845.183,-0.019439996465076922,-1640.16263,-2050.20337,-1025.102,-0.010800001548,-820.08163,-1230.12237,1.0,1.0535538461538461e-05,206.02037,-204.02037,"-2050.2,-1230.1,(-1640, 1),-820.1"
0202K1F34P3R2,0202,B02,2,2,F34,34,-0.001845183,-0.001025102,1e-06,-1845.183,-0.019439996465076922,-1640.16263,-2050.20337,-1025.102,-0.010800001548,-820.08163,-1230.12237,1.0,1.0535538461538461e-05,206.02037,-204.02037,"-2050.2,-1230.1,(-1640, 1),-820.1"
0202K1F34P3R3,0202,B02,2,2,F34,34,-0.001845183,-0.001025102,1e-06,-1845.183,-0.019439996465076922,-1640.16263,-2050.20337,-1025.102,-0.010800001548,-820.08163,-1230.12237,1.0,1.0535538461538461e-05,206.02037,-204.02037,"-2050.2,-1230.1,(-1640, 1),-820.1"
0202K1F34P3R4,0202,B02,2,2,F34,34,-0.001845183,-0.001025102,1e-06,-1845.183,-0.019439996465076922,-1640.16263,-2050.20337,-1025.102,-0.010800001548,-820.08163,-1230.12237,1.0,1.0535538461538461e-05,206.02037,-204.02037,"-2050.2,-1230.1,(-1640, 1),-820.1"
0202K1F34P4R1,0202,B02,2,2,F34,34,-0.001845183,-0.001025102,2e-06,-1845.183,-0.019439996465076922,-1640.16263,-2050.20337,-1025.102,-0.010800001548,-820.08163,-1230.12237,2.0,2.1071076923076922e-05,207.02037,-203.02037,"-2050.2,-1230.1,(-1640, 1),-820.1"
0202K1F34P4R2,0202,B02,2,2,F34,34,-0.001845183,-0.001025102,2e-06,-1845.183,-0.019439996465076922,-1640.16263,-2050.20337,-1025.102,-0.010800001548,-820.08163,-1230.12237,2.0,2.1071076923076922e-05,207.02037,-203.02037,"-2050.2,-1230.1,(-1640, 1),-820.1"
0202K1F34P4R3,0202,B02,2,2,F34,34,-0.001845183,-0.001025102,2e-06,-1845.183,-0.019439996465076922,-1640.16263,-2050.20337,-1025.102,-0.010800001548,-820.08163,-1230.12237,2.0,2.1071076923076922e-05,207.02037,-203.02037,"-2050.2,-1230.1,(-1640, 1),-820.1"
0202K1F34P4R4,0202,B02,2,2,F34,34,-0.001845183,-0.001025102,2e-06,-1845.183,-0.019439996465076922,-1640.16263,-2050.20337,-1025.102,-0.010800001548,-820.08163,-1230.12237,2.0,2.1071076923076922e-05,207.02037,-203.02037,"-2050.2,-1230.1,(-1640, 1),-820.1"
0202K1F34P5R1,0202,B02,2,2,F34,34,-0.001845183,-0.001025102,3e-06,-1845.183,-0.019439996465076922,-1640.16263,-2050.20337,-1025.102,-0.010800001548,-820.08163,-1230.12237,3.0,3.1606615384615385e-05,208.02037,-202.02037,"-2050.2,-1230.1,(-1640, 1),-820.1"
0202K1F34P5R2,0202,B02,2,2,F34,34,-0.001845183,-0.001025102,3e-06,-1845.183,-0.019439996465076922,-1640.16263,-2050.20337,-1025.102,-0.010800001548,-820.08163,-1230.12237,3.0,3.1606615384615385e-05,208.02037,-202.02037,"-2050.2,-1230.1,(-1640, 1),-820.1"
0202K1F34P5R3,0202,B02,2,2,F34,34,-0.001845183,-0.001025102,3e-06,-1845.183,-0.019439996465076922,-1640.16263,-2050.20337,-1025.102,-0.010800001548,-820.08163,-1230.12237,3.0,3.1606615384615385e-05,208.02037,-202.02037,"-2050.2,-1230.1,(-1640, 1),-820.1"
0202K1F34P5R4,0202,B02,2,2,F34,34,-0.001845183,-0.001025102,3e-06,-1845.183,-0.019439996465076922,-1640.16263,-2050.20337,-1025.102,-0.010800001548,-820.08163,-1230.12237,3.0,3.1606615384615385e-05,208.02037,-202.02037,"-2050.2,-1230.1,(-1640, 1),-820.1"
0202K1F34P6R1,0202,B02,2,2,F34,34,-0.001845183,-0.001025102,4e-06,-1845.183,-0.019439996465076922,-1640.16263,-2050.20337,-1025.102,-0.010800001548,-820.08163,-1230.12237,4.0,4.2142153846153845e-05,209.02037,-201.02037,"-2050.2,-1230.1,(-1640, 1),-820.1"
0202K1F34P6R2,0202,B02,2,2,F34,34,-0.001845183,-0.001025102,4e-06,-1845.183,-0.019439996465076922,-1640.16263,-2050.20337,-1025.102,-0.010800001548,-820.08163,-1230.12237,4.0,4.2142153846153845e-05,209.02037,-201.02037,"-2050.2,-1230.1,(-1640, 1),-820.1"
0202K1F34P6R3,0202,B02,2,2,F34,34,-0.001845183,-0.001025102,4e-06,-1845.183,-0.019439996465076922,-1640.16263,-2050.20337,-1025.102,-0.010800001548,-820.08163,-1230.12237,4.0,4.2142153846153845e-05,209.02037,-201.02037,"-2050.2,-1230.1,(-1640, 1),-820.1"
0202K1F34P6R4,0202,B02,2,2,F34,34,-0.001845183,-0.001025102,4e-06,-1845.183,-0.019439996465076922,-1640.16263,-2050.20337,-1025.102,-0.010800001548,-820.08163,-1230.12237,4.0,4.2142153846153845e-05,209.02037,-201.02037,"-2050.2,-1230.1,(-1640, 1),-820.1"
0202K1F34P7R1,0202,B02,2,2,F34,34,-0.001845183,-0.001025102,5e-06,-1845.183,-0.019439996465076922,-1640.16263,-2050.20337,-1025.102,-0.010800001548,-820.08163,-1230.12237,5.0,5.267769230769231e-05,210.02037,-200.02037,"-2050.2,-1230.1,(-1640, 1),-820.1"
0202K1F34P7R2,0202,B02,2,2,F34,34,-0.001845183,-0.001025102,5e-06,-1845.183,-0.019439996465076922,-1640.16263,-2050.20337,-1025.102,-0.010800001548,-820.08163,-1230.12237,5.0,5.267769230769231e-05,210.02037,-200.02037,"-2050.2,-1230.1,(-1640, 1),-820.1"
0202K1F34P7R3,0202,B02,2,2,F34,34,-0.001845183,-0.001025102,5e-06,-1845.183,-0.019439996465076922,-1640.16263,-2050.20337,-1025.102,-0.010800001548,-820.08163,-1230.12237,5.0,5.267769230769231e-05,210.02037,-200.02037,"-2050.2,-1230.1,(-1640, 1),-820.1"
0202K1F34P7R4,0202,B02,2,2,F34,34,-0.001845183,-0.001025102,5e-06,-1845.183,-0.019439996465076922,-1640.16263,-2050.20337,-1025.102,-0.010800001548,-820.08163,-1230.12237,5.0,5.267769230769231e-05,210.02037,-200.02037,"-2050.2,-1230.1,(-1640, 1),-820.1"
0202K1F35P1R1,0202,B02,2,2,F35,35,-0.001640163,-0.001025102,-1e-06,-1640.163,-0.017280000369692308,-1435.14263,-1845.18337,-1025.102,-0.010800001548,-820.08163,-1230.12237,-1.0,-1.0535538461538461e-05,204.02037,-206.02037,"-1845.2,-1230.1,(-1435, 1),-820.1"
0202K1F35P1R2,0202,B02,2,2,F35,35,-0.001640163,-0.001025102,-1e-06,-1640.163,-0.017280000369692308,-1435.14263,-1845.18337,-1025.102,-0.010800001548,-820.08163,-1230.12237,-1.0,-1.0535538461538461e-05,204.02037,-206.02037,"-1845.2,-1230.1,(-1435, 1),-820.1"
0202K1F35P1R3,0202,B02,2,2,F35,35,-0.001640163,-0.001025102,-1e-06,-1640.163,-0.017280000369692308,-1435.14263,-1845.18337,-1025.102,-0.010800001548,-820.08163,-1230.12237,-1.0,-1.0535538461538461e-05,204.02037,-206.02037,"-1845.2,-1230.1,(-1435, 1),-820.1"
0202K1F35P1R4,0202,B02,2,2,F35,35,-0.001640163,-0.001025102,-1e-06,-1640.163,-0.017280000369692308,-1435.14263,-1845.18337,-1025.102,-0.010800001548,-820.08163,-1230.12237,-1.0,-1.0535538461538461e-05,204.02037,-206.02037,"-1845.2,-1230.1,(-1435, 1),-820.1"
0202K1F35P2R1,0202,B02,2,2,F35,35,-0.001640163,-0.001025102,0.0,-1640.163,-0.017280000369692308,-1435.14263,-1845.18337,-1025.102,-0.010800001548,-820.08163,-1230.12237,0.0,0.0,205.02037,-205.02037,"-1845.2,-1230.1,(-1435, 1),-820.1"
0202K1F35P2R2,0202,B02,2,2,F35,35,-0.001640163,-0.001025102,0.0,-1640.163,-0.017280000369692308,-1435.14263,-1845.18337,-1025.102,-0.010800001548,-820.08163,-1230.12237,0.0,0.0,205.02037,-205.02037,"-1845.2,-1230.1,(-1435, 1),-820.1"
0202K1F35P2R3,0202,B02,2,2,F35,35,-0.001640163,-0.001025102,0.0,-1640.163,-0.017280000369692308,-1435.14263,-1845.18337,-1025.102,-0.010800001548,-820.08163,-1230.12237,0.0,0.0,205.02037,-205.02037,"-1845.2,-1230.1,(-1435, 1),-820.1"
0202K1F35P2R4,0202,B02,2,2,F35,35,-0.001640163,-0.001025102,0.0,-1640.163,-0.017280000369692308,-1435.14263,-1845.18337,-1025.102,-0.010800001548,-820.08163,-1230.12237,0.0,0.0,205.02037,-205.02037,"-1845.2,-1230.1,(-1435, 1),-820.1"
0202K1F35P3R1,0202,B02,2,2,F35,35,-0.001640163,-0.001025102,1e-06,-1640.163,-0.017280000369692308,-1435.14263,-1845.18337,-1025.102,-0.010800001548,-820.08163,-1230.12237,1.0,1.0535538461538461e-05,206.02037,-204.02037,"-1845.2,-1230.1,(-1435, 1),-820.1"
0202K1F35P3R2,0202,B02,2,2,F35,35,-0.001640163,-0.001025102,1e-06,-1640.163,-0.017280000369692308,-1435.14263,-1845.18337,-1025.102,-0.010800001548,-820.08163,-1230.12237,1.0,1.0535538461538461e-05,206.02037,-204.02037,"-1845.2,-1230.1,(-1435, 1),-820.1"
0202K1F35P3R3,0202,B02,2,2,F35,35,-0.001640163,-0.001025102,1e-06,-1640.163,-0.017280000369692308,-1435.14263,-1845.18337,-1025.102,-0.010800001548,-820.08163,-1230.12237,1.0,1.0535538461538461e-05,206.02037,-204.02037,"-1845.2,-1230.1,(-1435, 1),-820.1"
0202K1F35P3R4,0202,B02,2,2,F35,35,-0.001640163,-0.001025102,1e-06,-1640.163,-0.017280000369692308,-1435.14263,-1845.18337,-1025.102,-0.010800001548,-820.08163,-1230.12237,1.0,1.0535538461538461e-05,206.02037,-204.02037,"-1845.2,-1230.1,(-1435, 1),-820.1"
0202K1F35P4R1,0202,B02,2,2,F35,35,-0.001640163,-0.001025102,2e-06,-1640.163,-0.017280000369692308,-1435.14263,-1845.18337,-1025.102,-0.010800001548,-820.08163,-1230.12237,2.0,2.1071076923076922e-05,207.02037,-203.02037,"-1845.2,-1230.1,(-1435, 1),-820.1"
0202K1F35P4R2,0202,B02,2,2,F35,35,-0.001640163,-0.001025102,2e-06,-1640.163,-0.017280000369692308,-1435.14263,-1845.18337,-1025.102,-0.010800001548,-820.08163,-1230.12237,2.0,2.1071076923076922e-05,207.02037,-203.02037,"-1845.2,-1230.1,(-1435, 1),-820.1"
0202K1F35P4R3,0202,B02,2,2,F35,35,-0.001640163,-0.001025102,2e-06,-1640.163,-0.017280000369692308,-1435.14263,-1845.18337,-1025.102,-0.010800001548,-820.08163,-1230.12237,2.0,2.1071076923076922e-05,207.02037,-203.02037,"-1845.2,-1230.1,(-1435, 1),-820.1"
0202K1F35P4R4,0202,B02,2,2,F35,35,-0.001640163,-0.001025102,2e-06,-1640.163,-0.017280000369692308,-1435.14263,-1845.18337,-1025.102,-0.010800001548,-820.08163,-1230.12237,2.0,2.1071076923076922e-05,207.02037,-203.02037,"-1845.2,-1230.1,(-1435, 1),-820.1"
0202K1F35P5R1,0202,B02,2,2,F35,35,-0.001640163,-0.001025102,3e-06,-1640.163,-0.017280000369692308,-1435.14263,-1845.18337,-1025.102,-0.010800001548,-820.08163,-1230.12237,3.0,3.1606615384615385e-05,208.02037,-202.02037,"-1845.2,-1230.1,(-1435, 1),-820.1"
0202K1F35P5R2,0202,B02,2,2,F35,35,-0.001640163,-0.001025102,3e-06,-1640.163,-0.017280000369692308,-1435.14263,-1845.18337,-1025.102,-0.010800001548,-820.08163,-1230.12237,3.0,3.1606615384615385e-05,208.02037,-202.02037,"-1845.2,-1230.1,(-1435, 1),-820.1"
0202K1F35P5R3,0202,B02,2,2,F35,35,-0.001640163,-0.001025102,3e-06,-1640.163,-0.017280000369692308,-1435.14263,-1845.18337,-1025.102,-0.010800001548,-820.08163,-1230.12237,3.0,3.1606615384615385e-05,208.02037,-202.02037,"-1845.2,-1230.1,(-1435, 1),-820.1"
0202K1F35P5R4,0202,B02,2,2,F35,35,-0.001640163,-0.001025102,3e-06,-1640.163,-0.017280000369692308,-1435.14263,-1845.18337,-1025.102,-0.010800001548,-820.08163,-1230.12237,3.0,3.1606615384615385e-05,208.02037,-202.02037,"-1845.2,-1230.1,(-1435, 1),-820.1"
0202K1F35P6R1,0202,B02,2,2,F35,35,-0.001640163,-0.001025102,4e-06,-1640.163,-0.017280000369692308,-1435.14263,-1845.18337,-1025.102,-0.010800001548,-820.08163,-1230.12237,4.0,4.2142153846153845e-05,209.02037,-201.02037,"-1845.2,-1230.1,(-1435, 1),-820.1"
0202K1F35P6R2,0202,B02,2,2,F35,35,-0.001640163,-0.001025102,4e-06,-1640.163,-0.017280000369692308,-1435.14263,-1845.18337,-1025.102,-0.010800001548,-820.08163,-1230.12237,4.0,4.2142153846153845e-05,209.02037,-201.02037,"-1845.2,-1230.1,(-1435, 1),-820.1"
0202K1F35P6R3,0202,B02,2,2,F35,35,-0.001640163,-0.001025102,4e-06,-1640.163,-0.017280000369692308,-1435.14263,-1845.18337,-1025.102,-0.010800001548,-820.08163,-1230.12237,4.0,4.2142153846153845e-05,209.02037,-201.02037,"-1845.2,-1230.1,(-1435, 1),-820.1"
0202K1F35P6R4,0202,B02,2,2,F35,35,-0.001640163,-0.001025102,4e-06,-1640.163,-0.017280000369692308,-1435.14263,-1845.18337,-1025.102,-0.010800001548,-820.08163,-1230.12237,4.0,4.2142153846153845e-05,209.02037,-201.02037,"-1845.2,-1230.1,(-1435, 1),-820.1"
0202K1F35P7R1,0202,B02,2,2,F35,35,-0.001640163,-0.001025102,5e-06,-1640.163,-0.017280000369692308,-1435.14263,-1845.18337,-1025.102,-0.010800001548,-820.08163,-1230.12237,5.0,5.267769230769231e-05,210.02037,-200.02037,"-1845.2,-1230.1,(-1435, 1),-820.1"
0202K1F35P7R2,0202,B02,2,2,F35,35,-0.001640163,-0.001025102,5e-06,-1640.163,-0.017280000369692308,-1435.14263,-1845.18337,-1025.102,-0.010800001548,-820.08163,-1230.12237,5.0,5.267769230769231e-05,210.02037,-200.02037,"-1845.2,-1230.1,(-1435, 1),-820.1"
0202K1F35P7R3,0202,B02,2,2,F35,35,-0.001640163,-0.001025102,5e-06,-1640.163,-0.017280000369692308,-1435.14263,-1845.18337,-1025.102,-0.010800001548,-820.08163,-1230.12237,5.0,5.267769230769231e-05,210.02037,-200.02037,"-1845.2,-1230.1,(-1435, 1),-820.1"
0202K1F35P7R4,0202,B02,2,2,F35,35,-0.001640163,-0.001025102,5e-06,-1640.163,-0.017280000369692308,-1435.14263,-1845.18337,-1025.102,-0.010800001548,-820.08163,-1230.12237,5.0,5.267769230769231e-05,210.02037,-200.02037,"-1845.2,-1230.1,(-1435, 1),-820.1"
0202K1F36P1R1,0202,B02,2,2,F36,36,-0.001640163,-0.001230122,-1e-06,-1640.163,-0.017280000369692308,-1435.14263,-1845.18337,-1230.122,-0.012959997643384616,-1025.10163,-1435.14237,-1.0,-1.0535538461538461e-05,204.02037,-206.02037,"-1845.2,-1435.1,(-1435, 1),-1025.1"
0202K1F36P1R2,0202,B02,2,2,F36,36,-0.001640163,-0.001230122,-1e-06,-1640.163,-0.017280000369692308,-1435.14263,-1845.18337,-1230.122,-0.012959997643384616,-1025.10163,-1435.14237,-1.0,-1.0535538461538461e-05,204.02037,-206.02037,"-1845.2,-1435.1,(-1435, 1),-1025.1"
0202K1F36P1R3,0202,B02,2,2,F36,36,-0.001640163,-0.001230122,-1e-06,-1640.163,-0.017280000369692308,-1435.14263,-1845.18337,-1230.122,-0.012959997643384616,-1025.10163,-1435.14237,-1.0,-1.0535538461538461e-05,204.02037,-206.02037,"-1845.2,-1435.1,(-1435, 1),-1025.1"
0202K1F36P1R4,0202,B02,2,2,F36,36,-0.001640163,-0.001230122,-1e-06,-1640.163,-0.017280000369692308,-1435.14263,-1845.18337,-1230.122,-0.012959997643384616,-1025.10163,-1435.14237,-1.0,-1.0535538461538461e-05,204.02037,-206.02037,"-1845.2,-1435.1,(-1435, 1),-1025.1"
0202K1F36P2R1,0202,B02,2,2,F36,36,-0.001640163,-0.001230122,0.0,-1640.163,-0.017280000369692308,-1435.14263,-1845.18337,-1230.122,-0.012959997643384616,-1025.10163,-1435.14237,0.0,0.0,205.02037,-205.02037,"-1845.2,-1435.1,(-1435, 1),-1025.1"
0202K1F36P2R2,0202,B02,2,2,F36,36,-0.001640163,-0.001230122,0.0,-1640.163,-0.017280000369692308,-1435.14263,-1845.18337,-1230.122,-0.012959997643384616,-1025.10163,-1435.14237,0.0,0.0,205.02037,-205.02037,"-1845.2,-1435.1,(-1435, 1),-1025.1"
0202K1F36P2R3,0202,B02,2,2,F36,36,-0.001640163,-0.001230122,0.0,-1640.163,-0.017280000369692308,-1435.14263,-1845.18337,-1230.122,-0.012959997643384616,-1025.10163,-1435.14237,0.0,0.0,205.02037,-205.02037,"-1845.2,-1435.1,(-1435, 1),-1025.1"
0202K1F36P2R4,0202,B02,2,2,F36,36,-0.001640163,-0.001230122,0.0,-1640.163,-0.017280000369692308,-1435.14263,-1845.18337,-1230.122,-0.012959997643384616,-1025.10163,-1435.14237,0.0,0.0,205.02037,-205.02037,"-1845.2,-1435.1,(-1435, 1),-1025.1"
0202K1F36P3R1,0202,B02,2,2,F36,36,-0.001640163,-0.001230122,1e-06,-1640.163,-0.017280000369692308,-1435.14263,-1845.18337,-1230.122,-0.012959997643384616,-1025.10163,-1435.14237,1.0,1.0535538461538461e-05,206.02037,-204.02037,"-1845.2,-1435.1,(-1435, 1),-1025.1"
0202K1F36P3R2,0202,B02,2,2,F36,36,-0.001640163,-0.001230122,1e-06,-1640.163,-0.017280000369692308,-1435.14263,-1845.18337,-1230.122,-0.012959997643384616,-1025.10163,-1435.14237,1.0,1.0535538461538461e-05,206.02037,-204.02037,"-1845.2,-1435.1,(-1435, 1),-1025.1"
0202K1F36P3R3,0202,B02,2,2,F36,36,-0.001640163,-0.001230122,1e-06,-1640.163,-0.017280000369692308,-1435.14263,-1845.18337,-1230.122,-0.012959997643384616,-1025.10163,-1435.14237,1.0,1.0535538461538461e-05,206.02037,-204.02037,"-1845.2,-1435.1,(-1435, 1),-1025.1"
0202K1F36P3R4,0202,B02,2,2,F36,36,-0.001640163,-0.001230122,1e-06,-1640.163,-0.017280000369692308,-1435.14263,-1845.18337,-1230.122,-0.012959997643384616,-1025.10163,-1435.14237,1.0,1.0535538461538461e-05,206.02037,-204.02037,"-1845.2,-1435.1,(-1435, 1),-1025.1"
0202K1F36P4R1,0202,B02,2,2,F36,36,-0.001640163,-0.001230122,2e-06,-1640.163,-0.017280000369692308,-1435.14263,-1845.18337,-1230.122,-0.012959997643384616,-1025.10163,-1435.14237,2.0,2.1071076923076922e-05,207.02037,-203.02037,"-1845.2,-1435.1,(-1435, 1),-1025.1"
0202K1F36P4R2,0202,B02,2,2,F36,36,-0.001640163,-0.001230122,2e-06,-1640.163,-0.017280000369692308,-1435.14263,-1845.18337,-1230.122,-0.012959997643384616,-1025.10163,-1435.14237,2.0,2.1071076923076922e-05,207.02037,-203.02037,"-1845.2,-1435.1,(-1435, 1),-1025.1"
0202K1F36P4R3,0202,B02,2,2,F36,36,-0.001640163,-0.001230122,2e-06,-1640.163,-0.017280000369692308,-1435.14263,-1845.18337,-1230.122,-0.012959997643384616,-1025.10163,-1435.14237,2.0,2.1071076923076922e-05,207.02037,-203.02037,"-1845.2,-1435.1,(-1435, 1),-1025.1"
0202K1F36P4R4,0202,B02,2,2,F36,36,-0.001640163,-0.001230122,2e-06,-1640.163,-0.017280000369692308,-1435.14263,-1845.18337,-1230.122,-0.012959997643384616,-1025.10163,-1435.14237,2.0,2.1071076923076922e-05,207.02037,-203.02037,"-1845.2,-1435.1,(-1435, 1),-1025.1"
0202K1F36P5R1,0202,B02,2,2,F36,36,-0.001640163,-0.001230122,3e-06,-1640.163,-0.017280000369692308,-1435.14263,-1845.18337,-1230.122,-0.012959997643384616,-1025.10163,-1435.14237,3.0,3.1606615384615385e-05,208.02037,-202.02037,"-1845.2,-1435.1,(-1435, 1),-1025.1"
0202K1F36P5R2,0202,B02,2,2,F36,36,-0.001640163,-0.001230122,3e-06,-1640.163,-0.017280000369692308,-1435.14263,-1845.18337,-1230.122,-0.012959997643384616,-1025.10163,-1435.14237,3.0,3.1606615384615385e-05,208.02037,-202.02037,"-1845.2,-1435.1,(-1435, 1),-1025.1"
0202K1F36P5R3,0202,B02,2,2,F36,36,-0.001640163,-0.001230122,3e-06,-1640.163,-0.017280000369692308,-1435.14263,-1845.18337,-1230.122,-0.012959997643384616,-1025.10163,-1435.14237,3.0,3.1606615384615385e-05,208.02037,-202.02037,"-1845.2,-1435.1,(-1435, 1),-1025.1"
0202K1F36P5R4,0202,B02,2,2,F36,36,-0.001640163,-0.001230122,3e-06,-1640.163,-0.017280000369692308,-1435.14263,-1845.18337,-1230.122,-0.012959997643384616,-1025.10163,-1435.14237,3.0,3.1606615384615385e-05,208.02037,-202.02037,"-1845.2,-1435.1,(-1435, 1),-1025.1"
0202K1F36P6R1,0202,B02,2,2,F36,36,-0.001640163,-0.001230122,4e-06,-1640.163,-0.017280000369692308,-1435.14263,-1845.18337,-1230.122,-0.012959997643384616,-1025.10163,-1435.14237,4.0,4.2142153846153845e-05,209.02037,-201.02037,"-1845.2,-1435.1,(-1435, 1),-1025.1"
0202K1F36P6R2,0202,B02,2,2,F36,36,-0.001640163,-0.001230122,4e-06,-1640.163,-0.017280000369692308,-1435.14263,-1845.18337,-1230.122,-0.012959997643384616,-1025.10163,-1435.14237,4.0,4.2142153846153845e-05,209.02037,-201.02037,"-1845.2,-1435.1,(-1435, 1),-1025.1"
0202K1F36P6R3,0202,B02,2,2,F36,36,-0.001640163,-0.001230122,4e-06,-1640.163,-0.017280000369692308,-1435.14263,-1845.18337,-1230.122,-0.012959997643384616,-1025.10163,-1435.14237,4.0,4.2142153846153845e-05,209.02037,-201.02037,"-1845.2,-1435.1,(-1435, 1),-1025.1"
0202K1F36P6R4,0202,B02,2,2,F36,36,-0.001640163,-0.001230122,4e-06,-1640.163,-0.017280000369692308,-1435.14263,-1845.18337,-1230.122,-0.012959997643384616,-1025.10163,-1435.14237,4.0,4.2142153846153845e-05,209.02037,-201.02037,"-1845.2,-1435.1,(-1435, 1),-1025.1"
0202K1F36P7R1,0202,B02,2,2,F36,36,-0.001640163,-0.001230122,5e-06,-1640.163,-0.017280000369692308,-1435.14263,-1845.18337,-1230.122,-0.012959997643384616,-1025.10163,-1435.14237,5.0,5.267769230769231e-05,210.02037,-200.02037,"-1845.2,-1435.1,(-1435, 1),-1025.1"
0202K1F36P7R2,0202,B02,2,2,F36,36,-0.001640163,-0.001230122,5e-06,-1640.163,-0.017280000369692308,-1435.14263,-1845.18337,-1230.122,-0.012959997643384616,-1025.10163,-1435.14237,5.0,5.267769230769231e-05,210.02037,-200.02037,"-1845.2,-1435.1,(-1435, 1),-1025.1"
0202K1F36P7R3,0202,B02,2,2,F36,36,-0.001640163,-0.001230122,5e-06,-1640.163,-0.017280000369692308,-1435.14263,-1845.18337,-1230.122,-0.012959997643384616,-1025.10163,-1435.14237,5.0,5.267769230769231e-05,210.02037,-200.02037,"-1845.2,-1435.1,(-1435, 1),-1025.1"
0202K1F36P7R4,0202,B02,2,2,F36,36,-0.001640163,-0.001230122,5e-06,-1640.163,-0.017280000369692308,-1435.14263,-1845.18337,-1230.122,-0.012959997643384616,-1025.10163,-1435.14237,5.0,5.267769230769231e-05,210.02037,-200.02037,"-1845.2,-1435.1,(-1435, 1),-1025.1"
0202K1F37P1R1,0202,B02,2,2,F37,37,-0.001845183,-0.001230122,-1e-06,-1845.183,-0.019439996465076922,-1640.16263,-2050.20337,-1230.122,-0.012959997643384616,-1025.10163,-1435.14237,-1.0,-1.0535538461538461e-05,204.02037,-206.02037,"-2050.2,-1435.1,(-1640, 1),-1025.1"
0202K1F37P1R2,0202,B02,2,2,F37,37,-0.001845183,-0.001230122,-1e-06,-1845.183,-0.019439996465076922,-1640.16263,-2050.20337,-1230.122,-0.012959997643384616,-1025.10163,-1435.14237,-1.0,-1.0535538461538461e-05,204.02037,-206.02037,"-2050.2,-1435.1,(-1640, 1),-1025.1"
0202K1F37P1R3,0202,B02,2,2,F37,37,-0.001845183,-0.001230122,-1e-06,-1845.183,-0.019439996465076922,-1640.16263,-2050.20337,-1230.122,-0.012959997643384616,-1025.10163,-1435.14237,-1.0,-1.0535538461538461e-05,204.02037,-206.02037,"-2050.2,-1435.1,(-1640, 1),-1025.1"
0202K1F37P1R4,0202,B02,2,2,F37,37,-0.001845183,-0.001230122,-1e-06,-1845.183,-0.019439996465076922,-1640.16263,-2050.20337,-1230.122,-0.012959997643384616,-1025.10163,-1435.14237,-1.0,-1.0535538461538461e-05,204.02037,-206.02037,"-2050.2,-1435.1,(-1640, 1),-1025.1"
0202K1F37P2R1,0202,B02,2,2,F37,37,-0.001845183,-0.001230122,0.0,-1845.183,-0.019439996465076922,-1640.16263,-2050.20337,-1230.122,-0.012959997643384616,-1025.10163,-1435.14237,0.0,0.0,205.02037,-205.02037,"-2050.2,-1435.1,(-1640, 1),-1025.1"
0202K1F37P2R2,0202,B02,2,2,F37,37,-0.001845183,-0.001230122,0.0,-1845.183,-0.019439996465076922,-1640.16263,-2050.20337,-1230.122,-0.012959997643384616,-1025.10163,-1435.14237,0.0,0.0,205.02037,-205.02037,"-2050.2,-1435.1,(-1640, 1),-1025.1"
0202K1F37P2R3,0202,B02,2,2,F37,37,-0.001845183,-0.001230122,0.0,-1845.183,-0.019439996465076922,-1640.16263,-2050.20337,-1230.122,-0.012959997643384616,-1025.10163,-1435.14237,0.0,0.0,205.02037,-205.02037,"-2050.2,-1435.1,(-1640, 1),-1025.1"
0202K1F37P2R4,0202,B02,2,2,F37,37,-0.001845183,-0.001230122,0.0,-1845.183,-0.019439996465076922,-1640.16263,-2050.20337,-1230.122,-0.012959997643384616,-1025.10163,-1435.14237,0.0,0.0,205.02037,-205.02037,"-2050.2,-1435.1,(-1640, 1),-1025.1"
0202K1F37P3R1,0202,B02,2,2,F37,37,-0.001845183,-0.001230122,1e-06,-1845.183,-0.019439996465076922,-1640.16263,-2050.20337,-1230.122,-0.012959997643384616,-1025.10163,-1435.14237,1.0,1.0535538461538461e-05,206.02037,-204.02037,"-2050.2,-1435.1,(-1640, 1),-1025.1"
0202K1F37P3R2,0202,B02,2,2,F37,37,-0.001845183,-0.001230122,1e-06,-1845.183,-0.019439996465076922,-1640.16263,-2050.20337,-1230.122,-0.012959997643384616,-1025.10163,-1435.14237,1.0,1.0535538461538461e-05,206.02037,-204.02037,"-2050.2,-1435.1,(-1640, 1),-1025.1"
0202K1F37P3R3,0202,B02,2,2,F37,37,-0.001845183,-0.001230122,1e-06,-1845.183,-0.019439996465076922,-1640.16263,-2050.20337,-1230.122,-0.012959997643384616,-1025.10163,-1435.14237,1.0,1.0535538461538461e-05,206.02037,-204.02037,"-2050.2,-1435.1,(-1640, 1),-1025.1"
0202K1F37P3R4,0202,B02,2,2,F37,37,-0.001845183,-0.001230122,1e-06,-1845.183,-0.019439996465076922,-1640.16263,-2050.20337,-1230.122,-0.012959997643384616,-1025.10163,-1435.14237,1.0,1.0535538461538461e-05,206.02037,-204.02037,"-2050.2,-1435.1,(-1640, 1),-1025.1"
0202K1F37P4R1,0202,B02,2,2,F37,37,-0.001845183,-0.001230122,2e-06,-1845.183,-0.019439996465076922,-1640.16263,-2050.20337,-1230.122,-0.012959997643384616,-1025.10163,-1435.14237,2.0,2.1071076923076922e-05,207.02037,-203.02037,"-2050.2,-1435.1,(-1640, 1),-1025.1"
0202K1F37P4R2,0202,B02,2,2,F37,37,-0.001845183,-0.001230122,2e-06,-1845.183,-0.019439996465076922,-1640.16263,-2050.20337,-1230.122,-0.012959997643384616,-1025.10163,-1435.14237,2.0,2.1071076923076922e-05,207.02037,-203.02037,"-2050.2,-1435.1,(-1640, 1),-1025.1"
0202K1F37P4R3,0202,B02,2,2,F37,37,-0.001845183,-0.001230122,2e-06,-1845.183,-0.019439996465076922,-1640.16263,-2050.20337,-1230.122,-0.012959997643384616,-1025.10163,-1435.14237,2.0,2.1071076923076922e-05,207.02037,-203.02037,"-2050.2,-1435.1,(-1640, 1),-1025.1"
0202K1F37P4R4,0202,B02,2,2,F37,37,-0.001845183,-0.001230122,2e-06,-1845.183,-0.019439996465076922,-1640.16263,-2050.20337,-1230.122,-0.012959997643384616,-1025.10163,-1435.14237,2.0,2.1071076923076922e-05,207.02037,-203.02037,"-2050.2,-1435.1,(-1640, 1),-1025.1"
0202K1F37P5R1,0202,B02,2,2,F37,37,-0.001845183,-0.001230122,3e-06,-1845.183,-0.019439996465076922,-1640.16263,-2050.20337,-1230.122,-0.012959997643384616,-1025.10163,-1435.14237,3.0,3.1606615384615385e-05,208.02037,-202.02037,"-2050.2,-1435.1,(-1640, 1),-1025.1"
0202K1F37P5R2,0202,B02,2,2,F37,37,-0.001845183,-0.001230122,3e-06,-1845.183,-0.019439996465076922,-1640.16263,-2050.20337,-1230.122,-0.012959997643384616,-1025.10163,-1435.14237,3.0,3.1606615384615385e-05,208.02037,-202.02037,"-2050.2,-1435.1,(-1640, 1),-1025.1"
0202K1F37P5R3,0202,B02,2,2,F37,37,-0.001845183,-0.001230122,3e-06,-1845.183,-0.019439996465076922,-1640.16263,-2050.20337,-1230.122,-0.012959997643384616,-1025.10163,-1435.14237,3.0,3.1606615384615385e-05,208.02037,-202.02037,"-2050.2,-1435.1,(-1640, 1),-1025.1"
0202K1F37P5R4,0202,B02,2,2,F37,37,-0.001845183,-0.001230122,3e-06,-1845.183,-0.019439996465076922,-1640.16263,-2050.20337,-1230.122,-0.012959997643384616,-1025.10163,-1435.14237,3.0,3.1606615384615385e-05,208.02037,-202.02037,"-2050.2,-1435.1,(-1640, 1),-1025.1"
0202K1F37P6R1,0202,B02,2,2,F37,37,-0.001845183,-0.001230122,4e-06,-1845.183,-0.019439996465076922,-1640.16263,-2050.20337,-1230.122,-0.012959997643384616,-1025.10163,-1435.14237,4.0,4.2142153846153845e-05,209.02037,-201.02037,"-2050.2,-1435.1,(-1640, 1),-1025.1"
0202K1F37P6R2,0202,B02,2,2,F37,37,-0.001845183,-0.001230122,4e-06,-1845.183,-0.019439996465076922,-1640.16263,-2050.20337,-1230.122,-0.012959997643384616,-1025.10163,-1435.14237,4.0,4.2142153846153845e-05,209.02037,-201.02037,"-2050.2,-1435.1,(-1640, 1),-1025.1"
0202K1F37P6R3,0202,B02,2,2,F37,37,-0.001845183,-0.001230122,4e-06,-1845.183,-0.019439996465076922,-1640.16263,-2050.20337,-1230.122,-0.012959997643384616,-1025.10163,-1435.14237,4.0,4.2142153846153845e-05,209.02037,-201.02037,"-2050.2,-1435.1,(-1640, 1),-1025.1"
0202K1F37P6R4,0202,B02,2,2,F37,37,-0.001845183,-0.001230122,4e-06,-1845.183,-0.019439996465076922,-1640.16263,-2050.20337,-1230.122,-0.012959997643384616,-1025.10163,-1435.14237,4.0,4.2142153846153845e-05,209.02037,-201.02037,"-2050.2,-1435.1,(-1640, 1),-1025.1"
0202K1F37P7R1,0202,B02,2,2,F37,37,-0.001845183,-0.001230122,5e-06,-1845.183,-0.019439996465076922,-1640.16263,-2050.20337,-1230.122,-0.012959997643384616,-1025.10163,-1435.14237,5.0,5.267769230769231e-05,210.02037,-200.02037,"-2050.2,-1435.1,(-1640, 1),-1025.1"
0202K1F37P7R2,0202,B02,2,2,F37,37,-0.001845183,-0.001230122,5e-06,-1845.183,-0.019439996465076922,-1640.16263,-2050.20337,-1230.122,-0.012959997643384616,-1025.10163,-1435.14237,5.0,5.267769230769231e-05,210.02037,-200.02037,"-2050.2,-1435.1,(-1640, 1),-1025.1"
0202K1F37P7R3,0202,B02,2,2,F37,37,-0.001845183,-0.001230122,5e-06,-1845.183,-0.019439996465076922,-1640.16263,-2050.20337,-1230.122,-0.012959997643384616,-1025.10163,-1435.14237,5.0,5.267769230769231e-05,210.02037,-200.02037,"-2050.2,-1435.1,(-1640, 1),-1025.1"
0202K1F37P7R4,0202,B02,2,2,F37,37,-0.001845183,-0.001230122,5e-06,-1845.183,-0.019439996465076922,-1640.16263,-2050.20337,-1230.122,-0.012959997643384616,-1025.10163,-1435.14237,5.0,5.267769230769231e-05,210.02037,-200.02037,"-2050.2,-1435.1,(-1640, 1),-1025.1"
0202K1F38P1R1,0202,B02,2,2,F38,38,-0.002050204,-0.001230122,-1e-06,-2050.204,-0.021600003096,-1845.18363,-2255.22437,-1230.122,-0.012959997643384616,-1025.10163,-1435.14237,-1.0,-1.0535538461538461e-05,204.02037,-206.02037,"-2255.2,-1435.1,(-1845, 1),-1025.1"
0202K1F38P1R2,0202,B02,2,2,F38,38,-0.002050204,-0.001230122,-1e-06,-2050.204,-0.021600003096,-1845.18363,-2255.22437,-1230.122,-0.012959997643384616,-1025.10163,-1435.14237,-1.0,-1.0535538461538461e-05,204.02037,-206.02037,"-2255.2,-1435.1,(-1845, 1),-1025.1"
0202K1F38P1R3,0202,B02,2,2,F38,38,-0.002050204,-0.001230122,-1e-06,-2050.204,-0.021600003096,-1845.18363,-2255.22437,-1230.122,-0.012959997643384616,-1025.10163,-1435.14237,-1.0,-1.0535538461538461e-05,204.02037,-206.02037,"-2255.2,-1435.1,(-1845, 1),-1025.1"
0202K1F38P1R4,0202,B02,2,2,F38,38,-0.002050204,-0.001230122,-1e-06,-2050.204,-0.021600003096,-1845.18363,-2255.22437,-1230.122,-0.012959997643384616,-1025.10163,-1435.14237,-1.0,-1.0535538461538461e-05,204.02037,-206.02037,"-2255.2,-1435.1,(-1845, 1),-1025.1"
0202K1F38P2R1,0202,B02,2,2,F38,38,-0.002050204,-0.001230122,0.0,-2050.204,-0.021600003096,-1845.18363,-2255.22437,-1230.122,-0.012959997643384616,-1025.10163,-1435.14237,0.0,0.0,205.02037,-205.02037,"-2255.2,-1435.1,(-1845, 1),-1025.1"
0202K1F38P2R2,0202,B02,2,2,F38,38,-0.002050204,-0.001230122,0.0,-2050.204,-0.021600003096,-1845.18363,-2255.22437,-1230.122,-0.012959997643384616,-1025.10163,-1435.14237,0.0,0.0,205.02037,-205.02037,"-2255.2,-1435.1,(-1845, 1),-1025.1"
0202K1F38P2R3,0202,B02,2,2,F38,38,-0.002050204,-0.001230122,0.0,-2050.204,-0.021600003096,-1845.18363,-2255.22437,-1230.122,-0.012959997643384616,-1025.10163,-1435.14237,0.0,0.0,205.02037,-205.02037,"-2255.2,-1435.1,(-1845, 1),-1025.1"
0202K1F38P2R4,0202,B02,2,2,F38,38,-0.002050204,-0.001230122,0.0,-2050.204,-0.021600003096,-1845.18363,-2255.22437,-1230.122,-0.012959997643384616,-1025.10163,-1435.14237,0.0,0.0,205.02037,-205.02037,"-2255.2,-1435.1,(-1845, 1),-1025.1"
0202K1F38P3R1,0202,B02,2,2,F38,38,-0.002050204,-0.001230122,1e-06,-2050.204,-0.021600003096,-1845.18363,-2255.22437,-1230.122,-0.012959997643384616,-1025.10163,-1435.14237,1.0,1.0535538461538461e-05,206.02037,-204.02037,"-2255.2,-1435.1,(-1845, 1),-1025.1"
0202K1F38P3R2,0202,B02,2,2,F38,38,-0.002050204,-0.001230122,1e-06,-2050.204,-0.021600003096,-1845.18363,-2255.22437,-1230.122,-0.012959997643384616,-1025.10163,-1435.14237,1.0,1.0535538461538461e-05,206.02037,-204.02037,"-2255.2,-1435.1,(-1845, 1),-1025.1"
0202K1F38P3R3,0202,B02,2,2,F38,38,-0.002050204,-0.001230122,1e-06,-2050.204,-0.021600003096,-1845.18363,-2255.22437,-1230.122,-0.012959997643384616,-1025.10163,-1435.14237,1.0,1.0535538461538461e-05,206.02037,-204.02037,"-2255.2,-1435.1,(-1845, 1),-1025.1"
0202K1F38P3R4,0202,B02,2,2,F38,38,-0.002050204,-0.001230122,1e-06,-2050.204,-0.021600003096,-1845.18363,-2255.22437,-1230.122,-0.012959997643384616,-1025.10163,-1435.14237,1.0,1.0535538461538461e-05,206.02037,-204.02037,"-2255.2,-1435.1,(-1845, 1),-1025.1"
0202K1F38P4R1,0202,B02,2,2,F38,38,-0.002050204,-0.001230122,2e-06,-2050.204,-0.021600003096,-1845.18363,-2255.22437,-1230.122,-0.012959997643384616,-1025.10163,-1435.14237,2.0,2.1071076923076922e-05,207.02037,-203.02037,"-2255.2,-1435.1,(-1845, 1),-1025.1"
0202K1F38P4R2,0202,B02,2,2,F38,38,-0.002050204,-0.001230122,2e-06,-2050.204,-0.021600003096,-1845.18363,-2255.22437,-1230.122,-0.012959997643384616,-1025.10163,-1435.14237,2.0,2.1071076923076922e-05,207.02037,-203.02037,"-2255.2,-1435.1,(-1845, 1),-1025.1"
0202K1F38P4R3,0202,B02,2,2,F38,38,-0.002050204,-0.001230122,2e-06,-2050.204,-0.021600003096,-1845.18363,-2255.22437,-1230.122,-0.012959997643384616,-1025.10163,-1435.14237,2.0,2.1071076923076922e-05,207.02037,-203.02037,"-2255.2,-1435.1,(-1845, 1),-1025.1"
0202K1F38P4R4,0202,B02,2,2,F38,38,-0.002050204,-0.001230122,2e-06,-2050.204,-0.021600003096,-1845.18363,-2255.22437,-1230.122,-0.012959997643384616,-1025.10163,-1435.14237,2.0,2.1071076923076922e-05,207.02037,-203.02037,"-2255.2,-1435.1,(-1845, 1),-1025.1"
0202K1F38P5R1,0202,B02,2,2,F38,38,-0.002050204,-0.001230122,3e-06,-2050.204,-0.021600003096,-1845.18363,-2255.22437,-1230.122,-0.012959997643384616,-1025.10163,-1435.14237,3.0,3.1606615384615385e-05,208.02037,-202.02037,"-2255.2,-1435.1,(-1845, 1),-1025.1"
0202K1F38P5R2,0202,B02,2,2,F38,38,-0.002050204,-0.001230122,3e-06,-2050.204,-0.021600003096,-1845.18363,-2255.22437,-1230.122,-0.012959997643384616,-1025.10163,-1435.14237,3.0,3.1606615384615385e-05,208.02037,-202.02037,"-2255.2,-1435.1,(-1845, 1),-1025.1"
0202K1F38P5R3,0202,B02,2,2,F38,38,-0.002050204,-0.001230122,3e-06,-2050.204,-0.021600003096,-1845.18363,-2255.22437,-1230.122,-0.012959997643384616,-1025.10163,-1435.14237,3.0,3.1606615384615385e-05,208.02037,-202.02037,"-2255.2,-1435.1,(-1845, 1),-1025.1"
0202K1F38P5R4,0202,B02,2,2,F38,38,-0.002050204,-0.001230122,3e-06,-2050.204,-0.021600003096,-1845.18363,-2255.22437,-1230.122,-0.012959997643384616,-1025.10163,-1435.14237,3.0,3.1606615384615385e-05,208.02037,-202.02037,"-2255.2,-1435.1,(-1845, 1),-1025.1"
0202K1F38P6R1,0202,B02,2,2,F38,38,-0.002050204,-0.001230122,4e-06,-2050.204,-0.021600003096,-1845.18363,-2255.22437,-1230.122,-0.012959997643384616,-1025.10163,-1435.14237,4.0,4.2142153846153845e-05,209.02037,-201.02037,"-2255.2,-1435.1,(-1845, 1),-1025.1"
0202K1F38P6R2,0202,B02,2,2,F38,38,-0.002050204,-0.001230122,4e-06,-2050.204,-0.021600003096,-1845.18363,-2255.22437,-1230.122,-0.012959997643384616,-1025.10163,-1435.14237,4.0,4.2142153846153845e-05,209.02037,-201.02037,"-2255.2,-1435.1,(-1845, 1),-1025.1"
0202K1F38P6R3,0202,B02,2,2,F38,38,-0.002050204,-0.001230122,4e-06,-2050.204,-0.021600003096,-1845.18363,-2255.22437,-1230.122,-0.012959997643384616,-1025.10163,-1435.14237,4.0,4.2142153846153845e-05,209.02037,-201.02037,"-2255.2,-1435.1,(-1845, 1),-1025.1"
0202K1F38P6R4,0202,B02,2,2,F38,38,-0.002050204,-0.001230122,4e-06,-2050.204,-0.021600003096,-1845.18363,-2255.22437,-1230.122,-0.012959997643384616,-1025.10163,-1435.14237,4.0,4.2142153846153845e-05,209.02037,-201.02037,"-2255.2,-1435.1,(-1845, 1),-1025.1"
0202K1F38P7R1,0202,B02,2,2,F38,38,-0.002050204,-0.001230122,5e-06,-2050.204,-0.021600003096,-1845.18363,-2255.22437,-1230.122,-0.012959997643384616,-1025.10163,-1435.14237,5.0,5.267769230769231e-05,210.02037,-200.02037,"-2255.2,-1435.1,(-1845, 1),-1025.1"
0202K1F38P7R2,0202,B02,2,2,F38,38,-0.002050204,-0.001230122,5e-06,-2050.204,-0.021600003096,-1845.18363,-2255.22437,-1230.122,-0.012959997643384616,-1025.10163,-1435.14237,5.0,5.267769230769231e-05,210.02037,-200.02037,"-2255.2,-1435.1,(-1845, 1),-1025.1"
0202K1F38P7R3,0202,B02,2,2,F38,38,-0.002050204,-0.001230122,5e-06,-2050.204,-0.021600003096,-1845.18363,-2255.22437,-1230.122,-0.012959997643384616,-1025.10163,-1435.14237,5.0,5.267769230769231e-05,210.02037,-200.02037,"-2255.2,-1435.1,(-1845, 1),-1025.1"
0202K1F38P7R4,0202,B02,2,2,F38,38,-0.002050204,-0.001230122,5e-06,-2050.204,-0.021600003096,-1845.18363,-2255.22437,-1230.122,-0.012959997643384616,-1025.10163,-1435.14237,5.0,5.267769230769231e-05,210.02037,-200.02037,"-2255.2,-1435.1,(-1845, 1),-1025.1"
0202K1F39P1R1,0202,B02,2,2,F39,39,-0.002255224,-0.001230122,-1e-06,-2255.224,-0.023759999191384617,-2050.20363,-2460.24437,-1230.122,-0.012959997643384616,-1025.10163,-1435.14237,-1.0,-1.0535538461538461e-05,204.02037,-206.02037,"-2460.2,-1435.1,(-2050, 1),-1025.1"
0202K1F39P1R2,0202,B02,2,2,F39,39,-0.002255224,-0.001230122,-1e-06,-2255.224,-0.023759999191384617,-2050.20363,-2460.24437,-1230.122,-0.012959997643384616,-1025.10163,-1435.14237,-1.0,-1.0535538461538461e-05,204.02037,-206.02037,"-2460.2,-1435.1,(-2050, 1),-1025.1"
0202K1F39P1R3,0202,B02,2,2,F39,39,-0.002255224,-0.001230122,-1e-06,-2255.224,-0.023759999191384617,-2050.20363,-2460.24437,-1230.122,-0.012959997643384616,-1025.10163,-1435.14237,-1.0,-1.0535538461538461e-05,204.02037,-206.02037,"-2460.2,-1435.1,(-2050, 1),-1025.1"
0202K1F39P1R4,0202,B02,2,2,F39,39,-0.002255224,-0.001230122,-1e-06,-2255.224,-0.023759999191384617,-2050.20363,-2460.24437,-1230.122,-0.012959997643384616,-1025.10163,-1435.14237,-1.0,-1.0535538461538461e-05,204.02037,-206.02037,"-2460.2,-1435.1,(-2050, 1),-1025.1"
0202K1F39P2R1,0202,B02,2,2,F39,39,-0.002255224,-0.001230122,0.0,-2255.224,-0.023759999191384617,-2050.20363,-2460.24437,-1230.122,-0.012959997643384616,-1025.10163,-1435.14237,0.0,0.0,205.02037,-205.02037,"-2460.2,-1435.1,(-2050, 1),-1025.1"
0202K1F39P2R2,0202,B02,2,2,F39,39,-0.002255224,-0.001230122,0.0,-2255.224,-0.023759999191384617,-2050.20363,-2460.24437,-1230.122,-0.012959997643384616,-1025.10163,-1435.14237,0.0,0.0,205.02037,-205.02037,"-2460.2,-1435.1,(-2050, 1),-1025.1"
0202K1F39P2R3,0202,B02,2,2,F39,39,-0.002255224,-0.001230122,0.0,-2255.224,-0.023759999191384617,-2050.20363,-2460.24437,-1230.122,-0.012959997643384616,-1025.10163,-1435.14237,0.0,0.0,205.02037,-205.02037,"-2460.2,-1435.1,(-2050, 1),-1025.1"
0202K1F39P2R4,0202,B02,2,2,F39,39,-0.002255224,-0.001230122,0.0,-2255.224,-0.023759999191384617,-2050.20363,-2460.24437,-1230.122,-0.012959997643384616,-1025.10163,-1435.14237,0.0,0.0,205.02037,-205.02037,"-2460.2,-1435.1,(-2050, 1),-1025.1"
0202K1F39P3R1,0202,B02,2,2,F39,39,-0.002255224,-0.001230122,1e-06,-2255.224,-0.023759999191384617,-2050.20363,-2460.24437,-1230.122,-0.012959997643384616,-1025.10163,-1435.14237,1.0,1.0535538461538461e-05,206.02037,-204.02037,"-2460.2,-1435.1,(-2050, 1),-1025.1"
0202K1F39P3R2,0202,B02,2,2,F39,39,-0.002255224,-0.001230122,1e-06,-2255.224,-0.023759999191384617,-2050.20363,-2460.24437,-1230.122,-0.012959997643384616,-1025.10163,-1435.14237,1.0,1.0535538461538461e-05,206.02037,-204.02037,"-2460.2,-1435.1,(-2050, 1),-1025.1"
0202K1F39P3R3,0202,B02,2,2,F39,39,-0.002255224,-0.001230122,1e-06,-2255.224,-0.023759999191384617,-2050.20363,-2460.24437,-1230.122,-0.012959997643384616,-1025.10163,-1435.14237,1.0,1.0535538461538461e-05,206.02037,-204.02037,"-2460.2,-1435.1,(-2050, 1),-1025.1"
0202K1F39P3R4,0202,B02,2,2,F39,39,-0.002255224,-0.001230122,1e-06,-2255.224,-0.023759999191384617,-2050.20363,-2460.24437,-1230.122,-0.012959997643384616,-1025.10163,-1435.14237,1.0,1.0535538461538461e-05,206.02037,-204.02037,"-2460.2,-1435.1,(-2050, 1),-1025.1"
0202K1F39P4R1,0202,B02,2,2,F39,39,-0.002255224,-0.001230122,2e-06,-2255.224,-0.023759999191384617,-2050.20363,-2460.24437,-1230.122,-0.012959997643384616,-1025.10163,-1435.14237,2.0,2.1071076923076922e-05,207.02037,-203.02037,"-2460.2,-1435.1,(-2050, 1),-1025.1"
0202K1F39P4R2,0202,B02,2,2,F39,39,-0.002255224,-0.001230122,2e-06,-2255.224,-0.023759999191384617,-2050.20363,-2460.24437,-1230.122,-0.012959997643384616,-1025.10163,-1435.14237,2.0,2.1071076923076922e-05,207.02037,-203.02037,"-2460.2,-1435.1,(-2050, 1),-1025.1"
0202K1F39P4R3,0202,B02,2,2,F39,39,-0.002255224,-0.001230122,2e-06,-2255.224,-0.023759999191384617,-2050.20363,-2460.24437,-1230.122,-0.012959997643384616,-1025.10163,-1435.14237,2.0,2.1071076923076922e-05,207.02037,-203.02037,"-2460.2,-1435.1,(-2050, 1),-1025.1"
0202K1F39P4R4,0202,B02,2,2,F39,39,-0.002255224,-0.001230122,2e-06,-2255.224,-0.023759999191384617,-2050.20363,-2460.24437,-1230.122,-0.012959997643384616,-1025.10163,-1435.14237,2.0,2.1071076923076922e-05,207.02037,-203.02037,"-2460.2,-1435.1,(-2050, 1),-1025.1"
0202K1F39P5R1,0202,B02,2,2,F39,39,-0.002255224,-0.001230122,3e-06,-2255.224,-0.023759999191384617,-2050.20363,-2460.24437,-1230.122,-0.012959997643384616,-1025.10163,-1435.14237,3.0,3.1606615384615385e-05,208.02037,-202.02037,"-2460.2,-1435.1,(-2050, 1),-1025.1"
0202K1F39P5R2,0202,B02,2,2,F39,39,-0.002255224,-0.001230122,3e-06,-2255.224,-0.023759999191384617,-2050.20363,-2460.24437,-1230.122,-0.012959997643384616,-1025.10163,-1435.14237,3.0,3.1606615384615385e-05,208.02037,-202.02037,"-2460.2,-1435.1,(-2050, 1),-1025.1"
0202K1F39P5R3,0202,B02,2,2,F39,39,-0.002255224,-0.001230122,3e-06,-2255.224,-0.023759999191384617,-2050.20363,-2460.24437,-1230.122,-0.012959997643384616,-1025.10163,-1435.14237,3.0,3.1606615384615385e-05,208.02037,-202.02037,"-2460.2,-1435.1,(-2050, 1),-1025.1"
0202K1F39P5R4,0202,B02,2,2,F39,39,-0.002255224,-0.001230122,3e-06,-2255.224,-0.023759999191384617,-2050.20363,-2460.24437,-1230.122,-0.012959997643384616,-1025.10163,-1435.14237,3.0,3.1606615384615385e-05,208.02037,-202.02037,"-2460.2,-1435.1,(-2050, 1),-1025.1"
0202K1F39P6R1,0202,B02,2,2,F39,39,-0.002255224,-0.001230122,4e-06,-2255.224,-0.023759999191384617,-2050.20363,-2460.24437,-1230.122,-0.012959997643384616,-1025.10163,-1435.14237,4.0,4.2142153846153845e-05,209.02037,-201.02037,"-2460.2,-1435.1,(-2050, 1),-1025.1"
0202K1F39P6R2,0202,B02,2,2,F39,39,-0.002255224,-0.001230122,4e-06,-2255.224,-0.023759999191384617,-2050.20363,-2460.24437,-1230.122,-0.012959997643384616,-1025.10163,-1435.14237,4.0,4.2142153846153845e-05,209.02037,-201.02037,"-2460.2,-1435.1,(-2050, 1),-1025.1"
0202K1F39P6R3,0202,B02,2,2,F39,39,-0.002255224,-0.001230122,4e-06,-2255.224,-0.023759999191384617,-2050.20363,-2460.24437,-1230.122,-0.012959997643384616,-1025.10163,-1435.14237,4.0,4.2142153846153845e-05,209.02037,-201.02037,"-2460.2,-1435.1,(-2050, 1),-1025.1"
0202K1F39P6R4,0202,B02,2,2,F39,39,-0.002255224,-0.001230122,4e-06,-2255.224,-0.023759999191384617,-2050.20363,-2460.24437,-1230.122,-0.012959997643384616,-1025.10163,-1435.14237,4.0,4.2142153846153845e-05,209.02037,-201.02037,"-2460.2,-1435.1,(-2050, 1),-1025.1"
0202K1F39P7R1,0202,B02,2,2,F39,39,-0.002255224,-0.001230122,5e-06,-2255.224,-0.023759999191384617,-2050.20363,-2460.24437,-1230.122,-0.012959997643384616,-1025.10163,-1435.14237,5.0,5.267769230769231e-05,210.02037,-200.02037,"-2460.2,-1435.1,(-2050, 1),-1025.1"
0202K1F39P7R2,0202,B02,2,2,F39,39,-0.002255224,-0.001230122,5e-06,-2255.224,-0.023759999191384617,-2050.20363,-2460.24437,-1230.122,-0.012959997643384616,-1025.10163,-1435.14237,5.0,5.267769230769231e-05,210.02037,-200.02037,"-2460.2,-1435.1,(-2050, 1),-1025.1"
0202K1F39P7R3,0202,B02,2,2,F39,39,-0.002255224,-0.001230122,5e-06,-2255.224,-0.023759999191384617,-2050.20363,-2460.24437,-1230.122,-0.012959997643384616,-1025.10163,-1435.14237,5.0,5.267769230769231e-05,210.02037,-200.02037,"-2460.2,-1435.1,(-2050, 1),-1025.1"
0202K1F39P7R4,0202,B02,2,2,F39,39,-0.002255224,-0.001230122,5e-06,-2255.224,-0.023759999191384617,-2050.20363,-2460.24437,-1230.122,-0.012959997643384616,-1025.10163,-1435.14237,5.0,5.267769230769231e-05,210.02037,-200.02037,"-2460.2,-1435.1,(-2050, 1),-1025.1"
0202K1F40P1R1,0202,B02,2,2,F40,40,-0.002460245,-0.001230122,-1e-06,-2460.245,-0.02592000582230769,-2255.22463,-2665.26537,-1230.122,-0.012959997643384616,-1025.10163,-1435.14237,-1.0,-1.0535538461538461e-05,204.02037,-206.02037,"-2665.3,-1435.1,(-2255, 1),-1025.1"
0202K1F40P1R2,0202,B02,2,2,F40,40,-0.002460245,-0.001230122,-1e-06,-2460.245,-0.02592000582230769,-2255.22463,-2665.26537,-1230.122,-0.012959997643384616,-1025.10163,-1435.14237,-1.0,-1.0535538461538461e-05,204.02037,-206.02037,"-2665.3,-1435.1,(-2255, 1),-1025.1"
0202K1F40P1R3,0202,B02,2,2,F40,40,-0.002460245,-0.001230122,-1e-06,-2460.245,-0.02592000582230769,-2255.22463,-2665.26537,-1230.122,-0.012959997643384616,-1025.10163,-1435.14237,-1.0,-1.0535538461538461e-05,204.02037,-206.02037,"-2665.3,-1435.1,(-2255, 1),-1025.1"
0202K1F40P1R4,0202,B02,2,2,F40,40,-0.002460245,-0.001230122,-1e-06,-2460.245,-0.02592000582230769,-2255.22463,-2665.26537,-1230.122,-0.012959997643384616,-1025.10163,-1435.14237,-1.0,-1.0535538461538461e-05,204.02037,-206.02037,"-2665.3,-1435.1,(-2255, 1),-1025.1"
0202K1F40P2R1,0202,B02,2,2,F40,40,-0.002460245,-0.001230122,0.0,-2460.245,-0.02592000582230769,-2255.22463,-2665.26537,-1230.122,-0.012959997643384616,-1025.10163,-1435.14237,0.0,0.0,205.02037,-205.02037,"-2665.3,-1435.1,(-2255, 1),-1025.1"
0202K1F40P2R2,0202,B02,2,2,F40,40,-0.002460245,-0.001230122,0.0,-2460.245,-0.02592000582230769,-2255.22463,-2665.26537,-1230.122,-0.012959997643384616,-1025.10163,-1435.14237,0.0,0.0,205.02037,-205.02037,"-2665.3,-1435.1,(-2255, 1),-1025.1"
0202K1F40P2R3,0202,B02,2,2,F40,40,-0.002460245,-0.001230122,0.0,-2460.245,-0.02592000582230769,-2255.22463,-2665.26537,-1230.122,-0.012959997643384616,-1025.10163,-1435.14237,0.0,0.0,205.02037,-205.02037,"-2665.3,-1435.1,(-2255, 1),-1025.1"
0202K1F40P2R4,0202,B02,2,2,F40,40,-0.002460245,-0.001230122,0.0,-2460.245,-0.02592000582230769,-2255.22463,-2665.26537,-1230.122,-0.012959997643384616,-1025.10163,-1435.14237,0.0,0.0,205.02037,-205.02037,"-2665.3,-1435.1,(-2255, 1),-1025.1"
0202K1F40P3R1,0202,B02,2,2,F40,40,-0.002460245,-0.001230122,1e-06,-2460.245,-0.02592000582230769,-2255.22463,-2665.26537,-1230.122,-0.012959997643384616,-1025.10163,-1435.14237,1.0,1.0535538461538461e-05,206.02037,-204.02037,"-2665.3,-1435.1,(-2255, 1),-1025.1"
0202K1F40P3R2,0202,B02,2,2,F40,40,-0.002460245,-0.001230122,1e-06,-2460.245,-0.02592000582230769,-2255.22463,-2665.26537,-1230.122,-0.012959997643384616,-1025.10163,-1435.14237,1.0,1.0535538461538461e-05,206.02037,-204.02037,"-2665.3,-1435.1,(-2255, 1),-1025.1"
0202K1F40P3R3,0202,B02,2,2,F40,40,-0.002460245,-0.001230122,1e-06,-2460.245,-0.02592000582230769,-2255.22463,-2665.26537,-1230.122,-0.012959997643384616,-1025.10163,-1435.14237,1.0,1.0535538461538461e-05,206.02037,-204.02037,"-2665.3,-1435.1,(-2255, 1),-1025.1"
0202K1F40P3R4,0202,B02,2,2,F40,40,-0.002460245,-0.001230122,1e-06,-2460.245,-0.02592000582230769,-2255.22463,-2665.26537,-1230.122,-0.012959997643384616,-1025.10163,-1435.14237,1.0,1.0535538461538461e-05,206.02037,-204.02037,"-2665.3,-1435.1,(-2255, 1),-1025.1"
0202K1F40P4R1,0202,B02,2,2,F40,40,-0.002460245,-0.001230122,2e-06,-2460.245,-0.02592000582230769,-2255.22463,-2665.26537,-1230.122,-0.012959997643384616,-1025.10163,-1435.14237,2.0,2.1071076923076922e-05,207.02037,-203.02037,"-2665.3,-1435.1,(-2255, 1),-1025.1"
0202K1F40P4R2,0202,B02,2,2,F40,40,-0.002460245,-0.001230122,2e-06,-2460.245,-0.02592000582230769,-2255.22463,-2665.26537,-1230.122,-0.012959997643384616,-1025.10163,-1435.14237,2.0,2.1071076923076922e-05,207.02037,-203.02037,"-2665.3,-1435.1,(-2255, 1),-1025.1"
0202K1F40P4R3,0202,B02,2,2,F40,40,-0.002460245,-0.001230122,2e-06,-2460.245,-0.02592000582230769,-2255.22463,-2665.26537,-1230.122,-0.012959997643384616,-1025.10163,-1435.14237,2.0,2.1071076923076922e-05,207.02037,-203.02037,"-2665.3,-1435.1,(-2255, 1),-1025.1"
0202K1F40P4R4,0202,B02,2,2,F40,40,-0.002460245,-0.001230122,2e-06,-2460.245,-0.02592000582230769,-2255.22463,-2665.26537,-1230.122,-0.012959997643384616,-1025.10163,-1435.14237,2.0,2.1071076923076922e-05,207.02037,-203.02037,"-2665.3,-1435.1,(-2255, 1),-1025.1"
0202K1F40P5R1,0202,B02,2,2,F40,40,-0.002460245,-0.001230122,3e-06,-2460.245,-0.02592000582230769,-2255.22463,-2665.26537,-1230.122,-0.012959997643384616,-1025.10163,-1435.14237,3.0,3.1606615384615385e-05,208.02037,-202.02037,"-2665.3,-1435.1,(-2255, 1),-1025.1"
0202K1F40P5R2,0202,B02,2,2,F40,40,-0.002460245,-0.001230122,3e-06,-2460.245,-0.02592000582230769,-2255.22463,-2665.26537,-1230.122,-0.012959997643384616,-1025.10163,-1435.14237,3.0,3.1606615384615385e-05,208.02037,-202.02037,"-2665.3,-1435.1,(-2255, 1),-1025.1"
0202K1F40P5R3,0202,B02,2,2,F40,40,-0.002460245,-0.001230122,3e-06,-2460.245,-0.02592000582230769,-2255.22463,-2665.26537,-1230.122,-0.012959997643384616,-1025.10163,-1435.14237,3.0,3.1606615384615385e-05,208.02037,-202.02037,"-2665.3,-1435.1,(-2255, 1),-1025.1"
0202K1F40P5R4,0202,B02,2,2,F40,40,-0.002460245,-0.001230122,3e-06,-2460.245,-0.02592000582230769,-2255.22463,-2665.26537,-1230.122,-0.012959997643384616,-1025.10163,-1435.14237,3.0,3.1606615384615385e-05,208.02037,-202.02037,"-2665.3,-1435.1,(-2255, 1),-1025.1"
0202K1F40P6R1,0202,B02,2,2,F40,40,-0.002460245,-0.001230122,4e-06,-2460.245,-0.02592000582230769,-2255.22463,-2665.26537,-1230.122,-0.012959997643384616,-1025.10163,-1435.14237,4.0,4.2142153846153845e-05,209.02037,-201.02037,"-2665.3,-1435.1,(-2255, 1),-1025.1"
0202K1F40P6R2,0202,B02,2,2,F40,40,-0.002460245,-0.001230122,4e-06,-2460.245,-0.02592000582230769,-2255.22463,-2665.26537,-1230.122,-0.012959997643384616,-1025.10163,-1435.14237,4.0,4.2142153846153845e-05,209.02037,-201.02037,"-2665.3,-1435.1,(-2255, 1),-1025.1"
0202K1F40P6R3,0202,B02,2,2,F40,40,-0.002460245,-0.001230122,4e-06,-2460.245,-0.02592000582230769,-2255.22463,-2665.26537,-1230.122,-0.012959997643384616,-1025.10163,-1435.14237,4.0,4.2142153846153845e-05,209.02037,-201.02037,"-2665.3,-1435.1,(-2255, 1),-1025.1"
0202K1F40P6R4,0202,B02,2,2,F40,40,-0.002460245,-0.001230122,4e-06,-2460.245,-0.02592000582230769,-2255.22463,-2665.26537,-1230.122,-0.012959997643384616,-1025.10163,-1435.14237,4.0,4.2142153846153845e-05,209.02037,-201.02037,"-2665.3,-1435.1,(-2255, 1),-1025.1"
0202K1F40P7R1,0202,B02,2,2,F40,40,-0.002460245,-0.001230122,5e-06,-2460.245,-0.02592000582230769,-2255.22463,-2665.26537,-1230.122,-0.012959997643384616,-1025.10163,-1435.14237,5.0,5.267769230769231e-05,210.02037,-200.02037,"-2665.3,-1435.1,(-2255, 1),-1025.1"
0202K1F40P7R2,0202,B02,2,2,F40,40,-0.002460245,-0.001230122,5e-06,-2460.245,-0.02592000582230769,-2255.22463,-2665.26537,-1230.122,-0.012959997643384616,-1025.10163,-1435.14237,5.0,5.267769230769231e-05,210.02037,-200.02037,"-2665.3,-1435.1,(-2255, 1),-1025.1"
0202K1F40P7R3,0202,B02,2,2,F40,40,-0.002460245,-0.001230122,5e-06,-2460.245,-0.02592000582230769,-2255.22463,-2665.26537,-1230.122,-0.012959997643384616,-1025.10163,-1435.14237,5.0,5.267769230769231e-05,210.02037,-200.02037,"-2665.3,-1435.1,(-2255, 1),-1025.1"
0202K1F40P7R4,0202,B02,2,2,F40,40,-0.002460245,-0.001230122,5e-06,-2460.245,-0.02592000582230769,-2255.22463,-2665.26537,-1230.122,-0.012959997643384616,-1025.10163,-1435.14237,5.0,5.267769230769231e-05,210.02037,-200.02037,"-2665.3,-1435.1,(-2255, 1),-1025.1"
