Metadata_Plate,Folder_Path,PlateNumber,Metadata_Well,Metadata_WellRow,Metadata_WellColumn,Metadata_Field,Metadata_RowColFieldCode,Staining,PassageNumber,Lineage,AgeGroup,PassageGroup,TreatmentGroup,Drug,FlaggedBatch,LineageNumber,TimepointName
20241112_rep04,plate_metadata/20241112_rep04_metadata,4,B02,2,2,1,r02c02f01,MitoRed,27,LIN3-0A-b2-s1,6,P25-27,P27,,False,3,P27 LIN3-0A-b2-s1 AG6
20241112_rep04,plate_metadata/20241112_rep04_metadata,4,B02,2,2,2,r02c02f02,MitoRed,27,LIN3-0A-b2-s1,6,P25-27,P27,,False,3,P27 LIN3-0A-b2-s1 AG6
20241112_rep04,plate_metadata/20241112_rep04_metadata,4,B02,2,2,3,r02c02f03,MitoRed,27,LIN3-0A-b2-s1,6,P25-27,P27,,False,3,P27 LIN3-0A-b2-s1 AG6
20241112_rep04,plate_metadata/20241112_rep04_metadata,4,B02,2,2,4,r02c02f04,MitoRed,27,LIN3-0A-b2-s1,6,P25-27,P27,,False,3,P27 LIN3-0A-b2-s1 AG6
20241112_rep04,plate_metadata/20241112_rep04_metadata,4,B02,2,2,5,r02c02f05,MitoRed,27,LIN3-0A-b2-s1,6,P25-27,P27,,False,3,P27 LIN3-0A-b2-s1 AG6
20241112_rep04,plate_metadata/20241112_rep04_metadata,4,B02,2,2,6,r02c02f06,MitoRed,27,LIN3-0A-b2-s1,6,P25-27,P27,,False,3,P27 LIN3-0A-b2-s1 AG6
20241112_rep04,plate_metadata/20241112_rep04_metadata,4,B02,2,2,7,r02c02f07,MitoRed,27,LIN3-0A-b2-s1,6,P25-27,P27,,False,3,P27 LIN3-0A-b2-s1 AG6
20241112_rep04,plate_metadata/20241112_rep04_metadata,4,B02,2,2,8,r02c02f08,MitoRed,27,LIN3-0A-b2-s1,6,P25-27,P27,,False,3,P27 LIN3-0A-b2-s1 AG6
20241112_rep04,plate_metadata/20241112_rep04_metadata,4,B02,2,2,9,r02c02f09,MitoRed,27,LIN3-0A-b2-s1,6,P25-27,P27,,False,3,P27 LIN3-0A-b2-s1 AG6
20241112_rep04,plate_metadata/20241112_rep04_metadata,4,B02,2,2,10,r02c02f10,MitoRed,27,LIN3-0A-b2-s1,6,P25-27,P27,,False,3,P27 LIN3-0A-b2-s1 AG6
20241112_rep04,plate_metadata/20241112_rep04_metadata,4,B02,2,2,11,r02c02f11,MitoRed,27,LIN3-0A-b2-s1,6,P25-27,P27,,False,3,P27 LIN3-0A-b2-s1 AG6
20241112_rep04,plate_metadata/20241112_rep04_metadata,4,B02,2,2,12,r02c02f12,MitoRed,27,LIN3-0A-b2-s1,6,P25-27,P27,,False,3,P27 LIN3-0A-b2-s1 AG6
20241112_rep04,plate_metadata/20241112_rep04_metadata,4,B02,2,2,13,r02c02f13,MitoRed,27,LIN3-0A-b2-s1,6,P25-27,P27,,False,3,P27 LIN3-0A-b2-s1 AG6
20241112_rep04,plate_metadata/20241112_rep04_metadata,4,B02,2,2,14,r02c02f14,MitoRed,27,LIN3-0A-b2-s1,6,P25-27,P27,,False,3,P27 LIN3-0A-b2-s1 AG6
20241112_rep04,plate_metadata/20241112_rep04_metadata,4,B02,2,2,15,r02c02f15,MitoRed,27,LIN3-0A-b2-s1,6,P25-27,P27,,False,3,P27 LIN3-0A-b2-s1 AG6
20241112_rep04,plate_metadata/20241112_rep04_metadata,4,B02,2,2,16,r02c02f16,MitoRed,27,LIN3-0A-b2-s1,6,P25-27,P27,,False,3,P27 LIN3-0A-b2-s1 AG6
20241112_rep04,plate_metadata/20241112_rep04_metadata,4,B02,2,2,17,r02c02f17,MitoRed,27,LIN3-0A-b2-s1,6,P25-27,P27,,False,3,P27 LIN3-0A-b2-s1 AG6
20241112_rep04,plate_metadata/20241112_rep04_metadata,4,B02,2,2,18,r02c02f18,MitoRed,27,LIN3-0A-b2-s1,6,P25-27,P27,,False,3,P27 LIN3-0A-b2-s1 AG6
20241112_rep04,plate_metadata/20241112_rep04_metadata,4,B02,2,2,19,r02c02f19,MitoRed,27,LIN3-0A-b2-s1,6,P25-27,P27,,False,3,P27 LIN3-0A-b2-s1 AG6
20241112_rep04,plate_metadata/20241112_rep04_metadata,4,B02,2,2,20,r02c02f20,MitoRed,27,LIN3-0A-b2-s1,6,P25-27,P27,,False,3,P27 LIN3-0A-b2-s1 AG6
20241112_rep04,plate_metadata/20241112_rep04_metadata,4,B02,2,2,21,r02c02f21,MitoRed,27,LIN3-0A-b2-s1,6,P25-27,P27,,False,3,P27 LIN3-0A-b2-s1 AG6
20241112_rep04,plate_metadata/20241112_rep04_metadata,4,B02,2,2,22,r02c02f22,MitoRed,27,LIN3-0A-b2-s1,6,P25-27,P27,,False,3,P27 LIN3-0A-b2-s1 AG6
20241112_rep04,plate_metadata/20241112_rep04_metadata,4,B02,2,2,23,r02c02f23,MitoRed,27,LIN3-0A-b2-s1,6,P25-27,P27,,False,3,P27 LIN3-0A-b2-s1 AG6
20241112_rep04,plate_metadata/20241112_rep04_metadata,4,B02,2,2,24,r02c02f24,MitoRed,27,LIN3-0A-b2-s1,6,P25-27,P27,,False,3,P27 LIN3-0A-b2-s1 AG6
20241112_rep04,plate_metadata/20241112_rep04_metadata,4,B02,2,2,25,r02c02f25,MitoRed,27,LIN3-0A-b2-s1,6,P25-27,P27,,False,3,P27 LIN3-0A-b2-s1 AG6
20241112_rep04,plate_metadata/20241112_rep04_metadata,4,B02,2,2,26,r02c02f26,MitoRed,27,LIN3-0A-b2-s1,6,P25-27,P27,,False,3,P27 LIN3-0A-b2-s1 AG6
20241112_rep04,plate_metadata/20241112_rep04_metadata,4,B02,2,2,27,r02c02f27,MitoRed,27,LIN3-0A-b2-s1,6,P25-27,P27,,False,3,P27 LIN3-0A-b2-s1 AG6
20241112_rep04,plate_metadata/20241112_rep04_metadata,4,B02,2,2,28,r02c02f28,MitoRed,27,LIN3-0A-b2-s1,6,P25-27,P27,,False,3,P27 LIN3-0A-b2-s1 AG6
20241112_rep04,plate_metadata/20241112_rep04_metadata,4,B02,2,2,29,r02c02f29,MitoRed,27,LIN3-0A-b2-s1,6,P25-27,P27,,False,3,P27 LIN3-0A-b2-s1 AG6
20241112_rep04,plate_metadata/20241112_rep04_metadata,4,B02,2,2,30,r02c02f30,MitoRed,27,LIN3-0A-b2-s1,6,P25-27,P27,,False,3,P27 LIN3-0A-b2-s1 AG6
20241112_rep04,plate_metadata/20241112_rep04_metadata,4,B02,2,2,31,r02c02f31,MitoRed,27,LIN3-0A-b2-s1,6,P25-27,P27,,False,3,P27 LIN3-0A-b2-s1 AG6
20241112_rep04,plate_metadata/20241112_rep04_metadata,4,B02,2,2,32,r02c02f32,MitoRed,27,LIN3-0A-b2-s1,6,P25-27,P27,,False,3,P27 LIN3-0A-b2-s1 AG6
20241112_rep04,plate_metadata/20241112_rep04_metadata,4,B02,2,2,33,r02c02f33,MitoRed,27,LIN3-0A-b2-s1,6,P25-27,P27,,False,3,P27 LIN3-0A-b2-s1 AG6
20241112_rep04,plate_metadata/20241112_rep04_metadata,4,B02,2,2,34,r02c02f34,MitoRed,27,LIN3-0A-b2-s1,6,P25-27,P27,,False,3,P27 LIN3-0A-b2-s1 AG6
20241112_rep04,plate_metadata/20241112_rep04_metadata,4,B02,2,2,35,r02c02f35,MitoRed,27,LIN3-0A-b2-s1,6,P25-27,P27,,False,3,P27 LIN3-0A-b2-s1 AG6
20241112_rep04,plate_metadata/20241112_rep04_metadata,4,B02,2,2,36,r02c02f36,MitoRed,27,LIN3-0A-b2-s1,6,P25-27,P27,,False,3,P27 LIN3-0A-b2-s1 AG6
20241112_rep04,plate_metadata/20241112_rep04_metadata,4,B02,2,2,37,r02c02f37,MitoRed,27,LIN3-0A-b2-s1,6,P25-27,P27,,False,3,P27 LIN3-0A-b2-s1 AG6
20241112_rep04,plate_metadata/20241112_rep04_metadata,4,B02,2,2,38,r02c02f38,MitoRed,27,LIN3-0A-b2-s1,6,P25-27,P27,,False,3,P27 LIN3-0A-b2-s1 AG6
20241112_rep04,plate_metadata/20241112_rep04_metadata,4,B02,2,2,39,r02c02f39,MitoRed,27,LIN3-0A-b2-s1,6,P25-27,P27,,False,3,P27 LIN3-0A-b2-s1 AG6
20241112_rep04,plate_metadata/20241112_rep04_metadata,4,B02,2,2,40,r02c02f40,MitoRed,27,LIN3-0A-b2-s1,6,P25-27,P27,,False,3,P27 LIN3-0A-b2-s1 AG6
20241112_rep04,plate_metadata/20241112_rep04_metadata,4,B03,2,3,1,r02c03f01,MitoRed,24,LIN3-0A-b2-s2-ss1,5,P22-24,P24,,False,3,P24 LIN3-0A-b2-s2-ss1 AG5
20241112_rep04,plate_metadata/20241112_rep04_metadata,4,B03,2,3,2,r02c03f02,MitoRed,24,LIN3-0A-b2-s2-ss1,5,P22-24,P24,,False,3,P24 LIN3-0A-b2-s2-ss1 AG5
20241112_rep04,plate_metadata/20241112_rep04_metadata,4,B03,2,3,3,r02c03f03,MitoRed,24,LIN3-0A-b2-s2-ss1,5,P22-24,P24,,False,3,P24 LIN3-0A-b2-s2-ss1 AG5
20241112_rep04,plate_metadata/20241112_rep04_metadata,4,B03,2,3,4,r02c03f04,MitoRed,24,LIN3-0A-b2-s2-ss1,5,P22-24,P24,,False,3,P24 LIN3-0A-b2-s2-ss1 AG5
20241112_rep04,plate_metadata/20241112_rep04_metadata,4,B03,2,3,5,r02c03f05,MitoRed,24,LIN3-0A-b2-s2-ss1,5,P22-24,P24,,False,3,P24 LIN3-0A-b2-s2-ss1 AG5
20241112_rep04,plate_metadata/20241112_rep04_metadata,4,B03,2,3,6,r02c03f06,MitoRed,24,LIN3-0A-b2-s2-ss1,5,P22-24,P24,,False,3,P24 LIN3-0A-b2-s2-ss1 AG5
20241112_rep04,plate_metadata/20241112_rep04_metadata,4,B03,2,3,7,r02c03f07,MitoRed,24,LIN3-0A-b2-s2-ss1,5,P22-24,P24,,False,3,P24 LIN3-0A-b2-s2-ss1 AG5
20241112_rep04,plate_metadata/20241112_rep04_metadata,4,B03,2,3,8,r02c03f08,MitoRed,24,LIN3-0A-b2-s2-ss1,5,P22-24,P24,,False,3,P24 LIN3-0A-b2-s2-ss1 AG5
20241112_rep04,plate_metadata/20241112_rep04_metadata,4,B03,2,3,9,r02c03f09,MitoRed,24,LIN3-0A-b2-s2-ss1,5,P22-24,P24,,False,3,P24 LIN3-0A-b2-s2-ss1 AG5
20241112_rep04,plate_metadata/20241112_rep04_metadata,4,B03,2,3,10,r02c03f10,MitoRed,24,LIN3-0A-b2-s2-ss1,5,P22-24,P24,,False,3,P24 LIN3-0A-b2-s2-ss1 AG5
20241112_rep04,plate_metadata/20241112_rep04_metadata,4,B03,2,3,11,r02c03f11,MitoRed,24,LIN3-0A-b2-s2-ss1,5,P22-24,P24,,False,3,P24 LIN3-0A-b2-s2-ss1 AG5
20241112_rep04,plate_metadata/20241112_rep04_metadata,4,B03,2,3,12,r02c03f12,MitoRed,24,LIN3-0A-b2-s2-ss1,5,P22-24,P24,,False,3,P24 LIN3-0A-b2-s2-ss1 AG5
20241112_rep04,plate_metadata/20241112_rep04_metadata,4,B03,2,3,13,r02c03f13,MitoRed,24,LIN3-0A-b2-s2-ss1,5,P22-24,P24,,False,3,P24 LIN3-0A-b2-s2-ss1 AG5
20241112_rep04,plate_metadata/20241112_rep04_metadata,4,B03,2,3,14,r02c03f14,MitoRed,24,LIN3-0A-b2-s2-ss1,5,P22-24,P24,,False,3,P24 LIN3-0A-b2-s2-ss1 AG5
20241112_rep04,plate_metadata/20241112_rep04_metadata,4,B03,2,3,15,r02c03f15,MitoRed,24,LIN3-0A-b2-s2-ss1,5,P22-24,P24,,False,3,P24 LIN3-0A-b2-s2-ss1 AG5
20241112_rep04,plate_metadata/20241112_rep04_metadata,4,B03,2,3,16,r02c03f16,MitoRed,24,LIN3-0A-b2-s2-ss1,5,P22-24,P24,,False,3,P24 LIN3-0A-b2-s2-ss1 AG5
20241112_rep04,plate_metadata/20241112_rep04_metadata,4,B03,2,3,17,r02c03f17,MitoRed,24,LIN3-0A-b2-s2-ss1,5,P22-24,P24,,False,3,P24 LIN3-0A-b2-s2-ss1 AG5
20241112_rep04,plate_metadata/20241112_rep04_metadata,4,B03,2,3,18,r02c03f18,MitoRed,24,LIN3-0A-b2-s2-ss1,5,P22-24,P24,,False,3,P24 LIN3-0A-b2-s2-ss1 AG5
20241112_rep04,plate_metadata/20241112_rep04_metadata,4,B03,2,3,19,r02c03f19,MitoRed,24,LIN3-0A-b2-s2-ss1,5,P22-24,P24,,False,3,P24 LIN3-0A-b2-s2-ss1 AG5
20241112_rep04,plate_metadata/20241112_rep04_metadata,4,B03,2,3,20,r02c03f20,MitoRed,24,LIN3-0A-b2-s2-ss1,5,P22-24,P24,,False,3,P24 LIN3-0A-b2-s2-ss1 AG5
20241112_rep04,plate_metadata/20241112_rep04_metadata,4,B03,2,3,21,r02c03f21,MitoRed,24,LIN3-0A-b2-s2-ss1,5,P22-24,P24,,False,3,P24 LIN3-0A-b2-s2-ss1 AG5
20241112_rep04,plate_metadata/20241112_rep04_metadata,4,B03,2,3,22,r02c03f22,MitoRed,24,LIN3-0A-b2-s2-ss1,5,P22-24,P24,,False,3,P24 LIN3-0A-b2-s2-ss1 AG5
20241112_rep04,plate_metadata/20241112_rep04_metadata,4,B03,2,3,23,r02c03f23,MitoRed,24,LIN3-0A-b2-s2-ss1,5,P22-24,P24,,False,3,P24 LIN3-0A-b2-s2-ss1 AG5
20241112_rep04,plate_metadata/20241112_rep04_metadata,4,B03,2,3,24,r02c03f24,MitoRed,24,LIN3-0A-b2-s2-ss1,5,P22-24,P24,,False,3,P24 LIN3-0A-b2-s2-ss1 AG5
20241112_rep04,plate_metadata/20241112_rep04_metadata,4,B03,2,3,25,r02c03f25,MitoRed,24,LIN3-0A-b2-s2-ss1,5,P22-24,P24,,False,3,P24 LIN3-0A-b2-s2-ss1 AG5
20241112_rep04,plate_metadata/20241112_rep04_metadata,4,B03,2,3,26,r02c03f26,MitoRed,24,LIN3-0A-b2-s2-ss1,5,P22-24,P24,,False,3,P24 LIN3-0A-b2-s2-ss1 AG5
20241112_rep04,plate_metadata/20241112_rep04_metadata,4,B03,2,3,27,r02c03f27,MitoRed,24,LIN3-0A-b2-s2-ss1,5,P22-24,P24,,False,3,P24 LIN3-0A-b2-s2-ss1 AG5
20241112_rep04,plate_metadata/20241112_rep04_metadata,4,B03,2,3,28,r02c03f28,MitoRed,24,LIN3-0A-b2-s2-ss1,5,P22-24,P24,,False,3,P24 LIN3-0A-b2-s2-ss1 AG5
20241112_rep04,plate_metadata/20241112_rep04_metadata,4,B03,2,3,29,r02c03f29,MitoRed,24,LIN3-0A-b2-s2-ss1,5,P22-24,P24,,False,3,P24 LIN3-0A-b2-s2-ss1 AG5
20241112_rep04,plate_metadata/20241112_rep04_metadata,4,B03,2,3,30,r02c03f30,MitoRed,24,LIN3-0A-b2-s2-ss1,5,P22-24,P24,,False,3,P24 LIN3-0A-b2-s2-ss1 AG5
20241112_rep04,plate_metadata/20241112_rep04_metadata,4,B03,2,3,31,r02c03f31,MitoRed,24,LIN3-0A-b2-s2-ss1,5,P22-24,P24,,False,3,P24 LIN3-0A-b2-s2-ss1 AG5
20241112_rep04,plate_metadata/20241112_rep04_metadata,4,B03,2,3,32,r02c03f32,MitoRed,24,LIN3-0A-b2-s2-ss1,5,P22-24,P24,,False,3,P24 LIN3-0A-b2-s2-ss1 AG5
20241112_rep04,plate_metadata/20241112_rep04_metadata,4,B03,2,3,33,r02c03f33,MitoRed,24,LIN3-0A-b2-s2-ss1,5,P22-24,P24,,False,3,P24 LIN3-0A-b2-s2-ss1 AG5
20241112_rep04,plate_metadata/20241112_rep04_metadata,4,B03,2,3,34,r02c03f34,MitoRed,24,LIN3-0A-b2-s2-ss1,5,P22-24,P24,,False,3,P24 LIN3-0A-b2-s2-ss1 AG5
20241112_rep04,plate_metadata/20241112_rep04_metadata,4,B03,2,3,35,r02c03f35,MitoRed,24,LIN3-0A-b2-s2-ss1,5,P22-24,P24,,False,3,P24 LIN3-0A-b2-s2-ss1 AG5
20241112_rep04,plate_metadata/20241112_rep04_metadata,4,B03,2,3,36,r02c03f36,MitoRed,24,LIN3-0A-b2-s2-ss1,5,P22-24,P24,,False,3,P24 LIN3-0A-b2-s2-ss1 AG5
20241112_rep04,plate_metadata/20241112_rep04_metadata,4,B03,2,3,37,r02c03f37,MitoRed,24,LIN3-0A-b2-s2-ss1,5,P22-24,P24,,False,3,P24 LIN3-0A-b2-s2-ss1 AG5
20241112_rep04,plate_metadata/20241112_rep04_metadata,4,B03,2,3,38,r02c03f38,MitoRed,24,LIN3-0A-b2-s2-ss1,5,P22-24,P24,,False,3,P24 LIN3-0A-b2-s2-ss1 AG5
20241112_rep04,plate_metadata/20241112_rep04_metadata,4,B03,2,3,39,r02c03f39,MitoRed,24,LIN3-0A-b2-s2-ss1,5,P22-24,P24,,False,3,P24 LIN3-0A-b2-s2-ss1 AG5
20241112_rep04,plate_metadata/20241112_rep04_metadata,4,B03,2,3,40,r02c03f40,MitoRed,24,LIN3-0A-b2-s2-ss1,5,P22-24,P24,,False,3,P24 LIN3-0A-b2-s2-ss1 AG5
20241112_rep04,plate_metadata/20241112_rep04_metadata,4,B04,2,4,1,r02c04f01,MitoRed,23,LIN6-0C-b1-s1,4,P22-24,P23,,False,6,P23 LIN6-0C-b1-s1 AG4
20241112_rep04,plate_metadata/20241112_rep04_metadata,4,B04,2,4,2,r02c04f02,MitoRed,23,LIN6-0C-b1-s1,4,P22-24,P23,,False,6,P23 LIN6-0C-b1-s1 AG4
20241112_rep04,plate_metadata/20241112_rep04_metadata,4,B04,2,4,3,r02c04f03,MitoRed,23,LIN6-0C-b1-s1,4,P22-24,P23,,False,6,P23 LIN6-0C-b1-s1 AG4
20241112_rep04,plate_metadata/20241112_rep04_metadata,4,B04,2,4,4,r02c04f04,MitoRed,23,LIN6-0C-b1-s1,4,P22-24,P23,,False,6,P23 LIN6-0C-b1-s1 AG4
20241112_rep04,plate_metadata/20241112_rep04_metadata,4,B04,2,4,5,r02c04f05,MitoRed,23,LIN6-0C-b1-s1,4,P22-24,P23,,False,6,P23 LIN6-0C-b1-s1 AG4
20241112_rep04,plate_metadata/20241112_rep04_metadata,4,B04,2,4,6,r02c04f06,MitoRed,23,LIN6-0C-b1-s1,4,P22-24,P23,,False,6,P23 LIN6-0C-b1-s1 AG4
20241112_rep04,plate_metadata/20241112_rep04_metadata,4,B04,2,4,7,r02c04f07,MitoRed,23,LIN6-0C-b1-s1,4,P22-24,P23,,False,6,P23 LIN6-0C-b1-s1 AG4
20241112_rep04,plate_metadata/20241112_rep04_metadata,4,B04,2,4,8,r02c04f08,MitoRed,23,LIN6-0C-b1-s1,4,P22-24,P23,,False,6,P23 LIN6-0C-b1-s1 AG4
20241112_rep04,plate_metadata/20241112_rep04_metadata,4,B04,2,4,9,r02c04f09,MitoRed,23,LIN6-0C-b1-s1,4,P22-24,P23,,False,6,P23 LIN6-0C-b1-s1 AG4
20241112_rep04,plate_metadata/20241112_rep04_metadata,4,B04,2,4,10,r02c04f10,MitoRed,23,LIN6-0C-b1-s1,4,P22-24,P23,,False,6,P23 LIN6-0C-b1-s1 AG4
20241112_rep04,plate_metadata/20241112_rep04_metadata,4,B04,2,4,11,r02c04f11,MitoRed,23,LIN6-0C-b1-s1,4,P22-24,P23,,False,6,P23 LIN6-0C-b1-s1 AG4
20241112_rep04,plate_metadata/20241112_rep04_metadata,4,B04,2,4,12,r02c04f12,MitoRed,23,LIN6-0C-b1-s1,4,P22-24,P23,,False,6,P23 LIN6-0C-b1-s1 AG4
20241112_rep04,plate_metadata/20241112_rep04_metadata,4,B04,2,4,13,r02c04f13,MitoRed,23,LIN6-0C-b1-s1,4,P22-24,P23,,False,6,P23 LIN6-0C-b1-s1 AG4
20241112_rep04,plate_metadata/20241112_rep04_metadata,4,B04,2,4,14,r02c04f14,MitoRed,23,LIN6-0C-b1-s1,4,P22-24,P23,,False,6,P23 LIN6-0C-b1-s1 AG4
20241112_rep04,plate_metadata/20241112_rep04_metadata,4,B04,2,4,15,r02c04f15,MitoRed,23,LIN6-0C-b1-s1,4,P22-24,P23,,False,6,P23 LIN6-0C-b1-s1 AG4
20241112_rep04,plate_metadata/20241112_rep04_metadata,4,B04,2,4,16,r02c04f16,MitoRed,23,LIN6-0C-b1-s1,4,P22-24,P23,,False,6,P23 LIN6-0C-b1-s1 AG4
20241112_rep04,plate_metadata/20241112_rep04_metadata,4,B04,2,4,17,r02c04f17,MitoRed,23,LIN6-0C-b1-s1,4,P22-24,P23,,False,6,P23 LIN6-0C-b1-s1 AG4
20241112_rep04,plate_metadata/20241112_rep04_metadata,4,B04,2,4,18,r02c04f18,MitoRed,23,LIN6-0C-b1-s1,4,P22-24,P23,,False,6,P23 LIN6-0C-b1-s1 AG4
20241112_rep04,plate_metadata/20241112_rep04_metadata,4,B04,2,4,19,r02c04f19,MitoRed,23,LIN6-0C-b1-s1,4,P22-24,P23,,False,6,P23 LIN6-0C-b1-s1 AG4
20241112_rep04,plate_metadata/20241112_rep04_metadata,4,B04,2,4,20,r02c04f20,MitoRed,23,LIN6-0C-b1-s1,4,P22-24,P23,,False,6,P23 LIN6-0C-b1-s1 AG4
20241112_rep04,plate_metadata/20241112_rep04_metadata,4,B04,2,4,21,r02c04f21,MitoRed,23,LIN6-0C-b1-s1,4,P22-24,P23,,False,6,P23 LIN6-0C-b1-s1 AG4
20241112_rep04,plate_metadata/20241112_rep04_metadata,4,B04,2,4,22,r02c04f22,MitoRed,23,LIN6-0C-b1-s1,4,P22-24,P23,,False,6,P23 LIN6-0C-b1-s1 AG4
20241112_rep04,plate_metadata/20241112_rep04_metadata,4,B04,2,4,23,r02c04f23,MitoRed,23,LIN6-0C-b1-s1,4,P22-24,P23,,False,6,P23 LIN6-0C-b1-s1 AG4
20241112_rep04,plate_metadata/20241112_rep04_metadata,4,B04,2,4,24,r02c04f24,MitoRed,23,LIN6-0C-b1-s1,4,P22-24,P23,,False,6,P23 LIN6-0C-b1-s1 AG4
20241112_rep04,plate_metadata/20241112_rep04_metadata,4,B04,2,4,25,r02c04f25,MitoRed,23,LIN6-0C-b1-s1,4,P22-24,P23,,False,6,P23 LIN6-0C-b1-s1 AG4
20241112_rep04,plate_metadata/20241112_rep04_metadata,4,B04,2,4,26,r02c04f26,MitoRed,23,LIN6-0C-b1-s1,4,P22-24,P23,,False,6,P23 LIN6-0C-b1-s1 AG4
20241112_rep04,plate_metadata/20241112_rep04_metadata,4,B04,2,4,27,r02c04f27,MitoRed,23,LIN6-0C-b1-s1,4,P22-24,P23,,False,6,P23 LIN6-0C-b1-s1 AG4
20241112_rep04,plate_metadata/20241112_rep04_metadata,4,B04,2,4,28,r02c04f28,MitoRed,23,LIN6-0C-b1-s1,4,P22-24,P23,,False,6,P23 LIN6-0C-b1-s1 AG4
20241112_rep04,plate_metadata/20241112_rep04_metadata,4,B04,2,4,29,r02c04f29,MitoRed,23,LIN6-0C-b1-s1,4,P22-24,P23,,False,6,P23 LIN6-0C-b1-s1 AG4
20241112_rep04,plate_metadata/20241112_rep04_metadata,4,B04,2,4,30,r02c04f30,MitoRed,23,LIN6-0C-b1-s1,4,P22-24,P23,,False,6,P23 LIN6-0C-b1-s1 AG4
20241112_rep04,plate_metadata/20241112_rep04_metadata,4,B04,2,4,31,r02c04f31,MitoRed,23,LIN6-0C-b1-s1,4,P22-24,P23,,False,6,P23 LIN6-0C-b1-s1 AG4
20241112_rep04,plate_metadata/20241112_rep04_metadata,4,B04,2,4,32,r02c04f32,MitoRed,23,LIN6-0C-b1-s1,4,P22-24,P23,,False,6,P23 LIN6-0C-b1-s1 AG4
20241112_rep04,plate_metadata/20241112_rep04_metadata,4,B04,2,4,33,r02c04f33,MitoRed,23,LIN6-0C-b1-s1,4,P22-24,P23,,False,6,P23 LIN6-0C-b1-s1 AG4
20241112_rep04,plate_metadata/20241112_rep04_metadata,4,B04,2,4,34,r02c04f34,MitoRed,23,LIN6-0C-b1-s1,4,P22-24,P23,,False,6,P23 LIN6-0C-b1-s1 AG4
20241112_rep04,plate_metadata/20241112_rep04_metadata,4,B04,2,4,35,r02c04f35,MitoRed,23,LIN6-0C-b1-s1,4,P22-24,P23,,False,6,P23 LIN6-0C-b1-s1 AG4
20241112_rep04,plate_metadata/20241112_rep04_metadata,4,B04,2,4,36,r02c04f36,MitoRed,23,LIN6-0C-b1-s1,4,P22-24,P23,,False,6,P23 LIN6-0C-b1-s1 AG4
20241112_rep04,plate_metadata/20241112_rep04_metadata,4,B04,2,4,37,r02c04f37,MitoRed,23,LIN6-0C-b1-s1,4,P22-24,P23,,False,6,P23 LIN6-0C-b1-s1 AG4
20241112_rep04,plate_metadata/20241112_rep04_metadata,4,B04,2,4,38,r02c04f38,MitoRed,23,LIN6-0C-b1-s1,4,P22-24,P23,,False,6,P23 LIN6-0C-b1-s1 AG4
20241112_rep04,plate_metadata/20241112_rep04_metadata,4,B04,2,4,39,r02c04f39,MitoRed,23,LIN6-0C-b1-s1,4,P22-24,P23,,False,6,P23 LIN6-0C-b1-s1 AG4
20241112_rep04,plate_metadata/20241112_rep04_metadata,4,B04,2,4,40,r02c04f40,MitoRed,23,LIN6-0C-b1-s1,4,P22-24,P23,,False,6,P23 LIN6-0C-b1-s1 AG4
20241112_rep04,plate_metadata/20241112_rep04_metadata,4,B05,2,5,1,r02c05f01,MitoRed,20,LIN7-0C-b3,3,P19-21,P20,,False,7,P20 LIN7-0C-b3 AG3
20241112_rep04,plate_metadata/20241112_rep04_metadata,4,B05,2,5,2,r02c05f02,MitoRed,20,LIN7-0C-b3,3,P19-21,P20,,False,7,P20 LIN7-0C-b3 AG3
20241112_rep04,plate_metadata/20241112_rep04_metadata,4,B05,2,5,3,r02c05f03,MitoRed,20,LIN7-0C-b3,3,P19-21,P20,,False,7,P20 LIN7-0C-b3 AG3
20241112_rep04,plate_metadata/20241112_rep04_metadata,4,B05,2,5,4,r02c05f04,MitoRed,20,LIN7-0C-b3,3,P19-21,P20,,False,7,P20 LIN7-0C-b3 AG3
20241112_rep04,plate_metadata/20241112_rep04_metadata,4,B05,2,5,5,r02c05f05,MitoRed,20,LIN7-0C-b3,3,P19-21,P20,,False,7,P20 LIN7-0C-b3 AG3
20241112_rep04,plate_metadata/20241112_rep04_metadata,4,B05,2,5,6,r02c05f06,MitoRed,20,LIN7-0C-b3,3,P19-21,P20,,False,7,P20 LIN7-0C-b3 AG3
20241112_rep04,plate_metadata/20241112_rep04_metadata,4,B05,2,5,7,r02c05f07,MitoRed,20,LIN7-0C-b3,3,P19-21,P20,,False,7,P20 LIN7-0C-b3 AG3
20241112_rep04,plate_metadata/20241112_rep04_metadata,4,B05,2,5,8,r02c05f08,MitoRed,20,LIN7-0C-b3,3,P19-21,P20,,False,7,P20 LIN7-0C-b3 AG3
20241112_rep04,plate_metadata/20241112_rep04_metadata,4,B05,2,5,9,r02c05f09,MitoRed,20,LIN7-0C-b3,3,P19-21,P20,,False,7,P20 LIN7-0C-b3 AG3
20241112_rep04,plate_metadata/20241112_rep04_metadata,4,B05,2,5,10,r02c05f10,MitoRed,20,LIN7-0C-b3,3,P19-21,P20,,False,7,P20 LIN7-0C-b3 AG3
20241112_rep04,plate_metadata/20241112_rep04_metadata,4,B05,2,5,11,r02c05f11,MitoRed,20,LIN7-0C-b3,3,P19-21,P20,,False,7,P20 LIN7-0C-b3 AG3
20241112_rep04,plate_metadata/20241112_rep04_metadata,4,B05,2,5,12,r02c05f12,MitoRed,20,LIN7-0C-b3,3,P19-21,P20,,False,7,P20 LIN7-0C-b3 AG3
20241112_rep04,plate_metadata/20241112_rep04_metadata,4,B05,2,5,13,r02c05f13,MitoRed,20,LIN7-0C-b3,3,P19-21,P20,,False,7,P20 LIN7-0C-b3 AG3
20241112_rep04,plate_metadata/20241112_rep04_metadata,4,B05,2,5,14,r02c05f14,MitoRed,20,LIN7-0C-b3,3,P19-21,P20,,False,7,P20 LIN7-0C-b3 AG3
20241112_rep04,plate_metadata/20241112_rep04_metadata,4,B05,2,5,15,r02c05f15,MitoRed,20,LIN7-0C-b3,3,P19-21,P20,,False,7,P20 LIN7-0C-b3 AG3
20241112_rep04,plate_metadata/20241112_rep04_metadata,4,B05,2,5,16,r02c05f16,MitoRed,20,LIN7-0C-b3,3,P19-21,P20,,False,7,P20 LIN7-0C-b3 AG3
20241112_rep04,plate_metadata/20241112_rep04_metadata,4,B05,2,5,17,r02c05f17,MitoRed,20,LIN7-0C-b3,3,P19-21,P20,,False,7,P20 LIN7-0C-b3 AG3
20241112_rep04,plate_metadata/20241112_rep04_metadata,4,B05,2,5,18,r02c05f18,MitoRed,20,LIN7-0C-b3,3,P19-21,P20,,False,7,P20 LIN7-0C-b3 AG3
20241112_rep04,plate_metadata/20241112_rep04_metadata,4,B05,2,5,19,r02c05f19,MitoRed,20,LIN7-0C-b3,3,P19-21,P20,,False,7,P20 LIN7-0C-b3 AG3
20241112_rep04,plate_metadata/20241112_rep04_metadata,4,B05,2,5,20,r02c05f20,MitoRed,20,LIN7-0C-b3,3,P19-21,P20,,False,7,P20 LIN7-0C-b3 AG3
20241112_rep04,plate_metadata/20241112_rep04_metadata,4,B05,2,5,21,r02c05f21,MitoRed,20,LIN7-0C-b3,3,P19-21,P20,,False,7,P20 LIN7-0C-b3 AG3
20241112_rep04,plate_metadata/20241112_rep04_metadata,4,B05,2,5,22,r02c05f22,MitoRed,20,LIN7-0C-b3,3,P19-21,P20,,False,7,P20 LIN7-0C-b3 AG3
20241112_rep04,plate_metadata/20241112_rep04_metadata,4,B05,2,5,23,r02c05f23,MitoRed,20,LIN7-0C-b3,3,P19-21,P20,,False,7,P20 LIN7-0C-b3 AG3
20241112_rep04,plate_metadata/20241112_rep04_metadata,4,B05,2,5,24,r02c05f24,MitoRed,20,LIN7-0C-b3,3,P19-21,P20,,False,7,P20 LIN7-0C-b3 AG3
20241112_rep04,plate_metadata/20241112_rep04_metadata,4,B05,2,5,25,r02c05f25,MitoRed,20,LIN7-0C-b3,3,P19-21,P20,,False,7,P20 LIN7-0C-b3 AG3
20241112_rep04,plate_metadata/20241112_rep04_metadata,4,B05,2,5,26,r02c05f26,MitoRed,20,LIN7-0C-b3,3,P19-21,P20,,False,7,P20 LIN7-0C-b3 AG3
20241112_rep04,plate_metadata/20241112_rep04_metadata,4,B05,2,5,27,r02c05f27,MitoRed,20,LIN7-0C-b3,3,P19-21,P20,,False,7,P20 LIN7-0C-b3 AG3
20241112_rep04,plate_metadata/20241112_rep04_metadata,4,B05,2,5,28,r02c05f28,MitoRed,20,LIN7-0C-b3,3,P19-21,P20,,False,7,P20 LIN7-0C-b3 AG3
20241112_rep04,plate_metadata/20241112_rep04_metadata,4,B05,2,5,29,r02c05f29,MitoRed,20,LIN7-0C-b3,3,P19-21,P20,,False,7,P20 LIN7-0C-b3 AG3
20241112_rep04,plate_metadata/20241112_rep04_metadata,4,B05,2,5,30,r02c05f30,MitoRed,20,LIN7-0C-b3,3,P19-21,P20,,False,7,P20 LIN7-0C-b3 AG3
20241112_rep04,plate_metadata/20241112_rep04_metadata,4,B05,2,5,31,r02c05f31,MitoRed,20,LIN7-0C-b3,3,P19-21,P20,,False,7,P20 LIN7-0C-b3 AG3
20241112_rep04,plate_metadata/20241112_rep04_metadata,4,B05,2,5,32,r02c05f32,MitoRed,20,LIN7-0C-b3,3,P19-21,P20,,False,7,P20 LIN7-0C-b3 AG3
20241112_rep04,plate_metadata/20241112_rep04_metadata,4,B05,2,5,33,r02c05f33,MitoRed,20,LIN7-0C-b3,3,P19-21,P20,,False,7,P20 LIN7-0C-b3 AG3
20241112_rep04,plate_metadata/20241112_rep04_metadata,4,B05,2,5,34,r02c05f34,MitoRed,20,LIN7-0C-b3,3,P19-21,P20,,False,7,P20 LIN7-0C-b3 AG3
20241112_rep04,plate_metadata/20241112_rep04_metadata,4,B05,2,5,35,r02c05f35,MitoRed,20,LIN7-0C-b3,3,P19-21,P20,,False,7,P20 LIN7-0C-b3 AG3
20241112_rep04,plate_metadata/20241112_rep04_metadata,4,B05,2,5,36,r02c05f36,MitoRed,20,LIN7-0C-b3,3,P19-21,P20,,False,7,P20 LIN7-0C-b3 AG3
20241112_rep04,plate_metadata/20241112_rep04_metadata,4,B05,2,5,37,r02c05f37,MitoRed,20,LIN7-0C-b3,3,P19-21,P20,,False,7,P20 LIN7-0C-b3 AG3
20241112_rep04,plate_metadata/20241112_rep04_metadata,4,B05,2,5,38,r02c05f38,MitoRed,20,LIN7-0C-b3,3,P19-21,P20,,False,7,P20 LIN7-0C-b3 AG3
20241112_rep04,plate_metadata/20241112_rep04_metadata,4,B05,2,5,39,r02c05f39,MitoRed,20,LIN7-0C-b3,3,P19-21,P20,,False,7,P20 LIN7-0C-b3 AG3
20241112_rep04,plate_metadata/20241112_rep04_metadata,4,B05,2,5,40,r02c05f40,MitoRed,20,LIN7-0C-b3,3,P19-21,P20,,False,7,P20 LIN7-0C-b3 AG3
20241112_rep04,plate_metadata/20241112_rep04_metadata,4,B06,2,6,1,r02c06f01,MitoRed,16,LIN8-0B-b2B-s1,2,P16-18,P16,,False,8,P16 LIN8-0B-b2B-s1 AG2
20241112_rep04,plate_metadata/20241112_rep04_metadata,4,B06,2,6,2,r02c06f02,MitoRed,16,LIN8-0B-b2B-s1,2,P16-18,P16,,False,8,P16 LIN8-0B-b2B-s1 AG2
20241112_rep04,plate_metadata/20241112_rep04_metadata,4,B06,2,6,3,r02c06f03,MitoRed,16,LIN8-0B-b2B-s1,2,P16-18,P16,,False,8,P16 LIN8-0B-b2B-s1 AG2
20241112_rep04,plate_metadata/20241112_rep04_metadata,4,B06,2,6,4,r02c06f04,MitoRed,16,LIN8-0B-b2B-s1,2,P16-18,P16,,False,8,P16 LIN8-0B-b2B-s1 AG2
20241112_rep04,plate_metadata/20241112_rep04_metadata,4,B06,2,6,5,r02c06f05,MitoRed,16,LIN8-0B-b2B-s1,2,P16-18,P16,,False,8,P16 LIN8-0B-b2B-s1 AG2
20241112_rep04,plate_metadata/20241112_rep04_metadata,4,B06,2,6,6,r02c06f06,MitoRed,16,LIN8-0B-b2B-s1,2,P16-18,P16,,False,8,P16 LIN8-0B-b2B-s1 AG2
20241112_rep04,plate_metadata/20241112_rep04_metadata,4,B06,2,6,7,r02c06f07,MitoRed,16,LIN8-0B-b2B-s1,2,P16-18,P16,,False,8,P16 LIN8-0B-b2B-s1 AG2
20241112_rep04,plate_metadata/20241112_rep04_metadata,4,B06,2,6,8,r02c06f08,MitoRed,16,LIN8-0B-b2B-s1,2,P16-18,P16,,False,8,P16 LIN8-0B-b2B-s1 AG2
20241112_rep04,plate_metadata/20241112_rep04_metadata,4,B06,2,6,9,r02c06f09,MitoRed,16,LIN8-0B-b2B-s1,2,P16-18,P16,,False,8,P16 LIN8-0B-b2B-s1 AG2
20241112_rep04,plate_metadata/20241112_rep04_metadata,4,B06,2,6,10,r02c06f10,MitoRed,16,LIN8-0B-b2B-s1,2,P16-18,P16,,False,8,P16 LIN8-0B-b2B-s1 AG2
20241112_rep04,plate_metadata/20241112_rep04_metadata,4,B06,2,6,11,r02c06f11,MitoRed,16,LIN8-0B-b2B-s1,2,P16-18,P16,,False,8,P16 LIN8-0B-b2B-s1 AG2
20241112_rep04,plate_metadata/20241112_rep04_metadata,4,B06,2,6,12,r02c06f12,MitoRed,16,LIN8-0B-b2B-s1,2,P16-18,P16,,False,8,P16 LIN8-0B-b2B-s1 AG2
20241112_rep04,plate_metadata/20241112_rep04_metadata,4,B06,2,6,13,r02c06f13,MitoRed,16,LIN8-0B-b2B-s1,2,P16-18,P16,,False,8,P16 LIN8-0B-b2B-s1 AG2
20241112_rep04,plate_metadata/20241112_rep04_metadata,4,B06,2,6,14,r02c06f14,MitoRed,16,LIN8-0B-b2B-s1,2,P16-18,P16,,False,8,P16 LIN8-0B-b2B-s1 AG2
20241112_rep04,plate_metadata/20241112_rep04_metadata,4,B06,2,6,15,r02c06f15,MitoRed,16,LIN8-0B-b2B-s1,2,P16-18,P16,,False,8,P16 LIN8-0B-b2B-s1 AG2
20241112_rep04,plate_metadata/20241112_rep04_metadata,4,B06,2,6,16,r02c06f16,MitoRed,16,LIN8-0B-b2B-s1,2,P16-18,P16,,False,8,P16 LIN8-0B-b2B-s1 AG2
20241112_rep04,plate_metadata/20241112_rep04_metadata,4,B06,2,6,17,r02c06f17,MitoRed,16,LIN8-0B-b2B-s1,2,P16-18,P16,,False,8,P16 LIN8-0B-b2B-s1 AG2
20241112_rep04,plate_metadata/20241112_rep04_metadata,4,B06,2,6,18,r02c06f18,MitoRed,16,LIN8-0B-b2B-s1,2,P16-18,P16,,False,8,P16 LIN8-0B-b2B-s1 AG2
20241112_rep04,plate_metadata/20241112_rep04_metadata,4,B06,2,6,19,r02c06f19,MitoRed,16,LIN8-0B-b2B-s1,2,P16-18,P16,,False,8,P16 LIN8-0B-b2B-s1 AG2
20241112_rep04,plate_metadata/20241112_rep04_metadata,4,B06,2,6,20,r02c06f20,MitoRed,16,LIN8-0B-b2B-s1,2,P16-18,P16,,False,8,P16 LIN8-0B-b2B-s1 AG2
20241112_rep04,plate_metadata/20241112_rep04_metadata,4,B06,2,6,21,r02c06f21,MitoRed,16,LIN8-0B-b2B-s1,2,P16-18,P16,,False,8,P16 LIN8-0B-b2B-s1 AG2
20241112_rep04,plate_metadata/20241112_rep04_metadata,4,B06,2,6,22,r02c06f22,MitoRed,16,LIN8-0B-b2B-s1,2,P16-18,P16,,False,8,P16 LIN8-0B-b2B-s1 AG2
20241112_rep04,plate_metadata/20241112_rep04_metadata,4,B06,2,6,23,r02c06f23,MitoRed,16,LIN8-0B-b2B-s1,2,P16-18,P16,,False,8,P16 LIN8-0B-b2B-s1 AG2
20241112_rep04,plate_metadata/20241112_rep04_metadata,4,B06,2,6,24,r02c06f24,MitoRed,16,LIN8-0B-b2B-s1,2,P16-18,P16,,False,8,P16 LIN8-0B-b2B-s1 AG2
20241112_rep04,plate_metadata/20241112_rep04_metadata,4,B06,2,6,25,r02c06f25,MitoRed,16,LIN8-0B-b2B-s1,2,P16-18,P16,,False,8,P16 LIN8-0B-b2B-s1 AG2
20241112_rep04,plate_metadata/20241112_rep04_metadata,4,B06,2,6,26,r02c06f26,MitoRed,16,LIN8-0B-b2B-s1,2,P16-18,P16,,False,8,P16 LIN8-0B-b2B-s1 AG2
20241112_rep04,plate_metadata/20241112_rep04_metadata,4,B06,2,6,27,r02c06f27,MitoRed,16,LIN8-0B-b2B-s1,2,P16-18,P16,,False,8,P16 LIN8-0B-b2B-s1 AG2
20241112_rep04,plate_metadata/20241112_rep04_metadata,4,B06,2,6,28,r02c06f28,MitoRed,16,LIN8-0B-b2B-s1,2,P16-18,P16,,False,8,P16 LIN8-0B-b2B-s1 AG2
20241112_rep04,plate_metadata/20241112_rep04_metadata,4,B06,2,6,29,r02c06f29,MitoRed,16,LIN8-0B-b2B-s1,2,P16-18,P16,,False,8,P16 LIN8-0B-b2B-s1 AG2
20241112_rep04,plate_metadata/20241112_rep04_metadata,4,B06,2,6,30,r02c06f30,MitoRed,16,LIN8-0B-b2B-s1,2,P16-18,P16,,False,8,P16 LIN8-0B-b2B-s1 AG2
20241112_rep04,plate_metadata/20241112_rep04_metadata,4,B06,2,6,31,r02c06f31,MitoRed,16,LIN8-0B-b2B-s1,2,P16-18,P16,,False,8,P16 LIN8-0B-b2B-s1 AG2
20241112_rep04,plate_metadata/20241112_rep04_metadata,4,B06,2,6,32,r02c06f32,MitoRed,16,LIN8-0B-b2B-s1,2,P16-18,P16,,False,8,P16 LIN8-0B-b2B-s1 AG2
20241112_rep04,plate_metadata/20241112_rep04_metadata,4,B06,2,6,33,r02c06f33,MitoRed,16,LIN8-0B-b2B-s1,2,P16-18,P16,,False,8,P16 LIN8-0B-b2B-s1 AG2
20241112_rep04,plate_metadata/20241112_rep04_metadata,4,B06,2,6,34,r02c06f34,MitoRed,16,LIN8-0B-b2B-s1,2,P16-18,P16,,False,8,P16 LIN8-0B-b2B-s1 AG2
20241112_rep04,plate_metadata/20241112_rep04_metadata,4,B06,2,6,35,r02c06f35,MitoRed,16,LIN8-0B-b2B-s1,2,P16-18,P16,,False,8,P16 LIN8-0B-b2B-s1 AG2
20241112_rep04,plate_metadata/20241112_rep04_metadata,4,B06,2,6,36,r02c06f36,MitoRed,16,LIN8-0B-b2B-s1,2,P16-18,P16,,False,8,P16 LIN8-0B-b2B-s1 AG2
20241112_rep04,plate_metadata/20241112_rep04_metadata,4,B06,2,6,37,r02c06f37,MitoRed,16,LIN8-0B-b2B-s1,2,P16-18,P16,,False,8,P16 LIN8-0B-b2B-s1 AG2
20241112_rep04,plate_metadata/20241112_rep04_metadata,4,B06,2,6,38,r02c06f38,MitoRed,16,LIN8-0B-b2B-s1,2,P16-18,P16,,False,8,P16 LIN8-0B-b2B-s1 AG2
20241112_rep04,plate_metadata/20241112_rep04_metadata,4,B06,2,6,39,r02c06f39,MitoRed,16,LIN8-0B-b2B-s1,2,P16-18,P16,,False,8,P16 LIN8-0B-b2B-s1 AG2
20241112_rep04,plate_metadata/20241112_rep04_metadata,4,B06,2,6,40,r02c06f40,MitoRed,16,LIN8-0B-b2B-s1,2,P16-18,P16,,False,8,P16 LIN8-0B-b2B-s1 AG2
20241112_rep04,plate_metadata/20241112_rep04_metadata,4,B07,2,7,1,r02c07f01,MitoRed,15,LIN9-0C-b2-s1,1,P13-15,P15,,False,9,P15 LIN9-0C-b2-s1 AG1
20241112_rep04,plate_metadata/20241112_rep04_metadata,4,B07,2,7,2,r02c07f02,MitoRed,15,LIN9-0C-b2-s1,1,P13-15,P15,,False,9,P15 LIN9-0C-b2-s1 AG1
20241112_rep04,plate_metadata/20241112_rep04_metadata,4,B07,2,7,3,r02c07f03,MitoRed,15,LIN9-0C-b2-s1,1,P13-15,P15,,False,9,P15 LIN9-0C-b2-s1 AG1
20241112_rep04,plate_metadata/20241112_rep04_metadata,4,B07,2,7,4,r02c07f04,MitoRed,15,LIN9-0C-b2-s1,1,P13-15,P15,,False,9,P15 LIN9-0C-b2-s1 AG1
20241112_rep04,plate_metadata/20241112_rep04_metadata,4,B07,2,7,5,r02c07f05,MitoRed,15,LIN9-0C-b2-s1,1,P13-15,P15,,False,9,P15 LIN9-0C-b2-s1 AG1
20241112_rep04,plate_metadata/20241112_rep04_metadata,4,B07,2,7,6,r02c07f06,MitoRed,15,LIN9-0C-b2-s1,1,P13-15,P15,,False,9,P15 LIN9-0C-b2-s1 AG1
20241112_rep04,plate_metadata/20241112_rep04_metadata,4,B07,2,7,7,r02c07f07,MitoRed,15,LIN9-0C-b2-s1,1,P13-15,P15,,False,9,P15 LIN9-0C-b2-s1 AG1
20241112_rep04,plate_metadata/20241112_rep04_metadata,4,B07,2,7,8,r02c07f08,MitoRed,15,LIN9-0C-b2-s1,1,P13-15,P15,,False,9,P15 LIN9-0C-b2-s1 AG1
20241112_rep04,plate_metadata/20241112_rep04_metadata,4,B07,2,7,9,r02c07f09,MitoRed,15,LIN9-0C-b2-s1,1,P13-15,P15,,False,9,P15 LIN9-0C-b2-s1 AG1
20241112_rep04,plate_metadata/20241112_rep04_metadata,4,B07,2,7,10,r02c07f10,MitoRed,15,LIN9-0C-b2-s1,1,P13-15,P15,,False,9,P15 LIN9-0C-b2-s1 AG1
20241112_rep04,plate_metadata/20241112_rep04_metadata,4,B07,2,7,11,r02c07f11,MitoRed,15,LIN9-0C-b2-s1,1,P13-15,P15,,False,9,P15 LIN9-0C-b2-s1 AG1
20241112_rep04,plate_metadata/20241112_rep04_metadata,4,B07,2,7,12,r02c07f12,MitoRed,15,LIN9-0C-b2-s1,1,P13-15,P15,,False,9,P15 LIN9-0C-b2-s1 AG1
20241112_rep04,plate_metadata/20241112_rep04_metadata,4,B07,2,7,13,r02c07f13,MitoRed,15,LIN9-0C-b2-s1,1,P13-15,P15,,False,9,P15 LIN9-0C-b2-s1 AG1
20241112_rep04,plate_metadata/20241112_rep04_metadata,4,B07,2,7,14,r02c07f14,MitoRed,15,LIN9-0C-b2-s1,1,P13-15,P15,,False,9,P15 LIN9-0C-b2-s1 AG1
20241112_rep04,plate_metadata/20241112_rep04_metadata,4,B07,2,7,15,r02c07f15,MitoRed,15,LIN9-0C-b2-s1,1,P13-15,P15,,False,9,P15 LIN9-0C-b2-s1 AG1
20241112_rep04,plate_metadata/20241112_rep04_metadata,4,B07,2,7,16,r02c07f16,MitoRed,15,LIN9-0C-b2-s1,1,P13-15,P15,,False,9,P15 LIN9-0C-b2-s1 AG1
20241112_rep04,plate_metadata/20241112_rep04_metadata,4,B07,2,7,17,r02c07f17,MitoRed,15,LIN9-0C-b2-s1,1,P13-15,P15,,False,9,P15 LIN9-0C-b2-s1 AG1
20241112_rep04,plate_metadata/20241112_rep04_metadata,4,B07,2,7,18,r02c07f18,MitoRed,15,LIN9-0C-b2-s1,1,P13-15,P15,,False,9,P15 LIN9-0C-b2-s1 AG1
20241112_rep04,plate_metadata/20241112_rep04_metadata,4,B07,2,7,19,r02c07f19,MitoRed,15,LIN9-0C-b2-s1,1,P13-15,P15,,False,9,P15 LIN9-0C-b2-s1 AG1
20241112_rep04,plate_metadata/20241112_rep04_metadata,4,B07,2,7,20,r02c07f20,MitoRed,15,LIN9-0C-b2-s1,1,P13-15,P15,,False,9,P15 LIN9-0C-b2-s1 AG1
20241112_rep04,plate_metadata/20241112_rep04_metadata,4,B07,2,7,21,r02c07f21,MitoRed,15,LIN9-0C-b2-s1,1,P13-15,P15,,False,9,P15 LIN9-0C-b2-s1 AG1
20241112_rep04,plate_metadata/20241112_rep04_metadata,4,B07,2,7,22,r02c07f22,MitoRed,15,LIN9-0C-b2-s1,1,P13-15,P15,,False,9,P15 LIN9-0C-b2-s1 AG1
20241112_rep04,plate_metadata/20241112_rep04_metadata,4,B07,2,7,23,r02c07f23,MitoRed,15,LIN9-0C-b2-s1,1,P13-15,P15,,False,9,P15 LIN9-0C-b2-s1 AG1
20241112_rep04,plate_metadata/20241112_rep04_metadata,4,B07,2,7,24,r02c07f24,MitoRed,15,LIN9-0C-b2-s1,1,P13-15,P15,,False,9,P15 LIN9-0C-b2-s1 AG1
20241112_rep04,plate_metadata/20241112_rep04_metadata,4,B07,2,7,25,r02c07f25,MitoRed,15,LIN9-0C-b2-s1,1,P13-15,P15,,False,9,P15 LIN9-0C-b2-s1 AG1
20241112_rep04,plate_metadata/20241112_rep04_metadata,4,B07,2,7,26,r02c07f26,MitoRed,15,LIN9-0C-b2-s1,1,P13-15,P15,,False,9,P15 LIN9-0C-b2-s1 AG1
20241112_rep04,plate_metadata/20241112_rep04_metadata,4,B07,2,7,27,r02c07f27,MitoRed,15,LIN9-0C-b2-s1,1,P13-15,P15,,False,9,P15 LIN9-0C-b2-s1 AG1
20241112_rep04,plate_metadata/20241112_rep04_metadata,4,B07,2,7,28,r02c07f28,MitoRed,15,LIN9-0C-b2-s1,1,P13-15,P15,,False,9,P15 LIN9-0C-b2-s1 AG1
20241112_rep04,plate_metadata/20241112_rep04_metadata,4,B07,2,7,29,r02c07f29,MitoRed,15,LIN9-0C-b2-s1,1,P13-15,P15,,False,9,P15 LIN9-0C-b2-s1 AG1
20241112_rep04,plate_metadata/20241112_rep04_metadata,4,B07,2,7,30,r02c07f30,MitoRed,15,LIN9-0C-b2-s1,1,P13-15,P15,,False,9,P15 LIN9-0C-b2-s1 AG1
20241112_rep04,plate_metadata/20241112_rep04_metadata,4,B07,2,7,31,r02c07f31,MitoRed,15,LIN9-0C-b2-s1,1,P13-15,P15,,False,9,P15 LIN9-0C-b2-s1 AG1
20241112_rep04,plate_metadata/20241112_rep04_metadata,4,B07,2,7,32,r02c07f32,MitoRed,15,LIN9-0C-b2-s1,1,P13-15,P15,,False,9,P15 LIN9-0C-b2-s1 AG1
20241112_rep04,plate_metadata/20241112_rep04_metadata,4,B07,2,7,33,r02c07f33,MitoRed,15,LIN9-0C-b2-s1,1,P13-15,P15,,False,9,P15 LIN9-0C-b2-s1 AG1
20241112_rep04,plate_metadata/20241112_rep04_metadata,4,B07,2,7,34,r02c07f34,MitoRed,15,LIN9-0C-b2-s1,1,P13-15,P15,,False,9,P15 LIN9-0C-b2-s1 AG1
20241112_rep04,plate_metadata/20241112_rep04_metadata,4,B07,2,7,35,r02c07f35,MitoRed,15,LIN9-0C-b2-s1,1,P13-15,P15,,False,9,P15 LIN9-0C-b2-s1 AG1
20241112_rep04,plate_metadata/20241112_rep04_metadata,4,B07,2,7,36,r02c07f36,MitoRed,15,LIN9-0C-b2-s1,1,P13-15,P15,,False,9,P15 LIN9-0C-b2-s1 AG1
20241112_rep04,plate_metadata/20241112_rep04_metadata,4,B07,2,7,37,r02c07f37,MitoRed,15,LIN9-0C-b2-s1,1,P13-15,P15,,False,9,P15 LIN9-0C-b2-s1 AG1
20241112_rep04,plate_metadata/20241112_rep04_metadata,4,B07,2,7,38,r02c07f38,MitoRed,15,LIN9-0C-b2-s1,1,P13-15,P15,,False,9,P15 LIN9-0C-b2-s1 AG1
20241112_rep04,plate_metadata/20241112_rep04_metadata,4,B07,2,7,39,r02c07f39,MitoRed,15,LIN9-0C-b2-s1,1,P13-15,P15,,False,9,P15 LIN9-0C-b2-s1 AG1
20241112_rep04,plate_metadata/20241112_rep04_metadata,4,B07,2,7,40,r02c07f40,MitoRed,15,LIN9-0C-b2-s1,1,P13-15,P15,,False,9,P15 LIN9-0C-b2-s1 AG1
20241112_rep04,plate_metadata/20241112_rep04_metadata,4,B08,2,8,1,r02c08f01,MitoRed,11,LIN10-0C-b4,0,P6-12,P11,,False,10,P11 LIN10-0C-b4 AG0
20241112_rep04,plate_metadata/20241112_rep04_metadata,4,B08,2,8,2,r02c08f02,MitoRed,11,LIN10-0C-b4,0,P6-12,P11,,False,10,P11 LIN10-0C-b4 AG0
20241112_rep04,plate_metadata/20241112_rep04_metadata,4,B08,2,8,3,r02c08f03,MitoRed,11,LIN10-0C-b4,0,P6-12,P11,,False,10,P11 LIN10-0C-b4 AG0
20241112_rep04,plate_metadata/20241112_rep04_metadata,4,B08,2,8,4,r02c08f04,MitoRed,11,LIN10-0C-b4,0,P6-12,P11,,False,10,P11 LIN10-0C-b4 AG0
20241112_rep04,plate_metadata/20241112_rep04_metadata,4,B08,2,8,5,r02c08f05,MitoRed,11,LIN10-0C-b4,0,P6-12,P11,,False,10,P11 LIN10-0C-b4 AG0
20241112_rep04,plate_metadata/20241112_rep04_metadata,4,B08,2,8,6,r02c08f06,MitoRed,11,LIN10-0C-b4,0,P6-12,P11,,False,10,P11 LIN10-0C-b4 AG0
20241112_rep04,plate_metadata/20241112_rep04_metadata,4,B08,2,8,7,r02c08f07,MitoRed,11,LIN10-0C-b4,0,P6-12,P11,,False,10,P11 LIN10-0C-b4 AG0
20241112_rep04,plate_metadata/20241112_rep04_metadata,4,B08,2,8,8,r02c08f08,MitoRed,11,LIN10-0C-b4,0,P6-12,P11,,False,10,P11 LIN10-0C-b4 AG0
20241112_rep04,plate_metadata/20241112_rep04_metadata,4,B08,2,8,9,r02c08f09,MitoRed,11,LIN10-0C-b4,0,P6-12,P11,,False,10,P11 LIN10-0C-b4 AG0
20241112_rep04,plate_metadata/20241112_rep04_metadata,4,B08,2,8,10,r02c08f10,MitoRed,11,LIN10-0C-b4,0,P6-12,P11,,False,10,P11 LIN10-0C-b4 AG0
20241112_rep04,plate_metadata/20241112_rep04_metadata,4,B08,2,8,11,r02c08f11,MitoRed,11,LIN10-0C-b4,0,P6-12,P11,,False,10,P11 LIN10-0C-b4 AG0
20241112_rep04,plate_metadata/20241112_rep04_metadata,4,B08,2,8,12,r02c08f12,MitoRed,11,LIN10-0C-b4,0,P6-12,P11,,False,10,P11 LIN10-0C-b4 AG0
20241112_rep04,plate_metadata/20241112_rep04_metadata,4,B08,2,8,13,r02c08f13,MitoRed,11,LIN10-0C-b4,0,P6-12,P11,,False,10,P11 LIN10-0C-b4 AG0
20241112_rep04,plate_metadata/20241112_rep04_metadata,4,B08,2,8,14,r02c08f14,MitoRed,11,LIN10-0C-b4,0,P6-12,P11,,False,10,P11 LIN10-0C-b4 AG0
20241112_rep04,plate_metadata/20241112_rep04_metadata,4,B08,2,8,15,r02c08f15,MitoRed,11,LIN10-0C-b4,0,P6-12,P11,,False,10,P11 LIN10-0C-b4 AG0
20241112_rep04,plate_metadata/20241112_rep04_metadata,4,B08,2,8,16,r02c08f16,MitoRed,11,LIN10-0C-b4,0,P6-12,P11,,False,10,P11 LIN10-0C-b4 AG0
20241112_rep04,plate_metadata/20241112_rep04_metadata,4,B08,2,8,17,r02c08f17,MitoRed,11,LIN10-0C-b4,0,P6-12,P11,,False,10,P11 LIN10-0C-b4 AG0
20241112_rep04,plate_metadata/20241112_rep04_metadata,4,B08,2,8,18,r02c08f18,MitoRed,11,LIN10-0C-b4,0,P6-12,P11,,False,10,P11 LIN10-0C-b4 AG0
20241112_rep04,plate_metadata/20241112_rep04_metadata,4,B08,2,8,19,r02c08f19,MitoRed,11,LIN10-0C-b4,0,P6-12,P11,,False,10,P11 LIN10-0C-b4 AG0
20241112_rep04,plate_metadata/20241112_rep04_metadata,4,B08,2,8,20,r02c08f20,MitoRed,11,LIN10-0C-b4,0,P6-12,P11,,False,10,P11 LIN10-0C-b4 AG0
20241112_rep04,plate_metadata/20241112_rep04_metadata,4,B08,2,8,21,r02c08f21,MitoRed,11,LIN10-0C-b4,0,P6-12,P11,,False,10,P11 LIN10-0C-b4 AG0
20241112_rep04,plate_metadata/20241112_rep04_metadata,4,B08,2,8,22,r02c08f22,MitoRed,11,LIN10-0C-b4,0,P6-12,P11,,False,10,P11 LIN10-0C-b4 AG0
20241112_rep04,plate_metadata/20241112_rep04_metadata,4,B08,2,8,23,r02c08f23,MitoRed,11,LIN10-0C-b4,0,P6-12,P11,,False,10,P11 LIN10-0C-b4 AG0
20241112_rep04,plate_metadata/20241112_rep04_metadata,4,B08,2,8,24,r02c08f24,MitoRed,11,LIN10-0C-b4,0,P6-12,P11,,False,10,P11 LIN10-0C-b4 AG0
20241112_rep04,plate_metadata/20241112_rep04_metadata,4,B08,2,8,25,r02c08f25,MitoRed,11,LIN10-0C-b4,0,P6-12,P11,,False,10,P11 LIN10-0C-b4 AG0
20241112_rep04,plate_metadata/20241112_rep04_metadata,4,B08,2,8,26,r02c08f26,MitoRed,11,LIN10-0C-b4,0,P6-12,P11,,False,10,P11 LIN10-0C-b4 AG0
20241112_rep04,plate_metadata/20241112_rep04_metadata,4,B08,2,8,27,r02c08f27,MitoRed,11,LIN10-0C-b4,0,P6-12,P11,,False,10,P11 LIN10-0C-b4 AG0
20241112_rep04,plate_metadata/20241112_rep04_metadata,4,B08,2,8,28,r02c08f28,MitoRed,11,LIN10-0C-b4,0,P6-12,P11,,False,10,P11 LIN10-0C-b4 AG0
20241112_rep04,plate_metadata/20241112_rep04_metadata,4,B08,2,8,29,r02c08f29,MitoRed,11,LIN10-0C-b4,0,P6-12,P11,,False,10,P11 LIN10-0C-b4 AG0
20241112_rep04,plate_metadata/20241112_rep04_metadata,4,B08,2,8,30,r02c08f30,MitoRed,11,LIN10-0C-b4,0,P6-12,P11,,False,10,P11 LIN10-0C-b4 AG0
20241112_rep04,plate_metadata/20241112_rep04_metadata,4,B08,2,8,31,r02c08f31,MitoRed,11,LIN10-0C-b4,0,P6-12,P11,,False,10,P11 LIN10-0C-b4 AG0
20241112_rep04,plate_metadata/20241112_rep04_metadata,4,B08,2,8,32,r02c08f32,MitoRed,11,LIN10-0C-b4,0,P6-12,P11,,False,10,P11 LIN10-0C-b4 AG0
20241112_rep04,plate_metadata/20241112_rep04_metadata,4,B08,2,8,33,r02c08f33,MitoRed,11,LIN10-0C-b4,0,P6-12,P11,,False,10,P11 LIN10-0C-b4 AG0
20241112_rep04,plate_metadata/20241112_rep04_metadata,4,B08,2,8,34,r02c08f34,MitoRed,11,LIN10-0C-b4,0,P6-12,P11,,False,10,P11 LIN10-0C-b4 AG0
20241112_rep04,plate_metadata/20241112_rep04_metadata,4,B08,2,8,35,r02c08f35,MitoRed,11,LIN10-0C-b4,0,P6-12,P11,,False,10,P11 LIN10-0C-b4 AG0
20241112_rep04,plate_metadata/20241112_rep04_metadata,4,B08,2,8,36,r02c08f36,MitoRed,11,LIN10-0C-b4,0,P6-12,P11,,False,10,P11 LIN10-0C-b4 AG0
20241112_rep04,plate_metadata/20241112_rep04_metadata,4,B08,2,8,37,r02c08f37,MitoRed,11,LIN10-0C-b4,0,P6-12,P11,,False,10,P11 LIN10-0C-b4 AG0
20241112_rep04,plate_metadata/20241112_rep04_metadata,4,B08,2,8,38,r02c08f38,MitoRed,11,LIN10-0C-b4,0,P6-12,P11,,False,10,P11 LIN10-0C-b4 AG0
20241112_rep04,plate_metadata/20241112_rep04_metadata,4,B08,2,8,39,r02c08f39,MitoRed,11,LIN10-0C-b4,0,P6-12,P11,,False,10,P11 LIN10-0C-b4 AG0
20241112_rep04,plate_metadata/20241112_rep04_metadata,4,B08,2,8,40,r02c08f40,MitoRed,11,LIN10-0C-b4,0,P6-12,P11,,False,10,P11 LIN10-0C-b4 AG0
20241112_rep04,plate_metadata/20241112_rep04_metadata,4,B10,2,10,1,r02c10f01,,15,LIN9-0C-b2-s1,1,P13-15,P15,,False,9,P15 LIN9-0C-b2-s1 AG1
20241112_rep04,plate_metadata/20241112_rep04_metadata,4,B10,2,10,2,r02c10f02,,15,LIN9-0C-b2-s1,1,P13-15,P15,,False,9,P15 LIN9-0C-b2-s1 AG1
20241112_rep04,plate_metadata/20241112_rep04_metadata,4,B10,2,10,3,r02c10f03,,15,LIN9-0C-b2-s1,1,P13-15,P15,,False,9,P15 LIN9-0C-b2-s1 AG1
20241112_rep04,plate_metadata/20241112_rep04_metadata,4,B10,2,10,4,r02c10f04,,15,LIN9-0C-b2-s1,1,P13-15,P15,,False,9,P15 LIN9-0C-b2-s1 AG1
20241112_rep04,plate_metadata/20241112_rep04_metadata,4,B10,2,10,5,r02c10f05,,15,LIN9-0C-b2-s1,1,P13-15,P15,,False,9,P15 LIN9-0C-b2-s1 AG1
20241112_rep04,plate_metadata/20241112_rep04_metadata,4,B10,2,10,6,r02c10f06,,15,LIN9-0C-b2-s1,1,P13-15,P15,,False,9,P15 LIN9-0C-b2-s1 AG1
20241112_rep04,plate_metadata/20241112_rep04_metadata,4,B10,2,10,7,r02c10f07,,15,LIN9-0C-b2-s1,1,P13-15,P15,,False,9,P15 LIN9-0C-b2-s1 AG1
20241112_rep04,plate_metadata/20241112_rep04_metadata,4,B10,2,10,8,r02c10f08,,15,LIN9-0C-b2-s1,1,P13-15,P15,,False,9,P15 LIN9-0C-b2-s1 AG1
20241112_rep04,plate_metadata/20241112_rep04_metadata,4,B10,2,10,9,r02c10f09,,15,LIN9-0C-b2-s1,1,P13-15,P15,,False,9,P15 LIN9-0C-b2-s1 AG1
20241112_rep04,plate_metadata/20241112_rep04_metadata,4,B10,2,10,10,r02c10f10,,15,LIN9-0C-b2-s1,1,P13-15,P15,,False,9,P15 LIN9-0C-b2-s1 AG1
20241112_rep04,plate_metadata/20241112_rep04_metadata,4,B10,2,10,11,r02c10f11,,15,LIN9-0C-b2-s1,1,P13-15,P15,,False,9,P15 LIN9-0C-b2-s1 AG1
20241112_rep04,plate_metadata/20241112_rep04_metadata,4,B10,2,10,12,r02c10f12,,15,LIN9-0C-b2-s1,1,P13-15,P15,,False,9,P15 LIN9-0C-b2-s1 AG1
20241112_rep04,plate_metadata/20241112_rep04_metadata,4,B10,2,10,13,r02c10f13,,15,LIN9-0C-b2-s1,1,P13-15,P15,,False,9,P15 LIN9-0C-b2-s1 AG1
20241112_rep04,plate_metadata/20241112_rep04_metadata,4,B10,2,10,14,r02c10f14,,15,LIN9-0C-b2-s1,1,P13-15,P15,,False,9,P15 LIN9-0C-b2-s1 AG1
20241112_rep04,plate_metadata/20241112_rep04_metadata,4,B10,2,10,15,r02c10f15,,15,LIN9-0C-b2-s1,1,P13-15,P15,,False,9,P15 LIN9-0C-b2-s1 AG1
20241112_rep04,plate_metadata/20241112_rep04_metadata,4,B10,2,10,16,r02c10f16,,15,LIN9-0C-b2-s1,1,P13-15,P15,,False,9,P15 LIN9-0C-b2-s1 AG1
20241112_rep04,plate_metadata/20241112_rep04_metadata,4,B10,2,10,17,r02c10f17,,15,LIN9-0C-b2-s1,1,P13-15,P15,,False,9,P15 LIN9-0C-b2-s1 AG1
20241112_rep04,plate_metadata/20241112_rep04_metadata,4,B10,2,10,18,r02c10f18,,15,LIN9-0C-b2-s1,1,P13-15,P15,,False,9,P15 LIN9-0C-b2-s1 AG1
20241112_rep04,plate_metadata/20241112_rep04_metadata,4,B10,2,10,19,r02c10f19,,15,LIN9-0C-b2-s1,1,P13-15,P15,,False,9,P15 LIN9-0C-b2-s1 AG1
20241112_rep04,plate_metadata/20241112_rep04_metadata,4,B10,2,10,20,r02c10f20,,15,LIN9-0C-b2-s1,1,P13-15,P15,,False,9,P15 LIN9-0C-b2-s1 AG1
20241112_rep04,plate_metadata/20241112_rep04_metadata,4,B10,2,10,21,r02c10f21,,15,LIN9-0C-b2-s1,1,P13-15,P15,,False,9,P15 LIN9-0C-b2-s1 AG1
20241112_rep04,plate_metadata/20241112_rep04_metadata,4,B10,2,10,22,r02c10f22,,15,LIN9-0C-b2-s1,1,P13-15,P15,,False,9,P15 LIN9-0C-b2-s1 AG1
20241112_rep04,plate_metadata/20241112_rep04_metadata,4,B10,2,10,23,r02c10f23,,15,LIN9-0C-b2-s1,1,P13-15,P15,,False,9,P15 LIN9-0C-b2-s1 AG1
20241112_rep04,plate_metadata/20241112_rep04_metadata,4,B10,2,10,24,r02c10f24,,15,LIN9-0C-b2-s1,1,P13-15,P15,,False,9,P15 LIN9-0C-b2-s1 AG1
20241112_rep04,plate_metadata/20241112_rep04_metadata,4,B10,2,10,25,r02c10f25,,15,LIN9-0C-b2-s1,1,P13-15,P15,,False,9,P15 LIN9-0C-b2-s1 AG1
20241112_rep04,plate_metadata/20241112_rep04_metadata,4,B10,2,10,26,r02c10f26,,15,LIN9-0C-b2-s1,1,P13-15,P15,,False,9,P15 LIN9-0C-b2-s1 AG1
20241112_rep04,plate_metadata/20241112_rep04_metadata,4,B10,2,10,27,r02c10f27,,15,LIN9-0C-b2-s1,1,P13-15,P15,,False,9,P15 LIN9-0C-b2-s1 AG1
20241112_rep04,plate_metadata/20241112_rep04_metadata,4,B10,2,10,28,r02c10f28,,15,LIN9-0C-b2-s1,1,P13-15,P15,,False,9,P15 LIN9-0C-b2-s1 AG1
20241112_rep04,plate_metadata/20241112_rep04_metadata,4,B10,2,10,29,r02c10f29,,15,LIN9-0C-b2-s1,1,P13-15,P15,,False,9,P15 LIN9-0C-b2-s1 AG1
20241112_rep04,plate_metadata/20241112_rep04_metadata,4,B10,2,10,30,r02c10f30,,15,LIN9-0C-b2-s1,1,P13-15,P15,,False,9,P15 LIN9-0C-b2-s1 AG1
20241112_rep04,plate_metadata/20241112_rep04_metadata,4,B10,2,10,31,r02c10f31,,15,LIN9-0C-b2-s1,1,P13-15,P15,,False,9,P15 LIN9-0C-b2-s1 AG1
20241112_rep04,plate_metadata/20241112_rep04_metadata,4,B10,2,10,32,r02c10f32,,15,LIN9-0C-b2-s1,1,P13-15,P15,,False,9,P15 LIN9-0C-b2-s1 AG1
20241112_rep04,plate_metadata/20241112_rep04_metadata,4,B10,2,10,33,r02c10f33,,15,LIN9-0C-b2-s1,1,P13-15,P15,,False,9,P15 LIN9-0C-b2-s1 AG1
20241112_rep04,plate_metadata/20241112_rep04_metadata,4,B10,2,10,34,r02c10f34,,15,LIN9-0C-b2-s1,1,P13-15,P15,,False,9,P15 LIN9-0C-b2-s1 AG1
20241112_rep04,plate_metadata/20241112_rep04_metadata,4,B10,2,10,35,r02c10f35,,15,LIN9-0C-b2-s1,1,P13-15,P15,,False,9,P15 LIN9-0C-b2-s1 AG1
20241112_rep04,plate_metadata/20241112_rep04_metadata,4,B10,2,10,36,r02c10f36,,15,LIN9-0C-b2-s1,1,P13-15,P15,,False,9,P15 LIN9-0C-b2-s1 AG1
20241112_rep04,plate_metadata/20241112_rep04_metadata,4,B10,2,10,37,r02c10f37,,15,LIN9-0C-b2-s1,1,P13-15,P15,,False,9,P15 LIN9-0C-b2-s1 AG1
20241112_rep04,plate_metadata/20241112_rep04_metadata,4,B10,2,10,38,r02c10f38,,15,LIN9-0C-b2-s1,1,P13-15,P15,,False,9,P15 LIN9-0C-b2-s1 AG1
20241112_rep04,plate_metadata/20241112_rep04_metadata,4,B10,2,10,39,r02c10f39,,15,LIN9-0C-b2-s1,1,P13-15,P15,,False,9,P15 LIN9-0C-b2-s1 AG1
20241112_rep04,plate_metadata/20241112_rep04_metadata,4,B10,2,10,40,r02c10f40,,15,LIN9-0C-b2-s1,1,P13-15,P15,,False,9,P15 LIN9-0C-b2-s1 AG1
20241112_rep04,plate_metadata/20241112_rep04_metadata,4,B11,2,11,1,r02c11f01,,27,LIN3-0A-b2-s1,6,P25-27,P27,,False,3,P27 LIN3-0A-b2-s1 AG6
20241112_rep04,plate_metadata/20241112_rep04_metadata,4,B11,2,11,2,r02c11f02,,27,LIN3-0A-b2-s1,6,P25-27,P27,,False,3,P27 LIN3-0A-b2-s1 AG6
20241112_rep04,plate_metadata/20241112_rep04_metadata,4,B11,2,11,3,r02c11f03,,27,LIN3-0A-b2-s1,6,P25-27,P27,,False,3,P27 LIN3-0A-b2-s1 AG6
20241112_rep04,plate_metadata/20241112_rep04_metadata,4,B11,2,11,4,r02c11f04,,27,LIN3-0A-b2-s1,6,P25-27,P27,,False,3,P27 LIN3-0A-b2-s1 AG6
20241112_rep04,plate_metadata/20241112_rep04_metadata,4,B11,2,11,5,r02c11f05,,27,LIN3-0A-b2-s1,6,P25-27,P27,,False,3,P27 LIN3-0A-b2-s1 AG6
20241112_rep04,plate_metadata/20241112_rep04_metadata,4,B11,2,11,6,r02c11f06,,27,LIN3-0A-b2-s1,6,P25-27,P27,,False,3,P27 LIN3-0A-b2-s1 AG6
20241112_rep04,plate_metadata/20241112_rep04_metadata,4,B11,2,11,7,r02c11f07,,27,LIN3-0A-b2-s1,6,P25-27,P27,,False,3,P27 LIN3-0A-b2-s1 AG6
20241112_rep04,plate_metadata/20241112_rep04_metadata,4,B11,2,11,8,r02c11f08,,27,LIN3-0A-b2-s1,6,P25-27,P27,,False,3,P27 LIN3-0A-b2-s1 AG6
20241112_rep04,plate_metadata/20241112_rep04_metadata,4,B11,2,11,9,r02c11f09,,27,LIN3-0A-b2-s1,6,P25-27,P27,,False,3,P27 LIN3-0A-b2-s1 AG6
20241112_rep04,plate_metadata/20241112_rep04_metadata,4,B11,2,11,10,r02c11f10,,27,LIN3-0A-b2-s1,6,P25-27,P27,,False,3,P27 LIN3-0A-b2-s1 AG6
20241112_rep04,plate_metadata/20241112_rep04_metadata,4,B11,2,11,11,r02c11f11,,27,LIN3-0A-b2-s1,6,P25-27,P27,,False,3,P27 LIN3-0A-b2-s1 AG6
20241112_rep04,plate_metadata/20241112_rep04_metadata,4,B11,2,11,12,r02c11f12,,27,LIN3-0A-b2-s1,6,P25-27,P27,,False,3,P27 LIN3-0A-b2-s1 AG6
20241112_rep04,plate_metadata/20241112_rep04_metadata,4,B11,2,11,13,r02c11f13,,27,LIN3-0A-b2-s1,6,P25-27,P27,,False,3,P27 LIN3-0A-b2-s1 AG6
20241112_rep04,plate_metadata/20241112_rep04_metadata,4,B11,2,11,14,r02c11f14,,27,LIN3-0A-b2-s1,6,P25-27,P27,,False,3,P27 LIN3-0A-b2-s1 AG6
20241112_rep04,plate_metadata/20241112_rep04_metadata,4,B11,2,11,15,r02c11f15,,27,LIN3-0A-b2-s1,6,P25-27,P27,,False,3,P27 LIN3-0A-b2-s1 AG6
20241112_rep04,plate_metadata/20241112_rep04_metadata,4,B11,2,11,16,r02c11f16,,27,LIN3-0A-b2-s1,6,P25-27,P27,,False,3,P27 LIN3-0A-b2-s1 AG6
20241112_rep04,plate_metadata/20241112_rep04_metadata,4,B11,2,11,17,r02c11f17,,27,LIN3-0A-b2-s1,6,P25-27,P27,,False,3,P27 LIN3-0A-b2-s1 AG6
20241112_rep04,plate_metadata/20241112_rep04_metadata,4,B11,2,11,18,r02c11f18,,27,LIN3-0A-b2-s1,6,P25-27,P27,,False,3,P27 LIN3-0A-b2-s1 AG6
20241112_rep04,plate_metadata/20241112_rep04_metadata,4,B11,2,11,19,r02c11f19,,27,LIN3-0A-b2-s1,6,P25-27,P27,,False,3,P27 LIN3-0A-b2-s1 AG6
20241112_rep04,plate_metadata/20241112_rep04_metadata,4,B11,2,11,20,r02c11f20,,27,LIN3-0A-b2-s1,6,P25-27,P27,,False,3,P27 LIN3-0A-b2-s1 AG6
20241112_rep04,plate_metadata/20241112_rep04_metadata,4,B11,2,11,21,r02c11f21,,27,LIN3-0A-b2-s1,6,P25-27,P27,,False,3,P27 LIN3-0A-b2-s1 AG6
20241112_rep04,plate_metadata/20241112_rep04_metadata,4,B11,2,11,22,r02c11f22,,27,LIN3-0A-b2-s1,6,P25-27,P27,,False,3,P27 LIN3-0A-b2-s1 AG6
20241112_rep04,plate_metadata/20241112_rep04_metadata,4,B11,2,11,23,r02c11f23,,27,LIN3-0A-b2-s1,6,P25-27,P27,,False,3,P27 LIN3-0A-b2-s1 AG6
20241112_rep04,plate_metadata/20241112_rep04_metadata,4,B11,2,11,24,r02c11f24,,27,LIN3-0A-b2-s1,6,P25-27,P27,,False,3,P27 LIN3-0A-b2-s1 AG6
20241112_rep04,plate_metadata/20241112_rep04_metadata,4,B11,2,11,25,r02c11f25,,27,LIN3-0A-b2-s1,6,P25-27,P27,,False,3,P27 LIN3-0A-b2-s1 AG6
20241112_rep04,plate_metadata/20241112_rep04_metadata,4,B11,2,11,26,r02c11f26,,27,LIN3-0A-b2-s1,6,P25-27,P27,,False,3,P27 LIN3-0A-b2-s1 AG6
20241112_rep04,plate_metadata/20241112_rep04_metadata,4,B11,2,11,27,r02c11f27,,27,LIN3-0A-b2-s1,6,P25-27,P27,,False,3,P27 LIN3-0A-b2-s1 AG6
20241112_rep04,plate_metadata/20241112_rep04_metadata,4,B11,2,11,28,r02c11f28,,27,LIN3-0A-b2-s1,6,P25-27,P27,,False,3,P27 LIN3-0A-b2-s1 AG6
20241112_rep04,plate_metadata/20241112_rep04_metadata,4,B11,2,11,29,r02c11f29,,27,LIN3-0A-b2-s1,6,P25-27,P27,,False,3,P27 LIN3-0A-b2-s1 AG6
20241112_rep04,plate_metadata/20241112_rep04_metadata,4,B11,2,11,30,r02c11f30,,27,LIN3-0A-b2-s1,6,P25-27,P27,,False,3,P27 LIN3-0A-b2-s1 AG6
20241112_rep04,plate_metadata/20241112_rep04_metadata,4,B11,2,11,31,r02c11f31,,27,LIN3-0A-b2-s1,6,P25-27,P27,,False,3,P27 LIN3-0A-b2-s1 AG6
20241112_rep04,plate_metadata/20241112_rep04_metadata,4,B11,2,11,32,r02c11f32,,27,LIN3-0A-b2-s1,6,P25-27,P27,,False,3,P27 LIN3-0A-b2-s1 AG6
20241112_rep04,plate_metadata/20241112_rep04_metadata,4,B11,2,11,33,r02c11f33,,27,LIN3-0A-b2-s1,6,P25-27,P27,,False,3,P27 LIN3-0A-b2-s1 AG6
20241112_rep04,plate_metadata/20241112_rep04_metadata,4,B11,2,11,34,r02c11f34,,27,LIN3-0A-b2-s1,6,P25-27,P27,,False,3,P27 LIN3-0A-b2-s1 AG6
20241112_rep04,plate_metadata/20241112_rep04_metadata,4,B11,2,11,35,r02c11f35,,27,LIN3-0A-b2-s1,6,P25-27,P27,,False,3,P27 LIN3-0A-b2-s1 AG6
20241112_rep04,plate_metadata/20241112_rep04_metadata,4,B11,2,11,36,r02c11f36,,27,LIN3-0A-b2-s1,6,P25-27,P27,,False,3,P27 LIN3-0A-b2-s1 AG6
20241112_rep04,plate_metadata/20241112_rep04_metadata,4,B11,2,11,37,r02c11f37,,27,LIN3-0A-b2-s1,6,P25-27,P27,,False,3,P27 LIN3-0A-b2-s1 AG6
20241112_rep04,plate_metadata/20241112_rep04_metadata,4,B11,2,11,38,r02c11f38,,27,LIN3-0A-b2-s1,6,P25-27,P27,,False,3,P27 LIN3-0A-b2-s1 AG6
20241112_rep04,plate_metadata/20241112_rep04_metadata,4,B11,2,11,39,r02c11f39,,27,LIN3-0A-b2-s1,6,P25-27,P27,,False,3,P27 LIN3-0A-b2-s1 AG6
20241112_rep04,plate_metadata/20241112_rep04_metadata,4,B11,2,11,40,r02c11f40,,27,LIN3-0A-b2-s1,6,P25-27,P27,,False,3,P27 LIN3-0A-b2-s1 AG6
20241112_rep04,plate_metadata/20241112_rep04_metadata,4,C02,3,2,1,r03c02f01,MitoRed,27,LIN3-0A-b2-s1,6,P25-27,P27,,False,3,P27 LIN3-0A-b2-s1 AG6
20241112_rep04,plate_metadata/20241112_rep04_metadata,4,C02,3,2,2,r03c02f02,MitoRed,27,LIN3-0A-b2-s1,6,P25-27,P27,,False,3,P27 LIN3-0A-b2-s1 AG6
20241112_rep04,plate_metadata/20241112_rep04_metadata,4,C02,3,2,3,r03c02f03,MitoRed,27,LIN3-0A-b2-s1,6,P25-27,P27,,False,3,P27 LIN3-0A-b2-s1 AG6
20241112_rep04,plate_metadata/20241112_rep04_metadata,4,C02,3,2,4,r03c02f04,MitoRed,27,LIN3-0A-b2-s1,6,P25-27,P27,,False,3,P27 LIN3-0A-b2-s1 AG6
20241112_rep04,plate_metadata/20241112_rep04_metadata,4,C02,3,2,5,r03c02f05,MitoRed,27,LIN3-0A-b2-s1,6,P25-27,P27,,False,3,P27 LIN3-0A-b2-s1 AG6
20241112_rep04,plate_metadata/20241112_rep04_metadata,4,C02,3,2,6,r03c02f06,MitoRed,27,LIN3-0A-b2-s1,6,P25-27,P27,,False,3,P27 LIN3-0A-b2-s1 AG6
20241112_rep04,plate_metadata/20241112_rep04_metadata,4,C02,3,2,7,r03c02f07,MitoRed,27,LIN3-0A-b2-s1,6,P25-27,P27,,False,3,P27 LIN3-0A-b2-s1 AG6
20241112_rep04,plate_metadata/20241112_rep04_metadata,4,C02,3,2,8,r03c02f08,MitoRed,27,LIN3-0A-b2-s1,6,P25-27,P27,,False,3,P27 LIN3-0A-b2-s1 AG6
20241112_rep04,plate_metadata/20241112_rep04_metadata,4,C02,3,2,9,r03c02f09,MitoRed,27,LIN3-0A-b2-s1,6,P25-27,P27,,False,3,P27 LIN3-0A-b2-s1 AG6
20241112_rep04,plate_metadata/20241112_rep04_metadata,4,C02,3,2,10,r03c02f10,MitoRed,27,LIN3-0A-b2-s1,6,P25-27,P27,,False,3,P27 LIN3-0A-b2-s1 AG6
20241112_rep04,plate_metadata/20241112_rep04_metadata,4,C02,3,2,11,r03c02f11,MitoRed,27,LIN3-0A-b2-s1,6,P25-27,P27,,False,3,P27 LIN3-0A-b2-s1 AG6
20241112_rep04,plate_metadata/20241112_rep04_metadata,4,C02,3,2,12,r03c02f12,MitoRed,27,LIN3-0A-b2-s1,6,P25-27,P27,,False,3,P27 LIN3-0A-b2-s1 AG6
20241112_rep04,plate_metadata/20241112_rep04_metadata,4,C02,3,2,13,r03c02f13,MitoRed,27,LIN3-0A-b2-s1,6,P25-27,P27,,False,3,P27 LIN3-0A-b2-s1 AG6
20241112_rep04,plate_metadata/20241112_rep04_metadata,4,C02,3,2,14,r03c02f14,MitoRed,27,LIN3-0A-b2-s1,6,P25-27,P27,,False,3,P27 LIN3-0A-b2-s1 AG6
20241112_rep04,plate_metadata/20241112_rep04_metadata,4,C02,3,2,15,r03c02f15,MitoRed,27,LIN3-0A-b2-s1,6,P25-27,P27,,False,3,P27 LIN3-0A-b2-s1 AG6
20241112_rep04,plate_metadata/20241112_rep04_metadata,4,C02,3,2,16,r03c02f16,MitoRed,27,LIN3-0A-b2-s1,6,P25-27,P27,,False,3,P27 LIN3-0A-b2-s1 AG6
20241112_rep04,plate_metadata/20241112_rep04_metadata,4,C02,3,2,17,r03c02f17,MitoRed,27,LIN3-0A-b2-s1,6,P25-27,P27,,False,3,P27 LIN3-0A-b2-s1 AG6
20241112_rep04,plate_metadata/20241112_rep04_metadata,4,C02,3,2,18,r03c02f18,MitoRed,27,LIN3-0A-b2-s1,6,P25-27,P27,,False,3,P27 LIN3-0A-b2-s1 AG6
20241112_rep04,plate_metadata/20241112_rep04_metadata,4,C02,3,2,19,r03c02f19,MitoRed,27,LIN3-0A-b2-s1,6,P25-27,P27,,False,3,P27 LIN3-0A-b2-s1 AG6
20241112_rep04,plate_metadata/20241112_rep04_metadata,4,C02,3,2,20,r03c02f20,MitoRed,27,LIN3-0A-b2-s1,6,P25-27,P27,,False,3,P27 LIN3-0A-b2-s1 AG6
20241112_rep04,plate_metadata/20241112_rep04_metadata,4,C02,3,2,21,r03c02f21,MitoRed,27,LIN3-0A-b2-s1,6,P25-27,P27,,False,3,P27 LIN3-0A-b2-s1 AG6
20241112_rep04,plate_metadata/20241112_rep04_metadata,4,C02,3,2,22,r03c02f22,MitoRed,27,LIN3-0A-b2-s1,6,P25-27,P27,,False,3,P27 LIN3-0A-b2-s1 AG6
20241112_rep04,plate_metadata/20241112_rep04_metadata,4,C02,3,2,23,r03c02f23,MitoRed,27,LIN3-0A-b2-s1,6,P25-27,P27,,False,3,P27 LIN3-0A-b2-s1 AG6
20241112_rep04,plate_metadata/20241112_rep04_metadata,4,C02,3,2,24,r03c02f24,MitoRed,27,LIN3-0A-b2-s1,6,P25-27,P27,,False,3,P27 LIN3-0A-b2-s1 AG6
20241112_rep04,plate_metadata/20241112_rep04_metadata,4,C02,3,2,25,r03c02f25,MitoRed,27,LIN3-0A-b2-s1,6,P25-27,P27,,False,3,P27 LIN3-0A-b2-s1 AG6
20241112_rep04,plate_metadata/20241112_rep04_metadata,4,C02,3,2,26,r03c02f26,MitoRed,27,LIN3-0A-b2-s1,6,P25-27,P27,,False,3,P27 LIN3-0A-b2-s1 AG6
20241112_rep04,plate_metadata/20241112_rep04_metadata,4,C02,3,2,27,r03c02f27,MitoRed,27,LIN3-0A-b2-s1,6,P25-27,P27,,False,3,P27 LIN3-0A-b2-s1 AG6
20241112_rep04,plate_metadata/20241112_rep04_metadata,4,C02,3,2,28,r03c02f28,MitoRed,27,LIN3-0A-b2-s1,6,P25-27,P27,,False,3,P27 LIN3-0A-b2-s1 AG6
20241112_rep04,plate_metadata/20241112_rep04_metadata,4,C02,3,2,29,r03c02f29,MitoRed,27,LIN3-0A-b2-s1,6,P25-27,P27,,False,3,P27 LIN3-0A-b2-s1 AG6
20241112_rep04,plate_metadata/20241112_rep04_metadata,4,C02,3,2,30,r03c02f30,MitoRed,27,LIN3-0A-b2-s1,6,P25-27,P27,,False,3,P27 LIN3-0A-b2-s1 AG6
20241112_rep04,plate_metadata/20241112_rep04_metadata,4,C02,3,2,31,r03c02f31,MitoRed,27,LIN3-0A-b2-s1,6,P25-27,P27,,False,3,P27 LIN3-0A-b2-s1 AG6
20241112_rep04,plate_metadata/20241112_rep04_metadata,4,C02,3,2,32,r03c02f32,MitoRed,27,LIN3-0A-b2-s1,6,P25-27,P27,,False,3,P27 LIN3-0A-b2-s1 AG6
20241112_rep04,plate_metadata/20241112_rep04_metadata,4,C02,3,2,33,r03c02f33,MitoRed,27,LIN3-0A-b2-s1,6,P25-27,P27,,False,3,P27 LIN3-0A-b2-s1 AG6
20241112_rep04,plate_metadata/20241112_rep04_metadata,4,C02,3,2,34,r03c02f34,MitoRed,27,LIN3-0A-b2-s1,6,P25-27,P27,,False,3,P27 LIN3-0A-b2-s1 AG6
20241112_rep04,plate_metadata/20241112_rep04_metadata,4,C02,3,2,35,r03c02f35,MitoRed,27,LIN3-0A-b2-s1,6,P25-27,P27,,False,3,P27 LIN3-0A-b2-s1 AG6
20241112_rep04,plate_metadata/20241112_rep04_metadata,4,C02,3,2,36,r03c02f36,MitoRed,27,LIN3-0A-b2-s1,6,P25-27,P27,,False,3,P27 LIN3-0A-b2-s1 AG6
20241112_rep04,plate_metadata/20241112_rep04_metadata,4,C02,3,2,37,r03c02f37,MitoRed,27,LIN3-0A-b2-s1,6,P25-27,P27,,False,3,P27 LIN3-0A-b2-s1 AG6
20241112_rep04,plate_metadata/20241112_rep04_metadata,4,C02,3,2,38,r03c02f38,MitoRed,27,LIN3-0A-b2-s1,6,P25-27,P27,,False,3,P27 LIN3-0A-b2-s1 AG6
20241112_rep04,plate_metadata/20241112_rep04_metadata,4,C02,3,2,39,r03c02f39,MitoRed,27,LIN3-0A-b2-s1,6,P25-27,P27,,False,3,P27 LIN3-0A-b2-s1 AG6
20241112_rep04,plate_metadata/20241112_rep04_metadata,4,C02,3,2,40,r03c02f40,MitoRed,27,LIN3-0A-b2-s1,6,P25-27,P27,,False,3,P27 LIN3-0A-b2-s1 AG6
20241112_rep04,plate_metadata/20241112_rep04_metadata,4,C03,3,3,1,r03c03f01,MitoRed,24,LIN3-0A-b2-s2-ss1,5,P22-24,P24,,False,3,P24 LIN3-0A-b2-s2-ss1 AG5
20241112_rep04,plate_metadata/20241112_rep04_metadata,4,C03,3,3,2,r03c03f02,MitoRed,24,LIN3-0A-b2-s2-ss1,5,P22-24,P24,,False,3,P24 LIN3-0A-b2-s2-ss1 AG5
20241112_rep04,plate_metadata/20241112_rep04_metadata,4,C03,3,3,3,r03c03f03,MitoRed,24,LIN3-0A-b2-s2-ss1,5,P22-24,P24,,False,3,P24 LIN3-0A-b2-s2-ss1 AG5
20241112_rep04,plate_metadata/20241112_rep04_metadata,4,C03,3,3,4,r03c03f04,MitoRed,24,LIN3-0A-b2-s2-ss1,5,P22-24,P24,,False,3,P24 LIN3-0A-b2-s2-ss1 AG5
20241112_rep04,plate_metadata/20241112_rep04_metadata,4,C03,3,3,5,r03c03f05,MitoRed,24,LIN3-0A-b2-s2-ss1,5,P22-24,P24,,False,3,P24 LIN3-0A-b2-s2-ss1 AG5
20241112_rep04,plate_metadata/20241112_rep04_metadata,4,C03,3,3,6,r03c03f06,MitoRed,24,LIN3-0A-b2-s2-ss1,5,P22-24,P24,,False,3,P24 LIN3-0A-b2-s2-ss1 AG5
20241112_rep04,plate_metadata/20241112_rep04_metadata,4,C03,3,3,7,r03c03f07,MitoRed,24,LIN3-0A-b2-s2-ss1,5,P22-24,P24,,False,3,P24 LIN3-0A-b2-s2-ss1 AG5
20241112_rep04,plate_metadata/20241112_rep04_metadata,4,C03,3,3,8,r03c03f08,MitoRed,24,LIN3-0A-b2-s2-ss1,5,P22-24,P24,,False,3,P24 LIN3-0A-b2-s2-ss1 AG5
20241112_rep04,plate_metadata/20241112_rep04_metadata,4,C03,3,3,9,r03c03f09,MitoRed,24,LIN3-0A-b2-s2-ss1,5,P22-24,P24,,False,3,P24 LIN3-0A-b2-s2-ss1 AG5
20241112_rep04,plate_metadata/20241112_rep04_metadata,4,C03,3,3,10,r03c03f10,MitoRed,24,LIN3-0A-b2-s2-ss1,5,P22-24,P24,,False,3,P24 LIN3-0A-b2-s2-ss1 AG5
20241112_rep04,plate_metadata/20241112_rep04_metadata,4,C03,3,3,11,r03c03f11,MitoRed,24,LIN3-0A-b2-s2-ss1,5,P22-24,P24,,False,3,P24 LIN3-0A-b2-s2-ss1 AG5
20241112_rep04,plate_metadata/20241112_rep04_metadata,4,C03,3,3,12,r03c03f12,MitoRed,24,LIN3-0A-b2-s2-ss1,5,P22-24,P24,,False,3,P24 LIN3-0A-b2-s2-ss1 AG5
20241112_rep04,plate_metadata/20241112_rep04_metadata,4,C03,3,3,13,r03c03f13,MitoRed,24,LIN3-0A-b2-s2-ss1,5,P22-24,P24,,False,3,P24 LIN3-0A-b2-s2-ss1 AG5
20241112_rep04,plate_metadata/20241112_rep04_metadata,4,C03,3,3,14,r03c03f14,MitoRed,24,LIN3-0A-b2-s2-ss1,5,P22-24,P24,,False,3,P24 LIN3-0A-b2-s2-ss1 AG5
20241112_rep04,plate_metadata/20241112_rep04_metadata,4,C03,3,3,15,r03c03f15,MitoRed,24,LIN3-0A-b2-s2-ss1,5,P22-24,P24,,False,3,P24 LIN3-0A-b2-s2-ss1 AG5
20241112_rep04,plate_metadata/20241112_rep04_metadata,4,C03,3,3,16,r03c03f16,MitoRed,24,LIN3-0A-b2-s2-ss1,5,P22-24,P24,,False,3,P24 LIN3-0A-b2-s2-ss1 AG5
20241112_rep04,plate_metadata/20241112_rep04_metadata,4,C03,3,3,17,r03c03f17,MitoRed,24,LIN3-0A-b2-s2-ss1,5,P22-24,P24,,False,3,P24 LIN3-0A-b2-s2-ss1 AG5
20241112_rep04,plate_metadata/20241112_rep04_metadata,4,C03,3,3,18,r03c03f18,MitoRed,24,LIN3-0A-b2-s2-ss1,5,P22-24,P24,,False,3,P24 LIN3-0A-b2-s2-ss1 AG5
20241112_rep04,plate_metadata/20241112_rep04_metadata,4,C03,3,3,19,r03c03f19,MitoRed,24,LIN3-0A-b2-s2-ss1,5,P22-24,P24,,False,3,P24 LIN3-0A-b2-s2-ss1 AG5
20241112_rep04,plate_metadata/20241112_rep04_metadata,4,C03,3,3,20,r03c03f20,MitoRed,24,LIN3-0A-b2-s2-ss1,5,P22-24,P24,,False,3,P24 LIN3-0A-b2-s2-ss1 AG5
20241112_rep04,plate_metadata/20241112_rep04_metadata,4,C03,3,3,21,r03c03f21,MitoRed,24,LIN3-0A-b2-s2-ss1,5,P22-24,P24,,False,3,P24 LIN3-0A-b2-s2-ss1 AG5
20241112_rep04,plate_metadata/20241112_rep04_metadata,4,C03,3,3,22,r03c03f22,MitoRed,24,LIN3-0A-b2-s2-ss1,5,P22-24,P24,,False,3,P24 LIN3-0A-b2-s2-ss1 AG5
20241112_rep04,plate_metadata/20241112_rep04_metadata,4,C03,3,3,23,r03c03f23,MitoRed,24,LIN3-0A-b2-s2-ss1,5,P22-24,P24,,False,3,P24 LIN3-0A-b2-s2-ss1 AG5
20241112_rep04,plate_metadata/20241112_rep04_metadata,4,C03,3,3,24,r03c03f24,MitoRed,24,LIN3-0A-b2-s2-ss1,5,P22-24,P24,,False,3,P24 LIN3-0A-b2-s2-ss1 AG5
20241112_rep04,plate_metadata/20241112_rep04_metadata,4,C03,3,3,25,r03c03f25,MitoRed,24,LIN3-0A-b2-s2-ss1,5,P22-24,P24,,False,3,P24 LIN3-0A-b2-s2-ss1 AG5
20241112_rep04,plate_metadata/20241112_rep04_metadata,4,C03,3,3,26,r03c03f26,MitoRed,24,LIN3-0A-b2-s2-ss1,5,P22-24,P24,,False,3,P24 LIN3-0A-b2-s2-ss1 AG5
20241112_rep04,plate_metadata/20241112_rep04_metadata,4,C03,3,3,27,r03c03f27,MitoRed,24,LIN3-0A-b2-s2-ss1,5,P22-24,P24,,False,3,P24 LIN3-0A-b2-s2-ss1 AG5
20241112_rep04,plate_metadata/20241112_rep04_metadata,4,C03,3,3,28,r03c03f28,MitoRed,24,LIN3-0A-b2-s2-ss1,5,P22-24,P24,,False,3,P24 LIN3-0A-b2-s2-ss1 AG5
20241112_rep04,plate_metadata/20241112_rep04_metadata,4,C03,3,3,29,r03c03f29,MitoRed,24,LIN3-0A-b2-s2-ss1,5,P22-24,P24,,False,3,P24 LIN3-0A-b2-s2-ss1 AG5
20241112_rep04,plate_metadata/20241112_rep04_metadata,4,C03,3,3,30,r03c03f30,MitoRed,24,LIN3-0A-b2-s2-ss1,5,P22-24,P24,,False,3,P24 LIN3-0A-b2-s2-ss1 AG5
20241112_rep04,plate_metadata/20241112_rep04_metadata,4,C03,3,3,31,r03c03f31,MitoRed,24,LIN3-0A-b2-s2-ss1,5,P22-24,P24,,False,3,P24 LIN3-0A-b2-s2-ss1 AG5
20241112_rep04,plate_metadata/20241112_rep04_metadata,4,C03,3,3,32,r03c03f32,MitoRed,24,LIN3-0A-b2-s2-ss1,5,P22-24,P24,,False,3,P24 LIN3-0A-b2-s2-ss1 AG5
20241112_rep04,plate_metadata/20241112_rep04_metadata,4,C03,3,3,33,r03c03f33,MitoRed,24,LIN3-0A-b2-s2-ss1,5,P22-24,P24,,False,3,P24 LIN3-0A-b2-s2-ss1 AG5
20241112_rep04,plate_metadata/20241112_rep04_metadata,4,C03,3,3,34,r03c03f34,MitoRed,24,LIN3-0A-b2-s2-ss1,5,P22-24,P24,,False,3,P24 LIN3-0A-b2-s2-ss1 AG5
20241112_rep04,plate_metadata/20241112_rep04_metadata,4,C03,3,3,35,r03c03f35,MitoRed,24,LIN3-0A-b2-s2-ss1,5,P22-24,P24,,False,3,P24 LIN3-0A-b2-s2-ss1 AG5
20241112_rep04,plate_metadata/20241112_rep04_metadata,4,C03,3,3,36,r03c03f36,MitoRed,24,LIN3-0A-b2-s2-ss1,5,P22-24,P24,,False,3,P24 LIN3-0A-b2-s2-ss1 AG5
20241112_rep04,plate_metadata/20241112_rep04_metadata,4,C03,3,3,37,r03c03f37,MitoRed,24,LIN3-0A-b2-s2-ss1,5,P22-24,P24,,False,3,P24 LIN3-0A-b2-s2-ss1 AG5
20241112_rep04,plate_metadata/20241112_rep04_metadata,4,C03,3,3,38,r03c03f38,MitoRed,24,LIN3-0A-b2-s2-ss1,5,P22-24,P24,,False,3,P24 LIN3-0A-b2-s2-ss1 AG5
20241112_rep04,plate_metadata/20241112_rep04_metadata,4,C03,3,3,39,r03c03f39,MitoRed,24,LIN3-0A-b2-s2-ss1,5,P22-24,P24,,False,3,P24 LIN3-0A-b2-s2-ss1 AG5
20241112_rep04,plate_metadata/20241112_rep04_metadata,4,C03,3,3,40,r03c03f40,MitoRed,24,LIN3-0A-b2-s2-ss1,5,P22-24,P24,,False,3,P24 LIN3-0A-b2-s2-ss1 AG5
20241112_rep04,plate_metadata/20241112_rep04_metadata,4,C04,3,4,1,r03c04f01,MitoRed,23,LIN6-0C-b1-s1,4,P22-24,P23,,False,6,P23 LIN6-0C-b1-s1 AG4
20241112_rep04,plate_metadata/20241112_rep04_metadata,4,C04,3,4,2,r03c04f02,MitoRed,23,LIN6-0C-b1-s1,4,P22-24,P23,,False,6,P23 LIN6-0C-b1-s1 AG4
20241112_rep04,plate_metadata/20241112_rep04_metadata,4,C04,3,4,3,r03c04f03,MitoRed,23,LIN6-0C-b1-s1,4,P22-24,P23,,False,6,P23 LIN6-0C-b1-s1 AG4
20241112_rep04,plate_metadata/20241112_rep04_metadata,4,C04,3,4,4,r03c04f04,MitoRed,23,LIN6-0C-b1-s1,4,P22-24,P23,,False,6,P23 LIN6-0C-b1-s1 AG4
20241112_rep04,plate_metadata/20241112_rep04_metadata,4,C04,3,4,5,r03c04f05,MitoRed,23,LIN6-0C-b1-s1,4,P22-24,P23,,False,6,P23 LIN6-0C-b1-s1 AG4
20241112_rep04,plate_metadata/20241112_rep04_metadata,4,C04,3,4,6,r03c04f06,MitoRed,23,LIN6-0C-b1-s1,4,P22-24,P23,,False,6,P23 LIN6-0C-b1-s1 AG4
20241112_rep04,plate_metadata/20241112_rep04_metadata,4,C04,3,4,7,r03c04f07,MitoRed,23,LIN6-0C-b1-s1,4,P22-24,P23,,False,6,P23 LIN6-0C-b1-s1 AG4
20241112_rep04,plate_metadata/20241112_rep04_metadata,4,C04,3,4,8,r03c04f08,MitoRed,23,LIN6-0C-b1-s1,4,P22-24,P23,,False,6,P23 LIN6-0C-b1-s1 AG4
20241112_rep04,plate_metadata/20241112_rep04_metadata,4,C04,3,4,9,r03c04f09,MitoRed,23,LIN6-0C-b1-s1,4,P22-24,P23,,False,6,P23 LIN6-0C-b1-s1 AG4
20241112_rep04,plate_metadata/20241112_rep04_metadata,4,C04,3,4,10,r03c04f10,MitoRed,23,LIN6-0C-b1-s1,4,P22-24,P23,,False,6,P23 LIN6-0C-b1-s1 AG4
20241112_rep04,plate_metadata/20241112_rep04_metadata,4,C04,3,4,11,r03c04f11,MitoRed,23,LIN6-0C-b1-s1,4,P22-24,P23,,False,6,P23 LIN6-0C-b1-s1 AG4
20241112_rep04,plate_metadata/20241112_rep04_metadata,4,C04,3,4,12,r03c04f12,MitoRed,23,LIN6-0C-b1-s1,4,P22-24,P23,,False,6,P23 LIN6-0C-b1-s1 AG4
20241112_rep04,plate_metadata/20241112_rep04_metadata,4,C04,3,4,13,r03c04f13,MitoRed,23,LIN6-0C-b1-s1,4,P22-24,P23,,False,6,P23 LIN6-0C-b1-s1 AG4
20241112_rep04,plate_metadata/20241112_rep04_metadata,4,C04,3,4,14,r03c04f14,MitoRed,23,LIN6-0C-b1-s1,4,P22-24,P23,,False,6,P23 LIN6-0C-b1-s1 AG4
20241112_rep04,plate_metadata/20241112_rep04_metadata,4,C04,3,4,15,r03c04f15,MitoRed,23,LIN6-0C-b1-s1,4,P22-24,P23,,False,6,P23 LIN6-0C-b1-s1 AG4
20241112_rep04,plate_metadata/20241112_rep04_metadata,4,C04,3,4,16,r03c04f16,MitoRed,23,LIN6-0C-b1-s1,4,P22-24,P23,,False,6,P23 LIN6-0C-b1-s1 AG4
20241112_rep04,plate_metadata/20241112_rep04_metadata,4,C04,3,4,17,r03c04f17,MitoRed,23,LIN6-0C-b1-s1,4,P22-24,P23,,False,6,P23 LIN6-0C-b1-s1 AG4
20241112_rep04,plate_metadata/20241112_rep04_metadata,4,C04,3,4,18,r03c04f18,MitoRed,23,LIN6-0C-b1-s1,4,P22-24,P23,,False,6,P23 LIN6-0C-b1-s1 AG4
20241112_rep04,plate_metadata/20241112_rep04_metadata,4,C04,3,4,19,r03c04f19,MitoRed,23,LIN6-0C-b1-s1,4,P22-24,P23,,False,6,P23 LIN6-0C-b1-s1 AG4
20241112_rep04,plate_metadata/20241112_rep04_metadata,4,C04,3,4,20,r03c04f20,MitoRed,23,LIN6-0C-b1-s1,4,P22-24,P23,,False,6,P23 LIN6-0C-b1-s1 AG4
20241112_rep04,plate_metadata/20241112_rep04_metadata,4,C04,3,4,21,r03c04f21,MitoRed,23,LIN6-0C-b1-s1,4,P22-24,P23,,False,6,P23 LIN6-0C-b1-s1 AG4
20241112_rep04,plate_metadata/20241112_rep04_metadata,4,C04,3,4,22,r03c04f22,MitoRed,23,LIN6-0C-b1-s1,4,P22-24,P23,,False,6,P23 LIN6-0C-b1-s1 AG4
20241112_rep04,plate_metadata/20241112_rep04_metadata,4,C04,3,4,23,r03c04f23,MitoRed,23,LIN6-0C-b1-s1,4,P22-24,P23,,False,6,P23 LIN6-0C-b1-s1 AG4
20241112_rep04,plate_metadata/20241112_rep04_metadata,4,C04,3,4,24,r03c04f24,MitoRed,23,LIN6-0C-b1-s1,4,P22-24,P23,,False,6,P23 LIN6-0C-b1-s1 AG4
20241112_rep04,plate_metadata/20241112_rep04_metadata,4,C04,3,4,25,r03c04f25,MitoRed,23,LIN6-0C-b1-s1,4,P22-24,P23,,False,6,P23 LIN6-0C-b1-s1 AG4
20241112_rep04,plate_metadata/20241112_rep04_metadata,4,C04,3,4,26,r03c04f26,MitoRed,23,LIN6-0C-b1-s1,4,P22-24,P23,,False,6,P23 LIN6-0C-b1-s1 AG4
20241112_rep04,plate_metadata/20241112_rep04_metadata,4,C04,3,4,27,r03c04f27,MitoRed,23,LIN6-0C-b1-s1,4,P22-24,P23,,False,6,P23 LIN6-0C-b1-s1 AG4
20241112_rep04,plate_metadata/20241112_rep04_metadata,4,C04,3,4,28,r03c04f28,MitoRed,23,LIN6-0C-b1-s1,4,P22-24,P23,,False,6,P23 LIN6-0C-b1-s1 AG4
20241112_rep04,plate_metadata/20241112_rep04_metadata,4,C04,3,4,29,r03c04f29,MitoRed,23,LIN6-0C-b1-s1,4,P22-24,P23,,False,6,P23 LIN6-0C-b1-s1 AG4
20241112_rep04,plate_metadata/20241112_rep04_metadata,4,C04,3,4,30,r03c04f30,MitoRed,23,LIN6-0C-b1-s1,4,P22-24,P23,,False,6,P23 LIN6-0C-b1-s1 AG4
20241112_rep04,plate_metadata/20241112_rep04_metadata,4,C04,3,4,31,r03c04f31,MitoRed,23,LIN6-0C-b1-s1,4,P22-24,P23,,False,6,P23 LIN6-0C-b1-s1 AG4
20241112_rep04,plate_metadata/20241112_rep04_metadata,4,C04,3,4,32,r03c04f32,MitoRed,23,LIN6-0C-b1-s1,4,P22-24,P23,,False,6,P23 LIN6-0C-b1-s1 AG4
20241112_rep04,plate_metadata/20241112_rep04_metadata,4,C04,3,4,33,r03c04f33,MitoRed,23,LIN6-0C-b1-s1,4,P22-24,P23,,False,6,P23 LIN6-0C-b1-s1 AG4
20241112_rep04,plate_metadata/20241112_rep04_metadata,4,C04,3,4,34,r03c04f34,MitoRed,23,LIN6-0C-b1-s1,4,P22-24,P23,,False,6,P23 LIN6-0C-b1-s1 AG4
20241112_rep04,plate_metadata/20241112_rep04_metadata,4,C04,3,4,35,r03c04f35,MitoRed,23,LIN6-0C-b1-s1,4,P22-24,P23,,False,6,P23 LIN6-0C-b1-s1 AG4
20241112_rep04,plate_metadata/20241112_rep04_metadata,4,C04,3,4,36,r03c04f36,MitoRed,23,LIN6-0C-b1-s1,4,P22-24,P23,,False,6,P23 LIN6-0C-b1-s1 AG4
20241112_rep04,plate_metadata/20241112_rep04_metadata,4,C04,3,4,37,r03c04f37,MitoRed,23,LIN6-0C-b1-s1,4,P22-24,P23,,False,6,P23 LIN6-0C-b1-s1 AG4
20241112_rep04,plate_metadata/20241112_rep04_metadata,4,C04,3,4,38,r03c04f38,MitoRed,23,LIN6-0C-b1-s1,4,P22-24,P23,,False,6,P23 LIN6-0C-b1-s1 AG4
20241112_rep04,plate_metadata/20241112_rep04_metadata,4,C04,3,4,39,r03c04f39,MitoRed,23,LIN6-0C-b1-s1,4,P22-24,P23,,False,6,P23 LIN6-0C-b1-s1 AG4
20241112_rep04,plate_metadata/20241112_rep04_metadata,4,C04,3,4,40,r03c04f40,MitoRed,23,LIN6-0C-b1-s1,4,P22-24,P23,,False,6,P23 LIN6-0C-b1-s1 AG4
20241112_rep04,plate_metadata/20241112_rep04_metadata,4,C05,3,5,1,r03c05f01,MitoRed,20,LIN7-0C-b3,3,P19-21,P20,,False,7,P20 LIN7-0C-b3 AG3
20241112_rep04,plate_metadata/20241112_rep04_metadata,4,C05,3,5,2,r03c05f02,MitoRed,20,LIN7-0C-b3,3,P19-21,P20,,False,7,P20 LIN7-0C-b3 AG3
20241112_rep04,plate_metadata/20241112_rep04_metadata,4,C05,3,5,3,r03c05f03,MitoRed,20,LIN7-0C-b3,3,P19-21,P20,,False,7,P20 LIN7-0C-b3 AG3
20241112_rep04,plate_metadata/20241112_rep04_metadata,4,C05,3,5,4,r03c05f04,MitoRed,20,LIN7-0C-b3,3,P19-21,P20,,False,7,P20 LIN7-0C-b3 AG3
20241112_rep04,plate_metadata/20241112_rep04_metadata,4,C05,3,5,5,r03c05f05,MitoRed,20,LIN7-0C-b3,3,P19-21,P20,,False,7,P20 LIN7-0C-b3 AG3
20241112_rep04,plate_metadata/20241112_rep04_metadata,4,C05,3,5,6,r03c05f06,MitoRed,20,LIN7-0C-b3,3,P19-21,P20,,False,7,P20 LIN7-0C-b3 AG3
20241112_rep04,plate_metadata/20241112_rep04_metadata,4,C05,3,5,7,r03c05f07,MitoRed,20,LIN7-0C-b3,3,P19-21,P20,,False,7,P20 LIN7-0C-b3 AG3
20241112_rep04,plate_metadata/20241112_rep04_metadata,4,C05,3,5,8,r03c05f08,MitoRed,20,LIN7-0C-b3,3,P19-21,P20,,False,7,P20 LIN7-0C-b3 AG3
20241112_rep04,plate_metadata/20241112_rep04_metadata,4,C05,3,5,9,r03c05f09,MitoRed,20,LIN7-0C-b3,3,P19-21,P20,,False,7,P20 LIN7-0C-b3 AG3
20241112_rep04,plate_metadata/20241112_rep04_metadata,4,C05,3,5,10,r03c05f10,MitoRed,20,LIN7-0C-b3,3,P19-21,P20,,False,7,P20 LIN7-0C-b3 AG3
20241112_rep04,plate_metadata/20241112_rep04_metadata,4,C05,3,5,11,r03c05f11,MitoRed,20,LIN7-0C-b3,3,P19-21,P20,,False,7,P20 LIN7-0C-b3 AG3
20241112_rep04,plate_metadata/20241112_rep04_metadata,4,C05,3,5,12,r03c05f12,MitoRed,20,LIN7-0C-b3,3,P19-21,P20,,False,7,P20 LIN7-0C-b3 AG3
20241112_rep04,plate_metadata/20241112_rep04_metadata,4,C05,3,5,13,r03c05f13,MitoRed,20,LIN7-0C-b3,3,P19-21,P20,,False,7,P20 LIN7-0C-b3 AG3
20241112_rep04,plate_metadata/20241112_rep04_metadata,4,C05,3,5,14,r03c05f14,MitoRed,20,LIN7-0C-b3,3,P19-21,P20,,False,7,P20 LIN7-0C-b3 AG3
20241112_rep04,plate_metadata/20241112_rep04_metadata,4,C05,3,5,15,r03c05f15,MitoRed,20,LIN7-0C-b3,3,P19-21,P20,,False,7,P20 LIN7-0C-b3 AG3
20241112_rep04,plate_metadata/20241112_rep04_metadata,4,C05,3,5,16,r03c05f16,MitoRed,20,LIN7-0C-b3,3,P19-21,P20,,False,7,P20 LIN7-0C-b3 AG3
20241112_rep04,plate_metadata/20241112_rep04_metadata,4,C05,3,5,17,r03c05f17,MitoRed,20,LIN7-0C-b3,3,P19-21,P20,,False,7,P20 LIN7-0C-b3 AG3
20241112_rep04,plate_metadata/20241112_rep04_metadata,4,C05,3,5,18,r03c05f18,MitoRed,20,LIN7-0C-b3,3,P19-21,P20,,False,7,P20 LIN7-0C-b3 AG3
20241112_rep04,plate_metadata/20241112_rep04_metadata,4,C05,3,5,19,r03c05f19,MitoRed,20,LIN7-0C-b3,3,P19-21,P20,,False,7,P20 LIN7-0C-b3 AG3
20241112_rep04,plate_metadata/20241112_rep04_metadata,4,C05,3,5,20,r03c05f20,MitoRed,20,LIN7-0C-b3,3,P19-21,P20,,False,7,P20 LIN7-0C-b3 AG3
20241112_rep04,plate_metadata/20241112_rep04_metadata,4,C05,3,5,21,r03c05f21,MitoRed,20,LIN7-0C-b3,3,P19-21,P20,,False,7,P20 LIN7-0C-b3 AG3
20241112_rep04,plate_metadata/20241112_rep04_metadata,4,C05,3,5,22,r03c05f22,MitoRed,20,LIN7-0C-b3,3,P19-21,P20,,False,7,P20 LIN7-0C-b3 AG3
20241112_rep04,plate_metadata/20241112_rep04_metadata,4,C05,3,5,23,r03c05f23,MitoRed,20,LIN7-0C-b3,3,P19-21,P20,,False,7,P20 LIN7-0C-b3 AG3
20241112_rep04,plate_metadata/20241112_rep04_metadata,4,C05,3,5,24,r03c05f24,MitoRed,20,LIN7-0C-b3,3,P19-21,P20,,False,7,P20 LIN7-0C-b3 AG3
20241112_rep04,plate_metadata/20241112_rep04_metadata,4,C05,3,5,25,r03c05f25,MitoRed,20,LIN7-0C-b3,3,P19-21,P20,,False,7,P20 LIN7-0C-b3 AG3
20241112_rep04,plate_metadata/20241112_rep04_metadata,4,C05,3,5,26,r03c05f26,MitoRed,20,LIN7-0C-b3,3,P19-21,P20,,False,7,P20 LIN7-0C-b3 AG3
20241112_rep04,plate_metadata/20241112_rep04_metadata,4,C05,3,5,27,r03c05f27,MitoRed,20,LIN7-0C-b3,3,P19-21,P20,,False,7,P20 LIN7-0C-b3 AG3
20241112_rep04,plate_metadata/20241112_rep04_metadata,4,C05,3,5,28,r03c05f28,MitoRed,20,LIN7-0C-b3,3,P19-21,P20,,False,7,P20 LIN7-0C-b3 AG3
20241112_rep04,plate_metadata/20241112_rep04_metadata,4,C05,3,5,29,r03c05f29,MitoRed,20,LIN7-0C-b3,3,P19-21,P20,,False,7,P20 LIN7-0C-b3 AG3
20241112_rep04,plate_metadata/20241112_rep04_metadata,4,C05,3,5,30,r03c05f30,MitoRed,20,LIN7-0C-b3,3,P19-21,P20,,False,7,P20 LIN7-0C-b3 AG3
20241112_rep04,plate_metadata/20241112_rep04_metadata,4,C05,3,5,31,r03c05f31,MitoRed,20,LIN7-0C-b3,3,P19-21,P20,,False,7,P20 LIN7-0C-b3 AG3
20241112_rep04,plate_metadata/20241112_rep04_metadata,4,C05,3,5,32,r03c05f32,MitoRed,20,LIN7-0C-b3,3,P19-21,P20,,False,7,P20 LIN7-0C-b3 AG3
20241112_rep04,plate_metadata/20241112_rep04_metadata,4,C05,3,5,33,r03c05f33,MitoRed,20,LIN7-0C-b3,3,P19-21,P20,,False,7,P20 LIN7-0C-b3 AG3
20241112_rep04,plate_metadata/20241112_rep04_metadata,4,C05,3,5,34,r03c05f34,MitoRed,20,LIN7-0C-b3,3,P19-21,P20,,False,7,P20 LIN7-0C-b3 AG3
20241112_rep04,plate_metadata/20241112_rep04_metadata,4,C05,3,5,35,r03c05f35,MitoRed,20,LIN7-0C-b3,3,P19-21,P20,,False,7,P20 LIN7-0C-b3 AG3
20241112_rep04,plate_metadata/20241112_rep04_metadata,4,C05,3,5,36,r03c05f36,MitoRed,20,LIN7-0C-b3,3,P19-21,P20,,False,7,P20 LIN7-0C-b3 AG3
20241112_rep04,plate_metadata/20241112_rep04_metadata,4,C05,3,5,37,r03c05f37,MitoRed,20,LIN7-0C-b3,3,P19-21,P20,,False,7,P20 LIN7-0C-b3 AG3
20241112_rep04,plate_metadata/20241112_rep04_metadata,4,C05,3,5,38,r03c05f38,MitoRed,20,LIN7-0C-b3,3,P19-21,P20,,False,7,P20 LIN7-0C-b3 AG3
20241112_rep04,plate_metadata/20241112_rep04_metadata,4,C05,3,5,39,r03c05f39,MitoRed,20,LIN7-0C-b3,3,P19-21,P20,,False,7,P20 LIN7-0C-b3 AG3
20241112_rep04,plate_metadata/20241112_rep04_metadata,4,C05,3,5,40,r03c05f40,MitoRed,20,LIN7-0C-b3,3,P19-21,P20,,False,7,P20 LIN7-0C-b3 AG3
20241112_rep04,plate_metadata/20241112_rep04_metadata,4,C06,3,6,1,r03c06f01,MitoRed,16,LIN8-0B-b2B-s1,2,P16-18,P16,,False,8,P16 LIN8-0B-b2B-s1 AG2
20241112_rep04,plate_metadata/20241112_rep04_metadata,4,C06,3,6,2,r03c06f02,MitoRed,16,LIN8-0B-b2B-s1,2,P16-18,P16,,False,8,P16 LIN8-0B-b2B-s1 AG2
20241112_rep04,plate_metadata/20241112_rep04_metadata,4,C06,3,6,3,r03c06f03,MitoRed,16,LIN8-0B-b2B-s1,2,P16-18,P16,,False,8,P16 LIN8-0B-b2B-s1 AG2
20241112_rep04,plate_metadata/20241112_rep04_metadata,4,C06,3,6,4,r03c06f04,MitoRed,16,LIN8-0B-b2B-s1,2,P16-18,P16,,False,8,P16 LIN8-0B-b2B-s1 AG2
20241112_rep04,plate_metadata/20241112_rep04_metadata,4,C06,3,6,5,r03c06f05,MitoRed,16,LIN8-0B-b2B-s1,2,P16-18,P16,,False,8,P16 LIN8-0B-b2B-s1 AG2
20241112_rep04,plate_metadata/20241112_rep04_metadata,4,C06,3,6,6,r03c06f06,MitoRed,16,LIN8-0B-b2B-s1,2,P16-18,P16,,False,8,P16 LIN8-0B-b2B-s1 AG2
20241112_rep04,plate_metadata/20241112_rep04_metadata,4,C06,3,6,7,r03c06f07,MitoRed,16,LIN8-0B-b2B-s1,2,P16-18,P16,,False,8,P16 LIN8-0B-b2B-s1 AG2
20241112_rep04,plate_metadata/20241112_rep04_metadata,4,C06,3,6,8,r03c06f08,MitoRed,16,LIN8-0B-b2B-s1,2,P16-18,P16,,False,8,P16 LIN8-0B-b2B-s1 AG2
20241112_rep04,plate_metadata/20241112_rep04_metadata,4,C06,3,6,9,r03c06f09,MitoRed,16,LIN8-0B-b2B-s1,2,P16-18,P16,,False,8,P16 LIN8-0B-b2B-s1 AG2
20241112_rep04,plate_metadata/20241112_rep04_metadata,4,C06,3,6,10,r03c06f10,MitoRed,16,LIN8-0B-b2B-s1,2,P16-18,P16,,False,8,P16 LIN8-0B-b2B-s1 AG2
20241112_rep04,plate_metadata/20241112_rep04_metadata,4,C06,3,6,11,r03c06f11,MitoRed,16,LIN8-0B-b2B-s1,2,P16-18,P16,,False,8,P16 LIN8-0B-b2B-s1 AG2
20241112_rep04,plate_metadata/20241112_rep04_metadata,4,C06,3,6,12,r03c06f12,MitoRed,16,LIN8-0B-b2B-s1,2,P16-18,P16,,False,8,P16 LIN8-0B-b2B-s1 AG2
20241112_rep04,plate_metadata/20241112_rep04_metadata,4,C06,3,6,13,r03c06f13,MitoRed,16,LIN8-0B-b2B-s1,2,P16-18,P16,,False,8,P16 LIN8-0B-b2B-s1 AG2
20241112_rep04,plate_metadata/20241112_rep04_metadata,4,C06,3,6,14,r03c06f14,MitoRed,16,LIN8-0B-b2B-s1,2,P16-18,P16,,False,8,P16 LIN8-0B-b2B-s1 AG2
20241112_rep04,plate_metadata/20241112_rep04_metadata,4,C06,3,6,15,r03c06f15,MitoRed,16,LIN8-0B-b2B-s1,2,P16-18,P16,,False,8,P16 LIN8-0B-b2B-s1 AG2
20241112_rep04,plate_metadata/20241112_rep04_metadata,4,C06,3,6,16,r03c06f16,MitoRed,16,LIN8-0B-b2B-s1,2,P16-18,P16,,False,8,P16 LIN8-0B-b2B-s1 AG2
20241112_rep04,plate_metadata/20241112_rep04_metadata,4,C06,3,6,17,r03c06f17,MitoRed,16,LIN8-0B-b2B-s1,2,P16-18,P16,,False,8,P16 LIN8-0B-b2B-s1 AG2
20241112_rep04,plate_metadata/20241112_rep04_metadata,4,C06,3,6,18,r03c06f18,MitoRed,16,LIN8-0B-b2B-s1,2,P16-18,P16,,False,8,P16 LIN8-0B-b2B-s1 AG2
20241112_rep04,plate_metadata/20241112_rep04_metadata,4,C06,3,6,19,r03c06f19,MitoRed,16,LIN8-0B-b2B-s1,2,P16-18,P16,,False,8,P16 LIN8-0B-b2B-s1 AG2
20241112_rep04,plate_metadata/20241112_rep04_metadata,4,C06,3,6,20,r03c06f20,MitoRed,16,LIN8-0B-b2B-s1,2,P16-18,P16,,False,8,P16 LIN8-0B-b2B-s1 AG2
20241112_rep04,plate_metadata/20241112_rep04_metadata,4,C06,3,6,21,r03c06f21,MitoRed,16,LIN8-0B-b2B-s1,2,P16-18,P16,,False,8,P16 LIN8-0B-b2B-s1 AG2
20241112_rep04,plate_metadata/20241112_rep04_metadata,4,C06,3,6,22,r03c06f22,MitoRed,16,LIN8-0B-b2B-s1,2,P16-18,P16,,False,8,P16 LIN8-0B-b2B-s1 AG2
20241112_rep04,plate_metadata/20241112_rep04_metadata,4,C06,3,6,23,r03c06f23,MitoRed,16,LIN8-0B-b2B-s1,2,P16-18,P16,,False,8,P16 LIN8-0B-b2B-s1 AG2
20241112_rep04,plate_metadata/20241112_rep04_metadata,4,C06,3,6,24,r03c06f24,MitoRed,16,LIN8-0B-b2B-s1,2,P16-18,P16,,False,8,P16 LIN8-0B-b2B-s1 AG2
20241112_rep04,plate_metadata/20241112_rep04_metadata,4,C06,3,6,25,r03c06f25,MitoRed,16,LIN8-0B-b2B-s1,2,P16-18,P16,,False,8,P16 LIN8-0B-b2B-s1 AG2
20241112_rep04,plate_metadata/20241112_rep04_metadata,4,C06,3,6,26,r03c06f26,MitoRed,16,LIN8-0B-b2B-s1,2,P16-18,P16,,False,8,P16 LIN8-0B-b2B-s1 AG2
20241112_rep04,plate_metadata/20241112_rep04_metadata,4,C06,3,6,27,r03c06f27,MitoRed,16,LIN8-0B-b2B-s1,2,P16-18,P16,,False,8,P16 LIN8-0B-b2B-s1 AG2
20241112_rep04,plate_metadata/20241112_rep04_metadata,4,C06,3,6,28,r03c06f28,MitoRed,16,LIN8-0B-b2B-s1,2,P16-18,P16,,False,8,P16 LIN8-0B-b2B-s1 AG2
20241112_rep04,plate_metadata/20241112_rep04_metadata,4,C06,3,6,29,r03c06f29,MitoRed,16,LIN8-0B-b2B-s1,2,P16-18,P16,,False,8,P16 LIN8-0B-b2B-s1 AG2
20241112_rep04,plate_metadata/20241112_rep04_metadata,4,C06,3,6,30,r03c06f30,MitoRed,16,LIN8-0B-b2B-s1,2,P16-18,P16,,False,8,P16 LIN8-0B-b2B-s1 AG2
20241112_rep04,plate_metadata/20241112_rep04_metadata,4,C06,3,6,31,r03c06f31,MitoRed,16,LIN8-0B-b2B-s1,2,P16-18,P16,,False,8,P16 LIN8-0B-b2B-s1 AG2
20241112_rep04,plate_metadata/20241112_rep04_metadata,4,C06,3,6,32,r03c06f32,MitoRed,16,LIN8-0B-b2B-s1,2,P16-18,P16,,False,8,P16 LIN8-0B-b2B-s1 AG2
20241112_rep04,plate_metadata/20241112_rep04_metadata,4,C06,3,6,33,r03c06f33,MitoRed,16,LIN8-0B-b2B-s1,2,P16-18,P16,,False,8,P16 LIN8-0B-b2B-s1 AG2
20241112_rep04,plate_metadata/20241112_rep04_metadata,4,C06,3,6,34,r03c06f34,MitoRed,16,LIN8-0B-b2B-s1,2,P16-18,P16,,False,8,P16 LIN8-0B-b2B-s1 AG2
20241112_rep04,plate_metadata/20241112_rep04_metadata,4,C06,3,6,35,r03c06f35,MitoRed,16,LIN8-0B-b2B-s1,2,P16-18,P16,,False,8,P16 LIN8-0B-b2B-s1 AG2
20241112_rep04,plate_metadata/20241112_rep04_metadata,4,C06,3,6,36,r03c06f36,MitoRed,16,LIN8-0B-b2B-s1,2,P16-18,P16,,False,8,P16 LIN8-0B-b2B-s1 AG2
20241112_rep04,plate_metadata/20241112_rep04_metadata,4,C06,3,6,37,r03c06f37,MitoRed,16,LIN8-0B-b2B-s1,2,P16-18,P16,,False,8,P16 LIN8-0B-b2B-s1 AG2
20241112_rep04,plate_metadata/20241112_rep04_metadata,4,C06,3,6,38,r03c06f38,MitoRed,16,LIN8-0B-b2B-s1,2,P16-18,P16,,False,8,P16 LIN8-0B-b2B-s1 AG2
20241112_rep04,plate_metadata/20241112_rep04_metadata,4,C06,3,6,39,r03c06f39,MitoRed,16,LIN8-0B-b2B-s1,2,P16-18,P16,,False,8,P16 LIN8-0B-b2B-s1 AG2
20241112_rep04,plate_metadata/20241112_rep04_metadata,4,C06,3,6,40,r03c06f40,MitoRed,16,LIN8-0B-b2B-s1,2,P16-18,P16,,False,8,P16 LIN8-0B-b2B-s1 AG2
20241112_rep04,plate_metadata/20241112_rep04_metadata,4,C07,3,7,1,r03c07f01,MitoRed,15,LIN9-0C-b2-s1,1,P13-15,P15,,False,9,P15 LIN9-0C-b2-s1 AG1
20241112_rep04,plate_metadata/20241112_rep04_metadata,4,C07,3,7,2,r03c07f02,MitoRed,15,LIN9-0C-b2-s1,1,P13-15,P15,,False,9,P15 LIN9-0C-b2-s1 AG1
20241112_rep04,plate_metadata/20241112_rep04_metadata,4,C07,3,7,3,r03c07f03,MitoRed,15,LIN9-0C-b2-s1,1,P13-15,P15,,False,9,P15 LIN9-0C-b2-s1 AG1
20241112_rep04,plate_metadata/20241112_rep04_metadata,4,C07,3,7,4,r03c07f04,MitoRed,15,LIN9-0C-b2-s1,1,P13-15,P15,,False,9,P15 LIN9-0C-b2-s1 AG1
20241112_rep04,plate_metadata/20241112_rep04_metadata,4,C07,3,7,5,r03c07f05,MitoRed,15,LIN9-0C-b2-s1,1,P13-15,P15,,False,9,P15 LIN9-0C-b2-s1 AG1
20241112_rep04,plate_metadata/20241112_rep04_metadata,4,C07,3,7,6,r03c07f06,MitoRed,15,LIN9-0C-b2-s1,1,P13-15,P15,,False,9,P15 LIN9-0C-b2-s1 AG1
20241112_rep04,plate_metadata/20241112_rep04_metadata,4,C07,3,7,7,r03c07f07,MitoRed,15,LIN9-0C-b2-s1,1,P13-15,P15,,False,9,P15 LIN9-0C-b2-s1 AG1
20241112_rep04,plate_metadata/20241112_rep04_metadata,4,C07,3,7,8,r03c07f08,MitoRed,15,LIN9-0C-b2-s1,1,P13-15,P15,,False,9,P15 LIN9-0C-b2-s1 AG1
20241112_rep04,plate_metadata/20241112_rep04_metadata,4,C07,3,7,9,r03c07f09,MitoRed,15,LIN9-0C-b2-s1,1,P13-15,P15,,False,9,P15 LIN9-0C-b2-s1 AG1
20241112_rep04,plate_metadata/20241112_rep04_metadata,4,C07,3,7,10,r03c07f10,MitoRed,15,LIN9-0C-b2-s1,1,P13-15,P15,,False,9,P15 LIN9-0C-b2-s1 AG1
20241112_rep04,plate_metadata/20241112_rep04_metadata,4,C07,3,7,11,r03c07f11,MitoRed,15,LIN9-0C-b2-s1,1,P13-15,P15,,False,9,P15 LIN9-0C-b2-s1 AG1
20241112_rep04,plate_metadata/20241112_rep04_metadata,4,C07,3,7,12,r03c07f12,MitoRed,15,LIN9-0C-b2-s1,1,P13-15,P15,,False,9,P15 LIN9-0C-b2-s1 AG1
20241112_rep04,plate_metadata/20241112_rep04_metadata,4,C07,3,7,13,r03c07f13,MitoRed,15,LIN9-0C-b2-s1,1,P13-15,P15,,False,9,P15 LIN9-0C-b2-s1 AG1
20241112_rep04,plate_metadata/20241112_rep04_metadata,4,C07,3,7,14,r03c07f14,MitoRed,15,LIN9-0C-b2-s1,1,P13-15,P15,,False,9,P15 LIN9-0C-b2-s1 AG1
20241112_rep04,plate_metadata/20241112_rep04_metadata,4,C07,3,7,15,r03c07f15,MitoRed,15,LIN9-0C-b2-s1,1,P13-15,P15,,False,9,P15 LIN9-0C-b2-s1 AG1
20241112_rep04,plate_metadata/20241112_rep04_metadata,4,C07,3,7,16,r03c07f16,MitoRed,15,LIN9-0C-b2-s1,1,P13-15,P15,,False,9,P15 LIN9-0C-b2-s1 AG1
20241112_rep04,plate_metadata/20241112_rep04_metadata,4,C07,3,7,17,r03c07f17,MitoRed,15,LIN9-0C-b2-s1,1,P13-15,P15,,False,9,P15 LIN9-0C-b2-s1 AG1
20241112_rep04,plate_metadata/20241112_rep04_metadata,4,C07,3,7,18,r03c07f18,MitoRed,15,LIN9-0C-b2-s1,1,P13-15,P15,,False,9,P15 LIN9-0C-b2-s1 AG1
20241112_rep04,plate_metadata/20241112_rep04_metadata,4,C07,3,7,19,r03c07f19,MitoRed,15,LIN9-0C-b2-s1,1,P13-15,P15,,False,9,P15 LIN9-0C-b2-s1 AG1
20241112_rep04,plate_metadata/20241112_rep04_metadata,4,C07,3,7,20,r03c07f20,MitoRed,15,LIN9-0C-b2-s1,1,P13-15,P15,,False,9,P15 LIN9-0C-b2-s1 AG1
20241112_rep04,plate_metadata/20241112_rep04_metadata,4,C07,3,7,21,r03c07f21,MitoRed,15,LIN9-0C-b2-s1,1,P13-15,P15,,False,9,P15 LIN9-0C-b2-s1 AG1
20241112_rep04,plate_metadata/20241112_rep04_metadata,4,C07,3,7,22,r03c07f22,MitoRed,15,LIN9-0C-b2-s1,1,P13-15,P15,,False,9,P15 LIN9-0C-b2-s1 AG1
20241112_rep04,plate_metadata/20241112_rep04_metadata,4,C07,3,7,23,r03c07f23,MitoRed,15,LIN9-0C-b2-s1,1,P13-15,P15,,False,9,P15 LIN9-0C-b2-s1 AG1
20241112_rep04,plate_metadata/20241112_rep04_metadata,4,C07,3,7,24,r03c07f24,MitoRed,15,LIN9-0C-b2-s1,1,P13-15,P15,,False,9,P15 LIN9-0C-b2-s1 AG1
20241112_rep04,plate_metadata/20241112_rep04_metadata,4,C07,3,7,25,r03c07f25,MitoRed,15,LIN9-0C-b2-s1,1,P13-15,P15,,False,9,P15 LIN9-0C-b2-s1 AG1
20241112_rep04,plate_metadata/20241112_rep04_metadata,4,C07,3,7,26,r03c07f26,MitoRed,15,LIN9-0C-b2-s1,1,P13-15,P15,,False,9,P15 LIN9-0C-b2-s1 AG1
20241112_rep04,plate_metadata/20241112_rep04_metadata,4,C07,3,7,27,r03c07f27,MitoRed,15,LIN9-0C-b2-s1,1,P13-15,P15,,False,9,P15 LIN9-0C-b2-s1 AG1
20241112_rep04,plate_metadata/20241112_rep04_metadata,4,C07,3,7,28,r03c07f28,MitoRed,15,LIN9-0C-b2-s1,1,P13-15,P15,,False,9,P15 LIN9-0C-b2-s1 AG1
20241112_rep04,plate_metadata/20241112_rep04_metadata,4,C07,3,7,29,r03c07f29,MitoRed,15,LIN9-0C-b2-s1,1,P13-15,P15,,False,9,P15 LIN9-0C-b2-s1 AG1
20241112_rep04,plate_metadata/20241112_rep04_metadata,4,C07,3,7,30,r03c07f30,MitoRed,15,LIN9-0C-b2-s1,1,P13-15,P15,,False,9,P15 LIN9-0C-b2-s1 AG1
20241112_rep04,plate_metadata/20241112_rep04_metadata,4,C07,3,7,31,r03c07f31,MitoRed,15,LIN9-0C-b2-s1,1,P13-15,P15,,False,9,P15 LIN9-0C-b2-s1 AG1
20241112_rep04,plate_metadata/20241112_rep04_metadata,4,C07,3,7,32,r03c07f32,MitoRed,15,LIN9-0C-b2-s1,1,P13-15,P15,,False,9,P15 LIN9-0C-b2-s1 AG1
20241112_rep04,plate_metadata/20241112_rep04_metadata,4,C07,3,7,33,r03c07f33,MitoRed,15,LIN9-0C-b2-s1,1,P13-15,P15,,False,9,P15 LIN9-0C-b2-s1 AG1
20241112_rep04,plate_metadata/20241112_rep04_metadata,4,C07,3,7,34,r03c07f34,MitoRed,15,LIN9-0C-b2-s1,1,P13-15,P15,,False,9,P15 LIN9-0C-b2-s1 AG1
20241112_rep04,plate_metadata/20241112_rep04_metadata,4,C07,3,7,35,r03c07f35,MitoRed,15,LIN9-0C-b2-s1,1,P13-15,P15,,False,9,P15 LIN9-0C-b2-s1 AG1
20241112_rep04,plate_metadata/20241112_rep04_metadata,4,C07,3,7,36,r03c07f36,MitoRed,15,LIN9-0C-b2-s1,1,P13-15,P15,,False,9,P15 LIN9-0C-b2-s1 AG1
20241112_rep04,plate_metadata/20241112_rep04_metadata,4,C07,3,7,37,r03c07f37,MitoRed,15,LIN9-0C-b2-s1,1,P13-15,P15,,False,9,P15 LIN9-0C-b2-s1 AG1
20241112_rep04,plate_metadata/20241112_rep04_metadata,4,C07,3,7,38,r03c07f38,MitoRed,15,LIN9-0C-b2-s1,1,P13-15,P15,,False,9,P15 LIN9-0C-b2-s1 AG1
20241112_rep04,plate_metadata/20241112_rep04_metadata,4,C07,3,7,39,r03c07f39,MitoRed,15,LIN9-0C-b2-s1,1,P13-15,P15,,False,9,P15 LIN9-0C-b2-s1 AG1
20241112_rep04,plate_metadata/20241112_rep04_metadata,4,C07,3,7,40,r03c07f40,MitoRed,15,LIN9-0C-b2-s1,1,P13-15,P15,,False,9,P15 LIN9-0C-b2-s1 AG1
20241112_rep04,plate_metadata/20241112_rep04_metadata,4,C08,3,8,1,r03c08f01,MitoRed,11,LIN10-0C-b4,0,P6-12,P11,,False,10,P11 LIN10-0C-b4 AG0
20241112_rep04,plate_metadata/20241112_rep04_metadata,4,C08,3,8,2,r03c08f02,MitoRed,11,LIN10-0C-b4,0,P6-12,P11,,False,10,P11 LIN10-0C-b4 AG0
20241112_rep04,plate_metadata/20241112_rep04_metadata,4,C08,3,8,3,r03c08f03,MitoRed,11,LIN10-0C-b4,0,P6-12,P11,,False,10,P11 LIN10-0C-b4 AG0
20241112_rep04,plate_metadata/20241112_rep04_metadata,4,C08,3,8,4,r03c08f04,MitoRed,11,LIN10-0C-b4,0,P6-12,P11,,False,10,P11 LIN10-0C-b4 AG0
20241112_rep04,plate_metadata/20241112_rep04_metadata,4,C08,3,8,5,r03c08f05,MitoRed,11,LIN10-0C-b4,0,P6-12,P11,,False,10,P11 LIN10-0C-b4 AG0
20241112_rep04,plate_metadata/20241112_rep04_metadata,4,C08,3,8,6,r03c08f06,MitoRed,11,LIN10-0C-b4,0,P6-12,P11,,False,10,P11 LIN10-0C-b4 AG0
20241112_rep04,plate_metadata/20241112_rep04_metadata,4,C08,3,8,7,r03c08f07,MitoRed,11,LIN10-0C-b4,0,P6-12,P11,,False,10,P11 LIN10-0C-b4 AG0
20241112_rep04,plate_metadata/20241112_rep04_metadata,4,C08,3,8,8,r03c08f08,MitoRed,11,LIN10-0C-b4,0,P6-12,P11,,False,10,P11 LIN10-0C-b4 AG0
20241112_rep04,plate_metadata/20241112_rep04_metadata,4,C08,3,8,9,r03c08f09,MitoRed,11,LIN10-0C-b4,0,P6-12,P11,,False,10,P11 LIN10-0C-b4 AG0
20241112_rep04,plate_metadata/20241112_rep04_metadata,4,C08,3,8,10,r03c08f10,MitoRed,11,LIN10-0C-b4,0,P6-12,P11,,False,10,P11 LIN10-0C-b4 AG0
20241112_rep04,plate_metadata/20241112_rep04_metadata,4,C08,3,8,11,r03c08f11,MitoRed,11,LIN10-0C-b4,0,P6-12,P11,,False,10,P11 LIN10-0C-b4 AG0
20241112_rep04,plate_metadata/20241112_rep04_metadata,4,C08,3,8,12,r03c08f12,MitoRed,11,LIN10-0C-b4,0,P6-12,P11,,False,10,P11 LIN10-0C-b4 AG0
20241112_rep04,plate_metadata/20241112_rep04_metadata,4,C08,3,8,13,r03c08f13,MitoRed,11,LIN10-0C-b4,0,P6-12,P11,,False,10,P11 LIN10-0C-b4 AG0
20241112_rep04,plate_metadata/20241112_rep04_metadata,4,C08,3,8,14,r03c08f14,MitoRed,11,LIN10-0C-b4,0,P6-12,P11,,False,10,P11 LIN10-0C-b4 AG0
20241112_rep04,plate_metadata/20241112_rep04_metadata,4,C08,3,8,15,r03c08f15,MitoRed,11,LIN10-0C-b4,0,P6-12,P11,,False,10,P11 LIN10-0C-b4 AG0
20241112_rep04,plate_metadata/20241112_rep04_metadata,4,C08,3,8,16,r03c08f16,MitoRed,11,LIN10-0C-b4,0,P6-12,P11,,False,10,P11 LIN10-0C-b4 AG0
20241112_rep04,plate_metadata/20241112_rep04_metadata,4,C08,3,8,17,r03c08f17,MitoRed,11,LIN10-0C-b4,0,P6-12,P11,,False,10,P11 LIN10-0C-b4 AG0
20241112_rep04,plate_metadata/20241112_rep04_metadata,4,C08,3,8,18,r03c08f18,MitoRed,11,LIN10-0C-b4,0,P6-12,P11,,False,10,P11 LIN10-0C-b4 AG0
20241112_rep04,plate_metadata/20241112_rep04_metadata,4,C08,3,8,19,r03c08f19,MitoRed,11,LIN10-0C-b4,0,P6-12,P11,,False,10,P11 LIN10-0C-b4 AG0
20241112_rep04,plate_metadata/20241112_rep04_metadata,4,C08,3,8,20,r03c08f20,MitoRed,11,LIN10-0C-b4,0,P6-12,P11,,False,10,P11 LIN10-0C-b4 AG0
20241112_rep04,plate_metadata/20241112_rep04_metadata,4,C08,3,8,21,r03c08f21,MitoRed,11,LIN10-0C-b4,0,P6-12,P11,,False,10,P11 LIN10-0C-b4 AG0
20241112_rep04,plate_metadata/20241112_rep04_metadata,4,C08,3,8,22,r03c08f22,MitoRed,11,LIN10-0C-b4,0,P6-12,P11,,False,10,P11 LIN10-0C-b4 AG0
20241112_rep04,plate_metadata/20241112_rep04_metadata,4,C08,3,8,23,r03c08f23,MitoRed,11,LIN10-0C-b4,0,P6-12,P11,,False,10,P11 LIN10-0C-b4 AG0
20241112_rep04,plate_metadata/20241112_rep04_metadata,4,C08,3,8,24,r03c08f24,MitoRed,11,LIN10-0C-b4,0,P6-12,P11,,False,10,P11 LIN10-0C-b4 AG0
20241112_rep04,plate_metadata/20241112_rep04_metadata,4,C08,3,8,25,r03c08f25,MitoRed,11,LIN10-0C-b4,0,P6-12,P11,,False,10,P11 LIN10-0C-b4 AG0
20241112_rep04,plate_metadata/20241112_rep04_metadata,4,C08,3,8,26,r03c08f26,MitoRed,11,LIN10-0C-b4,0,P6-12,P11,,False,10,P11 LIN10-0C-b4 AG0
20241112_rep04,plate_metadata/20241112_rep04_metadata,4,C08,3,8,27,r03c08f27,MitoRed,11,LIN10-0C-b4,0,P6-12,P11,,False,10,P11 LIN10-0C-b4 AG0
20241112_rep04,plate_metadata/20241112_rep04_metadata,4,C08,3,8,28,r03c08f28,MitoRed,11,LIN10-0C-b4,0,P6-12,P11,,False,10,P11 LIN10-0C-b4 AG0
20241112_rep04,plate_metadata/20241112_rep04_metadata,4,C08,3,8,29,r03c08f29,MitoRed,11,LIN10-0C-b4,0,P6-12,P11,,False,10,P11 LIN10-0C-b4 AG0
20241112_rep04,plate_metadata/20241112_rep04_metadata,4,C08,3,8,30,r03c08f30,MitoRed,11,LIN10-0C-b4,0,P6-12,P11,,False,10,P11 LIN10-0C-b4 AG0
20241112_rep04,plate_metadata/20241112_rep04_metadata,4,C08,3,8,31,r03c08f31,MitoRed,11,LIN10-0C-b4,0,P6-12,P11,,False,10,P11 LIN10-0C-b4 AG0
20241112_rep04,plate_metadata/20241112_rep04_metadata,4,C08,3,8,32,r03c08f32,MitoRed,11,LIN10-0C-b4,0,P6-12,P11,,False,10,P11 LIN10-0C-b4 AG0
20241112_rep04,plate_metadata/20241112_rep04_metadata,4,C08,3,8,33,r03c08f33,MitoRed,11,LIN10-0C-b4,0,P6-12,P11,,False,10,P11 LIN10-0C-b4 AG0
20241112_rep04,plate_metadata/20241112_rep04_metadata,4,C08,3,8,34,r03c08f34,MitoRed,11,LIN10-0C-b4,0,P6-12,P11,,False,10,P11 LIN10-0C-b4 AG0
20241112_rep04,plate_metadata/20241112_rep04_metadata,4,C08,3,8,35,r03c08f35,MitoRed,11,LIN10-0C-b4,0,P6-12,P11,,False,10,P11 LIN10-0C-b4 AG0
20241112_rep04,plate_metadata/20241112_rep04_metadata,4,C08,3,8,36,r03c08f36,MitoRed,11,LIN10-0C-b4,0,P6-12,P11,,False,10,P11 LIN10-0C-b4 AG0
20241112_rep04,plate_metadata/20241112_rep04_metadata,4,C08,3,8,37,r03c08f37,MitoRed,11,LIN10-0C-b4,0,P6-12,P11,,False,10,P11 LIN10-0C-b4 AG0
20241112_rep04,plate_metadata/20241112_rep04_metadata,4,C08,3,8,38,r03c08f38,MitoRed,11,LIN10-0C-b4,0,P6-12,P11,,False,10,P11 LIN10-0C-b4 AG0
20241112_rep04,plate_metadata/20241112_rep04_metadata,4,C08,3,8,39,r03c08f39,MitoRed,11,LIN10-0C-b4,0,P6-12,P11,,False,10,P11 LIN10-0C-b4 AG0
20241112_rep04,plate_metadata/20241112_rep04_metadata,4,C08,3,8,40,r03c08f40,MitoRed,11,LIN10-0C-b4,0,P6-12,P11,,False,10,P11 LIN10-0C-b4 AG0
20241112_rep04,plate_metadata/20241112_rep04_metadata,4,C10,3,10,1,r03c10f01,,15,LIN9-0C-b2-s1,1,P13-15,P15,,False,9,P15 LIN9-0C-b2-s1 AG1
20241112_rep04,plate_metadata/20241112_rep04_metadata,4,C10,3,10,2,r03c10f02,,15,LIN9-0C-b2-s1,1,P13-15,P15,,False,9,P15 LIN9-0C-b2-s1 AG1
20241112_rep04,plate_metadata/20241112_rep04_metadata,4,C10,3,10,3,r03c10f03,,15,LIN9-0C-b2-s1,1,P13-15,P15,,False,9,P15 LIN9-0C-b2-s1 AG1
20241112_rep04,plate_metadata/20241112_rep04_metadata,4,C10,3,10,4,r03c10f04,,15,LIN9-0C-b2-s1,1,P13-15,P15,,False,9,P15 LIN9-0C-b2-s1 AG1
20241112_rep04,plate_metadata/20241112_rep04_metadata,4,C10,3,10,5,r03c10f05,,15,LIN9-0C-b2-s1,1,P13-15,P15,,False,9,P15 LIN9-0C-b2-s1 AG1
20241112_rep04,plate_metadata/20241112_rep04_metadata,4,C10,3,10,6,r03c10f06,,15,LIN9-0C-b2-s1,1,P13-15,P15,,False,9,P15 LIN9-0C-b2-s1 AG1
20241112_rep04,plate_metadata/20241112_rep04_metadata,4,C10,3,10,7,r03c10f07,,15,LIN9-0C-b2-s1,1,P13-15,P15,,False,9,P15 LIN9-0C-b2-s1 AG1
20241112_rep04,plate_metadata/20241112_rep04_metadata,4,C10,3,10,8,r03c10f08,,15,LIN9-0C-b2-s1,1,P13-15,P15,,False,9,P15 LIN9-0C-b2-s1 AG1
20241112_rep04,plate_metadata/20241112_rep04_metadata,4,C10,3,10,9,r03c10f09,,15,LIN9-0C-b2-s1,1,P13-15,P15,,False,9,P15 LIN9-0C-b2-s1 AG1
20241112_rep04,plate_metadata/20241112_rep04_metadata,4,C10,3,10,10,r03c10f10,,15,LIN9-0C-b2-s1,1,P13-15,P15,,False,9,P15 LIN9-0C-b2-s1 AG1
20241112_rep04,plate_metadata/20241112_rep04_metadata,4,C10,3,10,11,r03c10f11,,15,LIN9-0C-b2-s1,1,P13-15,P15,,False,9,P15 LIN9-0C-b2-s1 AG1
20241112_rep04,plate_metadata/20241112_rep04_metadata,4,C10,3,10,12,r03c10f12,,15,LIN9-0C-b2-s1,1,P13-15,P15,,False,9,P15 LIN9-0C-b2-s1 AG1
20241112_rep04,plate_metadata/20241112_rep04_metadata,4,C10,3,10,13,r03c10f13,,15,LIN9-0C-b2-s1,1,P13-15,P15,,False,9,P15 LIN9-0C-b2-s1 AG1
20241112_rep04,plate_metadata/20241112_rep04_metadata,4,C10,3,10,14,r03c10f14,,15,LIN9-0C-b2-s1,1,P13-15,P15,,False,9,P15 LIN9-0C-b2-s1 AG1
20241112_rep04,plate_metadata/20241112_rep04_metadata,4,C10,3,10,15,r03c10f15,,15,LIN9-0C-b2-s1,1,P13-15,P15,,False,9,P15 LIN9-0C-b2-s1 AG1
20241112_rep04,plate_metadata/20241112_rep04_metadata,4,C10,3,10,16,r03c10f16,,15,LIN9-0C-b2-s1,1,P13-15,P15,,False,9,P15 LIN9-0C-b2-s1 AG1
20241112_rep04,plate_metadata/20241112_rep04_metadata,4,C10,3,10,17,r03c10f17,,15,LIN9-0C-b2-s1,1,P13-15,P15,,False,9,P15 LIN9-0C-b2-s1 AG1
20241112_rep04,plate_metadata/20241112_rep04_metadata,4,C10,3,10,18,r03c10f18,,15,LIN9-0C-b2-s1,1,P13-15,P15,,False,9,P15 LIN9-0C-b2-s1 AG1
20241112_rep04,plate_metadata/20241112_rep04_metadata,4,C10,3,10,19,r03c10f19,,15,LIN9-0C-b2-s1,1,P13-15,P15,,False,9,P15 LIN9-0C-b2-s1 AG1
20241112_rep04,plate_metadata/20241112_rep04_metadata,4,C10,3,10,20,r03c10f20,,15,LIN9-0C-b2-s1,1,P13-15,P15,,False,9,P15 LIN9-0C-b2-s1 AG1
20241112_rep04,plate_metadata/20241112_rep04_metadata,4,C10,3,10,21,r03c10f21,,15,LIN9-0C-b2-s1,1,P13-15,P15,,False,9,P15 LIN9-0C-b2-s1 AG1
20241112_rep04,plate_metadata/20241112_rep04_metadata,4,C10,3,10,22,r03c10f22,,15,LIN9-0C-b2-s1,1,P13-15,P15,,False,9,P15 LIN9-0C-b2-s1 AG1
20241112_rep04,plate_metadata/20241112_rep04_metadata,4,C10,3,10,23,r03c10f23,,15,LIN9-0C-b2-s1,1,P13-15,P15,,False,9,P15 LIN9-0C-b2-s1 AG1
20241112_rep04,plate_metadata/20241112_rep04_metadata,4,C10,3,10,24,r03c10f24,,15,LIN9-0C-b2-s1,1,P13-15,P15,,False,9,P15 LIN9-0C-b2-s1 AG1
20241112_rep04,plate_metadata/20241112_rep04_metadata,4,C10,3,10,25,r03c10f25,,15,LIN9-0C-b2-s1,1,P13-15,P15,,False,9,P15 LIN9-0C-b2-s1 AG1
20241112_rep04,plate_metadata/20241112_rep04_metadata,4,C10,3,10,26,r03c10f26,,15,LIN9-0C-b2-s1,1,P13-15,P15,,False,9,P15 LIN9-0C-b2-s1 AG1
20241112_rep04,plate_metadata/20241112_rep04_metadata,4,C10,3,10,27,r03c10f27,,15,LIN9-0C-b2-s1,1,P13-15,P15,,False,9,P15 LIN9-0C-b2-s1 AG1
20241112_rep04,plate_metadata/20241112_rep04_metadata,4,C10,3,10,28,r03c10f28,,15,LIN9-0C-b2-s1,1,P13-15,P15,,False,9,P15 LIN9-0C-b2-s1 AG1
20241112_rep04,plate_metadata/20241112_rep04_metadata,4,C10,3,10,29,r03c10f29,,15,LIN9-0C-b2-s1,1,P13-15,P15,,False,9,P15 LIN9-0C-b2-s1 AG1
20241112_rep04,plate_metadata/20241112_rep04_metadata,4,C10,3,10,30,r03c10f30,,15,LIN9-0C-b2-s1,1,P13-15,P15,,False,9,P15 LIN9-0C-b2-s1 AG1
20241112_rep04,plate_metadata/20241112_rep04_metadata,4,C10,3,10,31,r03c10f31,,15,LIN9-0C-b2-s1,1,P13-15,P15,,False,9,P15 LIN9-0C-b2-s1 AG1
20241112_rep04,plate_metadata/20241112_rep04_metadata,4,C10,3,10,32,r03c10f32,,15,LIN9-0C-b2-s1,1,P13-15,P15,,False,9,P15 LIN9-0C-b2-s1 AG1
20241112_rep04,plate_metadata/20241112_rep04_metadata,4,C10,3,10,33,r03c10f33,,15,LIN9-0C-b2-s1,1,P13-15,P15,,False,9,P15 LIN9-0C-b2-s1 AG1
20241112_rep04,plate_metadata/20241112_rep04_metadata,4,C10,3,10,34,r03c10f34,,15,LIN9-0C-b2-s1,1,P13-15,P15,,False,9,P15 LIN9-0C-b2-s1 AG1
20241112_rep04,plate_metadata/20241112_rep04_metadata,4,C10,3,10,35,r03c10f35,,15,LIN9-0C-b2-s1,1,P13-15,P15,,False,9,P15 LIN9-0C-b2-s1 AG1
20241112_rep04,plate_metadata/20241112_rep04_metadata,4,C10,3,10,36,r03c10f36,,15,LIN9-0C-b2-s1,1,P13-15,P15,,False,9,P15 LIN9-0C-b2-s1 AG1
20241112_rep04,plate_metadata/20241112_rep04_metadata,4,C10,3,10,37,r03c10f37,,15,LIN9-0C-b2-s1,1,P13-15,P15,,False,9,P15 LIN9-0C-b2-s1 AG1
20241112_rep04,plate_metadata/20241112_rep04_metadata,4,C10,3,10,38,r03c10f38,,15,LIN9-0C-b2-s1,1,P13-15,P15,,False,9,P15 LIN9-0C-b2-s1 AG1
20241112_rep04,plate_metadata/20241112_rep04_metadata,4,C10,3,10,39,r03c10f39,,15,LIN9-0C-b2-s1,1,P13-15,P15,,False,9,P15 LIN9-0C-b2-s1 AG1
20241112_rep04,plate_metadata/20241112_rep04_metadata,4,C10,3,10,40,r03c10f40,,15,LIN9-0C-b2-s1,1,P13-15,P15,,False,9,P15 LIN9-0C-b2-s1 AG1
20241112_rep04,plate_metadata/20241112_rep04_metadata,4,C11,3,11,1,r03c11f01,,27,LIN3-0A-b2-s1,6,P25-27,P27,,False,3,P27 LIN3-0A-b2-s1 AG6
20241112_rep04,plate_metadata/20241112_rep04_metadata,4,C11,3,11,2,r03c11f02,,27,LIN3-0A-b2-s1,6,P25-27,P27,,False,3,P27 LIN3-0A-b2-s1 AG6
20241112_rep04,plate_metadata/20241112_rep04_metadata,4,C11,3,11,3,r03c11f03,,27,LIN3-0A-b2-s1,6,P25-27,P27,,False,3,P27 LIN3-0A-b2-s1 AG6
20241112_rep04,plate_metadata/20241112_rep04_metadata,4,C11,3,11,4,r03c11f04,,27,LIN3-0A-b2-s1,6,P25-27,P27,,False,3,P27 LIN3-0A-b2-s1 AG6
20241112_rep04,plate_metadata/20241112_rep04_metadata,4,C11,3,11,5,r03c11f05,,27,LIN3-0A-b2-s1,6,P25-27,P27,,False,3,P27 LIN3-0A-b2-s1 AG6
20241112_rep04,plate_metadata/20241112_rep04_metadata,4,C11,3,11,6,r03c11f06,,27,LIN3-0A-b2-s1,6,P25-27,P27,,False,3,P27 LIN3-0A-b2-s1 AG6
20241112_rep04,plate_metadata/20241112_rep04_metadata,4,C11,3,11,7,r03c11f07,,27,LIN3-0A-b2-s1,6,P25-27,P27,,False,3,P27 LIN3-0A-b2-s1 AG6
20241112_rep04,plate_metadata/20241112_rep04_metadata,4,C11,3,11,8,r03c11f08,,27,LIN3-0A-b2-s1,6,P25-27,P27,,False,3,P27 LIN3-0A-b2-s1 AG6
20241112_rep04,plate_metadata/20241112_rep04_metadata,4,C11,3,11,9,r03c11f09,,27,LIN3-0A-b2-s1,6,P25-27,P27,,False,3,P27 LIN3-0A-b2-s1 AG6
20241112_rep04,plate_metadata/20241112_rep04_metadata,4,C11,3,11,10,r03c11f10,,27,LIN3-0A-b2-s1,6,P25-27,P27,,False,3,P27 LIN3-0A-b2-s1 AG6
20241112_rep04,plate_metadata/20241112_rep04_metadata,4,C11,3,11,11,r03c11f11,,27,LIN3-0A-b2-s1,6,P25-27,P27,,False,3,P27 LIN3-0A-b2-s1 AG6
20241112_rep04,plate_metadata/20241112_rep04_metadata,4,C11,3,11,12,r03c11f12,,27,LIN3-0A-b2-s1,6,P25-27,P27,,False,3,P27 LIN3-0A-b2-s1 AG6
20241112_rep04,plate_metadata/20241112_rep04_metadata,4,C11,3,11,13,r03c11f13,,27,LIN3-0A-b2-s1,6,P25-27,P27,,False,3,P27 LIN3-0A-b2-s1 AG6
20241112_rep04,plate_metadata/20241112_rep04_metadata,4,C11,3,11,14,r03c11f14,,27,LIN3-0A-b2-s1,6,P25-27,P27,,False,3,P27 LIN3-0A-b2-s1 AG6
20241112_rep04,plate_metadata/20241112_rep04_metadata,4,C11,3,11,15,r03c11f15,,27,LIN3-0A-b2-s1,6,P25-27,P27,,False,3,P27 LIN3-0A-b2-s1 AG6
20241112_rep04,plate_metadata/20241112_rep04_metadata,4,C11,3,11,16,r03c11f16,,27,LIN3-0A-b2-s1,6,P25-27,P27,,False,3,P27 LIN3-0A-b2-s1 AG6
20241112_rep04,plate_metadata/20241112_rep04_metadata,4,C11,3,11,17,r03c11f17,,27,LIN3-0A-b2-s1,6,P25-27,P27,,False,3,P27 LIN3-0A-b2-s1 AG6
20241112_rep04,plate_metadata/20241112_rep04_metadata,4,C11,3,11,18,r03c11f18,,27,LIN3-0A-b2-s1,6,P25-27,P27,,False,3,P27 LIN3-0A-b2-s1 AG6
20241112_rep04,plate_metadata/20241112_rep04_metadata,4,C11,3,11,19,r03c11f19,,27,LIN3-0A-b2-s1,6,P25-27,P27,,False,3,P27 LIN3-0A-b2-s1 AG6
20241112_rep04,plate_metadata/20241112_rep04_metadata,4,C11,3,11,20,r03c11f20,,27,LIN3-0A-b2-s1,6,P25-27,P27,,False,3,P27 LIN3-0A-b2-s1 AG6
20241112_rep04,plate_metadata/20241112_rep04_metadata,4,C11,3,11,21,r03c11f21,,27,LIN3-0A-b2-s1,6,P25-27,P27,,False,3,P27 LIN3-0A-b2-s1 AG6
20241112_rep04,plate_metadata/20241112_rep04_metadata,4,C11,3,11,22,r03c11f22,,27,LIN3-0A-b2-s1,6,P25-27,P27,,False,3,P27 LIN3-0A-b2-s1 AG6
20241112_rep04,plate_metadata/20241112_rep04_metadata,4,C11,3,11,23,r03c11f23,,27,LIN3-0A-b2-s1,6,P25-27,P27,,False,3,P27 LIN3-0A-b2-s1 AG6
20241112_rep04,plate_metadata/20241112_rep04_metadata,4,C11,3,11,24,r03c11f24,,27,LIN3-0A-b2-s1,6,P25-27,P27,,False,3,P27 LIN3-0A-b2-s1 AG6
20241112_rep04,plate_metadata/20241112_rep04_metadata,4,C11,3,11,25,r03c11f25,,27,LIN3-0A-b2-s1,6,P25-27,P27,,False,3,P27 LIN3-0A-b2-s1 AG6
20241112_rep04,plate_metadata/20241112_rep04_metadata,4,C11,3,11,26,r03c11f26,,27,LIN3-0A-b2-s1,6,P25-27,P27,,False,3,P27 LIN3-0A-b2-s1 AG6
20241112_rep04,plate_metadata/20241112_rep04_metadata,4,C11,3,11,27,r03c11f27,,27,LIN3-0A-b2-s1,6,P25-27,P27,,False,3,P27 LIN3-0A-b2-s1 AG6
20241112_rep04,plate_metadata/20241112_rep04_metadata,4,C11,3,11,28,r03c11f28,,27,LIN3-0A-b2-s1,6,P25-27,P27,,False,3,P27 LIN3-0A-b2-s1 AG6
20241112_rep04,plate_metadata/20241112_rep04_metadata,4,C11,3,11,29,r03c11f29,,27,LIN3-0A-b2-s1,6,P25-27,P27,,False,3,P27 LIN3-0A-b2-s1 AG6
20241112_rep04,plate_metadata/20241112_rep04_metadata,4,C11,3,11,30,r03c11f30,,27,LIN3-0A-b2-s1,6,P25-27,P27,,False,3,P27 LIN3-0A-b2-s1 AG6
20241112_rep04,plate_metadata/20241112_rep04_metadata,4,C11,3,11,31,r03c11f31,,27,LIN3-0A-b2-s1,6,P25-27,P27,,False,3,P27 LIN3-0A-b2-s1 AG6
20241112_rep04,plate_metadata/20241112_rep04_metadata,4,C11,3,11,32,r03c11f32,,27,LIN3-0A-b2-s1,6,P25-27,P27,,False,3,P27 LIN3-0A-b2-s1 AG6
20241112_rep04,plate_metadata/20241112_rep04_metadata,4,C11,3,11,33,r03c11f33,,27,LIN3-0A-b2-s1,6,P25-27,P27,,False,3,P27 LIN3-0A-b2-s1 AG6
20241112_rep04,plate_metadata/20241112_rep04_metadata,4,C11,3,11,34,r03c11f34,,27,LIN3-0A-b2-s1,6,P25-27,P27,,False,3,P27 LIN3-0A-b2-s1 AG6
20241112_rep04,plate_metadata/20241112_rep04_metadata,4,C11,3,11,35,r03c11f35,,27,LIN3-0A-b2-s1,6,P25-27,P27,,False,3,P27 LIN3-0A-b2-s1 AG6
20241112_rep04,plate_metadata/20241112_rep04_metadata,4,C11,3,11,36,r03c11f36,,27,LIN3-0A-b2-s1,6,P25-27,P27,,False,3,P27 LIN3-0A-b2-s1 AG6
20241112_rep04,plate_metadata/20241112_rep04_metadata,4,C11,3,11,37,r03c11f37,,27,LIN3-0A-b2-s1,6,P25-27,P27,,False,3,P27 LIN3-0A-b2-s1 AG6
20241112_rep04,plate_metadata/20241112_rep04_metadata,4,C11,3,11,38,r03c11f38,,27,LIN3-0A-b2-s1,6,P25-27,P27,,False,3,P27 LIN3-0A-b2-s1 AG6
20241112_rep04,plate_metadata/20241112_rep04_metadata,4,C11,3,11,39,r03c11f39,,27,LIN3-0A-b2-s1,6,P25-27,P27,,False,3,P27 LIN3-0A-b2-s1 AG6
20241112_rep04,plate_metadata/20241112_rep04_metadata,4,C11,3,11,40,r03c11f40,,27,LIN3-0A-b2-s1,6,P25-27,P27,,False,3,P27 LIN3-0A-b2-s1 AG6
20241112_rep04,plate_metadata/20241112_rep04_metadata,4,D02,4,2,1,r04c02f01,MitoRed,27,LIN3-0A-b2-s1,6,P25-27,P27,,False,3,P27 LIN3-0A-b2-s1 AG6
20241112_rep04,plate_metadata/20241112_rep04_metadata,4,D02,4,2,2,r04c02f02,MitoRed,27,LIN3-0A-b2-s1,6,P25-27,P27,,False,3,P27 LIN3-0A-b2-s1 AG6
20241112_rep04,plate_metadata/20241112_rep04_metadata,4,D02,4,2,3,r04c02f03,MitoRed,27,LIN3-0A-b2-s1,6,P25-27,P27,,False,3,P27 LIN3-0A-b2-s1 AG6
20241112_rep04,plate_metadata/20241112_rep04_metadata,4,D02,4,2,4,r04c02f04,MitoRed,27,LIN3-0A-b2-s1,6,P25-27,P27,,False,3,P27 LIN3-0A-b2-s1 AG6
20241112_rep04,plate_metadata/20241112_rep04_metadata,4,D02,4,2,5,r04c02f05,MitoRed,27,LIN3-0A-b2-s1,6,P25-27,P27,,False,3,P27 LIN3-0A-b2-s1 AG6
20241112_rep04,plate_metadata/20241112_rep04_metadata,4,D02,4,2,6,r04c02f06,MitoRed,27,LIN3-0A-b2-s1,6,P25-27,P27,,False,3,P27 LIN3-0A-b2-s1 AG6
20241112_rep04,plate_metadata/20241112_rep04_metadata,4,D02,4,2,7,r04c02f07,MitoRed,27,LIN3-0A-b2-s1,6,P25-27,P27,,False,3,P27 LIN3-0A-b2-s1 AG6
20241112_rep04,plate_metadata/20241112_rep04_metadata,4,D02,4,2,8,r04c02f08,MitoRed,27,LIN3-0A-b2-s1,6,P25-27,P27,,False,3,P27 LIN3-0A-b2-s1 AG6
20241112_rep04,plate_metadata/20241112_rep04_metadata,4,D02,4,2,9,r04c02f09,MitoRed,27,LIN3-0A-b2-s1,6,P25-27,P27,,False,3,P27 LIN3-0A-b2-s1 AG6
20241112_rep04,plate_metadata/20241112_rep04_metadata,4,D02,4,2,10,r04c02f10,MitoRed,27,LIN3-0A-b2-s1,6,P25-27,P27,,False,3,P27 LIN3-0A-b2-s1 AG6
20241112_rep04,plate_metadata/20241112_rep04_metadata,4,D02,4,2,11,r04c02f11,MitoRed,27,LIN3-0A-b2-s1,6,P25-27,P27,,False,3,P27 LIN3-0A-b2-s1 AG6
20241112_rep04,plate_metadata/20241112_rep04_metadata,4,D02,4,2,12,r04c02f12,MitoRed,27,LIN3-0A-b2-s1,6,P25-27,P27,,False,3,P27 LIN3-0A-b2-s1 AG6
20241112_rep04,plate_metadata/20241112_rep04_metadata,4,D02,4,2,13,r04c02f13,MitoRed,27,LIN3-0A-b2-s1,6,P25-27,P27,,False,3,P27 LIN3-0A-b2-s1 AG6
20241112_rep04,plate_metadata/20241112_rep04_metadata,4,D02,4,2,14,r04c02f14,MitoRed,27,LIN3-0A-b2-s1,6,P25-27,P27,,False,3,P27 LIN3-0A-b2-s1 AG6
20241112_rep04,plate_metadata/20241112_rep04_metadata,4,D02,4,2,15,r04c02f15,MitoRed,27,LIN3-0A-b2-s1,6,P25-27,P27,,False,3,P27 LIN3-0A-b2-s1 AG6
20241112_rep04,plate_metadata/20241112_rep04_metadata,4,D02,4,2,16,r04c02f16,MitoRed,27,LIN3-0A-b2-s1,6,P25-27,P27,,False,3,P27 LIN3-0A-b2-s1 AG6
20241112_rep04,plate_metadata/20241112_rep04_metadata,4,D02,4,2,17,r04c02f17,MitoRed,27,LIN3-0A-b2-s1,6,P25-27,P27,,False,3,P27 LIN3-0A-b2-s1 AG6
20241112_rep04,plate_metadata/20241112_rep04_metadata,4,D02,4,2,18,r04c02f18,MitoRed,27,LIN3-0A-b2-s1,6,P25-27,P27,,False,3,P27 LIN3-0A-b2-s1 AG6
20241112_rep04,plate_metadata/20241112_rep04_metadata,4,D02,4,2,19,r04c02f19,MitoRed,27,LIN3-0A-b2-s1,6,P25-27,P27,,False,3,P27 LIN3-0A-b2-s1 AG6
20241112_rep04,plate_metadata/20241112_rep04_metadata,4,D02,4,2,20,r04c02f20,MitoRed,27,LIN3-0A-b2-s1,6,P25-27,P27,,False,3,P27 LIN3-0A-b2-s1 AG6
20241112_rep04,plate_metadata/20241112_rep04_metadata,4,D02,4,2,21,r04c02f21,MitoRed,27,LIN3-0A-b2-s1,6,P25-27,P27,,False,3,P27 LIN3-0A-b2-s1 AG6
20241112_rep04,plate_metadata/20241112_rep04_metadata,4,D02,4,2,22,r04c02f22,MitoRed,27,LIN3-0A-b2-s1,6,P25-27,P27,,False,3,P27 LIN3-0A-b2-s1 AG6
20241112_rep04,plate_metadata/20241112_rep04_metadata,4,D02,4,2,23,r04c02f23,MitoRed,27,LIN3-0A-b2-s1,6,P25-27,P27,,False,3,P27 LIN3-0A-b2-s1 AG6
20241112_rep04,plate_metadata/20241112_rep04_metadata,4,D02,4,2,24,r04c02f24,MitoRed,27,LIN3-0A-b2-s1,6,P25-27,P27,,False,3,P27 LIN3-0A-b2-s1 AG6
20241112_rep04,plate_metadata/20241112_rep04_metadata,4,D02,4,2,25,r04c02f25,MitoRed,27,LIN3-0A-b2-s1,6,P25-27,P27,,False,3,P27 LIN3-0A-b2-s1 AG6
20241112_rep04,plate_metadata/20241112_rep04_metadata,4,D02,4,2,26,r04c02f26,MitoRed,27,LIN3-0A-b2-s1,6,P25-27,P27,,False,3,P27 LIN3-0A-b2-s1 AG6
20241112_rep04,plate_metadata/20241112_rep04_metadata,4,D02,4,2,27,r04c02f27,MitoRed,27,LIN3-0A-b2-s1,6,P25-27,P27,,False,3,P27 LIN3-0A-b2-s1 AG6
20241112_rep04,plate_metadata/20241112_rep04_metadata,4,D02,4,2,28,r04c02f28,MitoRed,27,LIN3-0A-b2-s1,6,P25-27,P27,,False,3,P27 LIN3-0A-b2-s1 AG6
20241112_rep04,plate_metadata/20241112_rep04_metadata,4,D02,4,2,29,r04c02f29,MitoRed,27,LIN3-0A-b2-s1,6,P25-27,P27,,False,3,P27 LIN3-0A-b2-s1 AG6
20241112_rep04,plate_metadata/20241112_rep04_metadata,4,D02,4,2,30,r04c02f30,MitoRed,27,LIN3-0A-b2-s1,6,P25-27,P27,,False,3,P27 LIN3-0A-b2-s1 AG6
20241112_rep04,plate_metadata/20241112_rep04_metadata,4,D02,4,2,31,r04c02f31,MitoRed,27,LIN3-0A-b2-s1,6,P25-27,P27,,False,3,P27 LIN3-0A-b2-s1 AG6
20241112_rep04,plate_metadata/20241112_rep04_metadata,4,D02,4,2,32,r04c02f32,MitoRed,27,LIN3-0A-b2-s1,6,P25-27,P27,,False,3,P27 LIN3-0A-b2-s1 AG6
20241112_rep04,plate_metadata/20241112_rep04_metadata,4,D02,4,2,33,r04c02f33,MitoRed,27,LIN3-0A-b2-s1,6,P25-27,P27,,False,3,P27 LIN3-0A-b2-s1 AG6
20241112_rep04,plate_metadata/20241112_rep04_metadata,4,D02,4,2,34,r04c02f34,MitoRed,27,LIN3-0A-b2-s1,6,P25-27,P27,,False,3,P27 LIN3-0A-b2-s1 AG6
20241112_rep04,plate_metadata/20241112_rep04_metadata,4,D02,4,2,35,r04c02f35,MitoRed,27,LIN3-0A-b2-s1,6,P25-27,P27,,False,3,P27 LIN3-0A-b2-s1 AG6
20241112_rep04,plate_metadata/20241112_rep04_metadata,4,D02,4,2,36,r04c02f36,MitoRed,27,LIN3-0A-b2-s1,6,P25-27,P27,,False,3,P27 LIN3-0A-b2-s1 AG6
20241112_rep04,plate_metadata/20241112_rep04_metadata,4,D02,4,2,37,r04c02f37,MitoRed,27,LIN3-0A-b2-s1,6,P25-27,P27,,False,3,P27 LIN3-0A-b2-s1 AG6
20241112_rep04,plate_metadata/20241112_rep04_metadata,4,D02,4,2,38,r04c02f38,MitoRed,27,LIN3-0A-b2-s1,6,P25-27,P27,,False,3,P27 LIN3-0A-b2-s1 AG6
20241112_rep04,plate_metadata/20241112_rep04_metadata,4,D02,4,2,39,r04c02f39,MitoRed,27,LIN3-0A-b2-s1,6,P25-27,P27,,False,3,P27 LIN3-0A-b2-s1 AG6
20241112_rep04,plate_metadata/20241112_rep04_metadata,4,D02,4,2,40,r04c02f40,MitoRed,27,LIN3-0A-b2-s1,6,P25-27,P27,,False,3,P27 LIN3-0A-b2-s1 AG6
20241112_rep04,plate_metadata/20241112_rep04_metadata,4,D03,4,3,1,r04c03f01,MitoRed,24,LIN3-0A-b2-s2-ss1,5,P22-24,P24,,False,3,P24 LIN3-0A-b2-s2-ss1 AG5
20241112_rep04,plate_metadata/20241112_rep04_metadata,4,D03,4,3,2,r04c03f02,MitoRed,24,LIN3-0A-b2-s2-ss1,5,P22-24,P24,,False,3,P24 LIN3-0A-b2-s2-ss1 AG5
20241112_rep04,plate_metadata/20241112_rep04_metadata,4,D03,4,3,3,r04c03f03,MitoRed,24,LIN3-0A-b2-s2-ss1,5,P22-24,P24,,False,3,P24 LIN3-0A-b2-s2-ss1 AG5
20241112_rep04,plate_metadata/20241112_rep04_metadata,4,D03,4,3,4,r04c03f04,MitoRed,24,LIN3-0A-b2-s2-ss1,5,P22-24,P24,,False,3,P24 LIN3-0A-b2-s2-ss1 AG5
20241112_rep04,plate_metadata/20241112_rep04_metadata,4,D03,4,3,5,r04c03f05,MitoRed,24,LIN3-0A-b2-s2-ss1,5,P22-24,P24,,False,3,P24 LIN3-0A-b2-s2-ss1 AG5
20241112_rep04,plate_metadata/20241112_rep04_metadata,4,D03,4,3,6,r04c03f06,MitoRed,24,LIN3-0A-b2-s2-ss1,5,P22-24,P24,,False,3,P24 LIN3-0A-b2-s2-ss1 AG5
20241112_rep04,plate_metadata/20241112_rep04_metadata,4,D03,4,3,7,r04c03f07,MitoRed,24,LIN3-0A-b2-s2-ss1,5,P22-24,P24,,False,3,P24 LIN3-0A-b2-s2-ss1 AG5
20241112_rep04,plate_metadata/20241112_rep04_metadata,4,D03,4,3,8,r04c03f08,MitoRed,24,LIN3-0A-b2-s2-ss1,5,P22-24,P24,,False,3,P24 LIN3-0A-b2-s2-ss1 AG5
20241112_rep04,plate_metadata/20241112_rep04_metadata,4,D03,4,3,9,r04c03f09,MitoRed,24,LIN3-0A-b2-s2-ss1,5,P22-24,P24,,False,3,P24 LIN3-0A-b2-s2-ss1 AG5
20241112_rep04,plate_metadata/20241112_rep04_metadata,4,D03,4,3,10,r04c03f10,MitoRed,24,LIN3-0A-b2-s2-ss1,5,P22-24,P24,,False,3,P24 LIN3-0A-b2-s2-ss1 AG5
20241112_rep04,plate_metadata/20241112_rep04_metadata,4,D03,4,3,11,r04c03f11,MitoRed,24,LIN3-0A-b2-s2-ss1,5,P22-24,P24,,False,3,P24 LIN3-0A-b2-s2-ss1 AG5
20241112_rep04,plate_metadata/20241112_rep04_metadata,4,D03,4,3,12,r04c03f12,MitoRed,24,LIN3-0A-b2-s2-ss1,5,P22-24,P24,,False,3,P24 LIN3-0A-b2-s2-ss1 AG5
20241112_rep04,plate_metadata/20241112_rep04_metadata,4,D03,4,3,13,r04c03f13,MitoRed,24,LIN3-0A-b2-s2-ss1,5,P22-24,P24,,False,3,P24 LIN3-0A-b2-s2-ss1 AG5
20241112_rep04,plate_metadata/20241112_rep04_metadata,4,D03,4,3,14,r04c03f14,MitoRed,24,LIN3-0A-b2-s2-ss1,5,P22-24,P24,,False,3,P24 LIN3-0A-b2-s2-ss1 AG5
20241112_rep04,plate_metadata/20241112_rep04_metadata,4,D03,4,3,15,r04c03f15,MitoRed,24,LIN3-0A-b2-s2-ss1,5,P22-24,P24,,False,3,P24 LIN3-0A-b2-s2-ss1 AG5
20241112_rep04,plate_metadata/20241112_rep04_metadata,4,D03,4,3,16,r04c03f16,MitoRed,24,LIN3-0A-b2-s2-ss1,5,P22-24,P24,,False,3,P24 LIN3-0A-b2-s2-ss1 AG5
20241112_rep04,plate_metadata/20241112_rep04_metadata,4,D03,4,3,17,r04c03f17,MitoRed,24,LIN3-0A-b2-s2-ss1,5,P22-24,P24,,False,3,P24 LIN3-0A-b2-s2-ss1 AG5
20241112_rep04,plate_metadata/20241112_rep04_metadata,4,D03,4,3,18,r04c03f18,MitoRed,24,LIN3-0A-b2-s2-ss1,5,P22-24,P24,,False,3,P24 LIN3-0A-b2-s2-ss1 AG5
20241112_rep04,plate_metadata/20241112_rep04_metadata,4,D03,4,3,19,r04c03f19,MitoRed,24,LIN3-0A-b2-s2-ss1,5,P22-24,P24,,False,3,P24 LIN3-0A-b2-s2-ss1 AG5
20241112_rep04,plate_metadata/20241112_rep04_metadata,4,D03,4,3,20,r04c03f20,MitoRed,24,LIN3-0A-b2-s2-ss1,5,P22-24,P24,,False,3,P24 LIN3-0A-b2-s2-ss1 AG5
20241112_rep04,plate_metadata/20241112_rep04_metadata,4,D03,4,3,21,r04c03f21,MitoRed,24,LIN3-0A-b2-s2-ss1,5,P22-24,P24,,False,3,P24 LIN3-0A-b2-s2-ss1 AG5
20241112_rep04,plate_metadata/20241112_rep04_metadata,4,D03,4,3,22,r04c03f22,MitoRed,24,LIN3-0A-b2-s2-ss1,5,P22-24,P24,,False,3,P24 LIN3-0A-b2-s2-ss1 AG5
20241112_rep04,plate_metadata/20241112_rep04_metadata,4,D03,4,3,23,r04c03f23,MitoRed,24,LIN3-0A-b2-s2-ss1,5,P22-24,P24,,False,3,P24 LIN3-0A-b2-s2-ss1 AG5
20241112_rep04,plate_metadata/20241112_rep04_metadata,4,D03,4,3,24,r04c03f24,MitoRed,24,LIN3-0A-b2-s2-ss1,5,P22-24,P24,,False,3,P24 LIN3-0A-b2-s2-ss1 AG5
20241112_rep04,plate_metadata/20241112_rep04_metadata,4,D03,4,3,25,r04c03f25,MitoRed,24,LIN3-0A-b2-s2-ss1,5,P22-24,P24,,False,3,P24 LIN3-0A-b2-s2-ss1 AG5
20241112_rep04,plate_metadata/20241112_rep04_metadata,4,D03,4,3,26,r04c03f26,MitoRed,24,LIN3-0A-b2-s2-ss1,5,P22-24,P24,,False,3,P24 LIN3-0A-b2-s2-ss1 AG5
20241112_rep04,plate_metadata/20241112_rep04_metadata,4,D03,4,3,27,r04c03f27,MitoRed,24,LIN3-0A-b2-s2-ss1,5,P22-24,P24,,False,3,P24 LIN3-0A-b2-s2-ss1 AG5
20241112_rep04,plate_metadata/20241112_rep04_metadata,4,D03,4,3,28,r04c03f28,MitoRed,24,LIN3-0A-b2-s2-ss1,5,P22-24,P24,,False,3,P24 LIN3-0A-b2-s2-ss1 AG5
20241112_rep04,plate_metadata/20241112_rep04_metadata,4,D03,4,3,29,r04c03f29,MitoRed,24,LIN3-0A-b2-s2-ss1,5,P22-24,P24,,False,3,P24 LIN3-0A-b2-s2-ss1 AG5
20241112_rep04,plate_metadata/20241112_rep04_metadata,4,D03,4,3,30,r04c03f30,MitoRed,24,LIN3-0A-b2-s2-ss1,5,P22-24,P24,,False,3,P24 LIN3-0A-b2-s2-ss1 AG5
20241112_rep04,plate_metadata/20241112_rep04_metadata,4,D03,4,3,31,r04c03f31,MitoRed,24,LIN3-0A-b2-s2-ss1,5,P22-24,P24,,False,3,P24 LIN3-0A-b2-s2-ss1 AG5
20241112_rep04,plate_metadata/20241112_rep04_metadata,4,D03,4,3,32,r04c03f32,MitoRed,24,LIN3-0A-b2-s2-ss1,5,P22-24,P24,,False,3,P24 LIN3-0A-b2-s2-ss1 AG5
20241112_rep04,plate_metadata/20241112_rep04_metadata,4,D03,4,3,33,r04c03f33,MitoRed,24,LIN3-0A-b2-s2-ss1,5,P22-24,P24,,False,3,P24 LIN3-0A-b2-s2-ss1 AG5
20241112_rep04,plate_metadata/20241112_rep04_metadata,4,D03,4,3,34,r04c03f34,MitoRed,24,LIN3-0A-b2-s2-ss1,5,P22-24,P24,,False,3,P24 LIN3-0A-b2-s2-ss1 AG5
20241112_rep04,plate_metadata/20241112_rep04_metadata,4,D03,4,3,35,r04c03f35,MitoRed,24,LIN3-0A-b2-s2-ss1,5,P22-24,P24,,False,3,P24 LIN3-0A-b2-s2-ss1 AG5
20241112_rep04,plate_metadata/20241112_rep04_metadata,4,D03,4,3,36,r04c03f36,MitoRed,24,LIN3-0A-b2-s2-ss1,5,P22-24,P24,,False,3,P24 LIN3-0A-b2-s2-ss1 AG5
20241112_rep04,plate_metadata/20241112_rep04_metadata,4,D03,4,3,37,r04c03f37,MitoRed,24,LIN3-0A-b2-s2-ss1,5,P22-24,P24,,False,3,P24 LIN3-0A-b2-s2-ss1 AG5
20241112_rep04,plate_metadata/20241112_rep04_metadata,4,D03,4,3,38,r04c03f38,MitoRed,24,LIN3-0A-b2-s2-ss1,5,P22-24,P24,,False,3,P24 LIN3-0A-b2-s2-ss1 AG5
20241112_rep04,plate_metadata/20241112_rep04_metadata,4,D03,4,3,39,r04c03f39,MitoRed,24,LIN3-0A-b2-s2-ss1,5,P22-24,P24,,False,3,P24 LIN3-0A-b2-s2-ss1 AG5
20241112_rep04,plate_metadata/20241112_rep04_metadata,4,D03,4,3,40,r04c03f40,MitoRed,24,LIN3-0A-b2-s2-ss1,5,P22-24,P24,,False,3,P24 LIN3-0A-b2-s2-ss1 AG5
20241112_rep04,plate_metadata/20241112_rep04_metadata,4,D04,4,4,1,r04c04f01,MitoRed,23,LIN6-0C-b1-s1,4,P22-24,P23,,False,6,P23 LIN6-0C-b1-s1 AG4
20241112_rep04,plate_metadata/20241112_rep04_metadata,4,D04,4,4,2,r04c04f02,MitoRed,23,LIN6-0C-b1-s1,4,P22-24,P23,,False,6,P23 LIN6-0C-b1-s1 AG4
20241112_rep04,plate_metadata/20241112_rep04_metadata,4,D04,4,4,3,r04c04f03,MitoRed,23,LIN6-0C-b1-s1,4,P22-24,P23,,False,6,P23 LIN6-0C-b1-s1 AG4
20241112_rep04,plate_metadata/20241112_rep04_metadata,4,D04,4,4,4,r04c04f04,MitoRed,23,LIN6-0C-b1-s1,4,P22-24,P23,,False,6,P23 LIN6-0C-b1-s1 AG4
20241112_rep04,plate_metadata/20241112_rep04_metadata,4,D04,4,4,5,r04c04f05,MitoRed,23,LIN6-0C-b1-s1,4,P22-24,P23,,False,6,P23 LIN6-0C-b1-s1 AG4
20241112_rep04,plate_metadata/20241112_rep04_metadata,4,D04,4,4,6,r04c04f06,MitoRed,23,LIN6-0C-b1-s1,4,P22-24,P23,,False,6,P23 LIN6-0C-b1-s1 AG4
20241112_rep04,plate_metadata/20241112_rep04_metadata,4,D04,4,4,7,r04c04f07,MitoRed,23,LIN6-0C-b1-s1,4,P22-24,P23,,False,6,P23 LIN6-0C-b1-s1 AG4
20241112_rep04,plate_metadata/20241112_rep04_metadata,4,D04,4,4,8,r04c04f08,MitoRed,23,LIN6-0C-b1-s1,4,P22-24,P23,,False,6,P23 LIN6-0C-b1-s1 AG4
20241112_rep04,plate_metadata/20241112_rep04_metadata,4,D04,4,4,9,r04c04f09,MitoRed,23,LIN6-0C-b1-s1,4,P22-24,P23,,False,6,P23 LIN6-0C-b1-s1 AG4
20241112_rep04,plate_metadata/20241112_rep04_metadata,4,D04,4,4,10,r04c04f10,MitoRed,23,LIN6-0C-b1-s1,4,P22-24,P23,,False,6,P23 LIN6-0C-b1-s1 AG4
20241112_rep04,plate_metadata/20241112_rep04_metadata,4,D04,4,4,11,r04c04f11,MitoRed,23,LIN6-0C-b1-s1,4,P22-24,P23,,False,6,P23 LIN6-0C-b1-s1 AG4
20241112_rep04,plate_metadata/20241112_rep04_metadata,4,D04,4,4,12,r04c04f12,MitoRed,23,LIN6-0C-b1-s1,4,P22-24,P23,,False,6,P23 LIN6-0C-b1-s1 AG4
20241112_rep04,plate_metadata/20241112_rep04_metadata,4,D04,4,4,13,r04c04f13,MitoRed,23,LIN6-0C-b1-s1,4,P22-24,P23,,False,6,P23 LIN6-0C-b1-s1 AG4
20241112_rep04,plate_metadata/20241112_rep04_metadata,4,D04,4,4,14,r04c04f14,MitoRed,23,LIN6-0C-b1-s1,4,P22-24,P23,,False,6,P23 LIN6-0C-b1-s1 AG4
20241112_rep04,plate_metadata/20241112_rep04_metadata,4,D04,4,4,15,r04c04f15,MitoRed,23,LIN6-0C-b1-s1,4,P22-24,P23,,False,6,P23 LIN6-0C-b1-s1 AG4
20241112_rep04,plate_metadata/20241112_rep04_metadata,4,D04,4,4,16,r04c04f16,MitoRed,23,LIN6-0C-b1-s1,4,P22-24,P23,,False,6,P23 LIN6-0C-b1-s1 AG4
20241112_rep04,plate_metadata/20241112_rep04_metadata,4,D04,4,4,17,r04c04f17,MitoRed,23,LIN6-0C-b1-s1,4,P22-24,P23,,False,6,P23 LIN6-0C-b1-s1 AG4
20241112_rep04,plate_metadata/20241112_rep04_metadata,4,D04,4,4,18,r04c04f18,MitoRed,23,LIN6-0C-b1-s1,4,P22-24,P23,,False,6,P23 LIN6-0C-b1-s1 AG4
20241112_rep04,plate_metadata/20241112_rep04_metadata,4,D04,4,4,19,r04c04f19,MitoRed,23,LIN6-0C-b1-s1,4,P22-24,P23,,False,6,P23 LIN6-0C-b1-s1 AG4
20241112_rep04,plate_metadata/20241112_rep04_metadata,4,D04,4,4,20,r04c04f20,MitoRed,23,LIN6-0C-b1-s1,4,P22-24,P23,,False,6,P23 LIN6-0C-b1-s1 AG4
20241112_rep04,plate_metadata/20241112_rep04_metadata,4,D04,4,4,21,r04c04f21,MitoRed,23,LIN6-0C-b1-s1,4,P22-24,P23,,False,6,P23 LIN6-0C-b1-s1 AG4
20241112_rep04,plate_metadata/20241112_rep04_metadata,4,D04,4,4,22,r04c04f22,MitoRed,23,LIN6-0C-b1-s1,4,P22-24,P23,,False,6,P23 LIN6-0C-b1-s1 AG4
20241112_rep04,plate_metadata/20241112_rep04_metadata,4,D04,4,4,23,r04c04f23,MitoRed,23,LIN6-0C-b1-s1,4,P22-24,P23,,False,6,P23 LIN6-0C-b1-s1 AG4
20241112_rep04,plate_metadata/20241112_rep04_metadata,4,D04,4,4,24,r04c04f24,MitoRed,23,LIN6-0C-b1-s1,4,P22-24,P23,,False,6,P23 LIN6-0C-b1-s1 AG4
20241112_rep04,plate_metadata/20241112_rep04_metadata,4,D04,4,4,25,r04c04f25,MitoRed,23,LIN6-0C-b1-s1,4,P22-24,P23,,False,6,P23 LIN6-0C-b1-s1 AG4
20241112_rep04,plate_metadata/20241112_rep04_metadata,4,D04,4,4,26,r04c04f26,MitoRed,23,LIN6-0C-b1-s1,4,P22-24,P23,,False,6,P23 LIN6-0C-b1-s1 AG4
20241112_rep04,plate_metadata/20241112_rep04_metadata,4,D04,4,4,27,r04c04f27,MitoRed,23,LIN6-0C-b1-s1,4,P22-24,P23,,False,6,P23 LIN6-0C-b1-s1 AG4
20241112_rep04,plate_metadata/20241112_rep04_metadata,4,D04,4,4,28,r04c04f28,MitoRed,23,LIN6-0C-b1-s1,4,P22-24,P23,,False,6,P23 LIN6-0C-b1-s1 AG4
20241112_rep04,plate_metadata/20241112_rep04_metadata,4,D04,4,4,29,r04c04f29,MitoRed,23,LIN6-0C-b1-s1,4,P22-24,P23,,False,6,P23 LIN6-0C-b1-s1 AG4
20241112_rep04,plate_metadata/20241112_rep04_metadata,4,D04,4,4,30,r04c04f30,MitoRed,23,LIN6-0C-b1-s1,4,P22-24,P23,,False,6,P23 LIN6-0C-b1-s1 AG4
20241112_rep04,plate_metadata/20241112_rep04_metadata,4,D04,4,4,31,r04c04f31,MitoRed,23,LIN6-0C-b1-s1,4,P22-24,P23,,False,6,P23 LIN6-0C-b1-s1 AG4
20241112_rep04,plate_metadata/20241112_rep04_metadata,4,D04,4,4,32,r04c04f32,MitoRed,23,LIN6-0C-b1-s1,4,P22-24,P23,,False,6,P23 LIN6-0C-b1-s1 AG4
20241112_rep04,plate_metadata/20241112_rep04_metadata,4,D04,4,4,33,r04c04f33,MitoRed,23,LIN6-0C-b1-s1,4,P22-24,P23,,False,6,P23 LIN6-0C-b1-s1 AG4
20241112_rep04,plate_metadata/20241112_rep04_metadata,4,D04,4,4,34,r04c04f34,MitoRed,23,LIN6-0C-b1-s1,4,P22-24,P23,,False,6,P23 LIN6-0C-b1-s1 AG4
20241112_rep04,plate_metadata/20241112_rep04_metadata,4,D04,4,4,35,r04c04f35,MitoRed,23,LIN6-0C-b1-s1,4,P22-24,P23,,False,6,P23 LIN6-0C-b1-s1 AG4
20241112_rep04,plate_metadata/20241112_rep04_metadata,4,D04,4,4,36,r04c04f36,MitoRed,23,LIN6-0C-b1-s1,4,P22-24,P23,,False,6,P23 LIN6-0C-b1-s1 AG4
20241112_rep04,plate_metadata/20241112_rep04_metadata,4,D04,4,4,37,r04c04f37,MitoRed,23,LIN6-0C-b1-s1,4,P22-24,P23,,False,6,P23 LIN6-0C-b1-s1 AG4
20241112_rep04,plate_metadata/20241112_rep04_metadata,4,D04,4,4,38,r04c04f38,MitoRed,23,LIN6-0C-b1-s1,4,P22-24,P23,,False,6,P23 LIN6-0C-b1-s1 AG4
20241112_rep04,plate_metadata/20241112_rep04_metadata,4,D04,4,4,39,r04c04f39,MitoRed,23,LIN6-0C-b1-s1,4,P22-24,P23,,False,6,P23 LIN6-0C-b1-s1 AG4
20241112_rep04,plate_metadata/20241112_rep04_metadata,4,D04,4,4,40,r04c04f40,MitoRed,23,LIN6-0C-b1-s1,4,P22-24,P23,,False,6,P23 LIN6-0C-b1-s1 AG4
20241112_rep04,plate_metadata/20241112_rep04_metadata,4,D05,4,5,1,r04c05f01,MitoRed,20,LIN7-0C-b3,3,P19-21,P20,,False,7,P20 LIN7-0C-b3 AG3
20241112_rep04,plate_metadata/20241112_rep04_metadata,4,D05,4,5,2,r04c05f02,MitoRed,20,LIN7-0C-b3,3,P19-21,P20,,False,7,P20 LIN7-0C-b3 AG3
20241112_rep04,plate_metadata/20241112_rep04_metadata,4,D05,4,5,3,r04c05f03,MitoRed,20,LIN7-0C-b3,3,P19-21,P20,,False,7,P20 LIN7-0C-b3 AG3
20241112_rep04,plate_metadata/20241112_rep04_metadata,4,D05,4,5,4,r04c05f04,MitoRed,20,LIN7-0C-b3,3,P19-21,P20,,False,7,P20 LIN7-0C-b3 AG3
20241112_rep04,plate_metadata/20241112_rep04_metadata,4,D05,4,5,5,r04c05f05,MitoRed,20,LIN7-0C-b3,3,P19-21,P20,,False,7,P20 LIN7-0C-b3 AG3
20241112_rep04,plate_metadata/20241112_rep04_metadata,4,D05,4,5,6,r04c05f06,MitoRed,20,LIN7-0C-b3,3,P19-21,P20,,False,7,P20 LIN7-0C-b3 AG3
20241112_rep04,plate_metadata/20241112_rep04_metadata,4,D05,4,5,7,r04c05f07,MitoRed,20,LIN7-0C-b3,3,P19-21,P20,,False,7,P20 LIN7-0C-b3 AG3
20241112_rep04,plate_metadata/20241112_rep04_metadata,4,D05,4,5,8,r04c05f08,MitoRed,20,LIN7-0C-b3,3,P19-21,P20,,False,7,P20 LIN7-0C-b3 AG3
20241112_rep04,plate_metadata/20241112_rep04_metadata,4,D05,4,5,9,r04c05f09,MitoRed,20,LIN7-0C-b3,3,P19-21,P20,,False,7,P20 LIN7-0C-b3 AG3
20241112_rep04,plate_metadata/20241112_rep04_metadata,4,D05,4,5,10,r04c05f10,MitoRed,20,LIN7-0C-b3,3,P19-21,P20,,False,7,P20 LIN7-0C-b3 AG3
20241112_rep04,plate_metadata/20241112_rep04_metadata,4,D05,4,5,11,r04c05f11,MitoRed,20,LIN7-0C-b3,3,P19-21,P20,,False,7,P20 LIN7-0C-b3 AG3
20241112_rep04,plate_metadata/20241112_rep04_metadata,4,D05,4,5,12,r04c05f12,MitoRed,20,LIN7-0C-b3,3,P19-21,P20,,False,7,P20 LIN7-0C-b3 AG3
20241112_rep04,plate_metadata/20241112_rep04_metadata,4,D05,4,5,13,r04c05f13,MitoRed,20,LIN7-0C-b3,3,P19-21,P20,,False,7,P20 LIN7-0C-b3 AG3
20241112_rep04,plate_metadata/20241112_rep04_metadata,4,D05,4,5,14,r04c05f14,MitoRed,20,LIN7-0C-b3,3,P19-21,P20,,False,7,P20 LIN7-0C-b3 AG3
20241112_rep04,plate_metadata/20241112_rep04_metadata,4,D05,4,5,15,r04c05f15,MitoRed,20,LIN7-0C-b3,3,P19-21,P20,,False,7,P20 LIN7-0C-b3 AG3
20241112_rep04,plate_metadata/20241112_rep04_metadata,4,D05,4,5,16,r04c05f16,MitoRed,20,LIN7-0C-b3,3,P19-21,P20,,False,7,P20 LIN7-0C-b3 AG3
20241112_rep04,plate_metadata/20241112_rep04_metadata,4,D05,4,5,17,r04c05f17,MitoRed,20,LIN7-0C-b3,3,P19-21,P20,,False,7,P20 LIN7-0C-b3 AG3
20241112_rep04,plate_metadata/20241112_rep04_metadata,4,D05,4,5,18,r04c05f18,MitoRed,20,LIN7-0C-b3,3,P19-21,P20,,False,7,P20 LIN7-0C-b3 AG3
20241112_rep04,plate_metadata/20241112_rep04_metadata,4,D05,4,5,19,r04c05f19,MitoRed,20,LIN7-0C-b3,3,P19-21,P20,,False,7,P20 LIN7-0C-b3 AG3
20241112_rep04,plate_metadata/20241112_rep04_metadata,4,D05,4,5,20,r04c05f20,MitoRed,20,LIN7-0C-b3,3,P19-21,P20,,False,7,P20 LIN7-0C-b3 AG3
20241112_rep04,plate_metadata/20241112_rep04_metadata,4,D05,4,5,21,r04c05f21,MitoRed,20,LIN7-0C-b3,3,P19-21,P20,,False,7,P20 LIN7-0C-b3 AG3
20241112_rep04,plate_metadata/20241112_rep04_metadata,4,D05,4,5,22,r04c05f22,MitoRed,20,LIN7-0C-b3,3,P19-21,P20,,False,7,P20 LIN7-0C-b3 AG3
20241112_rep04,plate_metadata/20241112_rep04_metadata,4,D05,4,5,23,r04c05f23,MitoRed,20,LIN7-0C-b3,3,P19-21,P20,,False,7,P20 LIN7-0C-b3 AG3
20241112_rep04,plate_metadata/20241112_rep04_metadata,4,D05,4,5,24,r04c05f24,MitoRed,20,LIN7-0C-b3,3,P19-21,P20,,False,7,P20 LIN7-0C-b3 AG3
20241112_rep04,plate_metadata/20241112_rep04_metadata,4,D05,4,5,25,r04c05f25,MitoRed,20,LIN7-0C-b3,3,P19-21,P20,,False,7,P20 LIN7-0C-b3 AG3
20241112_rep04,plate_metadata/20241112_rep04_metadata,4,D05,4,5,26,r04c05f26,MitoRed,20,LIN7-0C-b3,3,P19-21,P20,,False,7,P20 LIN7-0C-b3 AG3
20241112_rep04,plate_metadata/20241112_rep04_metadata,4,D05,4,5,27,r04c05f27,MitoRed,20,LIN7-0C-b3,3,P19-21,P20,,False,7,P20 LIN7-0C-b3 AG3
20241112_rep04,plate_metadata/20241112_rep04_metadata,4,D05,4,5,28,r04c05f28,MitoRed,20,LIN7-0C-b3,3,P19-21,P20,,False,7,P20 LIN7-0C-b3 AG3
20241112_rep04,plate_metadata/20241112_rep04_metadata,4,D05,4,5,29,r04c05f29,MitoRed,20,LIN7-0C-b3,3,P19-21,P20,,False,7,P20 LIN7-0C-b3 AG3
20241112_rep04,plate_metadata/20241112_rep04_metadata,4,D05,4,5,30,r04c05f30,MitoRed,20,LIN7-0C-b3,3,P19-21,P20,,False,7,P20 LIN7-0C-b3 AG3
20241112_rep04,plate_metadata/20241112_rep04_metadata,4,D05,4,5,31,r04c05f31,MitoRed,20,LIN7-0C-b3,3,P19-21,P20,,False,7,P20 LIN7-0C-b3 AG3
20241112_rep04,plate_metadata/20241112_rep04_metadata,4,D05,4,5,32,r04c05f32,MitoRed,20,LIN7-0C-b3,3,P19-21,P20,,False,7,P20 LIN7-0C-b3 AG3
20241112_rep04,plate_metadata/20241112_rep04_metadata,4,D05,4,5,33,r04c05f33,MitoRed,20,LIN7-0C-b3,3,P19-21,P20,,False,7,P20 LIN7-0C-b3 AG3
20241112_rep04,plate_metadata/20241112_rep04_metadata,4,D05,4,5,34,r04c05f34,MitoRed,20,LIN7-0C-b3,3,P19-21,P20,,False,7,P20 LIN7-0C-b3 AG3
20241112_rep04,plate_metadata/20241112_rep04_metadata,4,D05,4,5,35,r04c05f35,MitoRed,20,LIN7-0C-b3,3,P19-21,P20,,False,7,P20 LIN7-0C-b3 AG3
20241112_rep04,plate_metadata/20241112_rep04_metadata,4,D05,4,5,36,r04c05f36,MitoRed,20,LIN7-0C-b3,3,P19-21,P20,,False,7,P20 LIN7-0C-b3 AG3
20241112_rep04,plate_metadata/20241112_rep04_metadata,4,D05,4,5,37,r04c05f37,MitoRed,20,LIN7-0C-b3,3,P19-21,P20,,False,7,P20 LIN7-0C-b3 AG3
20241112_rep04,plate_metadata/20241112_rep04_metadata,4,D05,4,5,38,r04c05f38,MitoRed,20,LIN7-0C-b3,3,P19-21,P20,,False,7,P20 LIN7-0C-b3 AG3
20241112_rep04,plate_metadata/20241112_rep04_metadata,4,D05,4,5,39,r04c05f39,MitoRed,20,LIN7-0C-b3,3,P19-21,P20,,False,7,P20 LIN7-0C-b3 AG3
20241112_rep04,plate_metadata/20241112_rep04_metadata,4,D05,4,5,40,r04c05f40,MitoRed,20,LIN7-0C-b3,3,P19-21,P20,,False,7,P20 LIN7-0C-b3 AG3
20241112_rep04,plate_metadata/20241112_rep04_metadata,4,D06,4,6,1,r04c06f01,MitoRed,16,LIN8-0B-b2B-s1,2,P16-18,P16,,False,8,P16 LIN8-0B-b2B-s1 AG2
20241112_rep04,plate_metadata/20241112_rep04_metadata,4,D06,4,6,2,r04c06f02,MitoRed,16,LIN8-0B-b2B-s1,2,P16-18,P16,,False,8,P16 LIN8-0B-b2B-s1 AG2
20241112_rep04,plate_metadata/20241112_rep04_metadata,4,D06,4,6,3,r04c06f03,MitoRed,16,LIN8-0B-b2B-s1,2,P16-18,P16,,False,8,P16 LIN8-0B-b2B-s1 AG2
20241112_rep04,plate_metadata/20241112_rep04_metadata,4,D06,4,6,4,r04c06f04,MitoRed,16,LIN8-0B-b2B-s1,2,P16-18,P16,,False,8,P16 LIN8-0B-b2B-s1 AG2
20241112_rep04,plate_metadata/20241112_rep04_metadata,4,D06,4,6,5,r04c06f05,MitoRed,16,LIN8-0B-b2B-s1,2,P16-18,P16,,False,8,P16 LIN8-0B-b2B-s1 AG2
20241112_rep04,plate_metadata/20241112_rep04_metadata,4,D06,4,6,6,r04c06f06,MitoRed,16,LIN8-0B-b2B-s1,2,P16-18,P16,,False,8,P16 LIN8-0B-b2B-s1 AG2
20241112_rep04,plate_metadata/20241112_rep04_metadata,4,D06,4,6,7,r04c06f07,MitoRed,16,LIN8-0B-b2B-s1,2,P16-18,P16,,False,8,P16 LIN8-0B-b2B-s1 AG2
20241112_rep04,plate_metadata/20241112_rep04_metadata,4,D06,4,6,8,r04c06f08,MitoRed,16,LIN8-0B-b2B-s1,2,P16-18,P16,,False,8,P16 LIN8-0B-b2B-s1 AG2
20241112_rep04,plate_metadata/20241112_rep04_metadata,4,D06,4,6,9,r04c06f09,MitoRed,16,LIN8-0B-b2B-s1,2,P16-18,P16,,False,8,P16 LIN8-0B-b2B-s1 AG2
20241112_rep04,plate_metadata/20241112_rep04_metadata,4,D06,4,6,10,r04c06f10,MitoRed,16,LIN8-0B-b2B-s1,2,P16-18,P16,,False,8,P16 LIN8-0B-b2B-s1 AG2
20241112_rep04,plate_metadata/20241112_rep04_metadata,4,D06,4,6,11,r04c06f11,MitoRed,16,LIN8-0B-b2B-s1,2,P16-18,P16,,False,8,P16 LIN8-0B-b2B-s1 AG2
20241112_rep04,plate_metadata/20241112_rep04_metadata,4,D06,4,6,12,r04c06f12,MitoRed,16,LIN8-0B-b2B-s1,2,P16-18,P16,,False,8,P16 LIN8-0B-b2B-s1 AG2
20241112_rep04,plate_metadata/20241112_rep04_metadata,4,D06,4,6,13,r04c06f13,MitoRed,16,LIN8-0B-b2B-s1,2,P16-18,P16,,False,8,P16 LIN8-0B-b2B-s1 AG2
20241112_rep04,plate_metadata/20241112_rep04_metadata,4,D06,4,6,14,r04c06f14,MitoRed,16,LIN8-0B-b2B-s1,2,P16-18,P16,,False,8,P16 LIN8-0B-b2B-s1 AG2
20241112_rep04,plate_metadata/20241112_rep04_metadata,4,D06,4,6,15,r04c06f15,MitoRed,16,LIN8-0B-b2B-s1,2,P16-18,P16,,False,8,P16 LIN8-0B-b2B-s1 AG2
20241112_rep04,plate_metadata/20241112_rep04_metadata,4,D06,4,6,16,r04c06f16,MitoRed,16,LIN8-0B-b2B-s1,2,P16-18,P16,,False,8,P16 LIN8-0B-b2B-s1 AG2
20241112_rep04,plate_metadata/20241112_rep04_metadata,4,D06,4,6,17,r04c06f17,MitoRed,16,LIN8-0B-b2B-s1,2,P16-18,P16,,False,8,P16 LIN8-0B-b2B-s1 AG2
20241112_rep04,plate_metadata/20241112_rep04_metadata,4,D06,4,6,18,r04c06f18,MitoRed,16,LIN8-0B-b2B-s1,2,P16-18,P16,,False,8,P16 LIN8-0B-b2B-s1 AG2
20241112_rep04,plate_metadata/20241112_rep04_metadata,4,D06,4,6,19,r04c06f19,MitoRed,16,LIN8-0B-b2B-s1,2,P16-18,P16,,False,8,P16 LIN8-0B-b2B-s1 AG2
20241112_rep04,plate_metadata/20241112_rep04_metadata,4,D06,4,6,20,r04c06f20,MitoRed,16,LIN8-0B-b2B-s1,2,P16-18,P16,,False,8,P16 LIN8-0B-b2B-s1 AG2
20241112_rep04,plate_metadata/20241112_rep04_metadata,4,D06,4,6,21,r04c06f21,MitoRed,16,LIN8-0B-b2B-s1,2,P16-18,P16,,False,8,P16 LIN8-0B-b2B-s1 AG2
20241112_rep04,plate_metadata/20241112_rep04_metadata,4,D06,4,6,22,r04c06f22,MitoRed,16,LIN8-0B-b2B-s1,2,P16-18,P16,,False,8,P16 LIN8-0B-b2B-s1 AG2
20241112_rep04,plate_metadata/20241112_rep04_metadata,4,D06,4,6,23,r04c06f23,MitoRed,16,LIN8-0B-b2B-s1,2,P16-18,P16,,False,8,P16 LIN8-0B-b2B-s1 AG2
20241112_rep04,plate_metadata/20241112_rep04_metadata,4,D06,4,6,24,r04c06f24,MitoRed,16,LIN8-0B-b2B-s1,2,P16-18,P16,,False,8,P16 LIN8-0B-b2B-s1 AG2
20241112_rep04,plate_metadata/20241112_rep04_metadata,4,D06,4,6,25,r04c06f25,MitoRed,16,LIN8-0B-b2B-s1,2,P16-18,P16,,False,8,P16 LIN8-0B-b2B-s1 AG2
20241112_rep04,plate_metadata/20241112_rep04_metadata,4,D06,4,6,26,r04c06f26,MitoRed,16,LIN8-0B-b2B-s1,2,P16-18,P16,,False,8,P16 LIN8-0B-b2B-s1 AG2
20241112_rep04,plate_metadata/20241112_rep04_metadata,4,D06,4,6,27,r04c06f27,MitoRed,16,LIN8-0B-b2B-s1,2,P16-18,P16,,False,8,P16 LIN8-0B-b2B-s1 AG2
20241112_rep04,plate_metadata/20241112_rep04_metadata,4,D06,4,6,28,r04c06f28,MitoRed,16,LIN8-0B-b2B-s1,2,P16-18,P16,,False,8,P16 LIN8-0B-b2B-s1 AG2
20241112_rep04,plate_metadata/20241112_rep04_metadata,4,D06,4,6,29,r04c06f29,MitoRed,16,LIN8-0B-b2B-s1,2,P16-18,P16,,False,8,P16 LIN8-0B-b2B-s1 AG2
20241112_rep04,plate_metadata/20241112_rep04_metadata,4,D06,4,6,30,r04c06f30,MitoRed,16,LIN8-0B-b2B-s1,2,P16-18,P16,,False,8,P16 LIN8-0B-b2B-s1 AG2
20241112_rep04,plate_metadata/20241112_rep04_metadata,4,D06,4,6,31,r04c06f31,MitoRed,16,LIN8-0B-b2B-s1,2,P16-18,P16,,False,8,P16 LIN8-0B-b2B-s1 AG2
20241112_rep04,plate_metadata/20241112_rep04_metadata,4,D06,4,6,32,r04c06f32,MitoRed,16,LIN8-0B-b2B-s1,2,P16-18,P16,,False,8,P16 LIN8-0B-b2B-s1 AG2
20241112_rep04,plate_metadata/20241112_rep04_metadata,4,D06,4,6,33,r04c06f33,MitoRed,16,LIN8-0B-b2B-s1,2,P16-18,P16,,False,8,P16 LIN8-0B-b2B-s1 AG2
20241112_rep04,plate_metadata/20241112_rep04_metadata,4,D06,4,6,34,r04c06f34,MitoRed,16,LIN8-0B-b2B-s1,2,P16-18,P16,,False,8,P16 LIN8-0B-b2B-s1 AG2
20241112_rep04,plate_metadata/20241112_rep04_metadata,4,D06,4,6,35,r04c06f35,MitoRed,16,LIN8-0B-b2B-s1,2,P16-18,P16,,False,8,P16 LIN8-0B-b2B-s1 AG2
20241112_rep04,plate_metadata/20241112_rep04_metadata,4,D06,4,6,36,r04c06f36,MitoRed,16,LIN8-0B-b2B-s1,2,P16-18,P16,,False,8,P16 LIN8-0B-b2B-s1 AG2
20241112_rep04,plate_metadata/20241112_rep04_metadata,4,D06,4,6,37,r04c06f37,MitoRed,16,LIN8-0B-b2B-s1,2,P16-18,P16,,False,8,P16 LIN8-0B-b2B-s1 AG2
20241112_rep04,plate_metadata/20241112_rep04_metadata,4,D06,4,6,38,r04c06f38,MitoRed,16,LIN8-0B-b2B-s1,2,P16-18,P16,,False,8,P16 LIN8-0B-b2B-s1 AG2
20241112_rep04,plate_metadata/20241112_rep04_metadata,4,D06,4,6,39,r04c06f39,MitoRed,16,LIN8-0B-b2B-s1,2,P16-18,P16,,False,8,P16 LIN8-0B-b2B-s1 AG2
20241112_rep04,plate_metadata/20241112_rep04_metadata,4,D06,4,6,40,r04c06f40,MitoRed,16,LIN8-0B-b2B-s1,2,P16-18,P16,,False,8,P16 LIN8-0B-b2B-s1 AG2
20241112_rep04,plate_metadata/20241112_rep04_metadata,4,D07,4,7,1,r04c07f01,MitoRed,15,LIN9-0C-b2-s1,1,P13-15,P15,,False,9,P15 LIN9-0C-b2-s1 AG1
20241112_rep04,plate_metadata/20241112_rep04_metadata,4,D07,4,7,2,r04c07f02,MitoRed,15,LIN9-0C-b2-s1,1,P13-15,P15,,False,9,P15 LIN9-0C-b2-s1 AG1
20241112_rep04,plate_metadata/20241112_rep04_metadata,4,D07,4,7,3,r04c07f03,MitoRed,15,LIN9-0C-b2-s1,1,P13-15,P15,,False,9,P15 LIN9-0C-b2-s1 AG1
20241112_rep04,plate_metadata/20241112_rep04_metadata,4,D07,4,7,4,r04c07f04,MitoRed,15,LIN9-0C-b2-s1,1,P13-15,P15,,False,9,P15 LIN9-0C-b2-s1 AG1
20241112_rep04,plate_metadata/20241112_rep04_metadata,4,D07,4,7,5,r04c07f05,MitoRed,15,LIN9-0C-b2-s1,1,P13-15,P15,,False,9,P15 LIN9-0C-b2-s1 AG1
20241112_rep04,plate_metadata/20241112_rep04_metadata,4,D07,4,7,6,r04c07f06,MitoRed,15,LIN9-0C-b2-s1,1,P13-15,P15,,False,9,P15 LIN9-0C-b2-s1 AG1
20241112_rep04,plate_metadata/20241112_rep04_metadata,4,D07,4,7,7,r04c07f07,MitoRed,15,LIN9-0C-b2-s1,1,P13-15,P15,,False,9,P15 LIN9-0C-b2-s1 AG1
20241112_rep04,plate_metadata/20241112_rep04_metadata,4,D07,4,7,8,r04c07f08,MitoRed,15,LIN9-0C-b2-s1,1,P13-15,P15,,False,9,P15 LIN9-0C-b2-s1 AG1
20241112_rep04,plate_metadata/20241112_rep04_metadata,4,D07,4,7,9,r04c07f09,MitoRed,15,LIN9-0C-b2-s1,1,P13-15,P15,,False,9,P15 LIN9-0C-b2-s1 AG1
20241112_rep04,plate_metadata/20241112_rep04_metadata,4,D07,4,7,10,r04c07f10,MitoRed,15,LIN9-0C-b2-s1,1,P13-15,P15,,False,9,P15 LIN9-0C-b2-s1 AG1
20241112_rep04,plate_metadata/20241112_rep04_metadata,4,D07,4,7,11,r04c07f11,MitoRed,15,LIN9-0C-b2-s1,1,P13-15,P15,,False,9,P15 LIN9-0C-b2-s1 AG1
20241112_rep04,plate_metadata/20241112_rep04_metadata,4,D07,4,7,12,r04c07f12,MitoRed,15,LIN9-0C-b2-s1,1,P13-15,P15,,False,9,P15 LIN9-0C-b2-s1 AG1
20241112_rep04,plate_metadata/20241112_rep04_metadata,4,D07,4,7,13,r04c07f13,MitoRed,15,LIN9-0C-b2-s1,1,P13-15,P15,,False,9,P15 LIN9-0C-b2-s1 AG1
20241112_rep04,plate_metadata/20241112_rep04_metadata,4,D07,4,7,14,r04c07f14,MitoRed,15,LIN9-0C-b2-s1,1,P13-15,P15,,False,9,P15 LIN9-0C-b2-s1 AG1
20241112_rep04,plate_metadata/20241112_rep04_metadata,4,D07,4,7,15,r04c07f15,MitoRed,15,LIN9-0C-b2-s1,1,P13-15,P15,,False,9,P15 LIN9-0C-b2-s1 AG1
20241112_rep04,plate_metadata/20241112_rep04_metadata,4,D07,4,7,16,r04c07f16,MitoRed,15,LIN9-0C-b2-s1,1,P13-15,P15,,False,9,P15 LIN9-0C-b2-s1 AG1
20241112_rep04,plate_metadata/20241112_rep04_metadata,4,D07,4,7,17,r04c07f17,MitoRed,15,LIN9-0C-b2-s1,1,P13-15,P15,,False,9,P15 LIN9-0C-b2-s1 AG1
20241112_rep04,plate_metadata/20241112_rep04_metadata,4,D07,4,7,18,r04c07f18,MitoRed,15,LIN9-0C-b2-s1,1,P13-15,P15,,False,9,P15 LIN9-0C-b2-s1 AG1
20241112_rep04,plate_metadata/20241112_rep04_metadata,4,D07,4,7,19,r04c07f19,MitoRed,15,LIN9-0C-b2-s1,1,P13-15,P15,,False,9,P15 LIN9-0C-b2-s1 AG1
20241112_rep04,plate_metadata/20241112_rep04_metadata,4,D07,4,7,20,r04c07f20,MitoRed,15,LIN9-0C-b2-s1,1,P13-15,P15,,False,9,P15 LIN9-0C-b2-s1 AG1
20241112_rep04,plate_metadata/20241112_rep04_metadata,4,D07,4,7,21,r04c07f21,MitoRed,15,LIN9-0C-b2-s1,1,P13-15,P15,,False,9,P15 LIN9-0C-b2-s1 AG1
20241112_rep04,plate_metadata/20241112_rep04_metadata,4,D07,4,7,22,r04c07f22,MitoRed,15,LIN9-0C-b2-s1,1,P13-15,P15,,False,9,P15 LIN9-0C-b2-s1 AG1
20241112_rep04,plate_metadata/20241112_rep04_metadata,4,D07,4,7,23,r04c07f23,MitoRed,15,LIN9-0C-b2-s1,1,P13-15,P15,,False,9,P15 LIN9-0C-b2-s1 AG1
20241112_rep04,plate_metadata/20241112_rep04_metadata,4,D07,4,7,24,r04c07f24,MitoRed,15,LIN9-0C-b2-s1,1,P13-15,P15,,False,9,P15 LIN9-0C-b2-s1 AG1
20241112_rep04,plate_metadata/20241112_rep04_metadata,4,D07,4,7,25,r04c07f25,MitoRed,15,LIN9-0C-b2-s1,1,P13-15,P15,,False,9,P15 LIN9-0C-b2-s1 AG1
20241112_rep04,plate_metadata/20241112_rep04_metadata,4,D07,4,7,26,r04c07f26,MitoRed,15,LIN9-0C-b2-s1,1,P13-15,P15,,False,9,P15 LIN9-0C-b2-s1 AG1
20241112_rep04,plate_metadata/20241112_rep04_metadata,4,D07,4,7,27,r04c07f27,MitoRed,15,LIN9-0C-b2-s1,1,P13-15,P15,,False,9,P15 LIN9-0C-b2-s1 AG1
20241112_rep04,plate_metadata/20241112_rep04_metadata,4,D07,4,7,28,r04c07f28,MitoRed,15,LIN9-0C-b2-s1,1,P13-15,P15,,False,9,P15 LIN9-0C-b2-s1 AG1
20241112_rep04,plate_metadata/20241112_rep04_metadata,4,D07,4,7,29,r04c07f29,MitoRed,15,LIN9-0C-b2-s1,1,P13-15,P15,,False,9,P15 LIN9-0C-b2-s1 AG1
20241112_rep04,plate_metadata/20241112_rep04_metadata,4,D07,4,7,30,r04c07f30,MitoRed,15,LIN9-0C-b2-s1,1,P13-15,P15,,False,9,P15 LIN9-0C-b2-s1 AG1
20241112_rep04,plate_metadata/20241112_rep04_metadata,4,D07,4,7,31,r04c07f31,MitoRed,15,LIN9-0C-b2-s1,1,P13-15,P15,,False,9,P15 LIN9-0C-b2-s1 AG1
20241112_rep04,plate_metadata/20241112_rep04_metadata,4,D07,4,7,32,r04c07f32,MitoRed,15,LIN9-0C-b2-s1,1,P13-15,P15,,False,9,P15 LIN9-0C-b2-s1 AG1
20241112_rep04,plate_metadata/20241112_rep04_metadata,4,D07,4,7,33,r04c07f33,MitoRed,15,LIN9-0C-b2-s1,1,P13-15,P15,,False,9,P15 LIN9-0C-b2-s1 AG1
20241112_rep04,plate_metadata/20241112_rep04_metadata,4,D07,4,7,34,r04c07f34,MitoRed,15,LIN9-0C-b2-s1,1,P13-15,P15,,False,9,P15 LIN9-0C-b2-s1 AG1
20241112_rep04,plate_metadata/20241112_rep04_metadata,4,D07,4,7,35,r04c07f35,MitoRed,15,LIN9-0C-b2-s1,1,P13-15,P15,,False,9,P15 LIN9-0C-b2-s1 AG1
20241112_rep04,plate_metadata/20241112_rep04_metadata,4,D07,4,7,36,r04c07f36,MitoRed,15,LIN9-0C-b2-s1,1,P13-15,P15,,False,9,P15 LIN9-0C-b2-s1 AG1
20241112_rep04,plate_metadata/20241112_rep04_metadata,4,D07,4,7,37,r04c07f37,MitoRed,15,LIN9-0C-b2-s1,1,P13-15,P15,,False,9,P15 LIN9-0C-b2-s1 AG1
20241112_rep04,plate_metadata/20241112_rep04_metadata,4,D07,4,7,38,r04c07f38,MitoRed,15,LIN9-0C-b2-s1,1,P13-15,P15,,False,9,P15 LIN9-0C-b2-s1 AG1
20241112_rep04,plate_metadata/20241112_rep04_metadata,4,D07,4,7,39,r04c07f39,MitoRed,15,LIN9-0C-b2-s1,1,P13-15,P15,,False,9,P15 LIN9-0C-b2-s1 AG1
20241112_rep04,plate_metadata/20241112_rep04_metadata,4,D07,4,7,40,r04c07f40,MitoRed,15,LIN9-0C-b2-s1,1,P13-15,P15,,False,9,P15 LIN9-0C-b2-s1 AG1
20241112_rep04,plate_metadata/20241112_rep04_metadata,4,D08,4,8,1,r04c08f01,MitoRed,11,LIN10-0C-b4,0,P6-12,P11,,False,10,P11 LIN10-0C-b4 AG0
20241112_rep04,plate_metadata/20241112_rep04_metadata,4,D08,4,8,2,r04c08f02,MitoRed,11,LIN10-0C-b4,0,P6-12,P11,,False,10,P11 LIN10-0C-b4 AG0
20241112_rep04,plate_metadata/20241112_rep04_metadata,4,D08,4,8,3,r04c08f03,MitoRed,11,LIN10-0C-b4,0,P6-12,P11,,False,10,P11 LIN10-0C-b4 AG0
20241112_rep04,plate_metadata/20241112_rep04_metadata,4,D08,4,8,4,r04c08f04,MitoRed,11,LIN10-0C-b4,0,P6-12,P11,,False,10,P11 LIN10-0C-b4 AG0
20241112_rep04,plate_metadata/20241112_rep04_metadata,4,D08,4,8,5,r04c08f05,MitoRed,11,LIN10-0C-b4,0,P6-12,P11,,False,10,P11 LIN10-0C-b4 AG0
20241112_rep04,plate_metadata/20241112_rep04_metadata,4,D08,4,8,6,r04c08f06,MitoRed,11,LIN10-0C-b4,0,P6-12,P11,,False,10,P11 LIN10-0C-b4 AG0
20241112_rep04,plate_metadata/20241112_rep04_metadata,4,D08,4,8,7,r04c08f07,MitoRed,11,LIN10-0C-b4,0,P6-12,P11,,False,10,P11 LIN10-0C-b4 AG0
20241112_rep04,plate_metadata/20241112_rep04_metadata,4,D08,4,8,8,r04c08f08,MitoRed,11,LIN10-0C-b4,0,P6-12,P11,,False,10,P11 LIN10-0C-b4 AG0
20241112_rep04,plate_metadata/20241112_rep04_metadata,4,D08,4,8,9,r04c08f09,MitoRed,11,LIN10-0C-b4,0,P6-12,P11,,False,10,P11 LIN10-0C-b4 AG0
20241112_rep04,plate_metadata/20241112_rep04_metadata,4,D08,4,8,10,r04c08f10,MitoRed,11,LIN10-0C-b4,0,P6-12,P11,,False,10,P11 LIN10-0C-b4 AG0
20241112_rep04,plate_metadata/20241112_rep04_metadata,4,D08,4,8,11,r04c08f11,MitoRed,11,LIN10-0C-b4,0,P6-12,P11,,False,10,P11 LIN10-0C-b4 AG0
20241112_rep04,plate_metadata/20241112_rep04_metadata,4,D08,4,8,12,r04c08f12,MitoRed,11,LIN10-0C-b4,0,P6-12,P11,,False,10,P11 LIN10-0C-b4 AG0
20241112_rep04,plate_metadata/20241112_rep04_metadata,4,D08,4,8,13,r04c08f13,MitoRed,11,LIN10-0C-b4,0,P6-12,P11,,False,10,P11 LIN10-0C-b4 AG0
20241112_rep04,plate_metadata/20241112_rep04_metadata,4,D08,4,8,14,r04c08f14,MitoRed,11,LIN10-0C-b4,0,P6-12,P11,,False,10,P11 LIN10-0C-b4 AG0
20241112_rep04,plate_metadata/20241112_rep04_metadata,4,D08,4,8,15,r04c08f15,MitoRed,11,LIN10-0C-b4,0,P6-12,P11,,False,10,P11 LIN10-0C-b4 AG0
20241112_rep04,plate_metadata/20241112_rep04_metadata,4,D08,4,8,16,r04c08f16,MitoRed,11,LIN10-0C-b4,0,P6-12,P11,,False,10,P11 LIN10-0C-b4 AG0
20241112_rep04,plate_metadata/20241112_rep04_metadata,4,D08,4,8,17,r04c08f17,MitoRed,11,LIN10-0C-b4,0,P6-12,P11,,False,10,P11 LIN10-0C-b4 AG0
20241112_rep04,plate_metadata/20241112_rep04_metadata,4,D08,4,8,18,r04c08f18,MitoRed,11,LIN10-0C-b4,0,P6-12,P11,,False,10,P11 LIN10-0C-b4 AG0
20241112_rep04,plate_metadata/20241112_rep04_metadata,4,D08,4,8,19,r04c08f19,MitoRed,11,LIN10-0C-b4,0,P6-12,P11,,False,10,P11 LIN10-0C-b4 AG0
20241112_rep04,plate_metadata/20241112_rep04_metadata,4,D08,4,8,20,r04c08f20,MitoRed,11,LIN10-0C-b4,0,P6-12,P11,,False,10,P11 LIN10-0C-b4 AG0
20241112_rep04,plate_metadata/20241112_rep04_metadata,4,D08,4,8,21,r04c08f21,MitoRed,11,LIN10-0C-b4,0,P6-12,P11,,False,10,P11 LIN10-0C-b4 AG0
20241112_rep04,plate_metadata/20241112_rep04_metadata,4,D08,4,8,22,r04c08f22,MitoRed,11,LIN10-0C-b4,0,P6-12,P11,,False,10,P11 LIN10-0C-b4 AG0
20241112_rep04,plate_metadata/20241112_rep04_metadata,4,D08,4,8,23,r04c08f23,MitoRed,11,LIN10-0C-b4,0,P6-12,P11,,False,10,P11 LIN10-0C-b4 AG0
20241112_rep04,plate_metadata/20241112_rep04_metadata,4,D08,4,8,24,r04c08f24,MitoRed,11,LIN10-0C-b4,0,P6-12,P11,,False,10,P11 LIN10-0C-b4 AG0
20241112_rep04,plate_metadata/20241112_rep04_metadata,4,D08,4,8,25,r04c08f25,MitoRed,11,LIN10-0C-b4,0,P6-12,P11,,False,10,P11 LIN10-0C-b4 AG0
20241112_rep04,plate_metadata/20241112_rep04_metadata,4,D08,4,8,26,r04c08f26,MitoRed,11,LIN10-0C-b4,0,P6-12,P11,,False,10,P11 LIN10-0C-b4 AG0
20241112_rep04,plate_metadata/20241112_rep04_metadata,4,D08,4,8,27,r04c08f27,MitoRed,11,LIN10-0C-b4,0,P6-12,P11,,False,10,P11 LIN10-0C-b4 AG0
20241112_rep04,plate_metadata/20241112_rep04_metadata,4,D08,4,8,28,r04c08f28,MitoRed,11,LIN10-0C-b4,0,P6-12,P11,,False,10,P11 LIN10-0C-b4 AG0
20241112_rep04,plate_metadata/20241112_rep04_metadata,4,D08,4,8,29,r04c08f29,MitoRed,11,LIN10-0C-b4,0,P6-12,P11,,False,10,P11 LIN10-0C-b4 AG0
20241112_rep04,plate_metadata/20241112_rep04_metadata,4,D08,4,8,30,r04c08f30,MitoRed,11,LIN10-0C-b4,0,P6-12,P11,,False,10,P11 LIN10-0C-b4 AG0
20241112_rep04,plate_metadata/20241112_rep04_metadata,4,D08,4,8,31,r04c08f31,MitoRed,11,LIN10-0C-b4,0,P6-12,P11,,False,10,P11 LIN10-0C-b4 AG0
20241112_rep04,plate_metadata/20241112_rep04_metadata,4,D08,4,8,32,r04c08f32,MitoRed,11,LIN10-0C-b4,0,P6-12,P11,,False,10,P11 LIN10-0C-b4 AG0
20241112_rep04,plate_metadata/20241112_rep04_metadata,4,D08,4,8,33,r04c08f33,MitoRed,11,LIN10-0C-b4,0,P6-12,P11,,False,10,P11 LIN10-0C-b4 AG0
20241112_rep04,plate_metadata/20241112_rep04_metadata,4,D08,4,8,34,r04c08f34,MitoRed,11,LIN10-0C-b4,0,P6-12,P11,,False,10,P11 LIN10-0C-b4 AG0
20241112_rep04,plate_metadata/20241112_rep04_metadata,4,D08,4,8,35,r04c08f35,MitoRed,11,LIN10-0C-b4,0,P6-12,P11,,False,10,P11 LIN10-0C-b4 AG0
20241112_rep04,plate_metadata/20241112_rep04_metadata,4,D08,4,8,36,r04c08f36,MitoRed,11,LIN10-0C-b4,0,P6-12,P11,,False,10,P11 LIN10-0C-b4 AG0
20241112_rep04,plate_metadata/20241112_rep04_metadata,4,D08,4,8,37,r04c08f37,MitoRed,11,LIN10-0C-b4,0,P6-12,P11,,False,10,P11 LIN10-0C-b4 AG0
20241112_rep04,plate_metadata/20241112_rep04_metadata,4,D08,4,8,38,r04c08f38,MitoRed,11,LIN10-0C-b4,0,P6-12,P11,,False,10,P11 LIN10-0C-b4 AG0
20241112_rep04,plate_metadata/20241112_rep04_metadata,4,D08,4,8,39,r04c08f39,MitoRed,11,LIN10-0C-b4,0,P6-12,P11,,False,10,P11 LIN10-0C-b4 AG0
20241112_rep04,plate_metadata/20241112_rep04_metadata,4,D08,4,8,40,r04c08f40,MitoRed,11,LIN10-0C-b4,0,P6-12,P11,,False,10,P11 LIN10-0C-b4 AG0
20241112_rep04,plate_metadata/20241112_rep04_metadata,4,D10,4,10,1,r04c10f01,,15,LIN9-0C-b2-s1,1,P13-15,P15,,False,9,P15 LIN9-0C-b2-s1 AG1
20241112_rep04,plate_metadata/20241112_rep04_metadata,4,D10,4,10,2,r04c10f02,,15,LIN9-0C-b2-s1,1,P13-15,P15,,False,9,P15 LIN9-0C-b2-s1 AG1
20241112_rep04,plate_metadata/20241112_rep04_metadata,4,D10,4,10,3,r04c10f03,,15,LIN9-0C-b2-s1,1,P13-15,P15,,False,9,P15 LIN9-0C-b2-s1 AG1
20241112_rep04,plate_metadata/20241112_rep04_metadata,4,D10,4,10,4,r04c10f04,,15,LIN9-0C-b2-s1,1,P13-15,P15,,False,9,P15 LIN9-0C-b2-s1 AG1
20241112_rep04,plate_metadata/20241112_rep04_metadata,4,D10,4,10,5,r04c10f05,,15,LIN9-0C-b2-s1,1,P13-15,P15,,False,9,P15 LIN9-0C-b2-s1 AG1
20241112_rep04,plate_metadata/20241112_rep04_metadata,4,D10,4,10,6,r04c10f06,,15,LIN9-0C-b2-s1,1,P13-15,P15,,False,9,P15 LIN9-0C-b2-s1 AG1
20241112_rep04,plate_metadata/20241112_rep04_metadata,4,D10,4,10,7,r04c10f07,,15,LIN9-0C-b2-s1,1,P13-15,P15,,False,9,P15 LIN9-0C-b2-s1 AG1
20241112_rep04,plate_metadata/20241112_rep04_metadata,4,D10,4,10,8,r04c10f08,,15,LIN9-0C-b2-s1,1,P13-15,P15,,False,9,P15 LIN9-0C-b2-s1 AG1
20241112_rep04,plate_metadata/20241112_rep04_metadata,4,D10,4,10,9,r04c10f09,,15,LIN9-0C-b2-s1,1,P13-15,P15,,False,9,P15 LIN9-0C-b2-s1 AG1
20241112_rep04,plate_metadata/20241112_rep04_metadata,4,D10,4,10,10,r04c10f10,,15,LIN9-0C-b2-s1,1,P13-15,P15,,False,9,P15 LIN9-0C-b2-s1 AG1
20241112_rep04,plate_metadata/20241112_rep04_metadata,4,D10,4,10,11,r04c10f11,,15,LIN9-0C-b2-s1,1,P13-15,P15,,False,9,P15 LIN9-0C-b2-s1 AG1
20241112_rep04,plate_metadata/20241112_rep04_metadata,4,D10,4,10,12,r04c10f12,,15,LIN9-0C-b2-s1,1,P13-15,P15,,False,9,P15 LIN9-0C-b2-s1 AG1
20241112_rep04,plate_metadata/20241112_rep04_metadata,4,D10,4,10,13,r04c10f13,,15,LIN9-0C-b2-s1,1,P13-15,P15,,False,9,P15 LIN9-0C-b2-s1 AG1
20241112_rep04,plate_metadata/20241112_rep04_metadata,4,D10,4,10,14,r04c10f14,,15,LIN9-0C-b2-s1,1,P13-15,P15,,False,9,P15 LIN9-0C-b2-s1 AG1
20241112_rep04,plate_metadata/20241112_rep04_metadata,4,D10,4,10,15,r04c10f15,,15,LIN9-0C-b2-s1,1,P13-15,P15,,False,9,P15 LIN9-0C-b2-s1 AG1
20241112_rep04,plate_metadata/20241112_rep04_metadata,4,D10,4,10,16,r04c10f16,,15,LIN9-0C-b2-s1,1,P13-15,P15,,False,9,P15 LIN9-0C-b2-s1 AG1
20241112_rep04,plate_metadata/20241112_rep04_metadata,4,D10,4,10,17,r04c10f17,,15,LIN9-0C-b2-s1,1,P13-15,P15,,False,9,P15 LIN9-0C-b2-s1 AG1
20241112_rep04,plate_metadata/20241112_rep04_metadata,4,D10,4,10,18,r04c10f18,,15,LIN9-0C-b2-s1,1,P13-15,P15,,False,9,P15 LIN9-0C-b2-s1 AG1
20241112_rep04,plate_metadata/20241112_rep04_metadata,4,D10,4,10,19,r04c10f19,,15,LIN9-0C-b2-s1,1,P13-15,P15,,False,9,P15 LIN9-0C-b2-s1 AG1
20241112_rep04,plate_metadata/20241112_rep04_metadata,4,D10,4,10,20,r04c10f20,,15,LIN9-0C-b2-s1,1,P13-15,P15,,False,9,P15 LIN9-0C-b2-s1 AG1
20241112_rep04,plate_metadata/20241112_rep04_metadata,4,D10,4,10,21,r04c10f21,,15,LIN9-0C-b2-s1,1,P13-15,P15,,False,9,P15 LIN9-0C-b2-s1 AG1
20241112_rep04,plate_metadata/20241112_rep04_metadata,4,D10,4,10,22,r04c10f22,,15,LIN9-0C-b2-s1,1,P13-15,P15,,False,9,P15 LIN9-0C-b2-s1 AG1
20241112_rep04,plate_metadata/20241112_rep04_metadata,4,D10,4,10,23,r04c10f23,,15,LIN9-0C-b2-s1,1,P13-15,P15,,False,9,P15 LIN9-0C-b2-s1 AG1
20241112_rep04,plate_metadata/20241112_rep04_metadata,4,D10,4,10,24,r04c10f24,,15,LIN9-0C-b2-s1,1,P13-15,P15,,False,9,P15 LIN9-0C-b2-s1 AG1
20241112_rep04,plate_metadata/20241112_rep04_metadata,4,D10,4,10,25,r04c10f25,,15,LIN9-0C-b2-s1,1,P13-15,P15,,False,9,P15 LIN9-0C-b2-s1 AG1
20241112_rep04,plate_metadata/20241112_rep04_metadata,4,D10,4,10,26,r04c10f26,,15,LIN9-0C-b2-s1,1,P13-15,P15,,False,9,P15 LIN9-0C-b2-s1 AG1
20241112_rep04,plate_metadata/20241112_rep04_metadata,4,D10,4,10,27,r04c10f27,,15,LIN9-0C-b2-s1,1,P13-15,P15,,False,9,P15 LIN9-0C-b2-s1 AG1
20241112_rep04,plate_metadata/20241112_rep04_metadata,4,D10,4,10,28,r04c10f28,,15,LIN9-0C-b2-s1,1,P13-15,P15,,False,9,P15 LIN9-0C-b2-s1 AG1
20241112_rep04,plate_metadata/20241112_rep04_metadata,4,D10,4,10,29,r04c10f29,,15,LIN9-0C-b2-s1,1,P13-15,P15,,False,9,P15 LIN9-0C-b2-s1 AG1
20241112_rep04,plate_metadata/20241112_rep04_metadata,4,D10,4,10,30,r04c10f30,,15,LIN9-0C-b2-s1,1,P13-15,P15,,False,9,P15 LIN9-0C-b2-s1 AG1
20241112_rep04,plate_metadata/20241112_rep04_metadata,4,D10,4,10,31,r04c10f31,,15,LIN9-0C-b2-s1,1,P13-15,P15,,False,9,P15 LIN9-0C-b2-s1 AG1
20241112_rep04,plate_metadata/20241112_rep04_metadata,4,D10,4,10,32,r04c10f32,,15,LIN9-0C-b2-s1,1,P13-15,P15,,False,9,P15 LIN9-0C-b2-s1 AG1
20241112_rep04,plate_metadata/20241112_rep04_metadata,4,D10,4,10,33,r04c10f33,,15,LIN9-0C-b2-s1,1,P13-15,P15,,False,9,P15 LIN9-0C-b2-s1 AG1
20241112_rep04,plate_metadata/20241112_rep04_metadata,4,D10,4,10,34,r04c10f34,,15,LIN9-0C-b2-s1,1,P13-15,P15,,False,9,P15 LIN9-0C-b2-s1 AG1
20241112_rep04,plate_metadata/20241112_rep04_metadata,4,D10,4,10,35,r04c10f35,,15,LIN9-0C-b2-s1,1,P13-15,P15,,False,9,P15 LIN9-0C-b2-s1 AG1
20241112_rep04,plate_metadata/20241112_rep04_metadata,4,D10,4,10,36,r04c10f36,,15,LIN9-0C-b2-s1,1,P13-15,P15,,False,9,P15 LIN9-0C-b2-s1 AG1
20241112_rep04,plate_metadata/20241112_rep04_metadata,4,D10,4,10,37,r04c10f37,,15,LIN9-0C-b2-s1,1,P13-15,P15,,False,9,P15 LIN9-0C-b2-s1 AG1
20241112_rep04,plate_metadata/20241112_rep04_metadata,4,D10,4,10,38,r04c10f38,,15,LIN9-0C-b2-s1,1,P13-15,P15,,False,9,P15 LIN9-0C-b2-s1 AG1
20241112_rep04,plate_metadata/20241112_rep04_metadata,4,D10,4,10,39,r04c10f39,,15,LIN9-0C-b2-s1,1,P13-15,P15,,False,9,P15 LIN9-0C-b2-s1 AG1
20241112_rep04,plate_metadata/20241112_rep04_metadata,4,D10,4,10,40,r04c10f40,,15,LIN9-0C-b2-s1,1,P13-15,P15,,False,9,P15 LIN9-0C-b2-s1 AG1
20241112_rep04,plate_metadata/20241112_rep04_metadata,4,D11,4,11,1,r04c11f01,,27,LIN3-0A-b2-s1,6,P25-27,P27,,False,3,P27 LIN3-0A-b2-s1 AG6
20241112_rep04,plate_metadata/20241112_rep04_metadata,4,D11,4,11,2,r04c11f02,,27,LIN3-0A-b2-s1,6,P25-27,P27,,False,3,P27 LIN3-0A-b2-s1 AG6
20241112_rep04,plate_metadata/20241112_rep04_metadata,4,D11,4,11,3,r04c11f03,,27,LIN3-0A-b2-s1,6,P25-27,P27,,False,3,P27 LIN3-0A-b2-s1 AG6
20241112_rep04,plate_metadata/20241112_rep04_metadata,4,D11,4,11,4,r04c11f04,,27,LIN3-0A-b2-s1,6,P25-27,P27,,False,3,P27 LIN3-0A-b2-s1 AG6
20241112_rep04,plate_metadata/20241112_rep04_metadata,4,D11,4,11,5,r04c11f05,,27,LIN3-0A-b2-s1,6,P25-27,P27,,False,3,P27 LIN3-0A-b2-s1 AG6
20241112_rep04,plate_metadata/20241112_rep04_metadata,4,D11,4,11,6,r04c11f06,,27,LIN3-0A-b2-s1,6,P25-27,P27,,False,3,P27 LIN3-0A-b2-s1 AG6
20241112_rep04,plate_metadata/20241112_rep04_metadata,4,D11,4,11,7,r04c11f07,,27,LIN3-0A-b2-s1,6,P25-27,P27,,False,3,P27 LIN3-0A-b2-s1 AG6
20241112_rep04,plate_metadata/20241112_rep04_metadata,4,D11,4,11,8,r04c11f08,,27,LIN3-0A-b2-s1,6,P25-27,P27,,False,3,P27 LIN3-0A-b2-s1 AG6
20241112_rep04,plate_metadata/20241112_rep04_metadata,4,D11,4,11,9,r04c11f09,,27,LIN3-0A-b2-s1,6,P25-27,P27,,False,3,P27 LIN3-0A-b2-s1 AG6
20241112_rep04,plate_metadata/20241112_rep04_metadata,4,D11,4,11,10,r04c11f10,,27,LIN3-0A-b2-s1,6,P25-27,P27,,False,3,P27 LIN3-0A-b2-s1 AG6
20241112_rep04,plate_metadata/20241112_rep04_metadata,4,D11,4,11,11,r04c11f11,,27,LIN3-0A-b2-s1,6,P25-27,P27,,False,3,P27 LIN3-0A-b2-s1 AG6
20241112_rep04,plate_metadata/20241112_rep04_metadata,4,D11,4,11,12,r04c11f12,,27,LIN3-0A-b2-s1,6,P25-27,P27,,False,3,P27 LIN3-0A-b2-s1 AG6
20241112_rep04,plate_metadata/20241112_rep04_metadata,4,D11,4,11,13,r04c11f13,,27,LIN3-0A-b2-s1,6,P25-27,P27,,False,3,P27 LIN3-0A-b2-s1 AG6
20241112_rep04,plate_metadata/20241112_rep04_metadata,4,D11,4,11,14,r04c11f14,,27,LIN3-0A-b2-s1,6,P25-27,P27,,False,3,P27 LIN3-0A-b2-s1 AG6
20241112_rep04,plate_metadata/20241112_rep04_metadata,4,D11,4,11,15,r04c11f15,,27,LIN3-0A-b2-s1,6,P25-27,P27,,False,3,P27 LIN3-0A-b2-s1 AG6
20241112_rep04,plate_metadata/20241112_rep04_metadata,4,D11,4,11,16,r04c11f16,,27,LIN3-0A-b2-s1,6,P25-27,P27,,False,3,P27 LIN3-0A-b2-s1 AG6
20241112_rep04,plate_metadata/20241112_rep04_metadata,4,D11,4,11,17,r04c11f17,,27,LIN3-0A-b2-s1,6,P25-27,P27,,False,3,P27 LIN3-0A-b2-s1 AG6
20241112_rep04,plate_metadata/20241112_rep04_metadata,4,D11,4,11,18,r04c11f18,,27,LIN3-0A-b2-s1,6,P25-27,P27,,False,3,P27 LIN3-0A-b2-s1 AG6
20241112_rep04,plate_metadata/20241112_rep04_metadata,4,D11,4,11,19,r04c11f19,,27,LIN3-0A-b2-s1,6,P25-27,P27,,False,3,P27 LIN3-0A-b2-s1 AG6
20241112_rep04,plate_metadata/20241112_rep04_metadata,4,D11,4,11,20,r04c11f20,,27,LIN3-0A-b2-s1,6,P25-27,P27,,False,3,P27 LIN3-0A-b2-s1 AG6
20241112_rep04,plate_metadata/20241112_rep04_metadata,4,D11,4,11,21,r04c11f21,,27,LIN3-0A-b2-s1,6,P25-27,P27,,False,3,P27 LIN3-0A-b2-s1 AG6
20241112_rep04,plate_metadata/20241112_rep04_metadata,4,D11,4,11,22,r04c11f22,,27,LIN3-0A-b2-s1,6,P25-27,P27,,False,3,P27 LIN3-0A-b2-s1 AG6
20241112_rep04,plate_metadata/20241112_rep04_metadata,4,D11,4,11,23,r04c11f23,,27,LIN3-0A-b2-s1,6,P25-27,P27,,False,3,P27 LIN3-0A-b2-s1 AG6
20241112_rep04,plate_metadata/20241112_rep04_metadata,4,D11,4,11,24,r04c11f24,,27,LIN3-0A-b2-s1,6,P25-27,P27,,False,3,P27 LIN3-0A-b2-s1 AG6
20241112_rep04,plate_metadata/20241112_rep04_metadata,4,D11,4,11,25,r04c11f25,,27,LIN3-0A-b2-s1,6,P25-27,P27,,False,3,P27 LIN3-0A-b2-s1 AG6
20241112_rep04,plate_metadata/20241112_rep04_metadata,4,D11,4,11,26,r04c11f26,,27,LIN3-0A-b2-s1,6,P25-27,P27,,False,3,P27 LIN3-0A-b2-s1 AG6
20241112_rep04,plate_metadata/20241112_rep04_metadata,4,D11,4,11,27,r04c11f27,,27,LIN3-0A-b2-s1,6,P25-27,P27,,False,3,P27 LIN3-0A-b2-s1 AG6
20241112_rep04,plate_metadata/20241112_rep04_metadata,4,D11,4,11,28,r04c11f28,,27,LIN3-0A-b2-s1,6,P25-27,P27,,False,3,P27 LIN3-0A-b2-s1 AG6
20241112_rep04,plate_metadata/20241112_rep04_metadata,4,D11,4,11,29,r04c11f29,,27,LIN3-0A-b2-s1,6,P25-27,P27,,False,3,P27 LIN3-0A-b2-s1 AG6
20241112_rep04,plate_metadata/20241112_rep04_metadata,4,D11,4,11,30,r04c11f30,,27,LIN3-0A-b2-s1,6,P25-27,P27,,False,3,P27 LIN3-0A-b2-s1 AG6
20241112_rep04,plate_metadata/20241112_rep04_metadata,4,D11,4,11,31,r04c11f31,,27,LIN3-0A-b2-s1,6,P25-27,P27,,False,3,P27 LIN3-0A-b2-s1 AG6
20241112_rep04,plate_metadata/20241112_rep04_metadata,4,D11,4,11,32,r04c11f32,,27,LIN3-0A-b2-s1,6,P25-27,P27,,False,3,P27 LIN3-0A-b2-s1 AG6
20241112_rep04,plate_metadata/20241112_rep04_metadata,4,D11,4,11,33,r04c11f33,,27,LIN3-0A-b2-s1,6,P25-27,P27,,False,3,P27 LIN3-0A-b2-s1 AG6
20241112_rep04,plate_metadata/20241112_rep04_metadata,4,D11,4,11,34,r04c11f34,,27,LIN3-0A-b2-s1,6,P25-27,P27,,False,3,P27 LIN3-0A-b2-s1 AG6
20241112_rep04,plate_metadata/20241112_rep04_metadata,4,D11,4,11,35,r04c11f35,,27,LIN3-0A-b2-s1,6,P25-27,P27,,False,3,P27 LIN3-0A-b2-s1 AG6
20241112_rep04,plate_metadata/20241112_rep04_metadata,4,D11,4,11,36,r04c11f36,,27,LIN3-0A-b2-s1,6,P25-27,P27,,False,3,P27 LIN3-0A-b2-s1 AG6
20241112_rep04,plate_metadata/20241112_rep04_metadata,4,D11,4,11,37,r04c11f37,,27,LIN3-0A-b2-s1,6,P25-27,P27,,False,3,P27 LIN3-0A-b2-s1 AG6
20241112_rep04,plate_metadata/20241112_rep04_metadata,4,D11,4,11,38,r04c11f38,,27,LIN3-0A-b2-s1,6,P25-27,P27,,False,3,P27 LIN3-0A-b2-s1 AG6
20241112_rep04,plate_metadata/20241112_rep04_metadata,4,D11,4,11,39,r04c11f39,,27,LIN3-0A-b2-s1,6,P25-27,P27,,False,3,P27 LIN3-0A-b2-s1 AG6
20241112_rep04,plate_metadata/20241112_rep04_metadata,4,D11,4,11,40,r04c11f40,,27,LIN3-0A-b2-s1,6,P25-27,P27,,False,3,P27 LIN3-0A-b2-s1 AG6
20241112_rep04,plate_metadata/20241112_rep04_metadata,4,E02,5,2,1,r05c02f01,MitoRed,27,LIN3-0A-b2-s1,6,P25-27,P27,,False,3,P27 LIN3-0A-b2-s1 AG6
20241112_rep04,plate_metadata/20241112_rep04_metadata,4,E02,5,2,2,r05c02f02,MitoRed,27,LIN3-0A-b2-s1,6,P25-27,P27,,False,3,P27 LIN3-0A-b2-s1 AG6
20241112_rep04,plate_metadata/20241112_rep04_metadata,4,E02,5,2,3,r05c02f03,MitoRed,27,LIN3-0A-b2-s1,6,P25-27,P27,,False,3,P27 LIN3-0A-b2-s1 AG6
20241112_rep04,plate_metadata/20241112_rep04_metadata,4,E02,5,2,4,r05c02f04,MitoRed,27,LIN3-0A-b2-s1,6,P25-27,P27,,False,3,P27 LIN3-0A-b2-s1 AG6
20241112_rep04,plate_metadata/20241112_rep04_metadata,4,E02,5,2,5,r05c02f05,MitoRed,27,LIN3-0A-b2-s1,6,P25-27,P27,,False,3,P27 LIN3-0A-b2-s1 AG6
20241112_rep04,plate_metadata/20241112_rep04_metadata,4,E02,5,2,6,r05c02f06,MitoRed,27,LIN3-0A-b2-s1,6,P25-27,P27,,False,3,P27 LIN3-0A-b2-s1 AG6
20241112_rep04,plate_metadata/20241112_rep04_metadata,4,E02,5,2,7,r05c02f07,MitoRed,27,LIN3-0A-b2-s1,6,P25-27,P27,,False,3,P27 LIN3-0A-b2-s1 AG6
20241112_rep04,plate_metadata/20241112_rep04_metadata,4,E02,5,2,8,r05c02f08,MitoRed,27,LIN3-0A-b2-s1,6,P25-27,P27,,False,3,P27 LIN3-0A-b2-s1 AG6
20241112_rep04,plate_metadata/20241112_rep04_metadata,4,E02,5,2,9,r05c02f09,MitoRed,27,LIN3-0A-b2-s1,6,P25-27,P27,,False,3,P27 LIN3-0A-b2-s1 AG6
20241112_rep04,plate_metadata/20241112_rep04_metadata,4,E02,5,2,10,r05c02f10,MitoRed,27,LIN3-0A-b2-s1,6,P25-27,P27,,False,3,P27 LIN3-0A-b2-s1 AG6
20241112_rep04,plate_metadata/20241112_rep04_metadata,4,E02,5,2,11,r05c02f11,MitoRed,27,LIN3-0A-b2-s1,6,P25-27,P27,,False,3,P27 LIN3-0A-b2-s1 AG6
20241112_rep04,plate_metadata/20241112_rep04_metadata,4,E02,5,2,12,r05c02f12,MitoRed,27,LIN3-0A-b2-s1,6,P25-27,P27,,False,3,P27 LIN3-0A-b2-s1 AG6
20241112_rep04,plate_metadata/20241112_rep04_metadata,4,E02,5,2,13,r05c02f13,MitoRed,27,LIN3-0A-b2-s1,6,P25-27,P27,,False,3,P27 LIN3-0A-b2-s1 AG6
20241112_rep04,plate_metadata/20241112_rep04_metadata,4,E02,5,2,14,r05c02f14,MitoRed,27,LIN3-0A-b2-s1,6,P25-27,P27,,False,3,P27 LIN3-0A-b2-s1 AG6
20241112_rep04,plate_metadata/20241112_rep04_metadata,4,E02,5,2,15,r05c02f15,MitoRed,27,LIN3-0A-b2-s1,6,P25-27,P27,,False,3,P27 LIN3-0A-b2-s1 AG6
20241112_rep04,plate_metadata/20241112_rep04_metadata,4,E02,5,2,16,r05c02f16,MitoRed,27,LIN3-0A-b2-s1,6,P25-27,P27,,False,3,P27 LIN3-0A-b2-s1 AG6
20241112_rep04,plate_metadata/20241112_rep04_metadata,4,E02,5,2,17,r05c02f17,MitoRed,27,LIN3-0A-b2-s1,6,P25-27,P27,,False,3,P27 LIN3-0A-b2-s1 AG6
20241112_rep04,plate_metadata/20241112_rep04_metadata,4,E02,5,2,18,r05c02f18,MitoRed,27,LIN3-0A-b2-s1,6,P25-27,P27,,False,3,P27 LIN3-0A-b2-s1 AG6
20241112_rep04,plate_metadata/20241112_rep04_metadata,4,E02,5,2,19,r05c02f19,MitoRed,27,LIN3-0A-b2-s1,6,P25-27,P27,,False,3,P27 LIN3-0A-b2-s1 AG6
20241112_rep04,plate_metadata/20241112_rep04_metadata,4,E02,5,2,20,r05c02f20,MitoRed,27,LIN3-0A-b2-s1,6,P25-27,P27,,False,3,P27 LIN3-0A-b2-s1 AG6
20241112_rep04,plate_metadata/20241112_rep04_metadata,4,E02,5,2,21,r05c02f21,MitoRed,27,LIN3-0A-b2-s1,6,P25-27,P27,,False,3,P27 LIN3-0A-b2-s1 AG6
20241112_rep04,plate_metadata/20241112_rep04_metadata,4,E02,5,2,22,r05c02f22,MitoRed,27,LIN3-0A-b2-s1,6,P25-27,P27,,False,3,P27 LIN3-0A-b2-s1 AG6
20241112_rep04,plate_metadata/20241112_rep04_metadata,4,E02,5,2,23,r05c02f23,MitoRed,27,LIN3-0A-b2-s1,6,P25-27,P27,,False,3,P27 LIN3-0A-b2-s1 AG6
20241112_rep04,plate_metadata/20241112_rep04_metadata,4,E02,5,2,24,r05c02f24,MitoRed,27,LIN3-0A-b2-s1,6,P25-27,P27,,False,3,P27 LIN3-0A-b2-s1 AG6
20241112_rep04,plate_metadata/20241112_rep04_metadata,4,E02,5,2,25,r05c02f25,MitoRed,27,LIN3-0A-b2-s1,6,P25-27,P27,,False,3,P27 LIN3-0A-b2-s1 AG6
20241112_rep04,plate_metadata/20241112_rep04_metadata,4,E02,5,2,26,r05c02f26,MitoRed,27,LIN3-0A-b2-s1,6,P25-27,P27,,False,3,P27 LIN3-0A-b2-s1 AG6
20241112_rep04,plate_metadata/20241112_rep04_metadata,4,E02,5,2,27,r05c02f27,MitoRed,27,LIN3-0A-b2-s1,6,P25-27,P27,,False,3,P27 LIN3-0A-b2-s1 AG6
20241112_rep04,plate_metadata/20241112_rep04_metadata,4,E02,5,2,28,r05c02f28,MitoRed,27,LIN3-0A-b2-s1,6,P25-27,P27,,False,3,P27 LIN3-0A-b2-s1 AG6
20241112_rep04,plate_metadata/20241112_rep04_metadata,4,E02,5,2,29,r05c02f29,MitoRed,27,LIN3-0A-b2-s1,6,P25-27,P27,,False,3,P27 LIN3-0A-b2-s1 AG6
20241112_rep04,plate_metadata/20241112_rep04_metadata,4,E02,5,2,30,r05c02f30,MitoRed,27,LIN3-0A-b2-s1,6,P25-27,P27,,False,3,P27 LIN3-0A-b2-s1 AG6
20241112_rep04,plate_metadata/20241112_rep04_metadata,4,E02,5,2,31,r05c02f31,MitoRed,27,LIN3-0A-b2-s1,6,P25-27,P27,,False,3,P27 LIN3-0A-b2-s1 AG6
20241112_rep04,plate_metadata/20241112_rep04_metadata,4,E02,5,2,32,r05c02f32,MitoRed,27,LIN3-0A-b2-s1,6,P25-27,P27,,False,3,P27 LIN3-0A-b2-s1 AG6
20241112_rep04,plate_metadata/20241112_rep04_metadata,4,E02,5,2,33,r05c02f33,MitoRed,27,LIN3-0A-b2-s1,6,P25-27,P27,,False,3,P27 LIN3-0A-b2-s1 AG6
20241112_rep04,plate_metadata/20241112_rep04_metadata,4,E02,5,2,34,r05c02f34,MitoRed,27,LIN3-0A-b2-s1,6,P25-27,P27,,False,3,P27 LIN3-0A-b2-s1 AG6
20241112_rep04,plate_metadata/20241112_rep04_metadata,4,E02,5,2,35,r05c02f35,MitoRed,27,LIN3-0A-b2-s1,6,P25-27,P27,,False,3,P27 LIN3-0A-b2-s1 AG6
20241112_rep04,plate_metadata/20241112_rep04_metadata,4,E02,5,2,36,r05c02f36,MitoRed,27,LIN3-0A-b2-s1,6,P25-27,P27,,False,3,P27 LIN3-0A-b2-s1 AG6
20241112_rep04,plate_metadata/20241112_rep04_metadata,4,E02,5,2,37,r05c02f37,MitoRed,27,LIN3-0A-b2-s1,6,P25-27,P27,,False,3,P27 LIN3-0A-b2-s1 AG6
20241112_rep04,plate_metadata/20241112_rep04_metadata,4,E02,5,2,38,r05c02f38,MitoRed,27,LIN3-0A-b2-s1,6,P25-27,P27,,False,3,P27 LIN3-0A-b2-s1 AG6
20241112_rep04,plate_metadata/20241112_rep04_metadata,4,E02,5,2,39,r05c02f39,MitoRed,27,LIN3-0A-b2-s1,6,P25-27,P27,,False,3,P27 LIN3-0A-b2-s1 AG6
20241112_rep04,plate_metadata/20241112_rep04_metadata,4,E02,5,2,40,r05c02f40,MitoRed,27,LIN3-0A-b2-s1,6,P25-27,P27,,False,3,P27 LIN3-0A-b2-s1 AG6
20241112_rep04,plate_metadata/20241112_rep04_metadata,4,E03,5,3,1,r05c03f01,MitoRed,24,LIN3-0A-b2-s2-ss1,5,P22-24,P24,,False,3,P24 LIN3-0A-b2-s2-ss1 AG5
20241112_rep04,plate_metadata/20241112_rep04_metadata,4,E03,5,3,2,r05c03f02,MitoRed,24,LIN3-0A-b2-s2-ss1,5,P22-24,P24,,False,3,P24 LIN3-0A-b2-s2-ss1 AG5
20241112_rep04,plate_metadata/20241112_rep04_metadata,4,E03,5,3,3,r05c03f03,MitoRed,24,LIN3-0A-b2-s2-ss1,5,P22-24,P24,,False,3,P24 LIN3-0A-b2-s2-ss1 AG5
20241112_rep04,plate_metadata/20241112_rep04_metadata,4,E03,5,3,4,r05c03f04,MitoRed,24,LIN3-0A-b2-s2-ss1,5,P22-24,P24,,False,3,P24 LIN3-0A-b2-s2-ss1 AG5
20241112_rep04,plate_metadata/20241112_rep04_metadata,4,E03,5,3,5,r05c03f05,MitoRed,24,LIN3-0A-b2-s2-ss1,5,P22-24,P24,,False,3,P24 LIN3-0A-b2-s2-ss1 AG5
20241112_rep04,plate_metadata/20241112_rep04_metadata,4,E03,5,3,6,r05c03f06,MitoRed,24,LIN3-0A-b2-s2-ss1,5,P22-24,P24,,False,3,P24 LIN3-0A-b2-s2-ss1 AG5
20241112_rep04,plate_metadata/20241112_rep04_metadata,4,E03,5,3,7,r05c03f07,MitoRed,24,LIN3-0A-b2-s2-ss1,5,P22-24,P24,,False,3,P24 LIN3-0A-b2-s2-ss1 AG5
20241112_rep04,plate_metadata/20241112_rep04_metadata,4,E03,5,3,8,r05c03f08,MitoRed,24,LIN3-0A-b2-s2-ss1,5,P22-24,P24,,False,3,P24 LIN3-0A-b2-s2-ss1 AG5
20241112_rep04,plate_metadata/20241112_rep04_metadata,4,E03,5,3,9,r05c03f09,MitoRed,24,LIN3-0A-b2-s2-ss1,5,P22-24,P24,,False,3,P24 LIN3-0A-b2-s2-ss1 AG5
20241112_rep04,plate_metadata/20241112_rep04_metadata,4,E03,5,3,10,r05c03f10,MitoRed,24,LIN3-0A-b2-s2-ss1,5,P22-24,P24,,False,3,P24 LIN3-0A-b2-s2-ss1 AG5
20241112_rep04,plate_metadata/20241112_rep04_metadata,4,E03,5,3,11,r05c03f11,MitoRed,24,LIN3-0A-b2-s2-ss1,5,P22-24,P24,,False,3,P24 LIN3-0A-b2-s2-ss1 AG5
20241112_rep04,plate_metadata/20241112_rep04_metadata,4,E03,5,3,12,r05c03f12,MitoRed,24,LIN3-0A-b2-s2-ss1,5,P22-24,P24,,False,3,P24 LIN3-0A-b2-s2-ss1 AG5
20241112_rep04,plate_metadata/20241112_rep04_metadata,4,E03,5,3,13,r05c03f13,MitoRed,24,LIN3-0A-b2-s2-ss1,5,P22-24,P24,,False,3,P24 LIN3-0A-b2-s2-ss1 AG5
20241112_rep04,plate_metadata/20241112_rep04_metadata,4,E03,5,3,14,r05c03f14,MitoRed,24,LIN3-0A-b2-s2-ss1,5,P22-24,P24,,False,3,P24 LIN3-0A-b2-s2-ss1 AG5
20241112_rep04,plate_metadata/20241112_rep04_metadata,4,E03,5,3,15,r05c03f15,MitoRed,24,LIN3-0A-b2-s2-ss1,5,P22-24,P24,,False,3,P24 LIN3-0A-b2-s2-ss1 AG5
20241112_rep04,plate_metadata/20241112_rep04_metadata,4,E03,5,3,16,r05c03f16,MitoRed,24,LIN3-0A-b2-s2-ss1,5,P22-24,P24,,False,3,P24 LIN3-0A-b2-s2-ss1 AG5
20241112_rep04,plate_metadata/20241112_rep04_metadata,4,E03,5,3,17,r05c03f17,MitoRed,24,LIN3-0A-b2-s2-ss1,5,P22-24,P24,,False,3,P24 LIN3-0A-b2-s2-ss1 AG5
20241112_rep04,plate_metadata/20241112_rep04_metadata,4,E03,5,3,18,r05c03f18,MitoRed,24,LIN3-0A-b2-s2-ss1,5,P22-24,P24,,False,3,P24 LIN3-0A-b2-s2-ss1 AG5
20241112_rep04,plate_metadata/20241112_rep04_metadata,4,E03,5,3,19,r05c03f19,MitoRed,24,LIN3-0A-b2-s2-ss1,5,P22-24,P24,,False,3,P24 LIN3-0A-b2-s2-ss1 AG5
20241112_rep04,plate_metadata/20241112_rep04_metadata,4,E03,5,3,20,r05c03f20,MitoRed,24,LIN3-0A-b2-s2-ss1,5,P22-24,P24,,False,3,P24 LIN3-0A-b2-s2-ss1 AG5
20241112_rep04,plate_metadata/20241112_rep04_metadata,4,E03,5,3,21,r05c03f21,MitoRed,24,LIN3-0A-b2-s2-ss1,5,P22-24,P24,,False,3,P24 LIN3-0A-b2-s2-ss1 AG5
20241112_rep04,plate_metadata/20241112_rep04_metadata,4,E03,5,3,22,r05c03f22,MitoRed,24,LIN3-0A-b2-s2-ss1,5,P22-24,P24,,False,3,P24 LIN3-0A-b2-s2-ss1 AG5
20241112_rep04,plate_metadata/20241112_rep04_metadata,4,E03,5,3,23,r05c03f23,MitoRed,24,LIN3-0A-b2-s2-ss1,5,P22-24,P24,,False,3,P24 LIN3-0A-b2-s2-ss1 AG5
20241112_rep04,plate_metadata/20241112_rep04_metadata,4,E03,5,3,24,r05c03f24,MitoRed,24,LIN3-0A-b2-s2-ss1,5,P22-24,P24,,False,3,P24 LIN3-0A-b2-s2-ss1 AG5
20241112_rep04,plate_metadata/20241112_rep04_metadata,4,E03,5,3,25,r05c03f25,MitoRed,24,LIN3-0A-b2-s2-ss1,5,P22-24,P24,,False,3,P24 LIN3-0A-b2-s2-ss1 AG5
20241112_rep04,plate_metadata/20241112_rep04_metadata,4,E03,5,3,26,r05c03f26,MitoRed,24,LIN3-0A-b2-s2-ss1,5,P22-24,P24,,False,3,P24 LIN3-0A-b2-s2-ss1 AG5
20241112_rep04,plate_metadata/20241112_rep04_metadata,4,E03,5,3,27,r05c03f27,MitoRed,24,LIN3-0A-b2-s2-ss1,5,P22-24,P24,,False,3,P24 LIN3-0A-b2-s2-ss1 AG5
20241112_rep04,plate_metadata/20241112_rep04_metadata,4,E03,5,3,28,r05c03f28,MitoRed,24,LIN3-0A-b2-s2-ss1,5,P22-24,P24,,False,3,P24 LIN3-0A-b2-s2-ss1 AG5
20241112_rep04,plate_metadata/20241112_rep04_metadata,4,E03,5,3,29,r05c03f29,MitoRed,24,LIN3-0A-b2-s2-ss1,5,P22-24,P24,,False,3,P24 LIN3-0A-b2-s2-ss1 AG5
20241112_rep04,plate_metadata/20241112_rep04_metadata,4,E03,5,3,30,r05c03f30,MitoRed,24,LIN3-0A-b2-s2-ss1,5,P22-24,P24,,False,3,P24 LIN3-0A-b2-s2-ss1 AG5
20241112_rep04,plate_metadata/20241112_rep04_metadata,4,E03,5,3,31,r05c03f31,MitoRed,24,LIN3-0A-b2-s2-ss1,5,P22-24,P24,,False,3,P24 LIN3-0A-b2-s2-ss1 AG5
20241112_rep04,plate_metadata/20241112_rep04_metadata,4,E03,5,3,32,r05c03f32,MitoRed,24,LIN3-0A-b2-s2-ss1,5,P22-24,P24,,False,3,P24 LIN3-0A-b2-s2-ss1 AG5
20241112_rep04,plate_metadata/20241112_rep04_metadata,4,E03,5,3,33,r05c03f33,MitoRed,24,LIN3-0A-b2-s2-ss1,5,P22-24,P24,,False,3,P24 LIN3-0A-b2-s2-ss1 AG5
20241112_rep04,plate_metadata/20241112_rep04_metadata,4,E03,5,3,34,r05c03f34,MitoRed,24,LIN3-0A-b2-s2-ss1,5,P22-24,P24,,False,3,P24 LIN3-0A-b2-s2-ss1 AG5
20241112_rep04,plate_metadata/20241112_rep04_metadata,4,E03,5,3,35,r05c03f35,MitoRed,24,LIN3-0A-b2-s2-ss1,5,P22-24,P24,,False,3,P24 LIN3-0A-b2-s2-ss1 AG5
20241112_rep04,plate_metadata/20241112_rep04_metadata,4,E03,5,3,36,r05c03f36,MitoRed,24,LIN3-0A-b2-s2-ss1,5,P22-24,P24,,False,3,P24 LIN3-0A-b2-s2-ss1 AG5
20241112_rep04,plate_metadata/20241112_rep04_metadata,4,E03,5,3,37,r05c03f37,MitoRed,24,LIN3-0A-b2-s2-ss1,5,P22-24,P24,,False,3,P24 LIN3-0A-b2-s2-ss1 AG5
20241112_rep04,plate_metadata/20241112_rep04_metadata,4,E03,5,3,38,r05c03f38,MitoRed,24,LIN3-0A-b2-s2-ss1,5,P22-24,P24,,False,3,P24 LIN3-0A-b2-s2-ss1 AG5
20241112_rep04,plate_metadata/20241112_rep04_metadata,4,E03,5,3,39,r05c03f39,MitoRed,24,LIN3-0A-b2-s2-ss1,5,P22-24,P24,,False,3,P24 LIN3-0A-b2-s2-ss1 AG5
20241112_rep04,plate_metadata/20241112_rep04_metadata,4,E03,5,3,40,r05c03f40,MitoRed,24,LIN3-0A-b2-s2-ss1,5,P22-24,P24,,False,3,P24 LIN3-0A-b2-s2-ss1 AG5
20241112_rep04,plate_metadata/20241112_rep04_metadata,4,E04,5,4,1,r05c04f01,MitoRed,23,LIN6-0C-b1-s1,4,P22-24,P23,,False,6,P23 LIN6-0C-b1-s1 AG4
20241112_rep04,plate_metadata/20241112_rep04_metadata,4,E04,5,4,2,r05c04f02,MitoRed,23,LIN6-0C-b1-s1,4,P22-24,P23,,False,6,P23 LIN6-0C-b1-s1 AG4
20241112_rep04,plate_metadata/20241112_rep04_metadata,4,E04,5,4,3,r05c04f03,MitoRed,23,LIN6-0C-b1-s1,4,P22-24,P23,,False,6,P23 LIN6-0C-b1-s1 AG4
20241112_rep04,plate_metadata/20241112_rep04_metadata,4,E04,5,4,4,r05c04f04,MitoRed,23,LIN6-0C-b1-s1,4,P22-24,P23,,False,6,P23 LIN6-0C-b1-s1 AG4
20241112_rep04,plate_metadata/20241112_rep04_metadata,4,E04,5,4,5,r05c04f05,MitoRed,23,LIN6-0C-b1-s1,4,P22-24,P23,,False,6,P23 LIN6-0C-b1-s1 AG4
20241112_rep04,plate_metadata/20241112_rep04_metadata,4,E04,5,4,6,r05c04f06,MitoRed,23,LIN6-0C-b1-s1,4,P22-24,P23,,False,6,P23 LIN6-0C-b1-s1 AG4
20241112_rep04,plate_metadata/20241112_rep04_metadata,4,E04,5,4,7,r05c04f07,MitoRed,23,LIN6-0C-b1-s1,4,P22-24,P23,,False,6,P23 LIN6-0C-b1-s1 AG4
20241112_rep04,plate_metadata/20241112_rep04_metadata,4,E04,5,4,8,r05c04f08,MitoRed,23,LIN6-0C-b1-s1,4,P22-24,P23,,False,6,P23 LIN6-0C-b1-s1 AG4
20241112_rep04,plate_metadata/20241112_rep04_metadata,4,E04,5,4,9,r05c04f09,MitoRed,23,LIN6-0C-b1-s1,4,P22-24,P23,,False,6,P23 LIN6-0C-b1-s1 AG4
20241112_rep04,plate_metadata/20241112_rep04_metadata,4,E04,5,4,10,r05c04f10,MitoRed,23,LIN6-0C-b1-s1,4,P22-24,P23,,False,6,P23 LIN6-0C-b1-s1 AG4
20241112_rep04,plate_metadata/20241112_rep04_metadata,4,E04,5,4,11,r05c04f11,MitoRed,23,LIN6-0C-b1-s1,4,P22-24,P23,,False,6,P23 LIN6-0C-b1-s1 AG4
20241112_rep04,plate_metadata/20241112_rep04_metadata,4,E04,5,4,12,r05c04f12,MitoRed,23,LIN6-0C-b1-s1,4,P22-24,P23,,False,6,P23 LIN6-0C-b1-s1 AG4
20241112_rep04,plate_metadata/20241112_rep04_metadata,4,E04,5,4,13,r05c04f13,MitoRed,23,LIN6-0C-b1-s1,4,P22-24,P23,,False,6,P23 LIN6-0C-b1-s1 AG4
20241112_rep04,plate_metadata/20241112_rep04_metadata,4,E04,5,4,14,r05c04f14,MitoRed,23,LIN6-0C-b1-s1,4,P22-24,P23,,False,6,P23 LIN6-0C-b1-s1 AG4
20241112_rep04,plate_metadata/20241112_rep04_metadata,4,E04,5,4,15,r05c04f15,MitoRed,23,LIN6-0C-b1-s1,4,P22-24,P23,,False,6,P23 LIN6-0C-b1-s1 AG4
20241112_rep04,plate_metadata/20241112_rep04_metadata,4,E04,5,4,16,r05c04f16,MitoRed,23,LIN6-0C-b1-s1,4,P22-24,P23,,False,6,P23 LIN6-0C-b1-s1 AG4
20241112_rep04,plate_metadata/20241112_rep04_metadata,4,E04,5,4,17,r05c04f17,MitoRed,23,LIN6-0C-b1-s1,4,P22-24,P23,,False,6,P23 LIN6-0C-b1-s1 AG4
20241112_rep04,plate_metadata/20241112_rep04_metadata,4,E04,5,4,18,r05c04f18,MitoRed,23,LIN6-0C-b1-s1,4,P22-24,P23,,False,6,P23 LIN6-0C-b1-s1 AG4
20241112_rep04,plate_metadata/20241112_rep04_metadata,4,E04,5,4,19,r05c04f19,MitoRed,23,LIN6-0C-b1-s1,4,P22-24,P23,,False,6,P23 LIN6-0C-b1-s1 AG4
20241112_rep04,plate_metadata/20241112_rep04_metadata,4,E04,5,4,20,r05c04f20,MitoRed,23,LIN6-0C-b1-s1,4,P22-24,P23,,False,6,P23 LIN6-0C-b1-s1 AG4
20241112_rep04,plate_metadata/20241112_rep04_metadata,4,E04,5,4,21,r05c04f21,MitoRed,23,LIN6-0C-b1-s1,4,P22-24,P23,,False,6,P23 LIN6-0C-b1-s1 AG4
20241112_rep04,plate_metadata/20241112_rep04_metadata,4,E04,5,4,22,r05c04f22,MitoRed,23,LIN6-0C-b1-s1,4,P22-24,P23,,False,6,P23 LIN6-0C-b1-s1 AG4
20241112_rep04,plate_metadata/20241112_rep04_metadata,4,E04,5,4,23,r05c04f23,MitoRed,23,LIN6-0C-b1-s1,4,P22-24,P23,,False,6,P23 LIN6-0C-b1-s1 AG4
20241112_rep04,plate_metadata/20241112_rep04_metadata,4,E04,5,4,24,r05c04f24,MitoRed,23,LIN6-0C-b1-s1,4,P22-24,P23,,False,6,P23 LIN6-0C-b1-s1 AG4
20241112_rep04,plate_metadata/20241112_rep04_metadata,4,E04,5,4,25,r05c04f25,MitoRed,23,LIN6-0C-b1-s1,4,P22-24,P23,,False,6,P23 LIN6-0C-b1-s1 AG4
20241112_rep04,plate_metadata/20241112_rep04_metadata,4,E04,5,4,26,r05c04f26,MitoRed,23,LIN6-0C-b1-s1,4,P22-24,P23,,False,6,P23 LIN6-0C-b1-s1 AG4
20241112_rep04,plate_metadata/20241112_rep04_metadata,4,E04,5,4,27,r05c04f27,MitoRed,23,LIN6-0C-b1-s1,4,P22-24,P23,,False,6,P23 LIN6-0C-b1-s1 AG4
20241112_rep04,plate_metadata/20241112_rep04_metadata,4,E04,5,4,28,r05c04f28,MitoRed,23,LIN6-0C-b1-s1,4,P22-24,P23,,False,6,P23 LIN6-0C-b1-s1 AG4
20241112_rep04,plate_metadata/20241112_rep04_metadata,4,E04,5,4,29,r05c04f29,MitoRed,23,LIN6-0C-b1-s1,4,P22-24,P23,,False,6,P23 LIN6-0C-b1-s1 AG4
20241112_rep04,plate_metadata/20241112_rep04_metadata,4,E04,5,4,30,r05c04f30,MitoRed,23,LIN6-0C-b1-s1,4,P22-24,P23,,False,6,P23 LIN6-0C-b1-s1 AG4
20241112_rep04,plate_metadata/20241112_rep04_metadata,4,E04,5,4,31,r05c04f31,MitoRed,23,LIN6-0C-b1-s1,4,P22-24,P23,,False,6,P23 LIN6-0C-b1-s1 AG4
20241112_rep04,plate_metadata/20241112_rep04_metadata,4,E04,5,4,32,r05c04f32,MitoRed,23,LIN6-0C-b1-s1,4,P22-24,P23,,False,6,P23 LIN6-0C-b1-s1 AG4
20241112_rep04,plate_metadata/20241112_rep04_metadata,4,E04,5,4,33,r05c04f33,MitoRed,23,LIN6-0C-b1-s1,4,P22-24,P23,,False,6,P23 LIN6-0C-b1-s1 AG4
20241112_rep04,plate_metadata/20241112_rep04_metadata,4,E04,5,4,34,r05c04f34,MitoRed,23,LIN6-0C-b1-s1,4,P22-24,P23,,False,6,P23 LIN6-0C-b1-s1 AG4
20241112_rep04,plate_metadata/20241112_rep04_metadata,4,E04,5,4,35,r05c04f35,MitoRed,23,LIN6-0C-b1-s1,4,P22-24,P23,,False,6,P23 LIN6-0C-b1-s1 AG4
20241112_rep04,plate_metadata/20241112_rep04_metadata,4,E04,5,4,36,r05c04f36,MitoRed,23,LIN6-0C-b1-s1,4,P22-24,P23,,False,6,P23 LIN6-0C-b1-s1 AG4
20241112_rep04,plate_metadata/20241112_rep04_metadata,4,E04,5,4,37,r05c04f37,MitoRed,23,LIN6-0C-b1-s1,4,P22-24,P23,,False,6,P23 LIN6-0C-b1-s1 AG4
20241112_rep04,plate_metadata/20241112_rep04_metadata,4,E04,5,4,38,r05c04f38,MitoRed,23,LIN6-0C-b1-s1,4,P22-24,P23,,False,6,P23 LIN6-0C-b1-s1 AG4
20241112_rep04,plate_metadata/20241112_rep04_metadata,4,E04,5,4,39,r05c04f39,MitoRed,23,LIN6-0C-b1-s1,4,P22-24,P23,,False,6,P23 LIN6-0C-b1-s1 AG4
20241112_rep04,plate_metadata/20241112_rep04_metadata,4,E04,5,4,40,r05c04f40,MitoRed,23,LIN6-0C-b1-s1,4,P22-24,P23,,False,6,P23 LIN6-0C-b1-s1 AG4
20241112_rep04,plate_metadata/20241112_rep04_metadata,4,E05,5,5,1,r05c05f01,MitoRed,20,LIN7-0C-b3,3,P19-21,P20,,False,7,P20 LIN7-0C-b3 AG3
20241112_rep04,plate_metadata/20241112_rep04_metadata,4,E05,5,5,2,r05c05f02,MitoRed,20,LIN7-0C-b3,3,P19-21,P20,,False,7,P20 LIN7-0C-b3 AG3
20241112_rep04,plate_metadata/20241112_rep04_metadata,4,E05,5,5,3,r05c05f03,MitoRed,20,LIN7-0C-b3,3,P19-21,P20,,False,7,P20 LIN7-0C-b3 AG3
20241112_rep04,plate_metadata/20241112_rep04_metadata,4,E05,5,5,4,r05c05f04,MitoRed,20,LIN7-0C-b3,3,P19-21,P20,,False,7,P20 LIN7-0C-b3 AG3
20241112_rep04,plate_metadata/20241112_rep04_metadata,4,E05,5,5,5,r05c05f05,MitoRed,20,LIN7-0C-b3,3,P19-21,P20,,False,7,P20 LIN7-0C-b3 AG3
20241112_rep04,plate_metadata/20241112_rep04_metadata,4,E05,5,5,6,r05c05f06,MitoRed,20,LIN7-0C-b3,3,P19-21,P20,,False,7,P20 LIN7-0C-b3 AG3
20241112_rep04,plate_metadata/20241112_rep04_metadata,4,E05,5,5,7,r05c05f07,MitoRed,20,LIN7-0C-b3,3,P19-21,P20,,False,7,P20 LIN7-0C-b3 AG3
20241112_rep04,plate_metadata/20241112_rep04_metadata,4,E05,5,5,8,r05c05f08,MitoRed,20,LIN7-0C-b3,3,P19-21,P20,,False,7,P20 LIN7-0C-b3 AG3
20241112_rep04,plate_metadata/20241112_rep04_metadata,4,E05,5,5,9,r05c05f09,MitoRed,20,LIN7-0C-b3,3,P19-21,P20,,False,7,P20 LIN7-0C-b3 AG3
20241112_rep04,plate_metadata/20241112_rep04_metadata,4,E05,5,5,10,r05c05f10,MitoRed,20,LIN7-0C-b3,3,P19-21,P20,,False,7,P20 LIN7-0C-b3 AG3
20241112_rep04,plate_metadata/20241112_rep04_metadata,4,E05,5,5,11,r05c05f11,MitoRed,20,LIN7-0C-b3,3,P19-21,P20,,False,7,P20 LIN7-0C-b3 AG3
20241112_rep04,plate_metadata/20241112_rep04_metadata,4,E05,5,5,12,r05c05f12,MitoRed,20,LIN7-0C-b3,3,P19-21,P20,,False,7,P20 LIN7-0C-b3 AG3
20241112_rep04,plate_metadata/20241112_rep04_metadata,4,E05,5,5,13,r05c05f13,MitoRed,20,LIN7-0C-b3,3,P19-21,P20,,False,7,P20 LIN7-0C-b3 AG3
20241112_rep04,plate_metadata/20241112_rep04_metadata,4,E05,5,5,14,r05c05f14,MitoRed,20,LIN7-0C-b3,3,P19-21,P20,,False,7,P20 LIN7-0C-b3 AG3
20241112_rep04,plate_metadata/20241112_rep04_metadata,4,E05,5,5,15,r05c05f15,MitoRed,20,LIN7-0C-b3,3,P19-21,P20,,False,7,P20 LIN7-0C-b3 AG3
20241112_rep04,plate_metadata/20241112_rep04_metadata,4,E05,5,5,16,r05c05f16,MitoRed,20,LIN7-0C-b3,3,P19-21,P20,,False,7,P20 LIN7-0C-b3 AG3
20241112_rep04,plate_metadata/20241112_rep04_metadata,4,E05,5,5,17,r05c05f17,MitoRed,20,LIN7-0C-b3,3,P19-21,P20,,False,7,P20 LIN7-0C-b3 AG3
20241112_rep04,plate_metadata/20241112_rep04_metadata,4,E05,5,5,18,r05c05f18,MitoRed,20,LIN7-0C-b3,3,P19-21,P20,,False,7,P20 LIN7-0C-b3 AG3
20241112_rep04,plate_metadata/20241112_rep04_metadata,4,E05,5,5,19,r05c05f19,MitoRed,20,LIN7-0C-b3,3,P19-21,P20,,False,7,P20 LIN7-0C-b3 AG3
20241112_rep04,plate_metadata/20241112_rep04_metadata,4,E05,5,5,20,r05c05f20,MitoRed,20,LIN7-0C-b3,3,P19-21,P20,,False,7,P20 LIN7-0C-b3 AG3
20241112_rep04,plate_metadata/20241112_rep04_metadata,4,E05,5,5,21,r05c05f21,MitoRed,20,LIN7-0C-b3,3,P19-21,P20,,False,7,P20 LIN7-0C-b3 AG3
20241112_rep04,plate_metadata/20241112_rep04_metadata,4,E05,5,5,22,r05c05f22,MitoRed,20,LIN7-0C-b3,3,P19-21,P20,,False,7,P20 LIN7-0C-b3 AG3
20241112_rep04,plate_metadata/20241112_rep04_metadata,4,E05,5,5,23,r05c05f23,MitoRed,20,LIN7-0C-b3,3,P19-21,P20,,False,7,P20 LIN7-0C-b3 AG3
20241112_rep04,plate_metadata/20241112_rep04_metadata,4,E05,5,5,24,r05c05f24,MitoRed,20,LIN7-0C-b3,3,P19-21,P20,,False,7,P20 LIN7-0C-b3 AG3
20241112_rep04,plate_metadata/20241112_rep04_metadata,4,E05,5,5,25,r05c05f25,MitoRed,20,LIN7-0C-b3,3,P19-21,P20,,False,7,P20 LIN7-0C-b3 AG3
20241112_rep04,plate_metadata/20241112_rep04_metadata,4,E05,5,5,26,r05c05f26,MitoRed,20,LIN7-0C-b3,3,P19-21,P20,,False,7,P20 LIN7-0C-b3 AG3
20241112_rep04,plate_metadata/20241112_rep04_metadata,4,E05,5,5,27,r05c05f27,MitoRed,20,LIN7-0C-b3,3,P19-21,P20,,False,7,P20 LIN7-0C-b3 AG3
20241112_rep04,plate_metadata/20241112_rep04_metadata,4,E05,5,5,28,r05c05f28,MitoRed,20,LIN7-0C-b3,3,P19-21,P20,,False,7,P20 LIN7-0C-b3 AG3
20241112_rep04,plate_metadata/20241112_rep04_metadata,4,E05,5,5,29,r05c05f29,MitoRed,20,LIN7-0C-b3,3,P19-21,P20,,False,7,P20 LIN7-0C-b3 AG3
20241112_rep04,plate_metadata/20241112_rep04_metadata,4,E05,5,5,30,r05c05f30,MitoRed,20,LIN7-0C-b3,3,P19-21,P20,,False,7,P20 LIN7-0C-b3 AG3
20241112_rep04,plate_metadata/20241112_rep04_metadata,4,E05,5,5,31,r05c05f31,MitoRed,20,LIN7-0C-b3,3,P19-21,P20,,False,7,P20 LIN7-0C-b3 AG3
20241112_rep04,plate_metadata/20241112_rep04_metadata,4,E05,5,5,32,r05c05f32,MitoRed,20,LIN7-0C-b3,3,P19-21,P20,,False,7,P20 LIN7-0C-b3 AG3
20241112_rep04,plate_metadata/20241112_rep04_metadata,4,E05,5,5,33,r05c05f33,MitoRed,20,LIN7-0C-b3,3,P19-21,P20,,False,7,P20 LIN7-0C-b3 AG3
20241112_rep04,plate_metadata/20241112_rep04_metadata,4,E05,5,5,34,r05c05f34,MitoRed,20,LIN7-0C-b3,3,P19-21,P20,,False,7,P20 LIN7-0C-b3 AG3
20241112_rep04,plate_metadata/20241112_rep04_metadata,4,E05,5,5,35,r05c05f35,MitoRed,20,LIN7-0C-b3,3,P19-21,P20,,False,7,P20 LIN7-0C-b3 AG3
20241112_rep04,plate_metadata/20241112_rep04_metadata,4,E05,5,5,36,r05c05f36,MitoRed,20,LIN7-0C-b3,3,P19-21,P20,,False,7,P20 LIN7-0C-b3 AG3
20241112_rep04,plate_metadata/20241112_rep04_metadata,4,E05,5,5,37,r05c05f37,MitoRed,20,LIN7-0C-b3,3,P19-21,P20,,False,7,P20 LIN7-0C-b3 AG3
20241112_rep04,plate_metadata/20241112_rep04_metadata,4,E05,5,5,38,r05c05f38,MitoRed,20,LIN7-0C-b3,3,P19-21,P20,,False,7,P20 LIN7-0C-b3 AG3
20241112_rep04,plate_metadata/20241112_rep04_metadata,4,E05,5,5,39,r05c05f39,MitoRed,20,LIN7-0C-b3,3,P19-21,P20,,False,7,P20 LIN7-0C-b3 AG3
20241112_rep04,plate_metadata/20241112_rep04_metadata,4,E05,5,5,40,r05c05f40,MitoRed,20,LIN7-0C-b3,3,P19-21,P20,,False,7,P20 LIN7-0C-b3 AG3
20241112_rep04,plate_metadata/20241112_rep04_metadata,4,E06,5,6,1,r05c06f01,MitoRed,16,LIN8-0B-b2B-s1,2,P16-18,P16,,False,8,P16 LIN8-0B-b2B-s1 AG2
20241112_rep04,plate_metadata/20241112_rep04_metadata,4,E06,5,6,2,r05c06f02,MitoRed,16,LIN8-0B-b2B-s1,2,P16-18,P16,,False,8,P16 LIN8-0B-b2B-s1 AG2
20241112_rep04,plate_metadata/20241112_rep04_metadata,4,E06,5,6,3,r05c06f03,MitoRed,16,LIN8-0B-b2B-s1,2,P16-18,P16,,False,8,P16 LIN8-0B-b2B-s1 AG2
20241112_rep04,plate_metadata/20241112_rep04_metadata,4,E06,5,6,4,r05c06f04,MitoRed,16,LIN8-0B-b2B-s1,2,P16-18,P16,,False,8,P16 LIN8-0B-b2B-s1 AG2
20241112_rep04,plate_metadata/20241112_rep04_metadata,4,E06,5,6,5,r05c06f05,MitoRed,16,LIN8-0B-b2B-s1,2,P16-18,P16,,False,8,P16 LIN8-0B-b2B-s1 AG2
20241112_rep04,plate_metadata/20241112_rep04_metadata,4,E06,5,6,6,r05c06f06,MitoRed,16,LIN8-0B-b2B-s1,2,P16-18,P16,,False,8,P16 LIN8-0B-b2B-s1 AG2
20241112_rep04,plate_metadata/20241112_rep04_metadata,4,E06,5,6,7,r05c06f07,MitoRed,16,LIN8-0B-b2B-s1,2,P16-18,P16,,False,8,P16 LIN8-0B-b2B-s1 AG2
20241112_rep04,plate_metadata/20241112_rep04_metadata,4,E06,5,6,8,r05c06f08,MitoRed,16,LIN8-0B-b2B-s1,2,P16-18,P16,,False,8,P16 LIN8-0B-b2B-s1 AG2
20241112_rep04,plate_metadata/20241112_rep04_metadata,4,E06,5,6,9,r05c06f09,MitoRed,16,LIN8-0B-b2B-s1,2,P16-18,P16,,False,8,P16 LIN8-0B-b2B-s1 AG2
20241112_rep04,plate_metadata/20241112_rep04_metadata,4,E06,5,6,10,r05c06f10,MitoRed,16,LIN8-0B-b2B-s1,2,P16-18,P16,,False,8,P16 LIN8-0B-b2B-s1 AG2
20241112_rep04,plate_metadata/20241112_rep04_metadata,4,E06,5,6,11,r05c06f11,MitoRed,16,LIN8-0B-b2B-s1,2,P16-18,P16,,False,8,P16 LIN8-0B-b2B-s1 AG2
20241112_rep04,plate_metadata/20241112_rep04_metadata,4,E06,5,6,12,r05c06f12,MitoRed,16,LIN8-0B-b2B-s1,2,P16-18,P16,,False,8,P16 LIN8-0B-b2B-s1 AG2
20241112_rep04,plate_metadata/20241112_rep04_metadata,4,E06,5,6,13,r05c06f13,MitoRed,16,LIN8-0B-b2B-s1,2,P16-18,P16,,False,8,P16 LIN8-0B-b2B-s1 AG2
20241112_rep04,plate_metadata/20241112_rep04_metadata,4,E06,5,6,14,r05c06f14,MitoRed,16,LIN8-0B-b2B-s1,2,P16-18,P16,,False,8,P16 LIN8-0B-b2B-s1 AG2
20241112_rep04,plate_metadata/20241112_rep04_metadata,4,E06,5,6,15,r05c06f15,MitoRed,16,LIN8-0B-b2B-s1,2,P16-18,P16,,False,8,P16 LIN8-0B-b2B-s1 AG2
20241112_rep04,plate_metadata/20241112_rep04_metadata,4,E06,5,6,16,r05c06f16,MitoRed,16,LIN8-0B-b2B-s1,2,P16-18,P16,,False,8,P16 LIN8-0B-b2B-s1 AG2
20241112_rep04,plate_metadata/20241112_rep04_metadata,4,E06,5,6,17,r05c06f17,MitoRed,16,LIN8-0B-b2B-s1,2,P16-18,P16,,False,8,P16 LIN8-0B-b2B-s1 AG2
20241112_rep04,plate_metadata/20241112_rep04_metadata,4,E06,5,6,18,r05c06f18,MitoRed,16,LIN8-0B-b2B-s1,2,P16-18,P16,,False,8,P16 LIN8-0B-b2B-s1 AG2
20241112_rep04,plate_metadata/20241112_rep04_metadata,4,E06,5,6,19,r05c06f19,MitoRed,16,LIN8-0B-b2B-s1,2,P16-18,P16,,False,8,P16 LIN8-0B-b2B-s1 AG2
20241112_rep04,plate_metadata/20241112_rep04_metadata,4,E06,5,6,20,r05c06f20,MitoRed,16,LIN8-0B-b2B-s1,2,P16-18,P16,,False,8,P16 LIN8-0B-b2B-s1 AG2
20241112_rep04,plate_metadata/20241112_rep04_metadata,4,E06,5,6,21,r05c06f21,MitoRed,16,LIN8-0B-b2B-s1,2,P16-18,P16,,False,8,P16 LIN8-0B-b2B-s1 AG2
20241112_rep04,plate_metadata/20241112_rep04_metadata,4,E06,5,6,22,r05c06f22,MitoRed,16,LIN8-0B-b2B-s1,2,P16-18,P16,,False,8,P16 LIN8-0B-b2B-s1 AG2
20241112_rep04,plate_metadata/20241112_rep04_metadata,4,E06,5,6,23,r05c06f23,MitoRed,16,LIN8-0B-b2B-s1,2,P16-18,P16,,False,8,P16 LIN8-0B-b2B-s1 AG2
20241112_rep04,plate_metadata/20241112_rep04_metadata,4,E06,5,6,24,r05c06f24,MitoRed,16,LIN8-0B-b2B-s1,2,P16-18,P16,,False,8,P16 LIN8-0B-b2B-s1 AG2
20241112_rep04,plate_metadata/20241112_rep04_metadata,4,E06,5,6,25,r05c06f25,MitoRed,16,LIN8-0B-b2B-s1,2,P16-18,P16,,False,8,P16 LIN8-0B-b2B-s1 AG2
20241112_rep04,plate_metadata/20241112_rep04_metadata,4,E06,5,6,26,r05c06f26,MitoRed,16,LIN8-0B-b2B-s1,2,P16-18,P16,,False,8,P16 LIN8-0B-b2B-s1 AG2
20241112_rep04,plate_metadata/20241112_rep04_metadata,4,E06,5,6,27,r05c06f27,MitoRed,16,LIN8-0B-b2B-s1,2,P16-18,P16,,False,8,P16 LIN8-0B-b2B-s1 AG2
20241112_rep04,plate_metadata/20241112_rep04_metadata,4,E06,5,6,28,r05c06f28,MitoRed,16,LIN8-0B-b2B-s1,2,P16-18,P16,,False,8,P16 LIN8-0B-b2B-s1 AG2
20241112_rep04,plate_metadata/20241112_rep04_metadata,4,E06,5,6,29,r05c06f29,MitoRed,16,LIN8-0B-b2B-s1,2,P16-18,P16,,False,8,P16 LIN8-0B-b2B-s1 AG2
20241112_rep04,plate_metadata/20241112_rep04_metadata,4,E06,5,6,30,r05c06f30,MitoRed,16,LIN8-0B-b2B-s1,2,P16-18,P16,,False,8,P16 LIN8-0B-b2B-s1 AG2
20241112_rep04,plate_metadata/20241112_rep04_metadata,4,E06,5,6,31,r05c06f31,MitoRed,16,LIN8-0B-b2B-s1,2,P16-18,P16,,False,8,P16 LIN8-0B-b2B-s1 AG2
20241112_rep04,plate_metadata/20241112_rep04_metadata,4,E06,5,6,32,r05c06f32,MitoRed,16,LIN8-0B-b2B-s1,2,P16-18,P16,,False,8,P16 LIN8-0B-b2B-s1 AG2
20241112_rep04,plate_metadata/20241112_rep04_metadata,4,E06,5,6,33,r05c06f33,MitoRed,16,LIN8-0B-b2B-s1,2,P16-18,P16,,False,8,P16 LIN8-0B-b2B-s1 AG2
20241112_rep04,plate_metadata/20241112_rep04_metadata,4,E06,5,6,34,r05c06f34,MitoRed,16,LIN8-0B-b2B-s1,2,P16-18,P16,,False,8,P16 LIN8-0B-b2B-s1 AG2
20241112_rep04,plate_metadata/20241112_rep04_metadata,4,E06,5,6,35,r05c06f35,MitoRed,16,LIN8-0B-b2B-s1,2,P16-18,P16,,False,8,P16 LIN8-0B-b2B-s1 AG2
20241112_rep04,plate_metadata/20241112_rep04_metadata,4,E06,5,6,36,r05c06f36,MitoRed,16,LIN8-0B-b2B-s1,2,P16-18,P16,,False,8,P16 LIN8-0B-b2B-s1 AG2
20241112_rep04,plate_metadata/20241112_rep04_metadata,4,E06,5,6,37,r05c06f37,MitoRed,16,LIN8-0B-b2B-s1,2,P16-18,P16,,False,8,P16 LIN8-0B-b2B-s1 AG2
20241112_rep04,plate_metadata/20241112_rep04_metadata,4,E06,5,6,38,r05c06f38,MitoRed,16,LIN8-0B-b2B-s1,2,P16-18,P16,,False,8,P16 LIN8-0B-b2B-s1 AG2
20241112_rep04,plate_metadata/20241112_rep04_metadata,4,E06,5,6,39,r05c06f39,MitoRed,16,LIN8-0B-b2B-s1,2,P16-18,P16,,False,8,P16 LIN8-0B-b2B-s1 AG2
20241112_rep04,plate_metadata/20241112_rep04_metadata,4,E06,5,6,40,r05c06f40,MitoRed,16,LIN8-0B-b2B-s1,2,P16-18,P16,,False,8,P16 LIN8-0B-b2B-s1 AG2
20241112_rep04,plate_metadata/20241112_rep04_metadata,4,E07,5,7,1,r05c07f01,MitoRed,15,LIN9-0C-b2-s1,1,P13-15,P15,,False,9,P15 LIN9-0C-b2-s1 AG1
20241112_rep04,plate_metadata/20241112_rep04_metadata,4,E07,5,7,2,r05c07f02,MitoRed,15,LIN9-0C-b2-s1,1,P13-15,P15,,False,9,P15 LIN9-0C-b2-s1 AG1
20241112_rep04,plate_metadata/20241112_rep04_metadata,4,E07,5,7,3,r05c07f03,MitoRed,15,LIN9-0C-b2-s1,1,P13-15,P15,,False,9,P15 LIN9-0C-b2-s1 AG1
20241112_rep04,plate_metadata/20241112_rep04_metadata,4,E07,5,7,4,r05c07f04,MitoRed,15,LIN9-0C-b2-s1,1,P13-15,P15,,False,9,P15 LIN9-0C-b2-s1 AG1
20241112_rep04,plate_metadata/20241112_rep04_metadata,4,E07,5,7,5,r05c07f05,MitoRed,15,LIN9-0C-b2-s1,1,P13-15,P15,,False,9,P15 LIN9-0C-b2-s1 AG1
20241112_rep04,plate_metadata/20241112_rep04_metadata,4,E07,5,7,6,r05c07f06,MitoRed,15,LIN9-0C-b2-s1,1,P13-15,P15,,False,9,P15 LIN9-0C-b2-s1 AG1
20241112_rep04,plate_metadata/20241112_rep04_metadata,4,E07,5,7,7,r05c07f07,MitoRed,15,LIN9-0C-b2-s1,1,P13-15,P15,,False,9,P15 LIN9-0C-b2-s1 AG1
20241112_rep04,plate_metadata/20241112_rep04_metadata,4,E07,5,7,8,r05c07f08,MitoRed,15,LIN9-0C-b2-s1,1,P13-15,P15,,False,9,P15 LIN9-0C-b2-s1 AG1
20241112_rep04,plate_metadata/20241112_rep04_metadata,4,E07,5,7,9,r05c07f09,MitoRed,15,LIN9-0C-b2-s1,1,P13-15,P15,,False,9,P15 LIN9-0C-b2-s1 AG1
20241112_rep04,plate_metadata/20241112_rep04_metadata,4,E07,5,7,10,r05c07f10,MitoRed,15,LIN9-0C-b2-s1,1,P13-15,P15,,False,9,P15 LIN9-0C-b2-s1 AG1
20241112_rep04,plate_metadata/20241112_rep04_metadata,4,E07,5,7,11,r05c07f11,MitoRed,15,LIN9-0C-b2-s1,1,P13-15,P15,,False,9,P15 LIN9-0C-b2-s1 AG1
20241112_rep04,plate_metadata/20241112_rep04_metadata,4,E07,5,7,12,r05c07f12,MitoRed,15,LIN9-0C-b2-s1,1,P13-15,P15,,False,9,P15 LIN9-0C-b2-s1 AG1
20241112_rep04,plate_metadata/20241112_rep04_metadata,4,E07,5,7,13,r05c07f13,MitoRed,15,LIN9-0C-b2-s1,1,P13-15,P15,,False,9,P15 LIN9-0C-b2-s1 AG1
20241112_rep04,plate_metadata/20241112_rep04_metadata,4,E07,5,7,14,r05c07f14,MitoRed,15,LIN9-0C-b2-s1,1,P13-15,P15,,False,9,P15 LIN9-0C-b2-s1 AG1
20241112_rep04,plate_metadata/20241112_rep04_metadata,4,E07,5,7,15,r05c07f15,MitoRed,15,LIN9-0C-b2-s1,1,P13-15,P15,,False,9,P15 LIN9-0C-b2-s1 AG1
20241112_rep04,plate_metadata/20241112_rep04_metadata,4,E07,5,7,16,r05c07f16,MitoRed,15,LIN9-0C-b2-s1,1,P13-15,P15,,False,9,P15 LIN9-0C-b2-s1 AG1
20241112_rep04,plate_metadata/20241112_rep04_metadata,4,E07,5,7,17,r05c07f17,MitoRed,15,LIN9-0C-b2-s1,1,P13-15,P15,,False,9,P15 LIN9-0C-b2-s1 AG1
20241112_rep04,plate_metadata/20241112_rep04_metadata,4,E07,5,7,18,r05c07f18,MitoRed,15,LIN9-0C-b2-s1,1,P13-15,P15,,False,9,P15 LIN9-0C-b2-s1 AG1
20241112_rep04,plate_metadata/20241112_rep04_metadata,4,E07,5,7,19,r05c07f19,MitoRed,15,LIN9-0C-b2-s1,1,P13-15,P15,,False,9,P15 LIN9-0C-b2-s1 AG1
20241112_rep04,plate_metadata/20241112_rep04_metadata,4,E07,5,7,20,r05c07f20,MitoRed,15,LIN9-0C-b2-s1,1,P13-15,P15,,False,9,P15 LIN9-0C-b2-s1 AG1
20241112_rep04,plate_metadata/20241112_rep04_metadata,4,E07,5,7,21,r05c07f21,MitoRed,15,LIN9-0C-b2-s1,1,P13-15,P15,,False,9,P15 LIN9-0C-b2-s1 AG1
20241112_rep04,plate_metadata/20241112_rep04_metadata,4,E07,5,7,22,r05c07f22,MitoRed,15,LIN9-0C-b2-s1,1,P13-15,P15,,False,9,P15 LIN9-0C-b2-s1 AG1
20241112_rep04,plate_metadata/20241112_rep04_metadata,4,E07,5,7,23,r05c07f23,MitoRed,15,LIN9-0C-b2-s1,1,P13-15,P15,,False,9,P15 LIN9-0C-b2-s1 AG1
20241112_rep04,plate_metadata/20241112_rep04_metadata,4,E07,5,7,24,r05c07f24,MitoRed,15,LIN9-0C-b2-s1,1,P13-15,P15,,False,9,P15 LIN9-0C-b2-s1 AG1
20241112_rep04,plate_metadata/20241112_rep04_metadata,4,E07,5,7,25,r05c07f25,MitoRed,15,LIN9-0C-b2-s1,1,P13-15,P15,,False,9,P15 LIN9-0C-b2-s1 AG1
20241112_rep04,plate_metadata/20241112_rep04_metadata,4,E07,5,7,26,r05c07f26,MitoRed,15,LIN9-0C-b2-s1,1,P13-15,P15,,False,9,P15 LIN9-0C-b2-s1 AG1
20241112_rep04,plate_metadata/20241112_rep04_metadata,4,E07,5,7,27,r05c07f27,MitoRed,15,LIN9-0C-b2-s1,1,P13-15,P15,,False,9,P15 LIN9-0C-b2-s1 AG1
20241112_rep04,plate_metadata/20241112_rep04_metadata,4,E07,5,7,28,r05c07f28,MitoRed,15,LIN9-0C-b2-s1,1,P13-15,P15,,False,9,P15 LIN9-0C-b2-s1 AG1
20241112_rep04,plate_metadata/20241112_rep04_metadata,4,E07,5,7,29,r05c07f29,MitoRed,15,LIN9-0C-b2-s1,1,P13-15,P15,,False,9,P15 LIN9-0C-b2-s1 AG1
20241112_rep04,plate_metadata/20241112_rep04_metadata,4,E07,5,7,30,r05c07f30,MitoRed,15,LIN9-0C-b2-s1,1,P13-15,P15,,False,9,P15 LIN9-0C-b2-s1 AG1
20241112_rep04,plate_metadata/20241112_rep04_metadata,4,E07,5,7,31,r05c07f31,MitoRed,15,LIN9-0C-b2-s1,1,P13-15,P15,,False,9,P15 LIN9-0C-b2-s1 AG1
20241112_rep04,plate_metadata/20241112_rep04_metadata,4,E07,5,7,32,r05c07f32,MitoRed,15,LIN9-0C-b2-s1,1,P13-15,P15,,False,9,P15 LIN9-0C-b2-s1 AG1
20241112_rep04,plate_metadata/20241112_rep04_metadata,4,E07,5,7,33,r05c07f33,MitoRed,15,LIN9-0C-b2-s1,1,P13-15,P15,,False,9,P15 LIN9-0C-b2-s1 AG1
20241112_rep04,plate_metadata/20241112_rep04_metadata,4,E07,5,7,34,r05c07f34,MitoRed,15,LIN9-0C-b2-s1,1,P13-15,P15,,False,9,P15 LIN9-0C-b2-s1 AG1
20241112_rep04,plate_metadata/20241112_rep04_metadata,4,E07,5,7,35,r05c07f35,MitoRed,15,LIN9-0C-b2-s1,1,P13-15,P15,,False,9,P15 LIN9-0C-b2-s1 AG1
20241112_rep04,plate_metadata/20241112_rep04_metadata,4,E07,5,7,36,r05c07f36,MitoRed,15,LIN9-0C-b2-s1,1,P13-15,P15,,False,9,P15 LIN9-0C-b2-s1 AG1
20241112_rep04,plate_metadata/20241112_rep04_metadata,4,E07,5,7,37,r05c07f37,MitoRed,15,LIN9-0C-b2-s1,1,P13-15,P15,,False,9,P15 LIN9-0C-b2-s1 AG1
20241112_rep04,plate_metadata/20241112_rep04_metadata,4,E07,5,7,38,r05c07f38,MitoRed,15,LIN9-0C-b2-s1,1,P13-15,P15,,False,9,P15 LIN9-0C-b2-s1 AG1
20241112_rep04,plate_metadata/20241112_rep04_metadata,4,E07,5,7,39,r05c07f39,MitoRed,15,LIN9-0C-b2-s1,1,P13-15,P15,,False,9,P15 LIN9-0C-b2-s1 AG1
20241112_rep04,plate_metadata/20241112_rep04_metadata,4,E07,5,7,40,r05c07f40,MitoRed,15,LIN9-0C-b2-s1,1,P13-15,P15,,False,9,P15 LIN9-0C-b2-s1 AG1
20241112_rep04,plate_metadata/20241112_rep04_metadata,4,E08,5,8,1,r05c08f01,MitoRed,11,LIN10-0C-b4,0,P6-12,P11,,False,10,P11 LIN10-0C-b4 AG0
20241112_rep04,plate_metadata/20241112_rep04_metadata,4,E08,5,8,2,r05c08f02,MitoRed,11,LIN10-0C-b4,0,P6-12,P11,,False,10,P11 LIN10-0C-b4 AG0
20241112_rep04,plate_metadata/20241112_rep04_metadata,4,E08,5,8,3,r05c08f03,MitoRed,11,LIN10-0C-b4,0,P6-12,P11,,False,10,P11 LIN10-0C-b4 AG0
20241112_rep04,plate_metadata/20241112_rep04_metadata,4,E08,5,8,4,r05c08f04,MitoRed,11,LIN10-0C-b4,0,P6-12,P11,,False,10,P11 LIN10-0C-b4 AG0
20241112_rep04,plate_metadata/20241112_rep04_metadata,4,E08,5,8,5,r05c08f05,MitoRed,11,LIN10-0C-b4,0,P6-12,P11,,False,10,P11 LIN10-0C-b4 AG0
20241112_rep04,plate_metadata/20241112_rep04_metadata,4,E08,5,8,6,r05c08f06,MitoRed,11,LIN10-0C-b4,0,P6-12,P11,,False,10,P11 LIN10-0C-b4 AG0
20241112_rep04,plate_metadata/20241112_rep04_metadata,4,E08,5,8,7,r05c08f07,MitoRed,11,LIN10-0C-b4,0,P6-12,P11,,False,10,P11 LIN10-0C-b4 AG0
20241112_rep04,plate_metadata/20241112_rep04_metadata,4,E08,5,8,8,r05c08f08,MitoRed,11,LIN10-0C-b4,0,P6-12,P11,,False,10,P11 LIN10-0C-b4 AG0
20241112_rep04,plate_metadata/20241112_rep04_metadata,4,E08,5,8,9,r05c08f09,MitoRed,11,LIN10-0C-b4,0,P6-12,P11,,False,10,P11 LIN10-0C-b4 AG0
20241112_rep04,plate_metadata/20241112_rep04_metadata,4,E08,5,8,10,r05c08f10,MitoRed,11,LIN10-0C-b4,0,P6-12,P11,,False,10,P11 LIN10-0C-b4 AG0
20241112_rep04,plate_metadata/20241112_rep04_metadata,4,E08,5,8,11,r05c08f11,MitoRed,11,LIN10-0C-b4,0,P6-12,P11,,False,10,P11 LIN10-0C-b4 AG0
20241112_rep04,plate_metadata/20241112_rep04_metadata,4,E08,5,8,12,r05c08f12,MitoRed,11,LIN10-0C-b4,0,P6-12,P11,,False,10,P11 LIN10-0C-b4 AG0
20241112_rep04,plate_metadata/20241112_rep04_metadata,4,E08,5,8,13,r05c08f13,MitoRed,11,LIN10-0C-b4,0,P6-12,P11,,False,10,P11 LIN10-0C-b4 AG0
20241112_rep04,plate_metadata/20241112_rep04_metadata,4,E08,5,8,14,r05c08f14,MitoRed,11,LIN10-0C-b4,0,P6-12,P11,,False,10,P11 LIN10-0C-b4 AG0
20241112_rep04,plate_metadata/20241112_rep04_metadata,4,E08,5,8,15,r05c08f15,MitoRed,11,LIN10-0C-b4,0,P6-12,P11,,False,10,P11 LIN10-0C-b4 AG0
20241112_rep04,plate_metadata/20241112_rep04_metadata,4,E08,5,8,16,r05c08f16,MitoRed,11,LIN10-0C-b4,0,P6-12,P11,,False,10,P11 LIN10-0C-b4 AG0
20241112_rep04,plate_metadata/20241112_rep04_metadata,4,E08,5,8,17,r05c08f17,MitoRed,11,LIN10-0C-b4,0,P6-12,P11,,False,10,P11 LIN10-0C-b4 AG0
20241112_rep04,plate_metadata/20241112_rep04_metadata,4,E08,5,8,18,r05c08f18,MitoRed,11,LIN10-0C-b4,0,P6-12,P11,,False,10,P11 LIN10-0C-b4 AG0
20241112_rep04,plate_metadata/20241112_rep04_metadata,4,E08,5,8,19,r05c08f19,MitoRed,11,LIN10-0C-b4,0,P6-12,P11,,False,10,P11 LIN10-0C-b4 AG0
20241112_rep04,plate_metadata/20241112_rep04_metadata,4,E08,5,8,20,r05c08f20,MitoRed,11,LIN10-0C-b4,0,P6-12,P11,,False,10,P11 LIN10-0C-b4 AG0
20241112_rep04,plate_metadata/20241112_rep04_metadata,4,E08,5,8,21,r05c08f21,MitoRed,11,LIN10-0C-b4,0,P6-12,P11,,False,10,P11 LIN10-0C-b4 AG0
20241112_rep04,plate_metadata/20241112_rep04_metadata,4,E08,5,8,22,r05c08f22,MitoRed,11,LIN10-0C-b4,0,P6-12,P11,,False,10,P11 LIN10-0C-b4 AG0
20241112_rep04,plate_metadata/20241112_rep04_metadata,4,E08,5,8,23,r05c08f23,MitoRed,11,LIN10-0C-b4,0,P6-12,P11,,False,10,P11 LIN10-0C-b4 AG0
20241112_rep04,plate_metadata/20241112_rep04_metadata,4,E08,5,8,24,r05c08f24,MitoRed,11,LIN10-0C-b4,0,P6-12,P11,,False,10,P11 LIN10-0C-b4 AG0
20241112_rep04,plate_metadata/20241112_rep04_metadata,4,E08,5,8,25,r05c08f25,MitoRed,11,LIN10-0C-b4,0,P6-12,P11,,False,10,P11 LIN10-0C-b4 AG0
20241112_rep04,plate_metadata/20241112_rep04_metadata,4,E08,5,8,26,r05c08f26,MitoRed,11,LIN10-0C-b4,0,P6-12,P11,,False,10,P11 LIN10-0C-b4 AG0
20241112_rep04,plate_metadata/20241112_rep04_metadata,4,E08,5,8,27,r05c08f27,MitoRed,11,LIN10-0C-b4,0,P6-12,P11,,False,10,P11 LIN10-0C-b4 AG0
20241112_rep04,plate_metadata/20241112_rep04_metadata,4,E08,5,8,28,r05c08f28,MitoRed,11,LIN10-0C-b4,0,P6-12,P11,,False,10,P11 LIN10-0C-b4 AG0
20241112_rep04,plate_metadata/20241112_rep04_metadata,4,E08,5,8,29,r05c08f29,MitoRed,11,LIN10-0C-b4,0,P6-12,P11,,False,10,P11 LIN10-0C-b4 AG0
20241112_rep04,plate_metadata/20241112_rep04_metadata,4,E08,5,8,30,r05c08f30,MitoRed,11,LIN10-0C-b4,0,P6-12,P11,,False,10,P11 LIN10-0C-b4 AG0
20241112_rep04,plate_metadata/20241112_rep04_metadata,4,E08,5,8,31,r05c08f31,MitoRed,11,LIN10-0C-b4,0,P6-12,P11,,False,10,P11 LIN10-0C-b4 AG0
20241112_rep04,plate_metadata/20241112_rep04_metadata,4,E08,5,8,32,r05c08f32,MitoRed,11,LIN10-0C-b4,0,P6-12,P11,,False,10,P11 LIN10-0C-b4 AG0
20241112_rep04,plate_metadata/20241112_rep04_metadata,4,E08,5,8,33,r05c08f33,MitoRed,11,LIN10-0C-b4,0,P6-12,P11,,False,10,P11 LIN10-0C-b4 AG0
20241112_rep04,plate_metadata/20241112_rep04_metadata,4,E08,5,8,34,r05c08f34,MitoRed,11,LIN10-0C-b4,0,P6-12,P11,,False,10,P11 LIN10-0C-b4 AG0
20241112_rep04,plate_metadata/20241112_rep04_metadata,4,E08,5,8,35,r05c08f35,MitoRed,11,LIN10-0C-b4,0,P6-12,P11,,False,10,P11 LIN10-0C-b4 AG0
20241112_rep04,plate_metadata/20241112_rep04_metadata,4,E08,5,8,36,r05c08f36,MitoRed,11,LIN10-0C-b4,0,P6-12,P11,,False,10,P11 LIN10-0C-b4 AG0
20241112_rep04,plate_metadata/20241112_rep04_metadata,4,E08,5,8,37,r05c08f37,MitoRed,11,LIN10-0C-b4,0,P6-12,P11,,False,10,P11 LIN10-0C-b4 AG0
20241112_rep04,plate_metadata/20241112_rep04_metadata,4,E08,5,8,38,r05c08f38,MitoRed,11,LIN10-0C-b4,0,P6-12,P11,,False,10,P11 LIN10-0C-b4 AG0
20241112_rep04,plate_metadata/20241112_rep04_metadata,4,E08,5,8,39,r05c08f39,MitoRed,11,LIN10-0C-b4,0,P6-12,P11,,False,10,P11 LIN10-0C-b4 AG0
20241112_rep04,plate_metadata/20241112_rep04_metadata,4,E08,5,8,40,r05c08f40,MitoRed,11,LIN10-0C-b4,0,P6-12,P11,,False,10,P11 LIN10-0C-b4 AG0
20241112_rep04,plate_metadata/20241112_rep04_metadata,4,E10,5,10,1,r05c10f01,,15,LIN9-0C-b2-s1,1,P13-15,P15,,False,9,P15 LIN9-0C-b2-s1 AG1
20241112_rep04,plate_metadata/20241112_rep04_metadata,4,E10,5,10,2,r05c10f02,,15,LIN9-0C-b2-s1,1,P13-15,P15,,False,9,P15 LIN9-0C-b2-s1 AG1
20241112_rep04,plate_metadata/20241112_rep04_metadata,4,E10,5,10,3,r05c10f03,,15,LIN9-0C-b2-s1,1,P13-15,P15,,False,9,P15 LIN9-0C-b2-s1 AG1
20241112_rep04,plate_metadata/20241112_rep04_metadata,4,E10,5,10,4,r05c10f04,,15,LIN9-0C-b2-s1,1,P13-15,P15,,False,9,P15 LIN9-0C-b2-s1 AG1
20241112_rep04,plate_metadata/20241112_rep04_metadata,4,E10,5,10,5,r05c10f05,,15,LIN9-0C-b2-s1,1,P13-15,P15,,False,9,P15 LIN9-0C-b2-s1 AG1
20241112_rep04,plate_metadata/20241112_rep04_metadata,4,E10,5,10,6,r05c10f06,,15,LIN9-0C-b2-s1,1,P13-15,P15,,False,9,P15 LIN9-0C-b2-s1 AG1
20241112_rep04,plate_metadata/20241112_rep04_metadata,4,E10,5,10,7,r05c10f07,,15,LIN9-0C-b2-s1,1,P13-15,P15,,False,9,P15 LIN9-0C-b2-s1 AG1
20241112_rep04,plate_metadata/20241112_rep04_metadata,4,E10,5,10,8,r05c10f08,,15,LIN9-0C-b2-s1,1,P13-15,P15,,False,9,P15 LIN9-0C-b2-s1 AG1
20241112_rep04,plate_metadata/20241112_rep04_metadata,4,E10,5,10,9,r05c10f09,,15,LIN9-0C-b2-s1,1,P13-15,P15,,False,9,P15 LIN9-0C-b2-s1 AG1
20241112_rep04,plate_metadata/20241112_rep04_metadata,4,E10,5,10,10,r05c10f10,,15,LIN9-0C-b2-s1,1,P13-15,P15,,False,9,P15 LIN9-0C-b2-s1 AG1
20241112_rep04,plate_metadata/20241112_rep04_metadata,4,E10,5,10,11,r05c10f11,,15,LIN9-0C-b2-s1,1,P13-15,P15,,False,9,P15 LIN9-0C-b2-s1 AG1
20241112_rep04,plate_metadata/20241112_rep04_metadata,4,E10,5,10,12,r05c10f12,,15,LIN9-0C-b2-s1,1,P13-15,P15,,False,9,P15 LIN9-0C-b2-s1 AG1
20241112_rep04,plate_metadata/20241112_rep04_metadata,4,E10,5,10,13,r05c10f13,,15,LIN9-0C-b2-s1,1,P13-15,P15,,False,9,P15 LIN9-0C-b2-s1 AG1
20241112_rep04,plate_metadata/20241112_rep04_metadata,4,E10,5,10,14,r05c10f14,,15,LIN9-0C-b2-s1,1,P13-15,P15,,False,9,P15 LIN9-0C-b2-s1 AG1
20241112_rep04,plate_metadata/20241112_rep04_metadata,4,E10,5,10,15,r05c10f15,,15,LIN9-0C-b2-s1,1,P13-15,P15,,False,9,P15 LIN9-0C-b2-s1 AG1
20241112_rep04,plate_metadata/20241112_rep04_metadata,4,E10,5,10,16,r05c10f16,,15,LIN9-0C-b2-s1,1,P13-15,P15,,False,9,P15 LIN9-0C-b2-s1 AG1
20241112_rep04,plate_metadata/20241112_rep04_metadata,4,E10,5,10,17,r05c10f17,,15,LIN9-0C-b2-s1,1,P13-15,P15,,False,9,P15 LIN9-0C-b2-s1 AG1
20241112_rep04,plate_metadata/20241112_rep04_metadata,4,E10,5,10,18,r05c10f18,,15,LIN9-0C-b2-s1,1,P13-15,P15,,False,9,P15 LIN9-0C-b2-s1 AG1
20241112_rep04,plate_metadata/20241112_rep04_metadata,4,E10,5,10,19,r05c10f19,,15,LIN9-0C-b2-s1,1,P13-15,P15,,False,9,P15 LIN9-0C-b2-s1 AG1
20241112_rep04,plate_metadata/20241112_rep04_metadata,4,E10,5,10,20,r05c10f20,,15,LIN9-0C-b2-s1,1,P13-15,P15,,False,9,P15 LIN9-0C-b2-s1 AG1
20241112_rep04,plate_metadata/20241112_rep04_metadata,4,E10,5,10,21,r05c10f21,,15,LIN9-0C-b2-s1,1,P13-15,P15,,False,9,P15 LIN9-0C-b2-s1 AG1
20241112_rep04,plate_metadata/20241112_rep04_metadata,4,E10,5,10,22,r05c10f22,,15,LIN9-0C-b2-s1,1,P13-15,P15,,False,9,P15 LIN9-0C-b2-s1 AG1
20241112_rep04,plate_metadata/20241112_rep04_metadata,4,E10,5,10,23,r05c10f23,,15,LIN9-0C-b2-s1,1,P13-15,P15,,False,9,P15 LIN9-0C-b2-s1 AG1
20241112_rep04,plate_metadata/20241112_rep04_metadata,4,E10,5,10,24,r05c10f24,,15,LIN9-0C-b2-s1,1,P13-15,P15,,False,9,P15 LIN9-0C-b2-s1 AG1
20241112_rep04,plate_metadata/20241112_rep04_metadata,4,E10,5,10,25,r05c10f25,,15,LIN9-0C-b2-s1,1,P13-15,P15,,False,9,P15 LIN9-0C-b2-s1 AG1
20241112_rep04,plate_metadata/20241112_rep04_metadata,4,E10,5,10,26,r05c10f26,,15,LIN9-0C-b2-s1,1,P13-15,P15,,False,9,P15 LIN9-0C-b2-s1 AG1
20241112_rep04,plate_metadata/20241112_rep04_metadata,4,E10,5,10,27,r05c10f27,,15,LIN9-0C-b2-s1,1,P13-15,P15,,False,9,P15 LIN9-0C-b2-s1 AG1
20241112_rep04,plate_metadata/20241112_rep04_metadata,4,E10,5,10,28,r05c10f28,,15,LIN9-0C-b2-s1,1,P13-15,P15,,False,9,P15 LIN9-0C-b2-s1 AG1
20241112_rep04,plate_metadata/20241112_rep04_metadata,4,E10,5,10,29,r05c10f29,,15,LIN9-0C-b2-s1,1,P13-15,P15,,False,9,P15 LIN9-0C-b2-s1 AG1
20241112_rep04,plate_metadata/20241112_rep04_metadata,4,E10,5,10,30,r05c10f30,,15,LIN9-0C-b2-s1,1,P13-15,P15,,False,9,P15 LIN9-0C-b2-s1 AG1
20241112_rep04,plate_metadata/20241112_rep04_metadata,4,E10,5,10,31,r05c10f31,,15,LIN9-0C-b2-s1,1,P13-15,P15,,False,9,P15 LIN9-0C-b2-s1 AG1
20241112_rep04,plate_metadata/20241112_rep04_metadata,4,E10,5,10,32,r05c10f32,,15,LIN9-0C-b2-s1,1,P13-15,P15,,False,9,P15 LIN9-0C-b2-s1 AG1
20241112_rep04,plate_metadata/20241112_rep04_metadata,4,E10,5,10,33,r05c10f33,,15,LIN9-0C-b2-s1,1,P13-15,P15,,False,9,P15 LIN9-0C-b2-s1 AG1
20241112_rep04,plate_metadata/20241112_rep04_metadata,4,E10,5,10,34,r05c10f34,,15,LIN9-0C-b2-s1,1,P13-15,P15,,False,9,P15 LIN9-0C-b2-s1 AG1
20241112_rep04,plate_metadata/20241112_rep04_metadata,4,E10,5,10,35,r05c10f35,,15,LIN9-0C-b2-s1,1,P13-15,P15,,False,9,P15 LIN9-0C-b2-s1 AG1
20241112_rep04,plate_metadata/20241112_rep04_metadata,4,E10,5,10,36,r05c10f36,,15,LIN9-0C-b2-s1,1,P13-15,P15,,False,9,P15 LIN9-0C-b2-s1 AG1
20241112_rep04,plate_metadata/20241112_rep04_metadata,4,E10,5,10,37,r05c10f37,,15,LIN9-0C-b2-s1,1,P13-15,P15,,False,9,P15 LIN9-0C-b2-s1 AG1
20241112_rep04,plate_metadata/20241112_rep04_metadata,4,E10,5,10,38,r05c10f38,,15,LIN9-0C-b2-s1,1,P13-15,P15,,False,9,P15 LIN9-0C-b2-s1 AG1
20241112_rep04,plate_metadata/20241112_rep04_metadata,4,E10,5,10,39,r05c10f39,,15,LIN9-0C-b2-s1,1,P13-15,P15,,False,9,P15 LIN9-0C-b2-s1 AG1
20241112_rep04,plate_metadata/20241112_rep04_metadata,4,E10,5,10,40,r05c10f40,,15,LIN9-0C-b2-s1,1,P13-15,P15,,False,9,P15 LIN9-0C-b2-s1 AG1
20241112_rep04,plate_metadata/20241112_rep04_metadata,4,E11,5,11,1,r05c11f01,,27,LIN3-0A-b2-s1,6,P25-27,P27,,False,3,P27 LIN3-0A-b2-s1 AG6
20241112_rep04,plate_metadata/20241112_rep04_metadata,4,E11,5,11,2,r05c11f02,,27,LIN3-0A-b2-s1,6,P25-27,P27,,False,3,P27 LIN3-0A-b2-s1 AG6
20241112_rep04,plate_metadata/20241112_rep04_metadata,4,E11,5,11,3,r05c11f03,,27,LIN3-0A-b2-s1,6,P25-27,P27,,False,3,P27 LIN3-0A-b2-s1 AG6
20241112_rep04,plate_metadata/20241112_rep04_metadata,4,E11,5,11,4,r05c11f04,,27,LIN3-0A-b2-s1,6,P25-27,P27,,False,3,P27 LIN3-0A-b2-s1 AG6
20241112_rep04,plate_metadata/20241112_rep04_metadata,4,E11,5,11,5,r05c11f05,,27,LIN3-0A-b2-s1,6,P25-27,P27,,False,3,P27 LIN3-0A-b2-s1 AG6
20241112_rep04,plate_metadata/20241112_rep04_metadata,4,E11,5,11,6,r05c11f06,,27,LIN3-0A-b2-s1,6,P25-27,P27,,False,3,P27 LIN3-0A-b2-s1 AG6
20241112_rep04,plate_metadata/20241112_rep04_metadata,4,E11,5,11,7,r05c11f07,,27,LIN3-0A-b2-s1,6,P25-27,P27,,False,3,P27 LIN3-0A-b2-s1 AG6
20241112_rep04,plate_metadata/20241112_rep04_metadata,4,E11,5,11,8,r05c11f08,,27,LIN3-0A-b2-s1,6,P25-27,P27,,False,3,P27 LIN3-0A-b2-s1 AG6
20241112_rep04,plate_metadata/20241112_rep04_metadata,4,E11,5,11,9,r05c11f09,,27,LIN3-0A-b2-s1,6,P25-27,P27,,False,3,P27 LIN3-0A-b2-s1 AG6
20241112_rep04,plate_metadata/20241112_rep04_metadata,4,E11,5,11,10,r05c11f10,,27,LIN3-0A-b2-s1,6,P25-27,P27,,False,3,P27 LIN3-0A-b2-s1 AG6
20241112_rep04,plate_metadata/20241112_rep04_metadata,4,E11,5,11,11,r05c11f11,,27,LIN3-0A-b2-s1,6,P25-27,P27,,False,3,P27 LIN3-0A-b2-s1 AG6
20241112_rep04,plate_metadata/20241112_rep04_metadata,4,E11,5,11,12,r05c11f12,,27,LIN3-0A-b2-s1,6,P25-27,P27,,False,3,P27 LIN3-0A-b2-s1 AG6
20241112_rep04,plate_metadata/20241112_rep04_metadata,4,E11,5,11,13,r05c11f13,,27,LIN3-0A-b2-s1,6,P25-27,P27,,False,3,P27 LIN3-0A-b2-s1 AG6
20241112_rep04,plate_metadata/20241112_rep04_metadata,4,E11,5,11,14,r05c11f14,,27,LIN3-0A-b2-s1,6,P25-27,P27,,False,3,P27 LIN3-0A-b2-s1 AG6
20241112_rep04,plate_metadata/20241112_rep04_metadata,4,E11,5,11,15,r05c11f15,,27,LIN3-0A-b2-s1,6,P25-27,P27,,False,3,P27 LIN3-0A-b2-s1 AG6
20241112_rep04,plate_metadata/20241112_rep04_metadata,4,E11,5,11,16,r05c11f16,,27,LIN3-0A-b2-s1,6,P25-27,P27,,False,3,P27 LIN3-0A-b2-s1 AG6
20241112_rep04,plate_metadata/20241112_rep04_metadata,4,E11,5,11,17,r05c11f17,,27,LIN3-0A-b2-s1,6,P25-27,P27,,False,3,P27 LIN3-0A-b2-s1 AG6
20241112_rep04,plate_metadata/20241112_rep04_metadata,4,E11,5,11,18,r05c11f18,,27,LIN3-0A-b2-s1,6,P25-27,P27,,False,3,P27 LIN3-0A-b2-s1 AG6
20241112_rep04,plate_metadata/20241112_rep04_metadata,4,E11,5,11,19,r05c11f19,,27,LIN3-0A-b2-s1,6,P25-27,P27,,False,3,P27 LIN3-0A-b2-s1 AG6
20241112_rep04,plate_metadata/20241112_rep04_metadata,4,E11,5,11,20,r05c11f20,,27,LIN3-0A-b2-s1,6,P25-27,P27,,False,3,P27 LIN3-0A-b2-s1 AG6
20241112_rep04,plate_metadata/20241112_rep04_metadata,4,E11,5,11,21,r05c11f21,,27,LIN3-0A-b2-s1,6,P25-27,P27,,False,3,P27 LIN3-0A-b2-s1 AG6
20241112_rep04,plate_metadata/20241112_rep04_metadata,4,E11,5,11,22,r05c11f22,,27,LIN3-0A-b2-s1,6,P25-27,P27,,False,3,P27 LIN3-0A-b2-s1 AG6
20241112_rep04,plate_metadata/20241112_rep04_metadata,4,E11,5,11,23,r05c11f23,,27,LIN3-0A-b2-s1,6,P25-27,P27,,False,3,P27 LIN3-0A-b2-s1 AG6
20241112_rep04,plate_metadata/20241112_rep04_metadata,4,E11,5,11,24,r05c11f24,,27,LIN3-0A-b2-s1,6,P25-27,P27,,False,3,P27 LIN3-0A-b2-s1 AG6
20241112_rep04,plate_metadata/20241112_rep04_metadata,4,E11,5,11,25,r05c11f25,,27,LIN3-0A-b2-s1,6,P25-27,P27,,False,3,P27 LIN3-0A-b2-s1 AG6
20241112_rep04,plate_metadata/20241112_rep04_metadata,4,E11,5,11,26,r05c11f26,,27,LIN3-0A-b2-s1,6,P25-27,P27,,False,3,P27 LIN3-0A-b2-s1 AG6
20241112_rep04,plate_metadata/20241112_rep04_metadata,4,E11,5,11,27,r05c11f27,,27,LIN3-0A-b2-s1,6,P25-27,P27,,False,3,P27 LIN3-0A-b2-s1 AG6
20241112_rep04,plate_metadata/20241112_rep04_metadata,4,E11,5,11,28,r05c11f28,,27,LIN3-0A-b2-s1,6,P25-27,P27,,False,3,P27 LIN3-0A-b2-s1 AG6
20241112_rep04,plate_metadata/20241112_rep04_metadata,4,E11,5,11,29,r05c11f29,,27,LIN3-0A-b2-s1,6,P25-27,P27,,False,3,P27 LIN3-0A-b2-s1 AG6
20241112_rep04,plate_metadata/20241112_rep04_metadata,4,E11,5,11,30,r05c11f30,,27,LIN3-0A-b2-s1,6,P25-27,P27,,False,3,P27 LIN3-0A-b2-s1 AG6
20241112_rep04,plate_metadata/20241112_rep04_metadata,4,E11,5,11,31,r05c11f31,,27,LIN3-0A-b2-s1,6,P25-27,P27,,False,3,P27 LIN3-0A-b2-s1 AG6
20241112_rep04,plate_metadata/20241112_rep04_metadata,4,E11,5,11,32,r05c11f32,,27,LIN3-0A-b2-s1,6,P25-27,P27,,False,3,P27 LIN3-0A-b2-s1 AG6
20241112_rep04,plate_metadata/20241112_rep04_metadata,4,E11,5,11,33,r05c11f33,,27,LIN3-0A-b2-s1,6,P25-27,P27,,False,3,P27 LIN3-0A-b2-s1 AG6
20241112_rep04,plate_metadata/20241112_rep04_metadata,4,E11,5,11,34,r05c11f34,,27,LIN3-0A-b2-s1,6,P25-27,P27,,False,3,P27 LIN3-0A-b2-s1 AG6
20241112_rep04,plate_metadata/20241112_rep04_metadata,4,E11,5,11,35,r05c11f35,,27,LIN3-0A-b2-s1,6,P25-27,P27,,False,3,P27 LIN3-0A-b2-s1 AG6
20241112_rep04,plate_metadata/20241112_rep04_metadata,4,E11,5,11,36,r05c11f36,,27,LIN3-0A-b2-s1,6,P25-27,P27,,False,3,P27 LIN3-0A-b2-s1 AG6
20241112_rep04,plate_metadata/20241112_rep04_metadata,4,E11,5,11,37,r05c11f37,,27,LIN3-0A-b2-s1,6,P25-27,P27,,False,3,P27 LIN3-0A-b2-s1 AG6
20241112_rep04,plate_metadata/20241112_rep04_metadata,4,E11,5,11,38,r05c11f38,,27,LIN3-0A-b2-s1,6,P25-27,P27,,False,3,P27 LIN3-0A-b2-s1 AG6
20241112_rep04,plate_metadata/20241112_rep04_metadata,4,E11,5,11,39,r05c11f39,,27,LIN3-0A-b2-s1,6,P25-27,P27,,False,3,P27 LIN3-0A-b2-s1 AG6
20241112_rep04,plate_metadata/20241112_rep04_metadata,4,E11,5,11,40,r05c11f40,,27,LIN3-0A-b2-s1,6,P25-27,P27,,False,3,P27 LIN3-0A-b2-s1 AG6
20241112_rep04,plate_metadata/20241112_rep04_metadata,4,F02,6,2,1,r06c02f01,MitoRed,27,LIN3-0A-b2-s1,6,P25-27,P27,,False,3,P27 LIN3-0A-b2-s1 AG6
20241112_rep04,plate_metadata/20241112_rep04_metadata,4,F02,6,2,2,r06c02f02,MitoRed,27,LIN3-0A-b2-s1,6,P25-27,P27,,False,3,P27 LIN3-0A-b2-s1 AG6
20241112_rep04,plate_metadata/20241112_rep04_metadata,4,F02,6,2,3,r06c02f03,MitoRed,27,LIN3-0A-b2-s1,6,P25-27,P27,,False,3,P27 LIN3-0A-b2-s1 AG6
20241112_rep04,plate_metadata/20241112_rep04_metadata,4,F02,6,2,4,r06c02f04,MitoRed,27,LIN3-0A-b2-s1,6,P25-27,P27,,False,3,P27 LIN3-0A-b2-s1 AG6
20241112_rep04,plate_metadata/20241112_rep04_metadata,4,F02,6,2,5,r06c02f05,MitoRed,27,LIN3-0A-b2-s1,6,P25-27,P27,,False,3,P27 LIN3-0A-b2-s1 AG6
20241112_rep04,plate_metadata/20241112_rep04_metadata,4,F02,6,2,6,r06c02f06,MitoRed,27,LIN3-0A-b2-s1,6,P25-27,P27,,False,3,P27 LIN3-0A-b2-s1 AG6
20241112_rep04,plate_metadata/20241112_rep04_metadata,4,F02,6,2,7,r06c02f07,MitoRed,27,LIN3-0A-b2-s1,6,P25-27,P27,,False,3,P27 LIN3-0A-b2-s1 AG6
20241112_rep04,plate_metadata/20241112_rep04_metadata,4,F02,6,2,8,r06c02f08,MitoRed,27,LIN3-0A-b2-s1,6,P25-27,P27,,False,3,P27 LIN3-0A-b2-s1 AG6
20241112_rep04,plate_metadata/20241112_rep04_metadata,4,F02,6,2,9,r06c02f09,MitoRed,27,LIN3-0A-b2-s1,6,P25-27,P27,,False,3,P27 LIN3-0A-b2-s1 AG6
20241112_rep04,plate_metadata/20241112_rep04_metadata,4,F02,6,2,10,r06c02f10,MitoRed,27,LIN3-0A-b2-s1,6,P25-27,P27,,False,3,P27 LIN3-0A-b2-s1 AG6
20241112_rep04,plate_metadata/20241112_rep04_metadata,4,F02,6,2,11,r06c02f11,MitoRed,27,LIN3-0A-b2-s1,6,P25-27,P27,,False,3,P27 LIN3-0A-b2-s1 AG6
20241112_rep04,plate_metadata/20241112_rep04_metadata,4,F02,6,2,12,r06c02f12,MitoRed,27,LIN3-0A-b2-s1,6,P25-27,P27,,False,3,P27 LIN3-0A-b2-s1 AG6
20241112_rep04,plate_metadata/20241112_rep04_metadata,4,F02,6,2,13,r06c02f13,MitoRed,27,LIN3-0A-b2-s1,6,P25-27,P27,,False,3,P27 LIN3-0A-b2-s1 AG6
20241112_rep04,plate_metadata/20241112_rep04_metadata,4,F02,6,2,14,r06c02f14,MitoRed,27,LIN3-0A-b2-s1,6,P25-27,P27,,False,3,P27 LIN3-0A-b2-s1 AG6
20241112_rep04,plate_metadata/20241112_rep04_metadata,4,F02,6,2,15,r06c02f15,MitoRed,27,LIN3-0A-b2-s1,6,P25-27,P27,,False,3,P27 LIN3-0A-b2-s1 AG6
20241112_rep04,plate_metadata/20241112_rep04_metadata,4,F02,6,2,16,r06c02f16,MitoRed,27,LIN3-0A-b2-s1,6,P25-27,P27,,False,3,P27 LIN3-0A-b2-s1 AG6
20241112_rep04,plate_metadata/20241112_rep04_metadata,4,F02,6,2,17,r06c02f17,MitoRed,27,LIN3-0A-b2-s1,6,P25-27,P27,,False,3,P27 LIN3-0A-b2-s1 AG6
20241112_rep04,plate_metadata/20241112_rep04_metadata,4,F02,6,2,18,r06c02f18,MitoRed,27,LIN3-0A-b2-s1,6,P25-27,P27,,False,3,P27 LIN3-0A-b2-s1 AG6
20241112_rep04,plate_metadata/20241112_rep04_metadata,4,F02,6,2,19,r06c02f19,MitoRed,27,LIN3-0A-b2-s1,6,P25-27,P27,,False,3,P27 LIN3-0A-b2-s1 AG6
20241112_rep04,plate_metadata/20241112_rep04_metadata,4,F02,6,2,20,r06c02f20,MitoRed,27,LIN3-0A-b2-s1,6,P25-27,P27,,False,3,P27 LIN3-0A-b2-s1 AG6
20241112_rep04,plate_metadata/20241112_rep04_metadata,4,F02,6,2,21,r06c02f21,MitoRed,27,LIN3-0A-b2-s1,6,P25-27,P27,,False,3,P27 LIN3-0A-b2-s1 AG6
20241112_rep04,plate_metadata/20241112_rep04_metadata,4,F02,6,2,22,r06c02f22,MitoRed,27,LIN3-0A-b2-s1,6,P25-27,P27,,False,3,P27 LIN3-0A-b2-s1 AG6
20241112_rep04,plate_metadata/20241112_rep04_metadata,4,F02,6,2,23,r06c02f23,MitoRed,27,LIN3-0A-b2-s1,6,P25-27,P27,,False,3,P27 LIN3-0A-b2-s1 AG6
20241112_rep04,plate_metadata/20241112_rep04_metadata,4,F02,6,2,24,r06c02f24,MitoRed,27,LIN3-0A-b2-s1,6,P25-27,P27,,False,3,P27 LIN3-0A-b2-s1 AG6
20241112_rep04,plate_metadata/20241112_rep04_metadata,4,F02,6,2,25,r06c02f25,MitoRed,27,LIN3-0A-b2-s1,6,P25-27,P27,,False,3,P27 LIN3-0A-b2-s1 AG6
20241112_rep04,plate_metadata/20241112_rep04_metadata,4,F02,6,2,26,r06c02f26,MitoRed,27,LIN3-0A-b2-s1,6,P25-27,P27,,False,3,P27 LIN3-0A-b2-s1 AG6
20241112_rep04,plate_metadata/20241112_rep04_metadata,4,F02,6,2,27,r06c02f27,MitoRed,27,LIN3-0A-b2-s1,6,P25-27,P27,,False,3,P27 LIN3-0A-b2-s1 AG6
20241112_rep04,plate_metadata/20241112_rep04_metadata,4,F02,6,2,28,r06c02f28,MitoRed,27,LIN3-0A-b2-s1,6,P25-27,P27,,False,3,P27 LIN3-0A-b2-s1 AG6
20241112_rep04,plate_metadata/20241112_rep04_metadata,4,F02,6,2,29,r06c02f29,MitoRed,27,LIN3-0A-b2-s1,6,P25-27,P27,,False,3,P27 LIN3-0A-b2-s1 AG6
20241112_rep04,plate_metadata/20241112_rep04_metadata,4,F02,6,2,30,r06c02f30,MitoRed,27,LIN3-0A-b2-s1,6,P25-27,P27,,False,3,P27 LIN3-0A-b2-s1 AG6
20241112_rep04,plate_metadata/20241112_rep04_metadata,4,F02,6,2,31,r06c02f31,MitoRed,27,LIN3-0A-b2-s1,6,P25-27,P27,,False,3,P27 LIN3-0A-b2-s1 AG6
20241112_rep04,plate_metadata/20241112_rep04_metadata,4,F02,6,2,32,r06c02f32,MitoRed,27,LIN3-0A-b2-s1,6,P25-27,P27,,False,3,P27 LIN3-0A-b2-s1 AG6
20241112_rep04,plate_metadata/20241112_rep04_metadata,4,F02,6,2,33,r06c02f33,MitoRed,27,LIN3-0A-b2-s1,6,P25-27,P27,,False,3,P27 LIN3-0A-b2-s1 AG6
20241112_rep04,plate_metadata/20241112_rep04_metadata,4,F02,6,2,34,r06c02f34,MitoRed,27,LIN3-0A-b2-s1,6,P25-27,P27,,False,3,P27 LIN3-0A-b2-s1 AG6
20241112_rep04,plate_metadata/20241112_rep04_metadata,4,F02,6,2,35,r06c02f35,MitoRed,27,LIN3-0A-b2-s1,6,P25-27,P27,,False,3,P27 LIN3-0A-b2-s1 AG6
20241112_rep04,plate_metadata/20241112_rep04_metadata,4,F02,6,2,36,r06c02f36,MitoRed,27,LIN3-0A-b2-s1,6,P25-27,P27,,False,3,P27 LIN3-0A-b2-s1 AG6
20241112_rep04,plate_metadata/20241112_rep04_metadata,4,F02,6,2,37,r06c02f37,MitoRed,27,LIN3-0A-b2-s1,6,P25-27,P27,,False,3,P27 LIN3-0A-b2-s1 AG6
20241112_rep04,plate_metadata/20241112_rep04_metadata,4,F02,6,2,38,r06c02f38,MitoRed,27,LIN3-0A-b2-s1,6,P25-27,P27,,False,3,P27 LIN3-0A-b2-s1 AG6
20241112_rep04,plate_metadata/20241112_rep04_metadata,4,F02,6,2,39,r06c02f39,MitoRed,27,LIN3-0A-b2-s1,6,P25-27,P27,,False,3,P27 LIN3-0A-b2-s1 AG6
20241112_rep04,plate_metadata/20241112_rep04_metadata,4,F02,6,2,40,r06c02f40,MitoRed,27,LIN3-0A-b2-s1,6,P25-27,P27,,False,3,P27 LIN3-0A-b2-s1 AG6
20241112_rep04,plate_metadata/20241112_rep04_metadata,4,F03,6,3,1,r06c03f01,MitoRed,24,LIN3-0A-b2-s2-ss1,5,P22-24,P24,,False,3,P24 LIN3-0A-b2-s2-ss1 AG5
20241112_rep04,plate_metadata/20241112_rep04_metadata,4,F03,6,3,2,r06c03f02,MitoRed,24,LIN3-0A-b2-s2-ss1,5,P22-24,P24,,False,3,P24 LIN3-0A-b2-s2-ss1 AG5
20241112_rep04,plate_metadata/20241112_rep04_metadata,4,F03,6,3,3,r06c03f03,MitoRed,24,LIN3-0A-b2-s2-ss1,5,P22-24,P24,,False,3,P24 LIN3-0A-b2-s2-ss1 AG5
20241112_rep04,plate_metadata/20241112_rep04_metadata,4,F03,6,3,4,r06c03f04,MitoRed,24,LIN3-0A-b2-s2-ss1,5,P22-24,P24,,False,3,P24 LIN3-0A-b2-s2-ss1 AG5
20241112_rep04,plate_metadata/20241112_rep04_metadata,4,F03,6,3,5,r06c03f05,MitoRed,24,LIN3-0A-b2-s2-ss1,5,P22-24,P24,,False,3,P24 LIN3-0A-b2-s2-ss1 AG5
20241112_rep04,plate_metadata/20241112_rep04_metadata,4,F03,6,3,6,r06c03f06,MitoRed,24,LIN3-0A-b2-s2-ss1,5,P22-24,P24,,False,3,P24 LIN3-0A-b2-s2-ss1 AG5
20241112_rep04,plate_metadata/20241112_rep04_metadata,4,F03,6,3,7,r06c03f07,MitoRed,24,LIN3-0A-b2-s2-ss1,5,P22-24,P24,,False,3,P24 LIN3-0A-b2-s2-ss1 AG5
20241112_rep04,plate_metadata/20241112_rep04_metadata,4,F03,6,3,8,r06c03f08,MitoRed,24,LIN3-0A-b2-s2-ss1,5,P22-24,P24,,False,3,P24 LIN3-0A-b2-s2-ss1 AG5
20241112_rep04,plate_metadata/20241112_rep04_metadata,4,F03,6,3,9,r06c03f09,MitoRed,24,LIN3-0A-b2-s2-ss1,5,P22-24,P24,,False,3,P24 LIN3-0A-b2-s2-ss1 AG5
20241112_rep04,plate_metadata/20241112_rep04_metadata,4,F03,6,3,10,r06c03f10,MitoRed,24,LIN3-0A-b2-s2-ss1,5,P22-24,P24,,False,3,P24 LIN3-0A-b2-s2-ss1 AG5
20241112_rep04,plate_metadata/20241112_rep04_metadata,4,F03,6,3,11,r06c03f11,MitoRed,24,LIN3-0A-b2-s2-ss1,5,P22-24,P24,,False,3,P24 LIN3-0A-b2-s2-ss1 AG5
20241112_rep04,plate_metadata/20241112_rep04_metadata,4,F03,6,3,12,r06c03f12,MitoRed,24,LIN3-0A-b2-s2-ss1,5,P22-24,P24,,False,3,P24 LIN3-0A-b2-s2-ss1 AG5
20241112_rep04,plate_metadata/20241112_rep04_metadata,4,F03,6,3,13,r06c03f13,MitoRed,24,LIN3-0A-b2-s2-ss1,5,P22-24,P24,,False,3,P24 LIN3-0A-b2-s2-ss1 AG5
20241112_rep04,plate_metadata/20241112_rep04_metadata,4,F03,6,3,14,r06c03f14,MitoRed,24,LIN3-0A-b2-s2-ss1,5,P22-24,P24,,False,3,P24 LIN3-0A-b2-s2-ss1 AG5
20241112_rep04,plate_metadata/20241112_rep04_metadata,4,F03,6,3,15,r06c03f15,MitoRed,24,LIN3-0A-b2-s2-ss1,5,P22-24,P24,,False,3,P24 LIN3-0A-b2-s2-ss1 AG5
20241112_rep04,plate_metadata/20241112_rep04_metadata,4,F03,6,3,16,r06c03f16,MitoRed,24,LIN3-0A-b2-s2-ss1,5,P22-24,P24,,False,3,P24 LIN3-0A-b2-s2-ss1 AG5
20241112_rep04,plate_metadata/20241112_rep04_metadata,4,F03,6,3,17,r06c03f17,MitoRed,24,LIN3-0A-b2-s2-ss1,5,P22-24,P24,,False,3,P24 LIN3-0A-b2-s2-ss1 AG5
20241112_rep04,plate_metadata/20241112_rep04_metadata,4,F03,6,3,18,r06c03f18,MitoRed,24,LIN3-0A-b2-s2-ss1,5,P22-24,P24,,False,3,P24 LIN3-0A-b2-s2-ss1 AG5
20241112_rep04,plate_metadata/20241112_rep04_metadata,4,F03,6,3,19,r06c03f19,MitoRed,24,LIN3-0A-b2-s2-ss1,5,P22-24,P24,,False,3,P24 LIN3-0A-b2-s2-ss1 AG5
20241112_rep04,plate_metadata/20241112_rep04_metadata,4,F03,6,3,20,r06c03f20,MitoRed,24,LIN3-0A-b2-s2-ss1,5,P22-24,P24,,False,3,P24 LIN3-0A-b2-s2-ss1 AG5
20241112_rep04,plate_metadata/20241112_rep04_metadata,4,F03,6,3,21,r06c03f21,MitoRed,24,LIN3-0A-b2-s2-ss1,5,P22-24,P24,,False,3,P24 LIN3-0A-b2-s2-ss1 AG5
20241112_rep04,plate_metadata/20241112_rep04_metadata,4,F03,6,3,22,r06c03f22,MitoRed,24,LIN3-0A-b2-s2-ss1,5,P22-24,P24,,False,3,P24 LIN3-0A-b2-s2-ss1 AG5
20241112_rep04,plate_metadata/20241112_rep04_metadata,4,F03,6,3,23,r06c03f23,MitoRed,24,LIN3-0A-b2-s2-ss1,5,P22-24,P24,,False,3,P24 LIN3-0A-b2-s2-ss1 AG5
20241112_rep04,plate_metadata/20241112_rep04_metadata,4,F03,6,3,24,r06c03f24,MitoRed,24,LIN3-0A-b2-s2-ss1,5,P22-24,P24,,False,3,P24 LIN3-0A-b2-s2-ss1 AG5
20241112_rep04,plate_metadata/20241112_rep04_metadata,4,F03,6,3,25,r06c03f25,MitoRed,24,LIN3-0A-b2-s2-ss1,5,P22-24,P24,,False,3,P24 LIN3-0A-b2-s2-ss1 AG5
20241112_rep04,plate_metadata/20241112_rep04_metadata,4,F03,6,3,26,r06c03f26,MitoRed,24,LIN3-0A-b2-s2-ss1,5,P22-24,P24,,False,3,P24 LIN3-0A-b2-s2-ss1 AG5
20241112_rep04,plate_metadata/20241112_rep04_metadata,4,F03,6,3,27,r06c03f27,MitoRed,24,LIN3-0A-b2-s2-ss1,5,P22-24,P24,,False,3,P24 LIN3-0A-b2-s2-ss1 AG5
20241112_rep04,plate_metadata/20241112_rep04_metadata,4,F03,6,3,28,r06c03f28,MitoRed,24,LIN3-0A-b2-s2-ss1,5,P22-24,P24,,False,3,P24 LIN3-0A-b2-s2-ss1 AG5
20241112_rep04,plate_metadata/20241112_rep04_metadata,4,F03,6,3,29,r06c03f29,MitoRed,24,LIN3-0A-b2-s2-ss1,5,P22-24,P24,,False,3,P24 LIN3-0A-b2-s2-ss1 AG5
20241112_rep04,plate_metadata/20241112_rep04_metadata,4,F03,6,3,30,r06c03f30,MitoRed,24,LIN3-0A-b2-s2-ss1,5,P22-24,P24,,False,3,P24 LIN3-0A-b2-s2-ss1 AG5
20241112_rep04,plate_metadata/20241112_rep04_metadata,4,F03,6,3,31,r06c03f31,MitoRed,24,LIN3-0A-b2-s2-ss1,5,P22-24,P24,,False,3,P24 LIN3-0A-b2-s2-ss1 AG5
20241112_rep04,plate_metadata/20241112_rep04_metadata,4,F03,6,3,32,r06c03f32,MitoRed,24,LIN3-0A-b2-s2-ss1,5,P22-24,P24,,False,3,P24 LIN3-0A-b2-s2-ss1 AG5
20241112_rep04,plate_metadata/20241112_rep04_metadata,4,F03,6,3,33,r06c03f33,MitoRed,24,LIN3-0A-b2-s2-ss1,5,P22-24,P24,,False,3,P24 LIN3-0A-b2-s2-ss1 AG5
20241112_rep04,plate_metadata/20241112_rep04_metadata,4,F03,6,3,34,r06c03f34,MitoRed,24,LIN3-0A-b2-s2-ss1,5,P22-24,P24,,False,3,P24 LIN3-0A-b2-s2-ss1 AG5
20241112_rep04,plate_metadata/20241112_rep04_metadata,4,F03,6,3,35,r06c03f35,MitoRed,24,LIN3-0A-b2-s2-ss1,5,P22-24,P24,,False,3,P24 LIN3-0A-b2-s2-ss1 AG5
20241112_rep04,plate_metadata/20241112_rep04_metadata,4,F03,6,3,36,r06c03f36,MitoRed,24,LIN3-0A-b2-s2-ss1,5,P22-24,P24,,False,3,P24 LIN3-0A-b2-s2-ss1 AG5
20241112_rep04,plate_metadata/20241112_rep04_metadata,4,F03,6,3,37,r06c03f37,MitoRed,24,LIN3-0A-b2-s2-ss1,5,P22-24,P24,,False,3,P24 LIN3-0A-b2-s2-ss1 AG5
20241112_rep04,plate_metadata/20241112_rep04_metadata,4,F03,6,3,38,r06c03f38,MitoRed,24,LIN3-0A-b2-s2-ss1,5,P22-24,P24,,False,3,P24 LIN3-0A-b2-s2-ss1 AG5
20241112_rep04,plate_metadata/20241112_rep04_metadata,4,F03,6,3,39,r06c03f39,MitoRed,24,LIN3-0A-b2-s2-ss1,5,P22-24,P24,,False,3,P24 LIN3-0A-b2-s2-ss1 AG5
20241112_rep04,plate_metadata/20241112_rep04_metadata,4,F03,6,3,40,r06c03f40,MitoRed,24,LIN3-0A-b2-s2-ss1,5,P22-24,P24,,False,3,P24 LIN3-0A-b2-s2-ss1 AG5
20241112_rep04,plate_metadata/20241112_rep04_metadata,4,F04,6,4,1,r06c04f01,MitoRed,23,LIN6-0C-b1-s1,4,P22-24,P23,,False,6,P23 LIN6-0C-b1-s1 AG4
20241112_rep04,plate_metadata/20241112_rep04_metadata,4,F04,6,4,2,r06c04f02,MitoRed,23,LIN6-0C-b1-s1,4,P22-24,P23,,False,6,P23 LIN6-0C-b1-s1 AG4
20241112_rep04,plate_metadata/20241112_rep04_metadata,4,F04,6,4,3,r06c04f03,MitoRed,23,LIN6-0C-b1-s1,4,P22-24,P23,,False,6,P23 LIN6-0C-b1-s1 AG4
20241112_rep04,plate_metadata/20241112_rep04_metadata,4,F04,6,4,4,r06c04f04,MitoRed,23,LIN6-0C-b1-s1,4,P22-24,P23,,False,6,P23 LIN6-0C-b1-s1 AG4
20241112_rep04,plate_metadata/20241112_rep04_metadata,4,F04,6,4,5,r06c04f05,MitoRed,23,LIN6-0C-b1-s1,4,P22-24,P23,,False,6,P23 LIN6-0C-b1-s1 AG4
20241112_rep04,plate_metadata/20241112_rep04_metadata,4,F04,6,4,6,r06c04f06,MitoRed,23,LIN6-0C-b1-s1,4,P22-24,P23,,False,6,P23 LIN6-0C-b1-s1 AG4
20241112_rep04,plate_metadata/20241112_rep04_metadata,4,F04,6,4,7,r06c04f07,MitoRed,23,LIN6-0C-b1-s1,4,P22-24,P23,,False,6,P23 LIN6-0C-b1-s1 AG4
20241112_rep04,plate_metadata/20241112_rep04_metadata,4,F04,6,4,8,r06c04f08,MitoRed,23,LIN6-0C-b1-s1,4,P22-24,P23,,False,6,P23 LIN6-0C-b1-s1 AG4
20241112_rep04,plate_metadata/20241112_rep04_metadata,4,F04,6,4,9,r06c04f09,MitoRed,23,LIN6-0C-b1-s1,4,P22-24,P23,,False,6,P23 LIN6-0C-b1-s1 AG4
20241112_rep04,plate_metadata/20241112_rep04_metadata,4,F04,6,4,10,r06c04f10,MitoRed,23,LIN6-0C-b1-s1,4,P22-24,P23,,False,6,P23 LIN6-0C-b1-s1 AG4
20241112_rep04,plate_metadata/20241112_rep04_metadata,4,F04,6,4,11,r06c04f11,MitoRed,23,LIN6-0C-b1-s1,4,P22-24,P23,,False,6,P23 LIN6-0C-b1-s1 AG4
20241112_rep04,plate_metadata/20241112_rep04_metadata,4,F04,6,4,12,r06c04f12,MitoRed,23,LIN6-0C-b1-s1,4,P22-24,P23,,False,6,P23 LIN6-0C-b1-s1 AG4
20241112_rep04,plate_metadata/20241112_rep04_metadata,4,F04,6,4,13,r06c04f13,MitoRed,23,LIN6-0C-b1-s1,4,P22-24,P23,,False,6,P23 LIN6-0C-b1-s1 AG4
20241112_rep04,plate_metadata/20241112_rep04_metadata,4,F04,6,4,14,r06c04f14,MitoRed,23,LIN6-0C-b1-s1,4,P22-24,P23,,False,6,P23 LIN6-0C-b1-s1 AG4
20241112_rep04,plate_metadata/20241112_rep04_metadata,4,F04,6,4,15,r06c04f15,MitoRed,23,LIN6-0C-b1-s1,4,P22-24,P23,,False,6,P23 LIN6-0C-b1-s1 AG4
20241112_rep04,plate_metadata/20241112_rep04_metadata,4,F04,6,4,16,r06c04f16,MitoRed,23,LIN6-0C-b1-s1,4,P22-24,P23,,False,6,P23 LIN6-0C-b1-s1 AG4
20241112_rep04,plate_metadata/20241112_rep04_metadata,4,F04,6,4,17,r06c04f17,MitoRed,23,LIN6-0C-b1-s1,4,P22-24,P23,,False,6,P23 LIN6-0C-b1-s1 AG4
20241112_rep04,plate_metadata/20241112_rep04_metadata,4,F04,6,4,18,r06c04f18,MitoRed,23,LIN6-0C-b1-s1,4,P22-24,P23,,False,6,P23 LIN6-0C-b1-s1 AG4
20241112_rep04,plate_metadata/20241112_rep04_metadata,4,F04,6,4,19,r06c04f19,MitoRed,23,LIN6-0C-b1-s1,4,P22-24,P23,,False,6,P23 LIN6-0C-b1-s1 AG4
20241112_rep04,plate_metadata/20241112_rep04_metadata,4,F04,6,4,20,r06c04f20,MitoRed,23,LIN6-0C-b1-s1,4,P22-24,P23,,False,6,P23 LIN6-0C-b1-s1 AG4
20241112_rep04,plate_metadata/20241112_rep04_metadata,4,F04,6,4,21,r06c04f21,MitoRed,23,LIN6-0C-b1-s1,4,P22-24,P23,,False,6,P23 LIN6-0C-b1-s1 AG4
20241112_rep04,plate_metadata/20241112_rep04_metadata,4,F04,6,4,22,r06c04f22,MitoRed,23,LIN6-0C-b1-s1,4,P22-24,P23,,False,6,P23 LIN6-0C-b1-s1 AG4
20241112_rep04,plate_metadata/20241112_rep04_metadata,4,F04,6,4,23,r06c04f23,MitoRed,23,LIN6-0C-b1-s1,4,P22-24,P23,,False,6,P23 LIN6-0C-b1-s1 AG4
20241112_rep04,plate_metadata/20241112_rep04_metadata,4,F04,6,4,24,r06c04f24,MitoRed,23,LIN6-0C-b1-s1,4,P22-24,P23,,False,6,P23 LIN6-0C-b1-s1 AG4
20241112_rep04,plate_metadata/20241112_rep04_metadata,4,F04,6,4,25,r06c04f25,MitoRed,23,LIN6-0C-b1-s1,4,P22-24,P23,,False,6,P23 LIN6-0C-b1-s1 AG4
20241112_rep04,plate_metadata/20241112_rep04_metadata,4,F04,6,4,26,r06c04f26,MitoRed,23,LIN6-0C-b1-s1,4,P22-24,P23,,False,6,P23 LIN6-0C-b1-s1 AG4
20241112_rep04,plate_metadata/20241112_rep04_metadata,4,F04,6,4,27,r06c04f27,MitoRed,23,LIN6-0C-b1-s1,4,P22-24,P23,,False,6,P23 LIN6-0C-b1-s1 AG4
20241112_rep04,plate_metadata/20241112_rep04_metadata,4,F04,6,4,28,r06c04f28,MitoRed,23,LIN6-0C-b1-s1,4,P22-24,P23,,False,6,P23 LIN6-0C-b1-s1 AG4
20241112_rep04,plate_metadata/20241112_rep04_metadata,4,F04,6,4,29,r06c04f29,MitoRed,23,LIN6-0C-b1-s1,4,P22-24,P23,,False,6,P23 LIN6-0C-b1-s1 AG4
20241112_rep04,plate_metadata/20241112_rep04_metadata,4,F04,6,4,30,r06c04f30,MitoRed,23,LIN6-0C-b1-s1,4,P22-24,P23,,False,6,P23 LIN6-0C-b1-s1 AG4
20241112_rep04,plate_metadata/20241112_rep04_metadata,4,F04,6,4,31,r06c04f31,MitoRed,23,LIN6-0C-b1-s1,4,P22-24,P23,,False,6,P23 LIN6-0C-b1-s1 AG4
20241112_rep04,plate_metadata/20241112_rep04_metadata,4,F04,6,4,32,r06c04f32,MitoRed,23,LIN6-0C-b1-s1,4,P22-24,P23,,False,6,P23 LIN6-0C-b1-s1 AG4
20241112_rep04,plate_metadata/20241112_rep04_metadata,4,F04,6,4,33,r06c04f33,MitoRed,23,LIN6-0C-b1-s1,4,P22-24,P23,,False,6,P23 LIN6-0C-b1-s1 AG4
20241112_rep04,plate_metadata/20241112_rep04_metadata,4,F04,6,4,34,r06c04f34,MitoRed,23,LIN6-0C-b1-s1,4,P22-24,P23,,False,6,P23 LIN6-0C-b1-s1 AG4
20241112_rep04,plate_metadata/20241112_rep04_metadata,4,F04,6,4,35,r06c04f35,MitoRed,23,LIN6-0C-b1-s1,4,P22-24,P23,,False,6,P23 LIN6-0C-b1-s1 AG4
20241112_rep04,plate_metadata/20241112_rep04_metadata,4,F04,6,4,36,r06c04f36,MitoRed,23,LIN6-0C-b1-s1,4,P22-24,P23,,False,6,P23 LIN6-0C-b1-s1 AG4
20241112_rep04,plate_metadata/20241112_rep04_metadata,4,F04,6,4,37,r06c04f37,MitoRed,23,LIN6-0C-b1-s1,4,P22-24,P23,,False,6,P23 LIN6-0C-b1-s1 AG4
20241112_rep04,plate_metadata/20241112_rep04_metadata,4,F04,6,4,38,r06c04f38,MitoRed,23,LIN6-0C-b1-s1,4,P22-24,P23,,False,6,P23 LIN6-0C-b1-s1 AG4
20241112_rep04,plate_metadata/20241112_rep04_metadata,4,F04,6,4,39,r06c04f39,MitoRed,23,LIN6-0C-b1-s1,4,P22-24,P23,,False,6,P23 LIN6-0C-b1-s1 AG4
20241112_rep04,plate_metadata/20241112_rep04_metadata,4,F04,6,4,40,r06c04f40,MitoRed,23,LIN6-0C-b1-s1,4,P22-24,P23,,False,6,P23 LIN6-0C-b1-s1 AG4
20241112_rep04,plate_metadata/20241112_rep04_metadata,4,F05,6,5,1,r06c05f01,MitoRed,20,LIN7-0C-b3,3,P19-21,P20,,False,7,P20 LIN7-0C-b3 AG3
20241112_rep04,plate_metadata/20241112_rep04_metadata,4,F05,6,5,2,r06c05f02,MitoRed,20,LIN7-0C-b3,3,P19-21,P20,,False,7,P20 LIN7-0C-b3 AG3
20241112_rep04,plate_metadata/20241112_rep04_metadata,4,F05,6,5,3,r06c05f03,MitoRed,20,LIN7-0C-b3,3,P19-21,P20,,False,7,P20 LIN7-0C-b3 AG3
20241112_rep04,plate_metadata/20241112_rep04_metadata,4,F05,6,5,4,r06c05f04,MitoRed,20,LIN7-0C-b3,3,P19-21,P20,,False,7,P20 LIN7-0C-b3 AG3
20241112_rep04,plate_metadata/20241112_rep04_metadata,4,F05,6,5,5,r06c05f05,MitoRed,20,LIN7-0C-b3,3,P19-21,P20,,False,7,P20 LIN7-0C-b3 AG3
20241112_rep04,plate_metadata/20241112_rep04_metadata,4,F05,6,5,6,r06c05f06,MitoRed,20,LIN7-0C-b3,3,P19-21,P20,,False,7,P20 LIN7-0C-b3 AG3
20241112_rep04,plate_metadata/20241112_rep04_metadata,4,F05,6,5,7,r06c05f07,MitoRed,20,LIN7-0C-b3,3,P19-21,P20,,False,7,P20 LIN7-0C-b3 AG3
20241112_rep04,plate_metadata/20241112_rep04_metadata,4,F05,6,5,8,r06c05f08,MitoRed,20,LIN7-0C-b3,3,P19-21,P20,,False,7,P20 LIN7-0C-b3 AG3
20241112_rep04,plate_metadata/20241112_rep04_metadata,4,F05,6,5,9,r06c05f09,MitoRed,20,LIN7-0C-b3,3,P19-21,P20,,False,7,P20 LIN7-0C-b3 AG3
20241112_rep04,plate_metadata/20241112_rep04_metadata,4,F05,6,5,10,r06c05f10,MitoRed,20,LIN7-0C-b3,3,P19-21,P20,,False,7,P20 LIN7-0C-b3 AG3
20241112_rep04,plate_metadata/20241112_rep04_metadata,4,F05,6,5,11,r06c05f11,MitoRed,20,LIN7-0C-b3,3,P19-21,P20,,False,7,P20 LIN7-0C-b3 AG3
20241112_rep04,plate_metadata/20241112_rep04_metadata,4,F05,6,5,12,r06c05f12,MitoRed,20,LIN7-0C-b3,3,P19-21,P20,,False,7,P20 LIN7-0C-b3 AG3
20241112_rep04,plate_metadata/20241112_rep04_metadata,4,F05,6,5,13,r06c05f13,MitoRed,20,LIN7-0C-b3,3,P19-21,P20,,False,7,P20 LIN7-0C-b3 AG3
20241112_rep04,plate_metadata/20241112_rep04_metadata,4,F05,6,5,14,r06c05f14,MitoRed,20,LIN7-0C-b3,3,P19-21,P20,,False,7,P20 LIN7-0C-b3 AG3
20241112_rep04,plate_metadata/20241112_rep04_metadata,4,F05,6,5,15,r06c05f15,MitoRed,20,LIN7-0C-b3,3,P19-21,P20,,False,7,P20 LIN7-0C-b3 AG3
20241112_rep04,plate_metadata/20241112_rep04_metadata,4,F05,6,5,16,r06c05f16,MitoRed,20,LIN7-0C-b3,3,P19-21,P20,,False,7,P20 LIN7-0C-b3 AG3
20241112_rep04,plate_metadata/20241112_rep04_metadata,4,F05,6,5,17,r06c05f17,MitoRed,20,LIN7-0C-b3,3,P19-21,P20,,False,7,P20 LIN7-0C-b3 AG3
20241112_rep04,plate_metadata/20241112_rep04_metadata,4,F05,6,5,18,r06c05f18,MitoRed,20,LIN7-0C-b3,3,P19-21,P20,,False,7,P20 LIN7-0C-b3 AG3
20241112_rep04,plate_metadata/20241112_rep04_metadata,4,F05,6,5,19,r06c05f19,MitoRed,20,LIN7-0C-b3,3,P19-21,P20,,False,7,P20 LIN7-0C-b3 AG3
20241112_rep04,plate_metadata/20241112_rep04_metadata,4,F05,6,5,20,r06c05f20,MitoRed,20,LIN7-0C-b3,3,P19-21,P20,,False,7,P20 LIN7-0C-b3 AG3
20241112_rep04,plate_metadata/20241112_rep04_metadata,4,F05,6,5,21,r06c05f21,MitoRed,20,LIN7-0C-b3,3,P19-21,P20,,False,7,P20 LIN7-0C-b3 AG3
20241112_rep04,plate_metadata/20241112_rep04_metadata,4,F05,6,5,22,r06c05f22,MitoRed,20,LIN7-0C-b3,3,P19-21,P20,,False,7,P20 LIN7-0C-b3 AG3
20241112_rep04,plate_metadata/20241112_rep04_metadata,4,F05,6,5,23,r06c05f23,MitoRed,20,LIN7-0C-b3,3,P19-21,P20,,False,7,P20 LIN7-0C-b3 AG3
20241112_rep04,plate_metadata/20241112_rep04_metadata,4,F05,6,5,24,r06c05f24,MitoRed,20,LIN7-0C-b3,3,P19-21,P20,,False,7,P20 LIN7-0C-b3 AG3
20241112_rep04,plate_metadata/20241112_rep04_metadata,4,F05,6,5,25,r06c05f25,MitoRed,20,LIN7-0C-b3,3,P19-21,P20,,False,7,P20 LIN7-0C-b3 AG3
20241112_rep04,plate_metadata/20241112_rep04_metadata,4,F05,6,5,26,r06c05f26,MitoRed,20,LIN7-0C-b3,3,P19-21,P20,,False,7,P20 LIN7-0C-b3 AG3
20241112_rep04,plate_metadata/20241112_rep04_metadata,4,F05,6,5,27,r06c05f27,MitoRed,20,LIN7-0C-b3,3,P19-21,P20,,False,7,P20 LIN7-0C-b3 AG3
20241112_rep04,plate_metadata/20241112_rep04_metadata,4,F05,6,5,28,r06c05f28,MitoRed,20,LIN7-0C-b3,3,P19-21,P20,,False,7,P20 LIN7-0C-b3 AG3
20241112_rep04,plate_metadata/20241112_rep04_metadata,4,F05,6,5,29,r06c05f29,MitoRed,20,LIN7-0C-b3,3,P19-21,P20,,False,7,P20 LIN7-0C-b3 AG3
20241112_rep04,plate_metadata/20241112_rep04_metadata,4,F05,6,5,30,r06c05f30,MitoRed,20,LIN7-0C-b3,3,P19-21,P20,,False,7,P20 LIN7-0C-b3 AG3
20241112_rep04,plate_metadata/20241112_rep04_metadata,4,F05,6,5,31,r06c05f31,MitoRed,20,LIN7-0C-b3,3,P19-21,P20,,False,7,P20 LIN7-0C-b3 AG3
20241112_rep04,plate_metadata/20241112_rep04_metadata,4,F05,6,5,32,r06c05f32,MitoRed,20,LIN7-0C-b3,3,P19-21,P20,,False,7,P20 LIN7-0C-b3 AG3
20241112_rep04,plate_metadata/20241112_rep04_metadata,4,F05,6,5,33,r06c05f33,MitoRed,20,LIN7-0C-b3,3,P19-21,P20,,False,7,P20 LIN7-0C-b3 AG3
20241112_rep04,plate_metadata/20241112_rep04_metadata,4,F05,6,5,34,r06c05f34,MitoRed,20,LIN7-0C-b3,3,P19-21,P20,,False,7,P20 LIN7-0C-b3 AG3
20241112_rep04,plate_metadata/20241112_rep04_metadata,4,F05,6,5,35,r06c05f35,MitoRed,20,LIN7-0C-b3,3,P19-21,P20,,False,7,P20 LIN7-0C-b3 AG3
20241112_rep04,plate_metadata/20241112_rep04_metadata,4,F05,6,5,36,r06c05f36,MitoRed,20,LIN7-0C-b3,3,P19-21,P20,,False,7,P20 LIN7-0C-b3 AG3
20241112_rep04,plate_metadata/20241112_rep04_metadata,4,F05,6,5,37,r06c05f37,MitoRed,20,LIN7-0C-b3,3,P19-21,P20,,False,7,P20 LIN7-0C-b3 AG3
20241112_rep04,plate_metadata/20241112_rep04_metadata,4,F05,6,5,38,r06c05f38,MitoRed,20,LIN7-0C-b3,3,P19-21,P20,,False,7,P20 LIN7-0C-b3 AG3
20241112_rep04,plate_metadata/20241112_rep04_metadata,4,F05,6,5,39,r06c05f39,MitoRed,20,LIN7-0C-b3,3,P19-21,P20,,False,7,P20 LIN7-0C-b3 AG3
20241112_rep04,plate_metadata/20241112_rep04_metadata,4,F05,6,5,40,r06c05f40,MitoRed,20,LIN7-0C-b3,3,P19-21,P20,,False,7,P20 LIN7-0C-b3 AG3
20241112_rep04,plate_metadata/20241112_rep04_metadata,4,F06,6,6,1,r06c06f01,MitoRed,16,LIN8-0B-b2B-s1,2,P16-18,P16,,False,8,P16 LIN8-0B-b2B-s1 AG2
20241112_rep04,plate_metadata/20241112_rep04_metadata,4,F06,6,6,2,r06c06f02,MitoRed,16,LIN8-0B-b2B-s1,2,P16-18,P16,,False,8,P16 LIN8-0B-b2B-s1 AG2
20241112_rep04,plate_metadata/20241112_rep04_metadata,4,F06,6,6,3,r06c06f03,MitoRed,16,LIN8-0B-b2B-s1,2,P16-18,P16,,False,8,P16 LIN8-0B-b2B-s1 AG2
20241112_rep04,plate_metadata/20241112_rep04_metadata,4,F06,6,6,4,r06c06f04,MitoRed,16,LIN8-0B-b2B-s1,2,P16-18,P16,,False,8,P16 LIN8-0B-b2B-s1 AG2
20241112_rep04,plate_metadata/20241112_rep04_metadata,4,F06,6,6,5,r06c06f05,MitoRed,16,LIN8-0B-b2B-s1,2,P16-18,P16,,False,8,P16 LIN8-0B-b2B-s1 AG2
20241112_rep04,plate_metadata/20241112_rep04_metadata,4,F06,6,6,6,r06c06f06,MitoRed,16,LIN8-0B-b2B-s1,2,P16-18,P16,,False,8,P16 LIN8-0B-b2B-s1 AG2
20241112_rep04,plate_metadata/20241112_rep04_metadata,4,F06,6,6,7,r06c06f07,MitoRed,16,LIN8-0B-b2B-s1,2,P16-18,P16,,False,8,P16 LIN8-0B-b2B-s1 AG2
20241112_rep04,plate_metadata/20241112_rep04_metadata,4,F06,6,6,8,r06c06f08,MitoRed,16,LIN8-0B-b2B-s1,2,P16-18,P16,,False,8,P16 LIN8-0B-b2B-s1 AG2
20241112_rep04,plate_metadata/20241112_rep04_metadata,4,F06,6,6,9,r06c06f09,MitoRed,16,LIN8-0B-b2B-s1,2,P16-18,P16,,False,8,P16 LIN8-0B-b2B-s1 AG2
20241112_rep04,plate_metadata/20241112_rep04_metadata,4,F06,6,6,10,r06c06f10,MitoRed,16,LIN8-0B-b2B-s1,2,P16-18,P16,,False,8,P16 LIN8-0B-b2B-s1 AG2
20241112_rep04,plate_metadata/20241112_rep04_metadata,4,F06,6,6,11,r06c06f11,MitoRed,16,LIN8-0B-b2B-s1,2,P16-18,P16,,False,8,P16 LIN8-0B-b2B-s1 AG2
20241112_rep04,plate_metadata/20241112_rep04_metadata,4,F06,6,6,12,r06c06f12,MitoRed,16,LIN8-0B-b2B-s1,2,P16-18,P16,,False,8,P16 LIN8-0B-b2B-s1 AG2
20241112_rep04,plate_metadata/20241112_rep04_metadata,4,F06,6,6,13,r06c06f13,MitoRed,16,LIN8-0B-b2B-s1,2,P16-18,P16,,False,8,P16 LIN8-0B-b2B-s1 AG2
20241112_rep04,plate_metadata/20241112_rep04_metadata,4,F06,6,6,14,r06c06f14,MitoRed,16,LIN8-0B-b2B-s1,2,P16-18,P16,,False,8,P16 LIN8-0B-b2B-s1 AG2
20241112_rep04,plate_metadata/20241112_rep04_metadata,4,F06,6,6,15,r06c06f15,MitoRed,16,LIN8-0B-b2B-s1,2,P16-18,P16,,False,8,P16 LIN8-0B-b2B-s1 AG2
20241112_rep04,plate_metadata/20241112_rep04_metadata,4,F06,6,6,16,r06c06f16,MitoRed,16,LIN8-0B-b2B-s1,2,P16-18,P16,,False,8,P16 LIN8-0B-b2B-s1 AG2
20241112_rep04,plate_metadata/20241112_rep04_metadata,4,F06,6,6,17,r06c06f17,MitoRed,16,LIN8-0B-b2B-s1,2,P16-18,P16,,False,8,P16 LIN8-0B-b2B-s1 AG2
20241112_rep04,plate_metadata/20241112_rep04_metadata,4,F06,6,6,18,r06c06f18,MitoRed,16,LIN8-0B-b2B-s1,2,P16-18,P16,,False,8,P16 LIN8-0B-b2B-s1 AG2
20241112_rep04,plate_metadata/20241112_rep04_metadata,4,F06,6,6,19,r06c06f19,MitoRed,16,LIN8-0B-b2B-s1,2,P16-18,P16,,False,8,P16 LIN8-0B-b2B-s1 AG2
20241112_rep04,plate_metadata/20241112_rep04_metadata,4,F06,6,6,20,r06c06f20,MitoRed,16,LIN8-0B-b2B-s1,2,P16-18,P16,,False,8,P16 LIN8-0B-b2B-s1 AG2
20241112_rep04,plate_metadata/20241112_rep04_metadata,4,F06,6,6,21,r06c06f21,MitoRed,16,LIN8-0B-b2B-s1,2,P16-18,P16,,False,8,P16 LIN8-0B-b2B-s1 AG2
20241112_rep04,plate_metadata/20241112_rep04_metadata,4,F06,6,6,22,r06c06f22,MitoRed,16,LIN8-0B-b2B-s1,2,P16-18,P16,,False,8,P16 LIN8-0B-b2B-s1 AG2
20241112_rep04,plate_metadata/20241112_rep04_metadata,4,F06,6,6,23,r06c06f23,MitoRed,16,LIN8-0B-b2B-s1,2,P16-18,P16,,False,8,P16 LIN8-0B-b2B-s1 AG2
20241112_rep04,plate_metadata/20241112_rep04_metadata,4,F06,6,6,24,r06c06f24,MitoRed,16,LIN8-0B-b2B-s1,2,P16-18,P16,,False,8,P16 LIN8-0B-b2B-s1 AG2
20241112_rep04,plate_metadata/20241112_rep04_metadata,4,F06,6,6,25,r06c06f25,MitoRed,16,LIN8-0B-b2B-s1,2,P16-18,P16,,False,8,P16 LIN8-0B-b2B-s1 AG2
20241112_rep04,plate_metadata/20241112_rep04_metadata,4,F06,6,6,26,r06c06f26,MitoRed,16,LIN8-0B-b2B-s1,2,P16-18,P16,,False,8,P16 LIN8-0B-b2B-s1 AG2
20241112_rep04,plate_metadata/20241112_rep04_metadata,4,F06,6,6,27,r06c06f27,MitoRed,16,LIN8-0B-b2B-s1,2,P16-18,P16,,False,8,P16 LIN8-0B-b2B-s1 AG2
20241112_rep04,plate_metadata/20241112_rep04_metadata,4,F06,6,6,28,r06c06f28,MitoRed,16,LIN8-0B-b2B-s1,2,P16-18,P16,,False,8,P16 LIN8-0B-b2B-s1 AG2
20241112_rep04,plate_metadata/20241112_rep04_metadata,4,F06,6,6,29,r06c06f29,MitoRed,16,LIN8-0B-b2B-s1,2,P16-18,P16,,False,8,P16 LIN8-0B-b2B-s1 AG2
20241112_rep04,plate_metadata/20241112_rep04_metadata,4,F06,6,6,30,r06c06f30,MitoRed,16,LIN8-0B-b2B-s1,2,P16-18,P16,,False,8,P16 LIN8-0B-b2B-s1 AG2
20241112_rep04,plate_metadata/20241112_rep04_metadata,4,F06,6,6,31,r06c06f31,MitoRed,16,LIN8-0B-b2B-s1,2,P16-18,P16,,False,8,P16 LIN8-0B-b2B-s1 AG2
20241112_rep04,plate_metadata/20241112_rep04_metadata,4,F06,6,6,32,r06c06f32,MitoRed,16,LIN8-0B-b2B-s1,2,P16-18,P16,,False,8,P16 LIN8-0B-b2B-s1 AG2
20241112_rep04,plate_metadata/20241112_rep04_metadata,4,F06,6,6,33,r06c06f33,MitoRed,16,LIN8-0B-b2B-s1,2,P16-18,P16,,False,8,P16 LIN8-0B-b2B-s1 AG2
20241112_rep04,plate_metadata/20241112_rep04_metadata,4,F06,6,6,34,r06c06f34,MitoRed,16,LIN8-0B-b2B-s1,2,P16-18,P16,,False,8,P16 LIN8-0B-b2B-s1 AG2
20241112_rep04,plate_metadata/20241112_rep04_metadata,4,F06,6,6,35,r06c06f35,MitoRed,16,LIN8-0B-b2B-s1,2,P16-18,P16,,False,8,P16 LIN8-0B-b2B-s1 AG2
20241112_rep04,plate_metadata/20241112_rep04_metadata,4,F06,6,6,36,r06c06f36,MitoRed,16,LIN8-0B-b2B-s1,2,P16-18,P16,,False,8,P16 LIN8-0B-b2B-s1 AG2
20241112_rep04,plate_metadata/20241112_rep04_metadata,4,F06,6,6,37,r06c06f37,MitoRed,16,LIN8-0B-b2B-s1,2,P16-18,P16,,False,8,P16 LIN8-0B-b2B-s1 AG2
20241112_rep04,plate_metadata/20241112_rep04_metadata,4,F06,6,6,38,r06c06f38,MitoRed,16,LIN8-0B-b2B-s1,2,P16-18,P16,,False,8,P16 LIN8-0B-b2B-s1 AG2
20241112_rep04,plate_metadata/20241112_rep04_metadata,4,F06,6,6,39,r06c06f39,MitoRed,16,LIN8-0B-b2B-s1,2,P16-18,P16,,False,8,P16 LIN8-0B-b2B-s1 AG2
20241112_rep04,plate_metadata/20241112_rep04_metadata,4,F06,6,6,40,r06c06f40,MitoRed,16,LIN8-0B-b2B-s1,2,P16-18,P16,,False,8,P16 LIN8-0B-b2B-s1 AG2
20241112_rep04,plate_metadata/20241112_rep04_metadata,4,F07,6,7,1,r06c07f01,MitoRed,15,LIN9-0C-b2-s1,1,P13-15,P15,,False,9,P15 LIN9-0C-b2-s1 AG1
20241112_rep04,plate_metadata/20241112_rep04_metadata,4,F07,6,7,2,r06c07f02,MitoRed,15,LIN9-0C-b2-s1,1,P13-15,P15,,False,9,P15 LIN9-0C-b2-s1 AG1
20241112_rep04,plate_metadata/20241112_rep04_metadata,4,F07,6,7,3,r06c07f03,MitoRed,15,LIN9-0C-b2-s1,1,P13-15,P15,,False,9,P15 LIN9-0C-b2-s1 AG1
20241112_rep04,plate_metadata/20241112_rep04_metadata,4,F07,6,7,4,r06c07f04,MitoRed,15,LIN9-0C-b2-s1,1,P13-15,P15,,False,9,P15 LIN9-0C-b2-s1 AG1
20241112_rep04,plate_metadata/20241112_rep04_metadata,4,F07,6,7,5,r06c07f05,MitoRed,15,LIN9-0C-b2-s1,1,P13-15,P15,,False,9,P15 LIN9-0C-b2-s1 AG1
20241112_rep04,plate_metadata/20241112_rep04_metadata,4,F07,6,7,6,r06c07f06,MitoRed,15,LIN9-0C-b2-s1,1,P13-15,P15,,False,9,P15 LIN9-0C-b2-s1 AG1
20241112_rep04,plate_metadata/20241112_rep04_metadata,4,F07,6,7,7,r06c07f07,MitoRed,15,LIN9-0C-b2-s1,1,P13-15,P15,,False,9,P15 LIN9-0C-b2-s1 AG1
20241112_rep04,plate_metadata/20241112_rep04_metadata,4,F07,6,7,8,r06c07f08,MitoRed,15,LIN9-0C-b2-s1,1,P13-15,P15,,False,9,P15 LIN9-0C-b2-s1 AG1
20241112_rep04,plate_metadata/20241112_rep04_metadata,4,F07,6,7,9,r06c07f09,MitoRed,15,LIN9-0C-b2-s1,1,P13-15,P15,,False,9,P15 LIN9-0C-b2-s1 AG1
20241112_rep04,plate_metadata/20241112_rep04_metadata,4,F07,6,7,10,r06c07f10,MitoRed,15,LIN9-0C-b2-s1,1,P13-15,P15,,False,9,P15 LIN9-0C-b2-s1 AG1
20241112_rep04,plate_metadata/20241112_rep04_metadata,4,F07,6,7,11,r06c07f11,MitoRed,15,LIN9-0C-b2-s1,1,P13-15,P15,,False,9,P15 LIN9-0C-b2-s1 AG1
20241112_rep04,plate_metadata/20241112_rep04_metadata,4,F07,6,7,12,r06c07f12,MitoRed,15,LIN9-0C-b2-s1,1,P13-15,P15,,False,9,P15 LIN9-0C-b2-s1 AG1
20241112_rep04,plate_metadata/20241112_rep04_metadata,4,F07,6,7,13,r06c07f13,MitoRed,15,LIN9-0C-b2-s1,1,P13-15,P15,,False,9,P15 LIN9-0C-b2-s1 AG1
20241112_rep04,plate_metadata/20241112_rep04_metadata,4,F07,6,7,14,r06c07f14,MitoRed,15,LIN9-0C-b2-s1,1,P13-15,P15,,False,9,P15 LIN9-0C-b2-s1 AG1
20241112_rep04,plate_metadata/20241112_rep04_metadata,4,F07,6,7,15,r06c07f15,MitoRed,15,LIN9-0C-b2-s1,1,P13-15,P15,,False,9,P15 LIN9-0C-b2-s1 AG1
20241112_rep04,plate_metadata/20241112_rep04_metadata,4,F07,6,7,16,r06c07f16,MitoRed,15,LIN9-0C-b2-s1,1,P13-15,P15,,False,9,P15 LIN9-0C-b2-s1 AG1
20241112_rep04,plate_metadata/20241112_rep04_metadata,4,F07,6,7,17,r06c07f17,MitoRed,15,LIN9-0C-b2-s1,1,P13-15,P15,,False,9,P15 LIN9-0C-b2-s1 AG1
20241112_rep04,plate_metadata/20241112_rep04_metadata,4,F07,6,7,18,r06c07f18,MitoRed,15,LIN9-0C-b2-s1,1,P13-15,P15,,False,9,P15 LIN9-0C-b2-s1 AG1
20241112_rep04,plate_metadata/20241112_rep04_metadata,4,F07,6,7,19,r06c07f19,MitoRed,15,LIN9-0C-b2-s1,1,P13-15,P15,,False,9,P15 LIN9-0C-b2-s1 AG1
20241112_rep04,plate_metadata/20241112_rep04_metadata,4,F07,6,7,20,r06c07f20,MitoRed,15,LIN9-0C-b2-s1,1,P13-15,P15,,False,9,P15 LIN9-0C-b2-s1 AG1
20241112_rep04,plate_metadata/20241112_rep04_metadata,4,F07,6,7,21,r06c07f21,MitoRed,15,LIN9-0C-b2-s1,1,P13-15,P15,,False,9,P15 LIN9-0C-b2-s1 AG1
20241112_rep04,plate_metadata/20241112_rep04_metadata,4,F07,6,7,22,r06c07f22,MitoRed,15,LIN9-0C-b2-s1,1,P13-15,P15,,False,9,P15 LIN9-0C-b2-s1 AG1
20241112_rep04,plate_metadata/20241112_rep04_metadata,4,F07,6,7,23,r06c07f23,MitoRed,15,LIN9-0C-b2-s1,1,P13-15,P15,,False,9,P15 LIN9-0C-b2-s1 AG1
20241112_rep04,plate_metadata/20241112_rep04_metadata,4,F07,6,7,24,r06c07f24,MitoRed,15,LIN9-0C-b2-s1,1,P13-15,P15,,False,9,P15 LIN9-0C-b2-s1 AG1
20241112_rep04,plate_metadata/20241112_rep04_metadata,4,F07,6,7,25,r06c07f25,MitoRed,15,LIN9-0C-b2-s1,1,P13-15,P15,,False,9,P15 LIN9-0C-b2-s1 AG1
20241112_rep04,plate_metadata/20241112_rep04_metadata,4,F07,6,7,26,r06c07f26,MitoRed,15,LIN9-0C-b2-s1,1,P13-15,P15,,False,9,P15 LIN9-0C-b2-s1 AG1
20241112_rep04,plate_metadata/20241112_rep04_metadata,4,F07,6,7,27,r06c07f27,MitoRed,15,LIN9-0C-b2-s1,1,P13-15,P15,,False,9,P15 LIN9-0C-b2-s1 AG1
20241112_rep04,plate_metadata/20241112_rep04_metadata,4,F07,6,7,28,r06c07f28,MitoRed,15,LIN9-0C-b2-s1,1,P13-15,P15,,False,9,P15 LIN9-0C-b2-s1 AG1
20241112_rep04,plate_metadata/20241112_rep04_metadata,4,F07,6,7,29,r06c07f29,MitoRed,15,LIN9-0C-b2-s1,1,P13-15,P15,,False,9,P15 LIN9-0C-b2-s1 AG1
20241112_rep04,plate_metadata/20241112_rep04_metadata,4,F07,6,7,30,r06c07f30,MitoRed,15,LIN9-0C-b2-s1,1,P13-15,P15,,False,9,P15 LIN9-0C-b2-s1 AG1
20241112_rep04,plate_metadata/20241112_rep04_metadata,4,F07,6,7,31,r06c07f31,MitoRed,15,LIN9-0C-b2-s1,1,P13-15,P15,,False,9,P15 LIN9-0C-b2-s1 AG1
20241112_rep04,plate_metadata/20241112_rep04_metadata,4,F07,6,7,32,r06c07f32,MitoRed,15,LIN9-0C-b2-s1,1,P13-15,P15,,False,9,P15 LIN9-0C-b2-s1 AG1
20241112_rep04,plate_metadata/20241112_rep04_metadata,4,F07,6,7,33,r06c07f33,MitoRed,15,LIN9-0C-b2-s1,1,P13-15,P15,,False,9,P15 LIN9-0C-b2-s1 AG1
20241112_rep04,plate_metadata/20241112_rep04_metadata,4,F07,6,7,34,r06c07f34,MitoRed,15,LIN9-0C-b2-s1,1,P13-15,P15,,False,9,P15 LIN9-0C-b2-s1 AG1
20241112_rep04,plate_metadata/20241112_rep04_metadata,4,F07,6,7,35,r06c07f35,MitoRed,15,LIN9-0C-b2-s1,1,P13-15,P15,,False,9,P15 LIN9-0C-b2-s1 AG1
20241112_rep04,plate_metadata/20241112_rep04_metadata,4,F07,6,7,36,r06c07f36,MitoRed,15,LIN9-0C-b2-s1,1,P13-15,P15,,False,9,P15 LIN9-0C-b2-s1 AG1
20241112_rep04,plate_metadata/20241112_rep04_metadata,4,F07,6,7,37,r06c07f37,MitoRed,15,LIN9-0C-b2-s1,1,P13-15,P15,,False,9,P15 LIN9-0C-b2-s1 AG1
20241112_rep04,plate_metadata/20241112_rep04_metadata,4,F07,6,7,38,r06c07f38,MitoRed,15,LIN9-0C-b2-s1,1,P13-15,P15,,False,9,P15 LIN9-0C-b2-s1 AG1
20241112_rep04,plate_metadata/20241112_rep04_metadata,4,F07,6,7,39,r06c07f39,MitoRed,15,LIN9-0C-b2-s1,1,P13-15,P15,,False,9,P15 LIN9-0C-b2-s1 AG1
20241112_rep04,plate_metadata/20241112_rep04_metadata,4,F07,6,7,40,r06c07f40,MitoRed,15,LIN9-0C-b2-s1,1,P13-15,P15,,False,9,P15 LIN9-0C-b2-s1 AG1
20241112_rep04,plate_metadata/20241112_rep04_metadata,4,F08,6,8,1,r06c08f01,MitoRed,11,LIN10-0C-b4,0,P6-12,P11,,False,10,P11 LIN10-0C-b4 AG0
20241112_rep04,plate_metadata/20241112_rep04_metadata,4,F08,6,8,2,r06c08f02,MitoRed,11,LIN10-0C-b4,0,P6-12,P11,,False,10,P11 LIN10-0C-b4 AG0
20241112_rep04,plate_metadata/20241112_rep04_metadata,4,F08,6,8,3,r06c08f03,MitoRed,11,LIN10-0C-b4,0,P6-12,P11,,False,10,P11 LIN10-0C-b4 AG0
20241112_rep04,plate_metadata/20241112_rep04_metadata,4,F08,6,8,4,r06c08f04,MitoRed,11,LIN10-0C-b4,0,P6-12,P11,,False,10,P11 LIN10-0C-b4 AG0
20241112_rep04,plate_metadata/20241112_rep04_metadata,4,F08,6,8,5,r06c08f05,MitoRed,11,LIN10-0C-b4,0,P6-12,P11,,False,10,P11 LIN10-0C-b4 AG0
20241112_rep04,plate_metadata/20241112_rep04_metadata,4,F08,6,8,6,r06c08f06,MitoRed,11,LIN10-0C-b4,0,P6-12,P11,,False,10,P11 LIN10-0C-b4 AG0
20241112_rep04,plate_metadata/20241112_rep04_metadata,4,F08,6,8,7,r06c08f07,MitoRed,11,LIN10-0C-b4,0,P6-12,P11,,False,10,P11 LIN10-0C-b4 AG0
20241112_rep04,plate_metadata/20241112_rep04_metadata,4,F08,6,8,8,r06c08f08,MitoRed,11,LIN10-0C-b4,0,P6-12,P11,,False,10,P11 LIN10-0C-b4 AG0
20241112_rep04,plate_metadata/20241112_rep04_metadata,4,F08,6,8,9,r06c08f09,MitoRed,11,LIN10-0C-b4,0,P6-12,P11,,False,10,P11 LIN10-0C-b4 AG0
20241112_rep04,plate_metadata/20241112_rep04_metadata,4,F08,6,8,10,r06c08f10,MitoRed,11,LIN10-0C-b4,0,P6-12,P11,,False,10,P11 LIN10-0C-b4 AG0
20241112_rep04,plate_metadata/20241112_rep04_metadata,4,F08,6,8,11,r06c08f11,MitoRed,11,LIN10-0C-b4,0,P6-12,P11,,False,10,P11 LIN10-0C-b4 AG0
20241112_rep04,plate_metadata/20241112_rep04_metadata,4,F08,6,8,12,r06c08f12,MitoRed,11,LIN10-0C-b4,0,P6-12,P11,,False,10,P11 LIN10-0C-b4 AG0
20241112_rep04,plate_metadata/20241112_rep04_metadata,4,F08,6,8,13,r06c08f13,MitoRed,11,LIN10-0C-b4,0,P6-12,P11,,False,10,P11 LIN10-0C-b4 AG0
20241112_rep04,plate_metadata/20241112_rep04_metadata,4,F08,6,8,14,r06c08f14,MitoRed,11,LIN10-0C-b4,0,P6-12,P11,,False,10,P11 LIN10-0C-b4 AG0
20241112_rep04,plate_metadata/20241112_rep04_metadata,4,F08,6,8,15,r06c08f15,MitoRed,11,LIN10-0C-b4,0,P6-12,P11,,False,10,P11 LIN10-0C-b4 AG0
20241112_rep04,plate_metadata/20241112_rep04_metadata,4,F08,6,8,16,r06c08f16,MitoRed,11,LIN10-0C-b4,0,P6-12,P11,,False,10,P11 LIN10-0C-b4 AG0
20241112_rep04,plate_metadata/20241112_rep04_metadata,4,F08,6,8,17,r06c08f17,MitoRed,11,LIN10-0C-b4,0,P6-12,P11,,False,10,P11 LIN10-0C-b4 AG0
20241112_rep04,plate_metadata/20241112_rep04_metadata,4,F08,6,8,18,r06c08f18,MitoRed,11,LIN10-0C-b4,0,P6-12,P11,,False,10,P11 LIN10-0C-b4 AG0
20241112_rep04,plate_metadata/20241112_rep04_metadata,4,F08,6,8,19,r06c08f19,MitoRed,11,LIN10-0C-b4,0,P6-12,P11,,False,10,P11 LIN10-0C-b4 AG0
20241112_rep04,plate_metadata/20241112_rep04_metadata,4,F08,6,8,20,r06c08f20,MitoRed,11,LIN10-0C-b4,0,P6-12,P11,,False,10,P11 LIN10-0C-b4 AG0
20241112_rep04,plate_metadata/20241112_rep04_metadata,4,F08,6,8,21,r06c08f21,MitoRed,11,LIN10-0C-b4,0,P6-12,P11,,False,10,P11 LIN10-0C-b4 AG0
20241112_rep04,plate_metadata/20241112_rep04_metadata,4,F08,6,8,22,r06c08f22,MitoRed,11,LIN10-0C-b4,0,P6-12,P11,,False,10,P11 LIN10-0C-b4 AG0
20241112_rep04,plate_metadata/20241112_rep04_metadata,4,F08,6,8,23,r06c08f23,MitoRed,11,LIN10-0C-b4,0,P6-12,P11,,False,10,P11 LIN10-0C-b4 AG0
20241112_rep04,plate_metadata/20241112_rep04_metadata,4,F08,6,8,24,r06c08f24,MitoRed,11,LIN10-0C-b4,0,P6-12,P11,,False,10,P11 LIN10-0C-b4 AG0
20241112_rep04,plate_metadata/20241112_rep04_metadata,4,F08,6,8,25,r06c08f25,MitoRed,11,LIN10-0C-b4,0,P6-12,P11,,False,10,P11 LIN10-0C-b4 AG0
20241112_rep04,plate_metadata/20241112_rep04_metadata,4,F08,6,8,26,r06c08f26,MitoRed,11,LIN10-0C-b4,0,P6-12,P11,,False,10,P11 LIN10-0C-b4 AG0
20241112_rep04,plate_metadata/20241112_rep04_metadata,4,F08,6,8,27,r06c08f27,MitoRed,11,LIN10-0C-b4,0,P6-12,P11,,False,10,P11 LIN10-0C-b4 AG0
20241112_rep04,plate_metadata/20241112_rep04_metadata,4,F08,6,8,28,r06c08f28,MitoRed,11,LIN10-0C-b4,0,P6-12,P11,,False,10,P11 LIN10-0C-b4 AG0
20241112_rep04,plate_metadata/20241112_rep04_metadata,4,F08,6,8,29,r06c08f29,MitoRed,11,LIN10-0C-b4,0,P6-12,P11,,False,10,P11 LIN10-0C-b4 AG0
20241112_rep04,plate_metadata/20241112_rep04_metadata,4,F08,6,8,30,r06c08f30,MitoRed,11,LIN10-0C-b4,0,P6-12,P11,,False,10,P11 LIN10-0C-b4 AG0
20241112_rep04,plate_metadata/20241112_rep04_metadata,4,F08,6,8,31,r06c08f31,MitoRed,11,LIN10-0C-b4,0,P6-12,P11,,False,10,P11 LIN10-0C-b4 AG0
20241112_rep04,plate_metadata/20241112_rep04_metadata,4,F08,6,8,32,r06c08f32,MitoRed,11,LIN10-0C-b4,0,P6-12,P11,,False,10,P11 LIN10-0C-b4 AG0
20241112_rep04,plate_metadata/20241112_rep04_metadata,4,F08,6,8,33,r06c08f33,MitoRed,11,LIN10-0C-b4,0,P6-12,P11,,False,10,P11 LIN10-0C-b4 AG0
20241112_rep04,plate_metadata/20241112_rep04_metadata,4,F08,6,8,34,r06c08f34,MitoRed,11,LIN10-0C-b4,0,P6-12,P11,,False,10,P11 LIN10-0C-b4 AG0
20241112_rep04,plate_metadata/20241112_rep04_metadata,4,F08,6,8,35,r06c08f35,MitoRed,11,LIN10-0C-b4,0,P6-12,P11,,False,10,P11 LIN10-0C-b4 AG0
20241112_rep04,plate_metadata/20241112_rep04_metadata,4,F08,6,8,36,r06c08f36,MitoRed,11,LIN10-0C-b4,0,P6-12,P11,,False,10,P11 LIN10-0C-b4 AG0
20241112_rep04,plate_metadata/20241112_rep04_metadata,4,F08,6,8,37,r06c08f37,MitoRed,11,LIN10-0C-b4,0,P6-12,P11,,False,10,P11 LIN10-0C-b4 AG0
20241112_rep04,plate_metadata/20241112_rep04_metadata,4,F08,6,8,38,r06c08f38,MitoRed,11,LIN10-0C-b4,0,P6-12,P11,,False,10,P11 LIN10-0C-b4 AG0
20241112_rep04,plate_metadata/20241112_rep04_metadata,4,F08,6,8,39,r06c08f39,MitoRed,11,LIN10-0C-b4,0,P6-12,P11,,False,10,P11 LIN10-0C-b4 AG0
20241112_rep04,plate_metadata/20241112_rep04_metadata,4,F08,6,8,40,r06c08f40,MitoRed,11,LIN10-0C-b4,0,P6-12,P11,,False,10,P11 LIN10-0C-b4 AG0
20241112_rep04,plate_metadata/20241112_rep04_metadata,4,F10,6,10,1,r06c10f01,,15,LIN9-0C-b2-s1,1,P13-15,P15,,False,9,P15 LIN9-0C-b2-s1 AG1
20241112_rep04,plate_metadata/20241112_rep04_metadata,4,F10,6,10,2,r06c10f02,,15,LIN9-0C-b2-s1,1,P13-15,P15,,False,9,P15 LIN9-0C-b2-s1 AG1
20241112_rep04,plate_metadata/20241112_rep04_metadata,4,F10,6,10,3,r06c10f03,,15,LIN9-0C-b2-s1,1,P13-15,P15,,False,9,P15 LIN9-0C-b2-s1 AG1
20241112_rep04,plate_metadata/20241112_rep04_metadata,4,F10,6,10,4,r06c10f04,,15,LIN9-0C-b2-s1,1,P13-15,P15,,False,9,P15 LIN9-0C-b2-s1 AG1
20241112_rep04,plate_metadata/20241112_rep04_metadata,4,F10,6,10,5,r06c10f05,,15,LIN9-0C-b2-s1,1,P13-15,P15,,False,9,P15 LIN9-0C-b2-s1 AG1
20241112_rep04,plate_metadata/20241112_rep04_metadata,4,F10,6,10,6,r06c10f06,,15,LIN9-0C-b2-s1,1,P13-15,P15,,False,9,P15 LIN9-0C-b2-s1 AG1
20241112_rep04,plate_metadata/20241112_rep04_metadata,4,F10,6,10,7,r06c10f07,,15,LIN9-0C-b2-s1,1,P13-15,P15,,False,9,P15 LIN9-0C-b2-s1 AG1
20241112_rep04,plate_metadata/20241112_rep04_metadata,4,F10,6,10,8,r06c10f08,,15,LIN9-0C-b2-s1,1,P13-15,P15,,False,9,P15 LIN9-0C-b2-s1 AG1
20241112_rep04,plate_metadata/20241112_rep04_metadata,4,F10,6,10,9,r06c10f09,,15,LIN9-0C-b2-s1,1,P13-15,P15,,False,9,P15 LIN9-0C-b2-s1 AG1
20241112_rep04,plate_metadata/20241112_rep04_metadata,4,F10,6,10,10,r06c10f10,,15,LIN9-0C-b2-s1,1,P13-15,P15,,False,9,P15 LIN9-0C-b2-s1 AG1
20241112_rep04,plate_metadata/20241112_rep04_metadata,4,F10,6,10,11,r06c10f11,,15,LIN9-0C-b2-s1,1,P13-15,P15,,False,9,P15 LIN9-0C-b2-s1 AG1
20241112_rep04,plate_metadata/20241112_rep04_metadata,4,F10,6,10,12,r06c10f12,,15,LIN9-0C-b2-s1,1,P13-15,P15,,False,9,P15 LIN9-0C-b2-s1 AG1
20241112_rep04,plate_metadata/20241112_rep04_metadata,4,F10,6,10,13,r06c10f13,,15,LIN9-0C-b2-s1,1,P13-15,P15,,False,9,P15 LIN9-0C-b2-s1 AG1
20241112_rep04,plate_metadata/20241112_rep04_metadata,4,F10,6,10,14,r06c10f14,,15,LIN9-0C-b2-s1,1,P13-15,P15,,False,9,P15 LIN9-0C-b2-s1 AG1
20241112_rep04,plate_metadata/20241112_rep04_metadata,4,F10,6,10,15,r06c10f15,,15,LIN9-0C-b2-s1,1,P13-15,P15,,False,9,P15 LIN9-0C-b2-s1 AG1
20241112_rep04,plate_metadata/20241112_rep04_metadata,4,F10,6,10,16,r06c10f16,,15,LIN9-0C-b2-s1,1,P13-15,P15,,False,9,P15 LIN9-0C-b2-s1 AG1
20241112_rep04,plate_metadata/20241112_rep04_metadata,4,F10,6,10,17,r06c10f17,,15,LIN9-0C-b2-s1,1,P13-15,P15,,False,9,P15 LIN9-0C-b2-s1 AG1
20241112_rep04,plate_metadata/20241112_rep04_metadata,4,F10,6,10,18,r06c10f18,,15,LIN9-0C-b2-s1,1,P13-15,P15,,False,9,P15 LIN9-0C-b2-s1 AG1
20241112_rep04,plate_metadata/20241112_rep04_metadata,4,F10,6,10,19,r06c10f19,,15,LIN9-0C-b2-s1,1,P13-15,P15,,False,9,P15 LIN9-0C-b2-s1 AG1
20241112_rep04,plate_metadata/20241112_rep04_metadata,4,F10,6,10,20,r06c10f20,,15,LIN9-0C-b2-s1,1,P13-15,P15,,False,9,P15 LIN9-0C-b2-s1 AG1
20241112_rep04,plate_metadata/20241112_rep04_metadata,4,F10,6,10,21,r06c10f21,,15,LIN9-0C-b2-s1,1,P13-15,P15,,False,9,P15 LIN9-0C-b2-s1 AG1
20241112_rep04,plate_metadata/20241112_rep04_metadata,4,F10,6,10,22,r06c10f22,,15,LIN9-0C-b2-s1,1,P13-15,P15,,False,9,P15 LIN9-0C-b2-s1 AG1
20241112_rep04,plate_metadata/20241112_rep04_metadata,4,F10,6,10,23,r06c10f23,,15,LIN9-0C-b2-s1,1,P13-15,P15,,False,9,P15 LIN9-0C-b2-s1 AG1
20241112_rep04,plate_metadata/20241112_rep04_metadata,4,F10,6,10,24,r06c10f24,,15,LIN9-0C-b2-s1,1,P13-15,P15,,False,9,P15 LIN9-0C-b2-s1 AG1
20241112_rep04,plate_metadata/20241112_rep04_metadata,4,F10,6,10,25,r06c10f25,,15,LIN9-0C-b2-s1,1,P13-15,P15,,False,9,P15 LIN9-0C-b2-s1 AG1
20241112_rep04,plate_metadata/20241112_rep04_metadata,4,F10,6,10,26,r06c10f26,,15,LIN9-0C-b2-s1,1,P13-15,P15,,False,9,P15 LIN9-0C-b2-s1 AG1
20241112_rep04,plate_metadata/20241112_rep04_metadata,4,F10,6,10,27,r06c10f27,,15,LIN9-0C-b2-s1,1,P13-15,P15,,False,9,P15 LIN9-0C-b2-s1 AG1
20241112_rep04,plate_metadata/20241112_rep04_metadata,4,F10,6,10,28,r06c10f28,,15,LIN9-0C-b2-s1,1,P13-15,P15,,False,9,P15 LIN9-0C-b2-s1 AG1
20241112_rep04,plate_metadata/20241112_rep04_metadata,4,F10,6,10,29,r06c10f29,,15,LIN9-0C-b2-s1,1,P13-15,P15,,False,9,P15 LIN9-0C-b2-s1 AG1
20241112_rep04,plate_metadata/20241112_rep04_metadata,4,F10,6,10,30,r06c10f30,,15,LIN9-0C-b2-s1,1,P13-15,P15,,False,9,P15 LIN9-0C-b2-s1 AG1
20241112_rep04,plate_metadata/20241112_rep04_metadata,4,F10,6,10,31,r06c10f31,,15,LIN9-0C-b2-s1,1,P13-15,P15,,False,9,P15 LIN9-0C-b2-s1 AG1
20241112_rep04,plate_metadata/20241112_rep04_metadata,4,F10,6,10,32,r06c10f32,,15,LIN9-0C-b2-s1,1,P13-15,P15,,False,9,P15 LIN9-0C-b2-s1 AG1
20241112_rep04,plate_metadata/20241112_rep04_metadata,4,F10,6,10,33,r06c10f33,,15,LIN9-0C-b2-s1,1,P13-15,P15,,False,9,P15 LIN9-0C-b2-s1 AG1
20241112_rep04,plate_metadata/20241112_rep04_metadata,4,F10,6,10,34,r06c10f34,,15,LIN9-0C-b2-s1,1,P13-15,P15,,False,9,P15 LIN9-0C-b2-s1 AG1
20241112_rep04,plate_metadata/20241112_rep04_metadata,4,F10,6,10,35,r06c10f35,,15,LIN9-0C-b2-s1,1,P13-15,P15,,False,9,P15 LIN9-0C-b2-s1 AG1
20241112_rep04,plate_metadata/20241112_rep04_metadata,4,F10,6,10,36,r06c10f36,,15,LIN9-0C-b2-s1,1,P13-15,P15,,False,9,P15 LIN9-0C-b2-s1 AG1
20241112_rep04,plate_metadata/20241112_rep04_metadata,4,F10,6,10,37,r06c10f37,,15,LIN9-0C-b2-s1,1,P13-15,P15,,False,9,P15 LIN9-0C-b2-s1 AG1
20241112_rep04,plate_metadata/20241112_rep04_metadata,4,F10,6,10,38,r06c10f38,,15,LIN9-0C-b2-s1,1,P13-15,P15,,False,9,P15 LIN9-0C-b2-s1 AG1
20241112_rep04,plate_metadata/20241112_rep04_metadata,4,F10,6,10,39,r06c10f39,,15,LIN9-0C-b2-s1,1,P13-15,P15,,False,9,P15 LIN9-0C-b2-s1 AG1
20241112_rep04,plate_metadata/20241112_rep04_metadata,4,F10,6,10,40,r06c10f40,,15,LIN9-0C-b2-s1,1,P13-15,P15,,False,9,P15 LIN9-0C-b2-s1 AG1
20241112_rep04,plate_metadata/20241112_rep04_metadata,4,F11,6,11,1,r06c11f01,,27,LIN3-0A-b2-s1,6,P25-27,P27,,False,3,P27 LIN3-0A-b2-s1 AG6
20241112_rep04,plate_metadata/20241112_rep04_metadata,4,F11,6,11,2,r06c11f02,,27,LIN3-0A-b2-s1,6,P25-27,P27,,False,3,P27 LIN3-0A-b2-s1 AG6
20241112_rep04,plate_metadata/20241112_rep04_metadata,4,F11,6,11,3,r06c11f03,,27,LIN3-0A-b2-s1,6,P25-27,P27,,False,3,P27 LIN3-0A-b2-s1 AG6
20241112_rep04,plate_metadata/20241112_rep04_metadata,4,F11,6,11,4,r06c11f04,,27,LIN3-0A-b2-s1,6,P25-27,P27,,False,3,P27 LIN3-0A-b2-s1 AG6
20241112_rep04,plate_metadata/20241112_rep04_metadata,4,F11,6,11,5,r06c11f05,,27,LIN3-0A-b2-s1,6,P25-27,P27,,False,3,P27 LIN3-0A-b2-s1 AG6
20241112_rep04,plate_metadata/20241112_rep04_metadata,4,F11,6,11,6,r06c11f06,,27,LIN3-0A-b2-s1,6,P25-27,P27,,False,3,P27 LIN3-0A-b2-s1 AG6
20241112_rep04,plate_metadata/20241112_rep04_metadata,4,F11,6,11,7,r06c11f07,,27,LIN3-0A-b2-s1,6,P25-27,P27,,False,3,P27 LIN3-0A-b2-s1 AG6
20241112_rep04,plate_metadata/20241112_rep04_metadata,4,F11,6,11,8,r06c11f08,,27,LIN3-0A-b2-s1,6,P25-27,P27,,False,3,P27 LIN3-0A-b2-s1 AG6
20241112_rep04,plate_metadata/20241112_rep04_metadata,4,F11,6,11,9,r06c11f09,,27,LIN3-0A-b2-s1,6,P25-27,P27,,False,3,P27 LIN3-0A-b2-s1 AG6
20241112_rep04,plate_metadata/20241112_rep04_metadata,4,F11,6,11,10,r06c11f10,,27,LIN3-0A-b2-s1,6,P25-27,P27,,False,3,P27 LIN3-0A-b2-s1 AG6
20241112_rep04,plate_metadata/20241112_rep04_metadata,4,F11,6,11,11,r06c11f11,,27,LIN3-0A-b2-s1,6,P25-27,P27,,False,3,P27 LIN3-0A-b2-s1 AG6
20241112_rep04,plate_metadata/20241112_rep04_metadata,4,F11,6,11,12,r06c11f12,,27,LIN3-0A-b2-s1,6,P25-27,P27,,False,3,P27 LIN3-0A-b2-s1 AG6
20241112_rep04,plate_metadata/20241112_rep04_metadata,4,F11,6,11,13,r06c11f13,,27,LIN3-0A-b2-s1,6,P25-27,P27,,False,3,P27 LIN3-0A-b2-s1 AG6
20241112_rep04,plate_metadata/20241112_rep04_metadata,4,F11,6,11,14,r06c11f14,,27,LIN3-0A-b2-s1,6,P25-27,P27,,False,3,P27 LIN3-0A-b2-s1 AG6
20241112_rep04,plate_metadata/20241112_rep04_metadata,4,F11,6,11,15,r06c11f15,,27,LIN3-0A-b2-s1,6,P25-27,P27,,False,3,P27 LIN3-0A-b2-s1 AG6
20241112_rep04,plate_metadata/20241112_rep04_metadata,4,F11,6,11,16,r06c11f16,,27,LIN3-0A-b2-s1,6,P25-27,P27,,False,3,P27 LIN3-0A-b2-s1 AG6
20241112_rep04,plate_metadata/20241112_rep04_metadata,4,F11,6,11,17,r06c11f17,,27,LIN3-0A-b2-s1,6,P25-27,P27,,False,3,P27 LIN3-0A-b2-s1 AG6
20241112_rep04,plate_metadata/20241112_rep04_metadata,4,F11,6,11,18,r06c11f18,,27,LIN3-0A-b2-s1,6,P25-27,P27,,False,3,P27 LIN3-0A-b2-s1 AG6
20241112_rep04,plate_metadata/20241112_rep04_metadata,4,F11,6,11,19,r06c11f19,,27,LIN3-0A-b2-s1,6,P25-27,P27,,False,3,P27 LIN3-0A-b2-s1 AG6
20241112_rep04,plate_metadata/20241112_rep04_metadata,4,F11,6,11,20,r06c11f20,,27,LIN3-0A-b2-s1,6,P25-27,P27,,False,3,P27 LIN3-0A-b2-s1 AG6
20241112_rep04,plate_metadata/20241112_rep04_metadata,4,F11,6,11,21,r06c11f21,,27,LIN3-0A-b2-s1,6,P25-27,P27,,False,3,P27 LIN3-0A-b2-s1 AG6
20241112_rep04,plate_metadata/20241112_rep04_metadata,4,F11,6,11,22,r06c11f22,,27,LIN3-0A-b2-s1,6,P25-27,P27,,False,3,P27 LIN3-0A-b2-s1 AG6
20241112_rep04,plate_metadata/20241112_rep04_metadata,4,F11,6,11,23,r06c11f23,,27,LIN3-0A-b2-s1,6,P25-27,P27,,False,3,P27 LIN3-0A-b2-s1 AG6
20241112_rep04,plate_metadata/20241112_rep04_metadata,4,F11,6,11,24,r06c11f24,,27,LIN3-0A-b2-s1,6,P25-27,P27,,False,3,P27 LIN3-0A-b2-s1 AG6
20241112_rep04,plate_metadata/20241112_rep04_metadata,4,F11,6,11,25,r06c11f25,,27,LIN3-0A-b2-s1,6,P25-27,P27,,False,3,P27 LIN3-0A-b2-s1 AG6
20241112_rep04,plate_metadata/20241112_rep04_metadata,4,F11,6,11,26,r06c11f26,,27,LIN3-0A-b2-s1,6,P25-27,P27,,False,3,P27 LIN3-0A-b2-s1 AG6
20241112_rep04,plate_metadata/20241112_rep04_metadata,4,F11,6,11,27,r06c11f27,,27,LIN3-0A-b2-s1,6,P25-27,P27,,False,3,P27 LIN3-0A-b2-s1 AG6
20241112_rep04,plate_metadata/20241112_rep04_metadata,4,F11,6,11,28,r06c11f28,,27,LIN3-0A-b2-s1,6,P25-27,P27,,False,3,P27 LIN3-0A-b2-s1 AG6
20241112_rep04,plate_metadata/20241112_rep04_metadata,4,F11,6,11,29,r06c11f29,,27,LIN3-0A-b2-s1,6,P25-27,P27,,False,3,P27 LIN3-0A-b2-s1 AG6
20241112_rep04,plate_metadata/20241112_rep04_metadata,4,F11,6,11,30,r06c11f30,,27,LIN3-0A-b2-s1,6,P25-27,P27,,False,3,P27 LIN3-0A-b2-s1 AG6
20241112_rep04,plate_metadata/20241112_rep04_metadata,4,F11,6,11,31,r06c11f31,,27,LIN3-0A-b2-s1,6,P25-27,P27,,False,3,P27 LIN3-0A-b2-s1 AG6
20241112_rep04,plate_metadata/20241112_rep04_metadata,4,F11,6,11,32,r06c11f32,,27,LIN3-0A-b2-s1,6,P25-27,P27,,False,3,P27 LIN3-0A-b2-s1 AG6
20241112_rep04,plate_metadata/20241112_rep04_metadata,4,F11,6,11,33,r06c11f33,,27,LIN3-0A-b2-s1,6,P25-27,P27,,False,3,P27 LIN3-0A-b2-s1 AG6
20241112_rep04,plate_metadata/20241112_rep04_metadata,4,F11,6,11,34,r06c11f34,,27,LIN3-0A-b2-s1,6,P25-27,P27,,False,3,P27 LIN3-0A-b2-s1 AG6
20241112_rep04,plate_metadata/20241112_rep04_metadata,4,F11,6,11,35,r06c11f35,,27,LIN3-0A-b2-s1,6,P25-27,P27,,False,3,P27 LIN3-0A-b2-s1 AG6
20241112_rep04,plate_metadata/20241112_rep04_metadata,4,F11,6,11,36,r06c11f36,,27,LIN3-0A-b2-s1,6,P25-27,P27,,False,3,P27 LIN3-0A-b2-s1 AG6
20241112_rep04,plate_metadata/20241112_rep04_metadata,4,F11,6,11,37,r06c11f37,,27,LIN3-0A-b2-s1,6,P25-27,P27,,False,3,P27 LIN3-0A-b2-s1 AG6
20241112_rep04,plate_metadata/20241112_rep04_metadata,4,F11,6,11,38,r06c11f38,,27,LIN3-0A-b2-s1,6,P25-27,P27,,False,3,P27 LIN3-0A-b2-s1 AG6
20241112_rep04,plate_metadata/20241112_rep04_metadata,4,F11,6,11,39,r06c11f39,,27,LIN3-0A-b2-s1,6,P25-27,P27,,False,3,P27 LIN3-0A-b2-s1 AG6
20241112_rep04,plate_metadata/20241112_rep04_metadata,4,F11,6,11,40,r06c11f40,,27,LIN3-0A-b2-s1,6,P25-27,P27,,False,3,P27 LIN3-0A-b2-s1 AG6
20241112_rep04,plate_metadata/20241112_rep04_metadata,4,G02,7,2,1,r07c02f01,MitoRed,27,LIN3-0A-b2-s1,6,P25-27,P27,,False,3,P27 LIN3-0A-b2-s1 AG6
20241112_rep04,plate_metadata/20241112_rep04_metadata,4,G02,7,2,2,r07c02f02,MitoRed,27,LIN3-0A-b2-s1,6,P25-27,P27,,False,3,P27 LIN3-0A-b2-s1 AG6
20241112_rep04,plate_metadata/20241112_rep04_metadata,4,G02,7,2,3,r07c02f03,MitoRed,27,LIN3-0A-b2-s1,6,P25-27,P27,,False,3,P27 LIN3-0A-b2-s1 AG6
20241112_rep04,plate_metadata/20241112_rep04_metadata,4,G02,7,2,4,r07c02f04,MitoRed,27,LIN3-0A-b2-s1,6,P25-27,P27,,False,3,P27 LIN3-0A-b2-s1 AG6
20241112_rep04,plate_metadata/20241112_rep04_metadata,4,G02,7,2,5,r07c02f05,MitoRed,27,LIN3-0A-b2-s1,6,P25-27,P27,,False,3,P27 LIN3-0A-b2-s1 AG6
20241112_rep04,plate_metadata/20241112_rep04_metadata,4,G02,7,2,6,r07c02f06,MitoRed,27,LIN3-0A-b2-s1,6,P25-27,P27,,False,3,P27 LIN3-0A-b2-s1 AG6
20241112_rep04,plate_metadata/20241112_rep04_metadata,4,G02,7,2,7,r07c02f07,MitoRed,27,LIN3-0A-b2-s1,6,P25-27,P27,,False,3,P27 LIN3-0A-b2-s1 AG6
20241112_rep04,plate_metadata/20241112_rep04_metadata,4,G02,7,2,8,r07c02f08,MitoRed,27,LIN3-0A-b2-s1,6,P25-27,P27,,False,3,P27 LIN3-0A-b2-s1 AG6
20241112_rep04,plate_metadata/20241112_rep04_metadata,4,G02,7,2,9,r07c02f09,MitoRed,27,LIN3-0A-b2-s1,6,P25-27,P27,,False,3,P27 LIN3-0A-b2-s1 AG6
20241112_rep04,plate_metadata/20241112_rep04_metadata,4,G02,7,2,10,r07c02f10,MitoRed,27,LIN3-0A-b2-s1,6,P25-27,P27,,False,3,P27 LIN3-0A-b2-s1 AG6
20241112_rep04,plate_metadata/20241112_rep04_metadata,4,G02,7,2,11,r07c02f11,MitoRed,27,LIN3-0A-b2-s1,6,P25-27,P27,,False,3,P27 LIN3-0A-b2-s1 AG6
20241112_rep04,plate_metadata/20241112_rep04_metadata,4,G02,7,2,12,r07c02f12,MitoRed,27,LIN3-0A-b2-s1,6,P25-27,P27,,False,3,P27 LIN3-0A-b2-s1 AG6
20241112_rep04,plate_metadata/20241112_rep04_metadata,4,G02,7,2,13,r07c02f13,MitoRed,27,LIN3-0A-b2-s1,6,P25-27,P27,,False,3,P27 LIN3-0A-b2-s1 AG6
20241112_rep04,plate_metadata/20241112_rep04_metadata,4,G02,7,2,14,r07c02f14,MitoRed,27,LIN3-0A-b2-s1,6,P25-27,P27,,False,3,P27 LIN3-0A-b2-s1 AG6
20241112_rep04,plate_metadata/20241112_rep04_metadata,4,G02,7,2,15,r07c02f15,MitoRed,27,LIN3-0A-b2-s1,6,P25-27,P27,,False,3,P27 LIN3-0A-b2-s1 AG6
20241112_rep04,plate_metadata/20241112_rep04_metadata,4,G02,7,2,16,r07c02f16,MitoRed,27,LIN3-0A-b2-s1,6,P25-27,P27,,False,3,P27 LIN3-0A-b2-s1 AG6
20241112_rep04,plate_metadata/20241112_rep04_metadata,4,G02,7,2,17,r07c02f17,MitoRed,27,LIN3-0A-b2-s1,6,P25-27,P27,,False,3,P27 LIN3-0A-b2-s1 AG6
20241112_rep04,plate_metadata/20241112_rep04_metadata,4,G02,7,2,18,r07c02f18,MitoRed,27,LIN3-0A-b2-s1,6,P25-27,P27,,False,3,P27 LIN3-0A-b2-s1 AG6
20241112_rep04,plate_metadata/20241112_rep04_metadata,4,G02,7,2,19,r07c02f19,MitoRed,27,LIN3-0A-b2-s1,6,P25-27,P27,,False,3,P27 LIN3-0A-b2-s1 AG6
20241112_rep04,plate_metadata/20241112_rep04_metadata,4,G02,7,2,20,r07c02f20,MitoRed,27,LIN3-0A-b2-s1,6,P25-27,P27,,False,3,P27 LIN3-0A-b2-s1 AG6
20241112_rep04,plate_metadata/20241112_rep04_metadata,4,G02,7,2,21,r07c02f21,MitoRed,27,LIN3-0A-b2-s1,6,P25-27,P27,,False,3,P27 LIN3-0A-b2-s1 AG6
20241112_rep04,plate_metadata/20241112_rep04_metadata,4,G02,7,2,22,r07c02f22,MitoRed,27,LIN3-0A-b2-s1,6,P25-27,P27,,False,3,P27 LIN3-0A-b2-s1 AG6
20241112_rep04,plate_metadata/20241112_rep04_metadata,4,G02,7,2,23,r07c02f23,MitoRed,27,LIN3-0A-b2-s1,6,P25-27,P27,,False,3,P27 LIN3-0A-b2-s1 AG6
20241112_rep04,plate_metadata/20241112_rep04_metadata,4,G02,7,2,24,r07c02f24,MitoRed,27,LIN3-0A-b2-s1,6,P25-27,P27,,False,3,P27 LIN3-0A-b2-s1 AG6
20241112_rep04,plate_metadata/20241112_rep04_metadata,4,G02,7,2,25,r07c02f25,MitoRed,27,LIN3-0A-b2-s1,6,P25-27,P27,,False,3,P27 LIN3-0A-b2-s1 AG6
20241112_rep04,plate_metadata/20241112_rep04_metadata,4,G02,7,2,26,r07c02f26,MitoRed,27,LIN3-0A-b2-s1,6,P25-27,P27,,False,3,P27 LIN3-0A-b2-s1 AG6
20241112_rep04,plate_metadata/20241112_rep04_metadata,4,G02,7,2,27,r07c02f27,MitoRed,27,LIN3-0A-b2-s1,6,P25-27,P27,,False,3,P27 LIN3-0A-b2-s1 AG6
20241112_rep04,plate_metadata/20241112_rep04_metadata,4,G02,7,2,28,r07c02f28,MitoRed,27,LIN3-0A-b2-s1,6,P25-27,P27,,False,3,P27 LIN3-0A-b2-s1 AG6
20241112_rep04,plate_metadata/20241112_rep04_metadata,4,G02,7,2,29,r07c02f29,MitoRed,27,LIN3-0A-b2-s1,6,P25-27,P27,,False,3,P27 LIN3-0A-b2-s1 AG6
20241112_rep04,plate_metadata/20241112_rep04_metadata,4,G02,7,2,30,r07c02f30,MitoRed,27,LIN3-0A-b2-s1,6,P25-27,P27,,False,3,P27 LIN3-0A-b2-s1 AG6
20241112_rep04,plate_metadata/20241112_rep04_metadata,4,G02,7,2,31,r07c02f31,MitoRed,27,LIN3-0A-b2-s1,6,P25-27,P27,,False,3,P27 LIN3-0A-b2-s1 AG6
20241112_rep04,plate_metadata/20241112_rep04_metadata,4,G02,7,2,32,r07c02f32,MitoRed,27,LIN3-0A-b2-s1,6,P25-27,P27,,False,3,P27 LIN3-0A-b2-s1 AG6
20241112_rep04,plate_metadata/20241112_rep04_metadata,4,G02,7,2,33,r07c02f33,MitoRed,27,LIN3-0A-b2-s1,6,P25-27,P27,,False,3,P27 LIN3-0A-b2-s1 AG6
20241112_rep04,plate_metadata/20241112_rep04_metadata,4,G02,7,2,34,r07c02f34,MitoRed,27,LIN3-0A-b2-s1,6,P25-27,P27,,False,3,P27 LIN3-0A-b2-s1 AG6
20241112_rep04,plate_metadata/20241112_rep04_metadata,4,G02,7,2,35,r07c02f35,MitoRed,27,LIN3-0A-b2-s1,6,P25-27,P27,,False,3,P27 LIN3-0A-b2-s1 AG6
20241112_rep04,plate_metadata/20241112_rep04_metadata,4,G02,7,2,36,r07c02f36,MitoRed,27,LIN3-0A-b2-s1,6,P25-27,P27,,False,3,P27 LIN3-0A-b2-s1 AG6
20241112_rep04,plate_metadata/20241112_rep04_metadata,4,G02,7,2,37,r07c02f37,MitoRed,27,LIN3-0A-b2-s1,6,P25-27,P27,,False,3,P27 LIN3-0A-b2-s1 AG6
20241112_rep04,plate_metadata/20241112_rep04_metadata,4,G02,7,2,38,r07c02f38,MitoRed,27,LIN3-0A-b2-s1,6,P25-27,P27,,False,3,P27 LIN3-0A-b2-s1 AG6
20241112_rep04,plate_metadata/20241112_rep04_metadata,4,G02,7,2,39,r07c02f39,MitoRed,27,LIN3-0A-b2-s1,6,P25-27,P27,,False,3,P27 LIN3-0A-b2-s1 AG6
20241112_rep04,plate_metadata/20241112_rep04_metadata,4,G02,7,2,40,r07c02f40,MitoRed,27,LIN3-0A-b2-s1,6,P25-27,P27,,False,3,P27 LIN3-0A-b2-s1 AG6
20241112_rep04,plate_metadata/20241112_rep04_metadata,4,G03,7,3,1,r07c03f01,MitoRed,24,LIN3-0A-b2-s2-ss1,5,P22-24,P24,,False,3,P24 LIN3-0A-b2-s2-ss1 AG5
20241112_rep04,plate_metadata/20241112_rep04_metadata,4,G03,7,3,2,r07c03f02,MitoRed,24,LIN3-0A-b2-s2-ss1,5,P22-24,P24,,False,3,P24 LIN3-0A-b2-s2-ss1 AG5
20241112_rep04,plate_metadata/20241112_rep04_metadata,4,G03,7,3,3,r07c03f03,MitoRed,24,LIN3-0A-b2-s2-ss1,5,P22-24,P24,,False,3,P24 LIN3-0A-b2-s2-ss1 AG5
20241112_rep04,plate_metadata/20241112_rep04_metadata,4,G03,7,3,4,r07c03f04,MitoRed,24,LIN3-0A-b2-s2-ss1,5,P22-24,P24,,False,3,P24 LIN3-0A-b2-s2-ss1 AG5
20241112_rep04,plate_metadata/20241112_rep04_metadata,4,G03,7,3,5,r07c03f05,MitoRed,24,LIN3-0A-b2-s2-ss1,5,P22-24,P24,,False,3,P24 LIN3-0A-b2-s2-ss1 AG5
20241112_rep04,plate_metadata/20241112_rep04_metadata,4,G03,7,3,6,r07c03f06,MitoRed,24,LIN3-0A-b2-s2-ss1,5,P22-24,P24,,False,3,P24 LIN3-0A-b2-s2-ss1 AG5
20241112_rep04,plate_metadata/20241112_rep04_metadata,4,G03,7,3,7,r07c03f07,MitoRed,24,LIN3-0A-b2-s2-ss1,5,P22-24,P24,,False,3,P24 LIN3-0A-b2-s2-ss1 AG5
20241112_rep04,plate_metadata/20241112_rep04_metadata,4,G03,7,3,8,r07c03f08,MitoRed,24,LIN3-0A-b2-s2-ss1,5,P22-24,P24,,False,3,P24 LIN3-0A-b2-s2-ss1 AG5
20241112_rep04,plate_metadata/20241112_rep04_metadata,4,G03,7,3,9,r07c03f09,MitoRed,24,LIN3-0A-b2-s2-ss1,5,P22-24,P24,,False,3,P24 LIN3-0A-b2-s2-ss1 AG5
20241112_rep04,plate_metadata/20241112_rep04_metadata,4,G03,7,3,10,r07c03f10,MitoRed,24,LIN3-0A-b2-s2-ss1,5,P22-24,P24,,False,3,P24 LIN3-0A-b2-s2-ss1 AG5
20241112_rep04,plate_metadata/20241112_rep04_metadata,4,G03,7,3,11,r07c03f11,MitoRed,24,LIN3-0A-b2-s2-ss1,5,P22-24,P24,,False,3,P24 LIN3-0A-b2-s2-ss1 AG5
20241112_rep04,plate_metadata/20241112_rep04_metadata,4,G03,7,3,12,r07c03f12,MitoRed,24,LIN3-0A-b2-s2-ss1,5,P22-24,P24,,False,3,P24 LIN3-0A-b2-s2-ss1 AG5
20241112_rep04,plate_metadata/20241112_rep04_metadata,4,G03,7,3,13,r07c03f13,MitoRed,24,LIN3-0A-b2-s2-ss1,5,P22-24,P24,,False,3,P24 LIN3-0A-b2-s2-ss1 AG5
20241112_rep04,plate_metadata/20241112_rep04_metadata,4,G03,7,3,14,r07c03f14,MitoRed,24,LIN3-0A-b2-s2-ss1,5,P22-24,P24,,False,3,P24 LIN3-0A-b2-s2-ss1 AG5
20241112_rep04,plate_metadata/20241112_rep04_metadata,4,G03,7,3,15,r07c03f15,MitoRed,24,LIN3-0A-b2-s2-ss1,5,P22-24,P24,,False,3,P24 LIN3-0A-b2-s2-ss1 AG5
20241112_rep04,plate_metadata/20241112_rep04_metadata,4,G03,7,3,16,r07c03f16,MitoRed,24,LIN3-0A-b2-s2-ss1,5,P22-24,P24,,False,3,P24 LIN3-0A-b2-s2-ss1 AG5
20241112_rep04,plate_metadata/20241112_rep04_metadata,4,G03,7,3,17,r07c03f17,MitoRed,24,LIN3-0A-b2-s2-ss1,5,P22-24,P24,,False,3,P24 LIN3-0A-b2-s2-ss1 AG5
20241112_rep04,plate_metadata/20241112_rep04_metadata,4,G03,7,3,18,r07c03f18,MitoRed,24,LIN3-0A-b2-s2-ss1,5,P22-24,P24,,False,3,P24 LIN3-0A-b2-s2-ss1 AG5
20241112_rep04,plate_metadata/20241112_rep04_metadata,4,G03,7,3,19,r07c03f19,MitoRed,24,LIN3-0A-b2-s2-ss1,5,P22-24,P24,,False,3,P24 LIN3-0A-b2-s2-ss1 AG5
20241112_rep04,plate_metadata/20241112_rep04_metadata,4,G03,7,3,20,r07c03f20,MitoRed,24,LIN3-0A-b2-s2-ss1,5,P22-24,P24,,False,3,P24 LIN3-0A-b2-s2-ss1 AG5
20241112_rep04,plate_metadata/20241112_rep04_metadata,4,G03,7,3,21,r07c03f21,MitoRed,24,LIN3-0A-b2-s2-ss1,5,P22-24,P24,,False,3,P24 LIN3-0A-b2-s2-ss1 AG5
20241112_rep04,plate_metadata/20241112_rep04_metadata,4,G03,7,3,22,r07c03f22,MitoRed,24,LIN3-0A-b2-s2-ss1,5,P22-24,P24,,False,3,P24 LIN3-0A-b2-s2-ss1 AG5
20241112_rep04,plate_metadata/20241112_rep04_metadata,4,G03,7,3,23,r07c03f23,MitoRed,24,LIN3-0A-b2-s2-ss1,5,P22-24,P24,,False,3,P24 LIN3-0A-b2-s2-ss1 AG5
20241112_rep04,plate_metadata/20241112_rep04_metadata,4,G03,7,3,24,r07c03f24,MitoRed,24,LIN3-0A-b2-s2-ss1,5,P22-24,P24,,False,3,P24 LIN3-0A-b2-s2-ss1 AG5
20241112_rep04,plate_metadata/20241112_rep04_metadata,4,G03,7,3,25,r07c03f25,MitoRed,24,LIN3-0A-b2-s2-ss1,5,P22-24,P24,,False,3,P24 LIN3-0A-b2-s2-ss1 AG5
20241112_rep04,plate_metadata/20241112_rep04_metadata,4,G03,7,3,26,r07c03f26,MitoRed,24,LIN3-0A-b2-s2-ss1,5,P22-24,P24,,False,3,P24 LIN3-0A-b2-s2-ss1 AG5
20241112_rep04,plate_metadata/20241112_rep04_metadata,4,G03,7,3,27,r07c03f27,MitoRed,24,LIN3-0A-b2-s2-ss1,5,P22-24,P24,,False,3,P24 LIN3-0A-b2-s2-ss1 AG5
20241112_rep04,plate_metadata/20241112_rep04_metadata,4,G03,7,3,28,r07c03f28,MitoRed,24,LIN3-0A-b2-s2-ss1,5,P22-24,P24,,False,3,P24 LIN3-0A-b2-s2-ss1 AG5
20241112_rep04,plate_metadata/20241112_rep04_metadata,4,G03,7,3,29,r07c03f29,MitoRed,24,LIN3-0A-b2-s2-ss1,5,P22-24,P24,,False,3,P24 LIN3-0A-b2-s2-ss1 AG5
20241112_rep04,plate_metadata/20241112_rep04_metadata,4,G03,7,3,30,r07c03f30,MitoRed,24,LIN3-0A-b2-s2-ss1,5,P22-24,P24,,False,3,P24 LIN3-0A-b2-s2-ss1 AG5
20241112_rep04,plate_metadata/20241112_rep04_metadata,4,G03,7,3,31,r07c03f31,MitoRed,24,LIN3-0A-b2-s2-ss1,5,P22-24,P24,,False,3,P24 LIN3-0A-b2-s2-ss1 AG5
20241112_rep04,plate_metadata/20241112_rep04_metadata,4,G03,7,3,32,r07c03f32,MitoRed,24,LIN3-0A-b2-s2-ss1,5,P22-24,P24,,False,3,P24 LIN3-0A-b2-s2-ss1 AG5
20241112_rep04,plate_metadata/20241112_rep04_metadata,4,G03,7,3,33,r07c03f33,MitoRed,24,LIN3-0A-b2-s2-ss1,5,P22-24,P24,,False,3,P24 LIN3-0A-b2-s2-ss1 AG5
20241112_rep04,plate_metadata/20241112_rep04_metadata,4,G03,7,3,34,r07c03f34,MitoRed,24,LIN3-0A-b2-s2-ss1,5,P22-24,P24,,False,3,P24 LIN3-0A-b2-s2-ss1 AG5
20241112_rep04,plate_metadata/20241112_rep04_metadata,4,G03,7,3,35,r07c03f35,MitoRed,24,LIN3-0A-b2-s2-ss1,5,P22-24,P24,,False,3,P24 LIN3-0A-b2-s2-ss1 AG5
20241112_rep04,plate_metadata/20241112_rep04_metadata,4,G03,7,3,36,r07c03f36,MitoRed,24,LIN3-0A-b2-s2-ss1,5,P22-24,P24,,False,3,P24 LIN3-0A-b2-s2-ss1 AG5
20241112_rep04,plate_metadata/20241112_rep04_metadata,4,G03,7,3,37,r07c03f37,MitoRed,24,LIN3-0A-b2-s2-ss1,5,P22-24,P24,,False,3,P24 LIN3-0A-b2-s2-ss1 AG5
20241112_rep04,plate_metadata/20241112_rep04_metadata,4,G03,7,3,38,r07c03f38,MitoRed,24,LIN3-0A-b2-s2-ss1,5,P22-24,P24,,False,3,P24 LIN3-0A-b2-s2-ss1 AG5
20241112_rep04,plate_metadata/20241112_rep04_metadata,4,G03,7,3,39,r07c03f39,MitoRed,24,LIN3-0A-b2-s2-ss1,5,P22-24,P24,,False,3,P24 LIN3-0A-b2-s2-ss1 AG5
20241112_rep04,plate_metadata/20241112_rep04_metadata,4,G03,7,3,40,r07c03f40,MitoRed,24,LIN3-0A-b2-s2-ss1,5,P22-24,P24,,False,3,P24 LIN3-0A-b2-s2-ss1 AG5
20241112_rep04,plate_metadata/20241112_rep04_metadata,4,G04,7,4,1,r07c04f01,MitoRed,23,LIN6-0C-b1-s1,4,P22-24,P23,,False,6,P23 LIN6-0C-b1-s1 AG4
20241112_rep04,plate_metadata/20241112_rep04_metadata,4,G04,7,4,2,r07c04f02,MitoRed,23,LIN6-0C-b1-s1,4,P22-24,P23,,False,6,P23 LIN6-0C-b1-s1 AG4
20241112_rep04,plate_metadata/20241112_rep04_metadata,4,G04,7,4,3,r07c04f03,MitoRed,23,LIN6-0C-b1-s1,4,P22-24,P23,,False,6,P23 LIN6-0C-b1-s1 AG4
20241112_rep04,plate_metadata/20241112_rep04_metadata,4,G04,7,4,4,r07c04f04,MitoRed,23,LIN6-0C-b1-s1,4,P22-24,P23,,False,6,P23 LIN6-0C-b1-s1 AG4
20241112_rep04,plate_metadata/20241112_rep04_metadata,4,G04,7,4,5,r07c04f05,MitoRed,23,LIN6-0C-b1-s1,4,P22-24,P23,,False,6,P23 LIN6-0C-b1-s1 AG4
20241112_rep04,plate_metadata/20241112_rep04_metadata,4,G04,7,4,6,r07c04f06,MitoRed,23,LIN6-0C-b1-s1,4,P22-24,P23,,False,6,P23 LIN6-0C-b1-s1 AG4
20241112_rep04,plate_metadata/20241112_rep04_metadata,4,G04,7,4,7,r07c04f07,MitoRed,23,LIN6-0C-b1-s1,4,P22-24,P23,,False,6,P23 LIN6-0C-b1-s1 AG4
20241112_rep04,plate_metadata/20241112_rep04_metadata,4,G04,7,4,8,r07c04f08,MitoRed,23,LIN6-0C-b1-s1,4,P22-24,P23,,False,6,P23 LIN6-0C-b1-s1 AG4
20241112_rep04,plate_metadata/20241112_rep04_metadata,4,G04,7,4,9,r07c04f09,MitoRed,23,LIN6-0C-b1-s1,4,P22-24,P23,,False,6,P23 LIN6-0C-b1-s1 AG4
20241112_rep04,plate_metadata/20241112_rep04_metadata,4,G04,7,4,10,r07c04f10,MitoRed,23,LIN6-0C-b1-s1,4,P22-24,P23,,False,6,P23 LIN6-0C-b1-s1 AG4
20241112_rep04,plate_metadata/20241112_rep04_metadata,4,G04,7,4,11,r07c04f11,MitoRed,23,LIN6-0C-b1-s1,4,P22-24,P23,,False,6,P23 LIN6-0C-b1-s1 AG4
20241112_rep04,plate_metadata/20241112_rep04_metadata,4,G04,7,4,12,r07c04f12,MitoRed,23,LIN6-0C-b1-s1,4,P22-24,P23,,False,6,P23 LIN6-0C-b1-s1 AG4
20241112_rep04,plate_metadata/20241112_rep04_metadata,4,G04,7,4,13,r07c04f13,MitoRed,23,LIN6-0C-b1-s1,4,P22-24,P23,,False,6,P23 LIN6-0C-b1-s1 AG4
20241112_rep04,plate_metadata/20241112_rep04_metadata,4,G04,7,4,14,r07c04f14,MitoRed,23,LIN6-0C-b1-s1,4,P22-24,P23,,False,6,P23 LIN6-0C-b1-s1 AG4
20241112_rep04,plate_metadata/20241112_rep04_metadata,4,G04,7,4,15,r07c04f15,MitoRed,23,LIN6-0C-b1-s1,4,P22-24,P23,,False,6,P23 LIN6-0C-b1-s1 AG4
20241112_rep04,plate_metadata/20241112_rep04_metadata,4,G04,7,4,16,r07c04f16,MitoRed,23,LIN6-0C-b1-s1,4,P22-24,P23,,False,6,P23 LIN6-0C-b1-s1 AG4
20241112_rep04,plate_metadata/20241112_rep04_metadata,4,G04,7,4,17,r07c04f17,MitoRed,23,LIN6-0C-b1-s1,4,P22-24,P23,,False,6,P23 LIN6-0C-b1-s1 AG4
20241112_rep04,plate_metadata/20241112_rep04_metadata,4,G04,7,4,18,r07c04f18,MitoRed,23,LIN6-0C-b1-s1,4,P22-24,P23,,False,6,P23 LIN6-0C-b1-s1 AG4
20241112_rep04,plate_metadata/20241112_rep04_metadata,4,G04,7,4,19,r07c04f19,MitoRed,23,LIN6-0C-b1-s1,4,P22-24,P23,,False,6,P23 LIN6-0C-b1-s1 AG4
20241112_rep04,plate_metadata/20241112_rep04_metadata,4,G04,7,4,20,r07c04f20,MitoRed,23,LIN6-0C-b1-s1,4,P22-24,P23,,False,6,P23 LIN6-0C-b1-s1 AG4
20241112_rep04,plate_metadata/20241112_rep04_metadata,4,G04,7,4,21,r07c04f21,MitoRed,23,LIN6-0C-b1-s1,4,P22-24,P23,,False,6,P23 LIN6-0C-b1-s1 AG4
20241112_rep04,plate_metadata/20241112_rep04_metadata,4,G04,7,4,22,r07c04f22,MitoRed,23,LIN6-0C-b1-s1,4,P22-24,P23,,False,6,P23 LIN6-0C-b1-s1 AG4
20241112_rep04,plate_metadata/20241112_rep04_metadata,4,G04,7,4,23,r07c04f23,MitoRed,23,LIN6-0C-b1-s1,4,P22-24,P23,,False,6,P23 LIN6-0C-b1-s1 AG4
20241112_rep04,plate_metadata/20241112_rep04_metadata,4,G04,7,4,24,r07c04f24,MitoRed,23,LIN6-0C-b1-s1,4,P22-24,P23,,False,6,P23 LIN6-0C-b1-s1 AG4
20241112_rep04,plate_metadata/20241112_rep04_metadata,4,G04,7,4,25,r07c04f25,MitoRed,23,LIN6-0C-b1-s1,4,P22-24,P23,,False,6,P23 LIN6-0C-b1-s1 AG4
20241112_rep04,plate_metadata/20241112_rep04_metadata,4,G04,7,4,26,r07c04f26,MitoRed,23,LIN6-0C-b1-s1,4,P22-24,P23,,False,6,P23 LIN6-0C-b1-s1 AG4
20241112_rep04,plate_metadata/20241112_rep04_metadata,4,G04,7,4,27,r07c04f27,MitoRed,23,LIN6-0C-b1-s1,4,P22-24,P23,,False,6,P23 LIN6-0C-b1-s1 AG4
20241112_rep04,plate_metadata/20241112_rep04_metadata,4,G04,7,4,28,r07c04f28,MitoRed,23,LIN6-0C-b1-s1,4,P22-24,P23,,False,6,P23 LIN6-0C-b1-s1 AG4
20241112_rep04,plate_metadata/20241112_rep04_metadata,4,G04,7,4,29,r07c04f29,MitoRed,23,LIN6-0C-b1-s1,4,P22-24,P23,,False,6,P23 LIN6-0C-b1-s1 AG4
20241112_rep04,plate_metadata/20241112_rep04_metadata,4,G04,7,4,30,r07c04f30,MitoRed,23,LIN6-0C-b1-s1,4,P22-24,P23,,False,6,P23 LIN6-0C-b1-s1 AG4
20241112_rep04,plate_metadata/20241112_rep04_metadata,4,G04,7,4,31,r07c04f31,MitoRed,23,LIN6-0C-b1-s1,4,P22-24,P23,,False,6,P23 LIN6-0C-b1-s1 AG4
20241112_rep04,plate_metadata/20241112_rep04_metadata,4,G04,7,4,32,r07c04f32,MitoRed,23,LIN6-0C-b1-s1,4,P22-24,P23,,False,6,P23 LIN6-0C-b1-s1 AG4
20241112_rep04,plate_metadata/20241112_rep04_metadata,4,G04,7,4,33,r07c04f33,MitoRed,23,LIN6-0C-b1-s1,4,P22-24,P23,,False,6,P23 LIN6-0C-b1-s1 AG4
20241112_rep04,plate_metadata/20241112_rep04_metadata,4,G04,7,4,34,r07c04f34,MitoRed,23,LIN6-0C-b1-s1,4,P22-24,P23,,False,6,P23 LIN6-0C-b1-s1 AG4
20241112_rep04,plate_metadata/20241112_rep04_metadata,4,G04,7,4,35,r07c04f35,MitoRed,23,LIN6-0C-b1-s1,4,P22-24,P23,,False,6,P23 LIN6-0C-b1-s1 AG4
20241112_rep04,plate_metadata/20241112_rep04_metadata,4,G04,7,4,36,r07c04f36,MitoRed,23,LIN6-0C-b1-s1,4,P22-24,P23,,False,6,P23 LIN6-0C-b1-s1 AG4
20241112_rep04,plate_metadata/20241112_rep04_metadata,4,G04,7,4,37,r07c04f37,MitoRed,23,LIN6-0C-b1-s1,4,P22-24,P23,,False,6,P23 LIN6-0C-b1-s1 AG4
20241112_rep04,plate_metadata/20241112_rep04_metadata,4,G04,7,4,38,r07c04f38,MitoRed,23,LIN6-0C-b1-s1,4,P22-24,P23,,False,6,P23 LIN6-0C-b1-s1 AG4
20241112_rep04,plate_metadata/20241112_rep04_metadata,4,G04,7,4,39,r07c04f39,MitoRed,23,LIN6-0C-b1-s1,4,P22-24,P23,,False,6,P23 LIN6-0C-b1-s1 AG4
20241112_rep04,plate_metadata/20241112_rep04_metadata,4,G04,7,4,40,r07c04f40,MitoRed,23,LIN6-0C-b1-s1,4,P22-24,P23,,False,6,P23 LIN6-0C-b1-s1 AG4
20241112_rep04,plate_metadata/20241112_rep04_metadata,4,G05,7,5,1,r07c05f01,MitoRed,20,LIN7-0C-b3,3,P19-21,P20,,False,7,P20 LIN7-0C-b3 AG3
20241112_rep04,plate_metadata/20241112_rep04_metadata,4,G05,7,5,2,r07c05f02,MitoRed,20,LIN7-0C-b3,3,P19-21,P20,,False,7,P20 LIN7-0C-b3 AG3
20241112_rep04,plate_metadata/20241112_rep04_metadata,4,G05,7,5,3,r07c05f03,MitoRed,20,LIN7-0C-b3,3,P19-21,P20,,False,7,P20 LIN7-0C-b3 AG3
20241112_rep04,plate_metadata/20241112_rep04_metadata,4,G05,7,5,4,r07c05f04,MitoRed,20,LIN7-0C-b3,3,P19-21,P20,,False,7,P20 LIN7-0C-b3 AG3
20241112_rep04,plate_metadata/20241112_rep04_metadata,4,G05,7,5,5,r07c05f05,MitoRed,20,LIN7-0C-b3,3,P19-21,P20,,False,7,P20 LIN7-0C-b3 AG3
20241112_rep04,plate_metadata/20241112_rep04_metadata,4,G05,7,5,6,r07c05f06,MitoRed,20,LIN7-0C-b3,3,P19-21,P20,,False,7,P20 LIN7-0C-b3 AG3
20241112_rep04,plate_metadata/20241112_rep04_metadata,4,G05,7,5,7,r07c05f07,MitoRed,20,LIN7-0C-b3,3,P19-21,P20,,False,7,P20 LIN7-0C-b3 AG3
20241112_rep04,plate_metadata/20241112_rep04_metadata,4,G05,7,5,8,r07c05f08,MitoRed,20,LIN7-0C-b3,3,P19-21,P20,,False,7,P20 LIN7-0C-b3 AG3
20241112_rep04,plate_metadata/20241112_rep04_metadata,4,G05,7,5,9,r07c05f09,MitoRed,20,LIN7-0C-b3,3,P19-21,P20,,False,7,P20 LIN7-0C-b3 AG3
20241112_rep04,plate_metadata/20241112_rep04_metadata,4,G05,7,5,10,r07c05f10,MitoRed,20,LIN7-0C-b3,3,P19-21,P20,,False,7,P20 LIN7-0C-b3 AG3
20241112_rep04,plate_metadata/20241112_rep04_metadata,4,G05,7,5,11,r07c05f11,MitoRed,20,LIN7-0C-b3,3,P19-21,P20,,False,7,P20 LIN7-0C-b3 AG3
20241112_rep04,plate_metadata/20241112_rep04_metadata,4,G05,7,5,12,r07c05f12,MitoRed,20,LIN7-0C-b3,3,P19-21,P20,,False,7,P20 LIN7-0C-b3 AG3
20241112_rep04,plate_metadata/20241112_rep04_metadata,4,G05,7,5,13,r07c05f13,MitoRed,20,LIN7-0C-b3,3,P19-21,P20,,False,7,P20 LIN7-0C-b3 AG3
20241112_rep04,plate_metadata/20241112_rep04_metadata,4,G05,7,5,14,r07c05f14,MitoRed,20,LIN7-0C-b3,3,P19-21,P20,,False,7,P20 LIN7-0C-b3 AG3
20241112_rep04,plate_metadata/20241112_rep04_metadata,4,G05,7,5,15,r07c05f15,MitoRed,20,LIN7-0C-b3,3,P19-21,P20,,False,7,P20 LIN7-0C-b3 AG3
20241112_rep04,plate_metadata/20241112_rep04_metadata,4,G05,7,5,16,r07c05f16,MitoRed,20,LIN7-0C-b3,3,P19-21,P20,,False,7,P20 LIN7-0C-b3 AG3
20241112_rep04,plate_metadata/20241112_rep04_metadata,4,G05,7,5,17,r07c05f17,MitoRed,20,LIN7-0C-b3,3,P19-21,P20,,False,7,P20 LIN7-0C-b3 AG3
20241112_rep04,plate_metadata/20241112_rep04_metadata,4,G05,7,5,18,r07c05f18,MitoRed,20,LIN7-0C-b3,3,P19-21,P20,,False,7,P20 LIN7-0C-b3 AG3
20241112_rep04,plate_metadata/20241112_rep04_metadata,4,G05,7,5,19,r07c05f19,MitoRed,20,LIN7-0C-b3,3,P19-21,P20,,False,7,P20 LIN7-0C-b3 AG3
20241112_rep04,plate_metadata/20241112_rep04_metadata,4,G05,7,5,20,r07c05f20,MitoRed,20,LIN7-0C-b3,3,P19-21,P20,,False,7,P20 LIN7-0C-b3 AG3
20241112_rep04,plate_metadata/20241112_rep04_metadata,4,G05,7,5,21,r07c05f21,MitoRed,20,LIN7-0C-b3,3,P19-21,P20,,False,7,P20 LIN7-0C-b3 AG3
20241112_rep04,plate_metadata/20241112_rep04_metadata,4,G05,7,5,22,r07c05f22,MitoRed,20,LIN7-0C-b3,3,P19-21,P20,,False,7,P20 LIN7-0C-b3 AG3
20241112_rep04,plate_metadata/20241112_rep04_metadata,4,G05,7,5,23,r07c05f23,MitoRed,20,LIN7-0C-b3,3,P19-21,P20,,False,7,P20 LIN7-0C-b3 AG3
20241112_rep04,plate_metadata/20241112_rep04_metadata,4,G05,7,5,24,r07c05f24,MitoRed,20,LIN7-0C-b3,3,P19-21,P20,,False,7,P20 LIN7-0C-b3 AG3
20241112_rep04,plate_metadata/20241112_rep04_metadata,4,G05,7,5,25,r07c05f25,MitoRed,20,LIN7-0C-b3,3,P19-21,P20,,False,7,P20 LIN7-0C-b3 AG3
20241112_rep04,plate_metadata/20241112_rep04_metadata,4,G05,7,5,26,r07c05f26,MitoRed,20,LIN7-0C-b3,3,P19-21,P20,,False,7,P20 LIN7-0C-b3 AG3
20241112_rep04,plate_metadata/20241112_rep04_metadata,4,G05,7,5,27,r07c05f27,MitoRed,20,LIN7-0C-b3,3,P19-21,P20,,False,7,P20 LIN7-0C-b3 AG3
20241112_rep04,plate_metadata/20241112_rep04_metadata,4,G05,7,5,28,r07c05f28,MitoRed,20,LIN7-0C-b3,3,P19-21,P20,,False,7,P20 LIN7-0C-b3 AG3
20241112_rep04,plate_metadata/20241112_rep04_metadata,4,G05,7,5,29,r07c05f29,MitoRed,20,LIN7-0C-b3,3,P19-21,P20,,False,7,P20 LIN7-0C-b3 AG3
20241112_rep04,plate_metadata/20241112_rep04_metadata,4,G05,7,5,30,r07c05f30,MitoRed,20,LIN7-0C-b3,3,P19-21,P20,,False,7,P20 LIN7-0C-b3 AG3
20241112_rep04,plate_metadata/20241112_rep04_metadata,4,G05,7,5,31,r07c05f31,MitoRed,20,LIN7-0C-b3,3,P19-21,P20,,False,7,P20 LIN7-0C-b3 AG3
20241112_rep04,plate_metadata/20241112_rep04_metadata,4,G05,7,5,32,r07c05f32,MitoRed,20,LIN7-0C-b3,3,P19-21,P20,,False,7,P20 LIN7-0C-b3 AG3
20241112_rep04,plate_metadata/20241112_rep04_metadata,4,G05,7,5,33,r07c05f33,MitoRed,20,LIN7-0C-b3,3,P19-21,P20,,False,7,P20 LIN7-0C-b3 AG3
20241112_rep04,plate_metadata/20241112_rep04_metadata,4,G05,7,5,34,r07c05f34,MitoRed,20,LIN7-0C-b3,3,P19-21,P20,,False,7,P20 LIN7-0C-b3 AG3
20241112_rep04,plate_metadata/20241112_rep04_metadata,4,G05,7,5,35,r07c05f35,MitoRed,20,LIN7-0C-b3,3,P19-21,P20,,False,7,P20 LIN7-0C-b3 AG3
20241112_rep04,plate_metadata/20241112_rep04_metadata,4,G05,7,5,36,r07c05f36,MitoRed,20,LIN7-0C-b3,3,P19-21,P20,,False,7,P20 LIN7-0C-b3 AG3
20241112_rep04,plate_metadata/20241112_rep04_metadata,4,G05,7,5,37,r07c05f37,MitoRed,20,LIN7-0C-b3,3,P19-21,P20,,False,7,P20 LIN7-0C-b3 AG3
20241112_rep04,plate_metadata/20241112_rep04_metadata,4,G05,7,5,38,r07c05f38,MitoRed,20,LIN7-0C-b3,3,P19-21,P20,,False,7,P20 LIN7-0C-b3 AG3
20241112_rep04,plate_metadata/20241112_rep04_metadata,4,G05,7,5,39,r07c05f39,MitoRed,20,LIN7-0C-b3,3,P19-21,P20,,False,7,P20 LIN7-0C-b3 AG3
20241112_rep04,plate_metadata/20241112_rep04_metadata,4,G05,7,5,40,r07c05f40,MitoRed,20,LIN7-0C-b3,3,P19-21,P20,,False,7,P20 LIN7-0C-b3 AG3
20241112_rep04,plate_metadata/20241112_rep04_metadata,4,G06,7,6,1,r07c06f01,MitoRed,16,LIN8-0B-b2B-s1,2,P16-18,P16,,False,8,P16 LIN8-0B-b2B-s1 AG2
20241112_rep04,plate_metadata/20241112_rep04_metadata,4,G06,7,6,2,r07c06f02,MitoRed,16,LIN8-0B-b2B-s1,2,P16-18,P16,,False,8,P16 LIN8-0B-b2B-s1 AG2
20241112_rep04,plate_metadata/20241112_rep04_metadata,4,G06,7,6,3,r07c06f03,MitoRed,16,LIN8-0B-b2B-s1,2,P16-18,P16,,False,8,P16 LIN8-0B-b2B-s1 AG2
20241112_rep04,plate_metadata/20241112_rep04_metadata,4,G06,7,6,4,r07c06f04,MitoRed,16,LIN8-0B-b2B-s1,2,P16-18,P16,,False,8,P16 LIN8-0B-b2B-s1 AG2
20241112_rep04,plate_metadata/20241112_rep04_metadata,4,G06,7,6,5,r07c06f05,MitoRed,16,LIN8-0B-b2B-s1,2,P16-18,P16,,False,8,P16 LIN8-0B-b2B-s1 AG2
20241112_rep04,plate_metadata/20241112_rep04_metadata,4,G06,7,6,6,r07c06f06,MitoRed,16,LIN8-0B-b2B-s1,2,P16-18,P16,,False,8,P16 LIN8-0B-b2B-s1 AG2
20241112_rep04,plate_metadata/20241112_rep04_metadata,4,G06,7,6,7,r07c06f07,MitoRed,16,LIN8-0B-b2B-s1,2,P16-18,P16,,False,8,P16 LIN8-0B-b2B-s1 AG2
20241112_rep04,plate_metadata/20241112_rep04_metadata,4,G06,7,6,8,r07c06f08,MitoRed,16,LIN8-0B-b2B-s1,2,P16-18,P16,,False,8,P16 LIN8-0B-b2B-s1 AG2
20241112_rep04,plate_metadata/20241112_rep04_metadata,4,G06,7,6,9,r07c06f09,MitoRed,16,LIN8-0B-b2B-s1,2,P16-18,P16,,False,8,P16 LIN8-0B-b2B-s1 AG2
20241112_rep04,plate_metadata/20241112_rep04_metadata,4,G06,7,6,10,r07c06f10,MitoRed,16,LIN8-0B-b2B-s1,2,P16-18,P16,,False,8,P16 LIN8-0B-b2B-s1 AG2
20241112_rep04,plate_metadata/20241112_rep04_metadata,4,G06,7,6,11,r07c06f11,MitoRed,16,LIN8-0B-b2B-s1,2,P16-18,P16,,False,8,P16 LIN8-0B-b2B-s1 AG2
20241112_rep04,plate_metadata/20241112_rep04_metadata,4,G06,7,6,12,r07c06f12,MitoRed,16,LIN8-0B-b2B-s1,2,P16-18,P16,,False,8,P16 LIN8-0B-b2B-s1 AG2
20241112_rep04,plate_metadata/20241112_rep04_metadata,4,G06,7,6,13,r07c06f13,MitoRed,16,LIN8-0B-b2B-s1,2,P16-18,P16,,False,8,P16 LIN8-0B-b2B-s1 AG2
20241112_rep04,plate_metadata/20241112_rep04_metadata,4,G06,7,6,14,r07c06f14,MitoRed,16,LIN8-0B-b2B-s1,2,P16-18,P16,,False,8,P16 LIN8-0B-b2B-s1 AG2
20241112_rep04,plate_metadata/20241112_rep04_metadata,4,G06,7,6,15,r07c06f15,MitoRed,16,LIN8-0B-b2B-s1,2,P16-18,P16,,False,8,P16 LIN8-0B-b2B-s1 AG2
20241112_rep04,plate_metadata/20241112_rep04_metadata,4,G06,7,6,16,r07c06f16,MitoRed,16,LIN8-0B-b2B-s1,2,P16-18,P16,,False,8,P16 LIN8-0B-b2B-s1 AG2
20241112_rep04,plate_metadata/20241112_rep04_metadata,4,G06,7,6,17,r07c06f17,MitoRed,16,LIN8-0B-b2B-s1,2,P16-18,P16,,False,8,P16 LIN8-0B-b2B-s1 AG2
20241112_rep04,plate_metadata/20241112_rep04_metadata,4,G06,7,6,18,r07c06f18,MitoRed,16,LIN8-0B-b2B-s1,2,P16-18,P16,,False,8,P16 LIN8-0B-b2B-s1 AG2
20241112_rep04,plate_metadata/20241112_rep04_metadata,4,G06,7,6,19,r07c06f19,MitoRed,16,LIN8-0B-b2B-s1,2,P16-18,P16,,False,8,P16 LIN8-0B-b2B-s1 AG2
20241112_rep04,plate_metadata/20241112_rep04_metadata,4,G06,7,6,20,r07c06f20,MitoRed,16,LIN8-0B-b2B-s1,2,P16-18,P16,,False,8,P16 LIN8-0B-b2B-s1 AG2
20241112_rep04,plate_metadata/20241112_rep04_metadata,4,G06,7,6,21,r07c06f21,MitoRed,16,LIN8-0B-b2B-s1,2,P16-18,P16,,False,8,P16 LIN8-0B-b2B-s1 AG2
20241112_rep04,plate_metadata/20241112_rep04_metadata,4,G06,7,6,22,r07c06f22,MitoRed,16,LIN8-0B-b2B-s1,2,P16-18,P16,,False,8,P16 LIN8-0B-b2B-s1 AG2
20241112_rep04,plate_metadata/20241112_rep04_metadata,4,G06,7,6,23,r07c06f23,MitoRed,16,LIN8-0B-b2B-s1,2,P16-18,P16,,False,8,P16 LIN8-0B-b2B-s1 AG2
20241112_rep04,plate_metadata/20241112_rep04_metadata,4,G06,7,6,24,r07c06f24,MitoRed,16,LIN8-0B-b2B-s1,2,P16-18,P16,,False,8,P16 LIN8-0B-b2B-s1 AG2
20241112_rep04,plate_metadata/20241112_rep04_metadata,4,G06,7,6,25,r07c06f25,MitoRed,16,LIN8-0B-b2B-s1,2,P16-18,P16,,False,8,P16 LIN8-0B-b2B-s1 AG2
20241112_rep04,plate_metadata/20241112_rep04_metadata,4,G06,7,6,26,r07c06f26,MitoRed,16,LIN8-0B-b2B-s1,2,P16-18,P16,,False,8,P16 LIN8-0B-b2B-s1 AG2
20241112_rep04,plate_metadata/20241112_rep04_metadata,4,G06,7,6,27,r07c06f27,MitoRed,16,LIN8-0B-b2B-s1,2,P16-18,P16,,False,8,P16 LIN8-0B-b2B-s1 AG2
20241112_rep04,plate_metadata/20241112_rep04_metadata,4,G06,7,6,28,r07c06f28,MitoRed,16,LIN8-0B-b2B-s1,2,P16-18,P16,,False,8,P16 LIN8-0B-b2B-s1 AG2
20241112_rep04,plate_metadata/20241112_rep04_metadata,4,G06,7,6,29,r07c06f29,MitoRed,16,LIN8-0B-b2B-s1,2,P16-18,P16,,False,8,P16 LIN8-0B-b2B-s1 AG2
20241112_rep04,plate_metadata/20241112_rep04_metadata,4,G06,7,6,30,r07c06f30,MitoRed,16,LIN8-0B-b2B-s1,2,P16-18,P16,,False,8,P16 LIN8-0B-b2B-s1 AG2
20241112_rep04,plate_metadata/20241112_rep04_metadata,4,G06,7,6,31,r07c06f31,MitoRed,16,LIN8-0B-b2B-s1,2,P16-18,P16,,False,8,P16 LIN8-0B-b2B-s1 AG2
20241112_rep04,plate_metadata/20241112_rep04_metadata,4,G06,7,6,32,r07c06f32,MitoRed,16,LIN8-0B-b2B-s1,2,P16-18,P16,,False,8,P16 LIN8-0B-b2B-s1 AG2
20241112_rep04,plate_metadata/20241112_rep04_metadata,4,G06,7,6,33,r07c06f33,MitoRed,16,LIN8-0B-b2B-s1,2,P16-18,P16,,False,8,P16 LIN8-0B-b2B-s1 AG2
20241112_rep04,plate_metadata/20241112_rep04_metadata,4,G06,7,6,34,r07c06f34,MitoRed,16,LIN8-0B-b2B-s1,2,P16-18,P16,,False,8,P16 LIN8-0B-b2B-s1 AG2
20241112_rep04,plate_metadata/20241112_rep04_metadata,4,G06,7,6,35,r07c06f35,MitoRed,16,LIN8-0B-b2B-s1,2,P16-18,P16,,False,8,P16 LIN8-0B-b2B-s1 AG2
20241112_rep04,plate_metadata/20241112_rep04_metadata,4,G06,7,6,36,r07c06f36,MitoRed,16,LIN8-0B-b2B-s1,2,P16-18,P16,,False,8,P16 LIN8-0B-b2B-s1 AG2
20241112_rep04,plate_metadata/20241112_rep04_metadata,4,G06,7,6,37,r07c06f37,MitoRed,16,LIN8-0B-b2B-s1,2,P16-18,P16,,False,8,P16 LIN8-0B-b2B-s1 AG2
20241112_rep04,plate_metadata/20241112_rep04_metadata,4,G06,7,6,38,r07c06f38,MitoRed,16,LIN8-0B-b2B-s1,2,P16-18,P16,,False,8,P16 LIN8-0B-b2B-s1 AG2
20241112_rep04,plate_metadata/20241112_rep04_metadata,4,G06,7,6,39,r07c06f39,MitoRed,16,LIN8-0B-b2B-s1,2,P16-18,P16,,False,8,P16 LIN8-0B-b2B-s1 AG2
20241112_rep04,plate_metadata/20241112_rep04_metadata,4,G06,7,6,40,r07c06f40,MitoRed,16,LIN8-0B-b2B-s1,2,P16-18,P16,,False,8,P16 LIN8-0B-b2B-s1 AG2
20241112_rep04,plate_metadata/20241112_rep04_metadata,4,G07,7,7,1,r07c07f01,MitoRed,15,LIN9-0C-b2-s1,1,P13-15,P15,,False,9,P15 LIN9-0C-b2-s1 AG1
20241112_rep04,plate_metadata/20241112_rep04_metadata,4,G07,7,7,2,r07c07f02,MitoRed,15,LIN9-0C-b2-s1,1,P13-15,P15,,False,9,P15 LIN9-0C-b2-s1 AG1
20241112_rep04,plate_metadata/20241112_rep04_metadata,4,G07,7,7,3,r07c07f03,MitoRed,15,LIN9-0C-b2-s1,1,P13-15,P15,,False,9,P15 LIN9-0C-b2-s1 AG1
20241112_rep04,plate_metadata/20241112_rep04_metadata,4,G07,7,7,4,r07c07f04,MitoRed,15,LIN9-0C-b2-s1,1,P13-15,P15,,False,9,P15 LIN9-0C-b2-s1 AG1
20241112_rep04,plate_metadata/20241112_rep04_metadata,4,G07,7,7,5,r07c07f05,MitoRed,15,LIN9-0C-b2-s1,1,P13-15,P15,,False,9,P15 LIN9-0C-b2-s1 AG1
20241112_rep04,plate_metadata/20241112_rep04_metadata,4,G07,7,7,6,r07c07f06,MitoRed,15,LIN9-0C-b2-s1,1,P13-15,P15,,False,9,P15 LIN9-0C-b2-s1 AG1
20241112_rep04,plate_metadata/20241112_rep04_metadata,4,G07,7,7,7,r07c07f07,MitoRed,15,LIN9-0C-b2-s1,1,P13-15,P15,,False,9,P15 LIN9-0C-b2-s1 AG1
20241112_rep04,plate_metadata/20241112_rep04_metadata,4,G07,7,7,8,r07c07f08,MitoRed,15,LIN9-0C-b2-s1,1,P13-15,P15,,False,9,P15 LIN9-0C-b2-s1 AG1
20241112_rep04,plate_metadata/20241112_rep04_metadata,4,G07,7,7,9,r07c07f09,MitoRed,15,LIN9-0C-b2-s1,1,P13-15,P15,,False,9,P15 LIN9-0C-b2-s1 AG1
20241112_rep04,plate_metadata/20241112_rep04_metadata,4,G07,7,7,10,r07c07f10,MitoRed,15,LIN9-0C-b2-s1,1,P13-15,P15,,False,9,P15 LIN9-0C-b2-s1 AG1
20241112_rep04,plate_metadata/20241112_rep04_metadata,4,G07,7,7,11,r07c07f11,MitoRed,15,LIN9-0C-b2-s1,1,P13-15,P15,,False,9,P15 LIN9-0C-b2-s1 AG1
20241112_rep04,plate_metadata/20241112_rep04_metadata,4,G07,7,7,12,r07c07f12,MitoRed,15,LIN9-0C-b2-s1,1,P13-15,P15,,False,9,P15 LIN9-0C-b2-s1 AG1
20241112_rep04,plate_metadata/20241112_rep04_metadata,4,G07,7,7,13,r07c07f13,MitoRed,15,LIN9-0C-b2-s1,1,P13-15,P15,,False,9,P15 LIN9-0C-b2-s1 AG1
20241112_rep04,plate_metadata/20241112_rep04_metadata,4,G07,7,7,14,r07c07f14,MitoRed,15,LIN9-0C-b2-s1,1,P13-15,P15,,False,9,P15 LIN9-0C-b2-s1 AG1
20241112_rep04,plate_metadata/20241112_rep04_metadata,4,G07,7,7,15,r07c07f15,MitoRed,15,LIN9-0C-b2-s1,1,P13-15,P15,,False,9,P15 LIN9-0C-b2-s1 AG1
20241112_rep04,plate_metadata/20241112_rep04_metadata,4,G07,7,7,16,r07c07f16,MitoRed,15,LIN9-0C-b2-s1,1,P13-15,P15,,False,9,P15 LIN9-0C-b2-s1 AG1
20241112_rep04,plate_metadata/20241112_rep04_metadata,4,G07,7,7,17,r07c07f17,MitoRed,15,LIN9-0C-b2-s1,1,P13-15,P15,,False,9,P15 LIN9-0C-b2-s1 AG1
20241112_rep04,plate_metadata/20241112_rep04_metadata,4,G07,7,7,18,r07c07f18,MitoRed,15,LIN9-0C-b2-s1,1,P13-15,P15,,False,9,P15 LIN9-0C-b2-s1 AG1
20241112_rep04,plate_metadata/20241112_rep04_metadata,4,G07,7,7,19,r07c07f19,MitoRed,15,LIN9-0C-b2-s1,1,P13-15,P15,,False,9,P15 LIN9-0C-b2-s1 AG1
20241112_rep04,plate_metadata/20241112_rep04_metadata,4,G07,7,7,20,r07c07f20,MitoRed,15,LIN9-0C-b2-s1,1,P13-15,P15,,False,9,P15 LIN9-0C-b2-s1 AG1
20241112_rep04,plate_metadata/20241112_rep04_metadata,4,G07,7,7,21,r07c07f21,MitoRed,15,LIN9-0C-b2-s1,1,P13-15,P15,,False,9,P15 LIN9-0C-b2-s1 AG1
20241112_rep04,plate_metadata/20241112_rep04_metadata,4,G07,7,7,22,r07c07f22,MitoRed,15,LIN9-0C-b2-s1,1,P13-15,P15,,False,9,P15 LIN9-0C-b2-s1 AG1
20241112_rep04,plate_metadata/20241112_rep04_metadata,4,G07,7,7,23,r07c07f23,MitoRed,15,LIN9-0C-b2-s1,1,P13-15,P15,,False,9,P15 LIN9-0C-b2-s1 AG1
20241112_rep04,plate_metadata/20241112_rep04_metadata,4,G07,7,7,24,r07c07f24,MitoRed,15,LIN9-0C-b2-s1,1,P13-15,P15,,False,9,P15 LIN9-0C-b2-s1 AG1
20241112_rep04,plate_metadata/20241112_rep04_metadata,4,G07,7,7,25,r07c07f25,MitoRed,15,LIN9-0C-b2-s1,1,P13-15,P15,,False,9,P15 LIN9-0C-b2-s1 AG1
20241112_rep04,plate_metadata/20241112_rep04_metadata,4,G07,7,7,26,r07c07f26,MitoRed,15,LIN9-0C-b2-s1,1,P13-15,P15,,False,9,P15 LIN9-0C-b2-s1 AG1
20241112_rep04,plate_metadata/20241112_rep04_metadata,4,G07,7,7,27,r07c07f27,MitoRed,15,LIN9-0C-b2-s1,1,P13-15,P15,,False,9,P15 LIN9-0C-b2-s1 AG1
20241112_rep04,plate_metadata/20241112_rep04_metadata,4,G07,7,7,28,r07c07f28,MitoRed,15,LIN9-0C-b2-s1,1,P13-15,P15,,False,9,P15 LIN9-0C-b2-s1 AG1
20241112_rep04,plate_metadata/20241112_rep04_metadata,4,G07,7,7,29,r07c07f29,MitoRed,15,LIN9-0C-b2-s1,1,P13-15,P15,,False,9,P15 LIN9-0C-b2-s1 AG1
20241112_rep04,plate_metadata/20241112_rep04_metadata,4,G07,7,7,30,r07c07f30,MitoRed,15,LIN9-0C-b2-s1,1,P13-15,P15,,False,9,P15 LIN9-0C-b2-s1 AG1
20241112_rep04,plate_metadata/20241112_rep04_metadata,4,G07,7,7,31,r07c07f31,MitoRed,15,LIN9-0C-b2-s1,1,P13-15,P15,,False,9,P15 LIN9-0C-b2-s1 AG1
20241112_rep04,plate_metadata/20241112_rep04_metadata,4,G07,7,7,32,r07c07f32,MitoRed,15,LIN9-0C-b2-s1,1,P13-15,P15,,False,9,P15 LIN9-0C-b2-s1 AG1
20241112_rep04,plate_metadata/20241112_rep04_metadata,4,G07,7,7,33,r07c07f33,MitoRed,15,LIN9-0C-b2-s1,1,P13-15,P15,,False,9,P15 LIN9-0C-b2-s1 AG1
20241112_rep04,plate_metadata/20241112_rep04_metadata,4,G07,7,7,34,r07c07f34,MitoRed,15,LIN9-0C-b2-s1,1,P13-15,P15,,False,9,P15 LIN9-0C-b2-s1 AG1
20241112_rep04,plate_metadata/20241112_rep04_metadata,4,G07,7,7,35,r07c07f35,MitoRed,15,LIN9-0C-b2-s1,1,P13-15,P15,,False,9,P15 LIN9-0C-b2-s1 AG1
20241112_rep04,plate_metadata/20241112_rep04_metadata,4,G07,7,7,36,r07c07f36,MitoRed,15,LIN9-0C-b2-s1,1,P13-15,P15,,False,9,P15 LIN9-0C-b2-s1 AG1
20241112_rep04,plate_metadata/20241112_rep04_metadata,4,G07,7,7,37,r07c07f37,MitoRed,15,LIN9-0C-b2-s1,1,P13-15,P15,,False,9,P15 LIN9-0C-b2-s1 AG1
20241112_rep04,plate_metadata/20241112_rep04_metadata,4,G07,7,7,38,r07c07f38,MitoRed,15,LIN9-0C-b2-s1,1,P13-15,P15,,False,9,P15 LIN9-0C-b2-s1 AG1
20241112_rep04,plate_metadata/20241112_rep04_metadata,4,G07,7,7,39,r07c07f39,MitoRed,15,LIN9-0C-b2-s1,1,P13-15,P15,,False,9,P15 LIN9-0C-b2-s1 AG1
20241112_rep04,plate_metadata/20241112_rep04_metadata,4,G07,7,7,40,r07c07f40,MitoRed,15,LIN9-0C-b2-s1,1,P13-15,P15,,False,9,P15 LIN9-0C-b2-s1 AG1
20241112_rep04,plate_metadata/20241112_rep04_metadata,4,G08,7,8,1,r07c08f01,MitoRed,11,LIN10-0C-b4,0,P6-12,P11,,False,10,P11 LIN10-0C-b4 AG0
20241112_rep04,plate_metadata/20241112_rep04_metadata,4,G08,7,8,2,r07c08f02,MitoRed,11,LIN10-0C-b4,0,P6-12,P11,,False,10,P11 LIN10-0C-b4 AG0
20241112_rep04,plate_metadata/20241112_rep04_metadata,4,G08,7,8,3,r07c08f03,MitoRed,11,LIN10-0C-b4,0,P6-12,P11,,False,10,P11 LIN10-0C-b4 AG0
20241112_rep04,plate_metadata/20241112_rep04_metadata,4,G08,7,8,4,r07c08f04,MitoRed,11,LIN10-0C-b4,0,P6-12,P11,,False,10,P11 LIN10-0C-b4 AG0
20241112_rep04,plate_metadata/20241112_rep04_metadata,4,G08,7,8,5,r07c08f05,MitoRed,11,LIN10-0C-b4,0,P6-12,P11,,False,10,P11 LIN10-0C-b4 AG0
20241112_rep04,plate_metadata/20241112_rep04_metadata,4,G08,7,8,6,r07c08f06,MitoRed,11,LIN10-0C-b4,0,P6-12,P11,,False,10,P11 LIN10-0C-b4 AG0
20241112_rep04,plate_metadata/20241112_rep04_metadata,4,G08,7,8,7,r07c08f07,MitoRed,11,LIN10-0C-b4,0,P6-12,P11,,False,10,P11 LIN10-0C-b4 AG0
20241112_rep04,plate_metadata/20241112_rep04_metadata,4,G08,7,8,8,r07c08f08,MitoRed,11,LIN10-0C-b4,0,P6-12,P11,,False,10,P11 LIN10-0C-b4 AG0
20241112_rep04,plate_metadata/20241112_rep04_metadata,4,G08,7,8,9,r07c08f09,MitoRed,11,LIN10-0C-b4,0,P6-12,P11,,False,10,P11 LIN10-0C-b4 AG0
20241112_rep04,plate_metadata/20241112_rep04_metadata,4,G08,7,8,10,r07c08f10,MitoRed,11,LIN10-0C-b4,0,P6-12,P11,,False,10,P11 LIN10-0C-b4 AG0
20241112_rep04,plate_metadata/20241112_rep04_metadata,4,G08,7,8,11,r07c08f11,MitoRed,11,LIN10-0C-b4,0,P6-12,P11,,False,10,P11 LIN10-0C-b4 AG0
20241112_rep04,plate_metadata/20241112_rep04_metadata,4,G08,7,8,12,r07c08f12,MitoRed,11,LIN10-0C-b4,0,P6-12,P11,,False,10,P11 LIN10-0C-b4 AG0
20241112_rep04,plate_metadata/20241112_rep04_metadata,4,G08,7,8,13,r07c08f13,MitoRed,11,LIN10-0C-b4,0,P6-12,P11,,False,10,P11 LIN10-0C-b4 AG0
20241112_rep04,plate_metadata/20241112_rep04_metadata,4,G08,7,8,14,r07c08f14,MitoRed,11,LIN10-0C-b4,0,P6-12,P11,,False,10,P11 LIN10-0C-b4 AG0
20241112_rep04,plate_metadata/20241112_rep04_metadata,4,G08,7,8,15,r07c08f15,MitoRed,11,LIN10-0C-b4,0,P6-12,P11,,False,10,P11 LIN10-0C-b4 AG0
20241112_rep04,plate_metadata/20241112_rep04_metadata,4,G08,7,8,16,r07c08f16,MitoRed,11,LIN10-0C-b4,0,P6-12,P11,,False,10,P11 LIN10-0C-b4 AG0
20241112_rep04,plate_metadata/20241112_rep04_metadata,4,G08,7,8,17,r07c08f17,MitoRed,11,LIN10-0C-b4,0,P6-12,P11,,False,10,P11 LIN10-0C-b4 AG0
20241112_rep04,plate_metadata/20241112_rep04_metadata,4,G08,7,8,18,r07c08f18,MitoRed,11,LIN10-0C-b4,0,P6-12,P11,,False,10,P11 LIN10-0C-b4 AG0
20241112_rep04,plate_metadata/20241112_rep04_metadata,4,G08,7,8,19,r07c08f19,MitoRed,11,LIN10-0C-b4,0,P6-12,P11,,False,10,P11 LIN10-0C-b4 AG0
20241112_rep04,plate_metadata/20241112_rep04_metadata,4,G08,7,8,20,r07c08f20,MitoRed,11,LIN10-0C-b4,0,P6-12,P11,,False,10,P11 LIN10-0C-b4 AG0
20241112_rep04,plate_metadata/20241112_rep04_metadata,4,G08,7,8,21,r07c08f21,MitoRed,11,LIN10-0C-b4,0,P6-12,P11,,False,10,P11 LIN10-0C-b4 AG0
20241112_rep04,plate_metadata/20241112_rep04_metadata,4,G08,7,8,22,r07c08f22,MitoRed,11,LIN10-0C-b4,0,P6-12,P11,,False,10,P11 LIN10-0C-b4 AG0
20241112_rep04,plate_metadata/20241112_rep04_metadata,4,G08,7,8,23,r07c08f23,MitoRed,11,LIN10-0C-b4,0,P6-12,P11,,False,10,P11 LIN10-0C-b4 AG0
20241112_rep04,plate_metadata/20241112_rep04_metadata,4,G08,7,8,24,r07c08f24,MitoRed,11,LIN10-0C-b4,0,P6-12,P11,,False,10,P11 LIN10-0C-b4 AG0
20241112_rep04,plate_metadata/20241112_rep04_metadata,4,G08,7,8,25,r07c08f25,MitoRed,11,LIN10-0C-b4,0,P6-12,P11,,False,10,P11 LIN10-0C-b4 AG0
20241112_rep04,plate_metadata/20241112_rep04_metadata,4,G08,7,8,26,r07c08f26,MitoRed,11,LIN10-0C-b4,0,P6-12,P11,,False,10,P11 LIN10-0C-b4 AG0
20241112_rep04,plate_metadata/20241112_rep04_metadata,4,G08,7,8,27,r07c08f27,MitoRed,11,LIN10-0C-b4,0,P6-12,P11,,False,10,P11 LIN10-0C-b4 AG0
20241112_rep04,plate_metadata/20241112_rep04_metadata,4,G08,7,8,28,r07c08f28,MitoRed,11,LIN10-0C-b4,0,P6-12,P11,,False,10,P11 LIN10-0C-b4 AG0
20241112_rep04,plate_metadata/20241112_rep04_metadata,4,G08,7,8,29,r07c08f29,MitoRed,11,LIN10-0C-b4,0,P6-12,P11,,False,10,P11 LIN10-0C-b4 AG0
20241112_rep04,plate_metadata/20241112_rep04_metadata,4,G08,7,8,30,r07c08f30,MitoRed,11,LIN10-0C-b4,0,P6-12,P11,,False,10,P11 LIN10-0C-b4 AG0
20241112_rep04,plate_metadata/20241112_rep04_metadata,4,G08,7,8,31,r07c08f31,MitoRed,11,LIN10-0C-b4,0,P6-12,P11,,False,10,P11 LIN10-0C-b4 AG0
20241112_rep04,plate_metadata/20241112_rep04_metadata,4,G08,7,8,32,r07c08f32,MitoRed,11,LIN10-0C-b4,0,P6-12,P11,,False,10,P11 LIN10-0C-b4 AG0
20241112_rep04,plate_metadata/20241112_rep04_metadata,4,G08,7,8,33,r07c08f33,MitoRed,11,LIN10-0C-b4,0,P6-12,P11,,False,10,P11 LIN10-0C-b4 AG0
20241112_rep04,plate_metadata/20241112_rep04_metadata,4,G08,7,8,34,r07c08f34,MitoRed,11,LIN10-0C-b4,0,P6-12,P11,,False,10,P11 LIN10-0C-b4 AG0
20241112_rep04,plate_metadata/20241112_rep04_metadata,4,G08,7,8,35,r07c08f35,MitoRed,11,LIN10-0C-b4,0,P6-12,P11,,False,10,P11 LIN10-0C-b4 AG0
20241112_rep04,plate_metadata/20241112_rep04_metadata,4,G08,7,8,36,r07c08f36,MitoRed,11,LIN10-0C-b4,0,P6-12,P11,,False,10,P11 LIN10-0C-b4 AG0
20241112_rep04,plate_metadata/20241112_rep04_metadata,4,G08,7,8,37,r07c08f37,MitoRed,11,LIN10-0C-b4,0,P6-12,P11,,False,10,P11 LIN10-0C-b4 AG0
20241112_rep04,plate_metadata/20241112_rep04_metadata,4,G08,7,8,38,r07c08f38,MitoRed,11,LIN10-0C-b4,0,P6-12,P11,,False,10,P11 LIN10-0C-b4 AG0
20241112_rep04,plate_metadata/20241112_rep04_metadata,4,G08,7,8,39,r07c08f39,MitoRed,11,LIN10-0C-b4,0,P6-12,P11,,False,10,P11 LIN10-0C-b4 AG0
20241112_rep04,plate_metadata/20241112_rep04_metadata,4,G08,7,8,40,r07c08f40,MitoRed,11,LIN10-0C-b4,0,P6-12,P11,,False,10,P11 LIN10-0C-b4 AG0
20241112_rep04,plate_metadata/20241112_rep04_metadata,4,G10,7,10,1,r07c10f01,,15,LIN9-0C-b2-s1,1,P13-15,P15,,False,9,P15 LIN9-0C-b2-s1 AG1
20241112_rep04,plate_metadata/20241112_rep04_metadata,4,G10,7,10,2,r07c10f02,,15,LIN9-0C-b2-s1,1,P13-15,P15,,False,9,P15 LIN9-0C-b2-s1 AG1
20241112_rep04,plate_metadata/20241112_rep04_metadata,4,G10,7,10,3,r07c10f03,,15,LIN9-0C-b2-s1,1,P13-15,P15,,False,9,P15 LIN9-0C-b2-s1 AG1
20241112_rep04,plate_metadata/20241112_rep04_metadata,4,G10,7,10,4,r07c10f04,,15,LIN9-0C-b2-s1,1,P13-15,P15,,False,9,P15 LIN9-0C-b2-s1 AG1
20241112_rep04,plate_metadata/20241112_rep04_metadata,4,G10,7,10,5,r07c10f05,,15,LIN9-0C-b2-s1,1,P13-15,P15,,False,9,P15 LIN9-0C-b2-s1 AG1
20241112_rep04,plate_metadata/20241112_rep04_metadata,4,G10,7,10,6,r07c10f06,,15,LIN9-0C-b2-s1,1,P13-15,P15,,False,9,P15 LIN9-0C-b2-s1 AG1
20241112_rep04,plate_metadata/20241112_rep04_metadata,4,G10,7,10,7,r07c10f07,,15,LIN9-0C-b2-s1,1,P13-15,P15,,False,9,P15 LIN9-0C-b2-s1 AG1
20241112_rep04,plate_metadata/20241112_rep04_metadata,4,G10,7,10,8,r07c10f08,,15,LIN9-0C-b2-s1,1,P13-15,P15,,False,9,P15 LIN9-0C-b2-s1 AG1
20241112_rep04,plate_metadata/20241112_rep04_metadata,4,G10,7,10,9,r07c10f09,,15,LIN9-0C-b2-s1,1,P13-15,P15,,False,9,P15 LIN9-0C-b2-s1 AG1
20241112_rep04,plate_metadata/20241112_rep04_metadata,4,G10,7,10,10,r07c10f10,,15,LIN9-0C-b2-s1,1,P13-15,P15,,False,9,P15 LIN9-0C-b2-s1 AG1
20241112_rep04,plate_metadata/20241112_rep04_metadata,4,G10,7,10,11,r07c10f11,,15,LIN9-0C-b2-s1,1,P13-15,P15,,False,9,P15 LIN9-0C-b2-s1 AG1
20241112_rep04,plate_metadata/20241112_rep04_metadata,4,G10,7,10,12,r07c10f12,,15,LIN9-0C-b2-s1,1,P13-15,P15,,False,9,P15 LIN9-0C-b2-s1 AG1
20241112_rep04,plate_metadata/20241112_rep04_metadata,4,G10,7,10,13,r07c10f13,,15,LIN9-0C-b2-s1,1,P13-15,P15,,False,9,P15 LIN9-0C-b2-s1 AG1
20241112_rep04,plate_metadata/20241112_rep04_metadata,4,G10,7,10,14,r07c10f14,,15,LIN9-0C-b2-s1,1,P13-15,P15,,False,9,P15 LIN9-0C-b2-s1 AG1
20241112_rep04,plate_metadata/20241112_rep04_metadata,4,G10,7,10,15,r07c10f15,,15,LIN9-0C-b2-s1,1,P13-15,P15,,False,9,P15 LIN9-0C-b2-s1 AG1
20241112_rep04,plate_metadata/20241112_rep04_metadata,4,G10,7,10,16,r07c10f16,,15,LIN9-0C-b2-s1,1,P13-15,P15,,False,9,P15 LIN9-0C-b2-s1 AG1
20241112_rep04,plate_metadata/20241112_rep04_metadata,4,G10,7,10,17,r07c10f17,,15,LIN9-0C-b2-s1,1,P13-15,P15,,False,9,P15 LIN9-0C-b2-s1 AG1
20241112_rep04,plate_metadata/20241112_rep04_metadata,4,G10,7,10,18,r07c10f18,,15,LIN9-0C-b2-s1,1,P13-15,P15,,False,9,P15 LIN9-0C-b2-s1 AG1
20241112_rep04,plate_metadata/20241112_rep04_metadata,4,G10,7,10,19,r07c10f19,,15,LIN9-0C-b2-s1,1,P13-15,P15,,False,9,P15 LIN9-0C-b2-s1 AG1
20241112_rep04,plate_metadata/20241112_rep04_metadata,4,G10,7,10,20,r07c10f20,,15,LIN9-0C-b2-s1,1,P13-15,P15,,False,9,P15 LIN9-0C-b2-s1 AG1
20241112_rep04,plate_metadata/20241112_rep04_metadata,4,G10,7,10,21,r07c10f21,,15,LIN9-0C-b2-s1,1,P13-15,P15,,False,9,P15 LIN9-0C-b2-s1 AG1
20241112_rep04,plate_metadata/20241112_rep04_metadata,4,G10,7,10,22,r07c10f22,,15,LIN9-0C-b2-s1,1,P13-15,P15,,False,9,P15 LIN9-0C-b2-s1 AG1
20241112_rep04,plate_metadata/20241112_rep04_metadata,4,G10,7,10,23,r07c10f23,,15,LIN9-0C-b2-s1,1,P13-15,P15,,False,9,P15 LIN9-0C-b2-s1 AG1
20241112_rep04,plate_metadata/20241112_rep04_metadata,4,G10,7,10,24,r07c10f24,,15,LIN9-0C-b2-s1,1,P13-15,P15,,False,9,P15 LIN9-0C-b2-s1 AG1
20241112_rep04,plate_metadata/20241112_rep04_metadata,4,G10,7,10,25,r07c10f25,,15,LIN9-0C-b2-s1,1,P13-15,P15,,False,9,P15 LIN9-0C-b2-s1 AG1
20241112_rep04,plate_metadata/20241112_rep04_metadata,4,G10,7,10,26,r07c10f26,,15,LIN9-0C-b2-s1,1,P13-15,P15,,False,9,P15 LIN9-0C-b2-s1 AG1
20241112_rep04,plate_metadata/20241112_rep04_metadata,4,G10,7,10,27,r07c10f27,,15,LIN9-0C-b2-s1,1,P13-15,P15,,False,9,P15 LIN9-0C-b2-s1 AG1
20241112_rep04,plate_metadata/20241112_rep04_metadata,4,G10,7,10,28,r07c10f28,,15,LIN9-0C-b2-s1,1,P13-15,P15,,False,9,P15 LIN9-0C-b2-s1 AG1
20241112_rep04,plate_metadata/20241112_rep04_metadata,4,G10,7,10,29,r07c10f29,,15,LIN9-0C-b2-s1,1,P13-15,P15,,False,9,P15 LIN9-0C-b2-s1 AG1
20241112_rep04,plate_metadata/20241112_rep04_metadata,4,G10,7,10,30,r07c10f30,,15,LIN9-0C-b2-s1,1,P13-15,P15,,False,9,P15 LIN9-0C-b2-s1 AG1
20241112_rep04,plate_metadata/20241112_rep04_metadata,4,G10,7,10,31,r07c10f31,,15,LIN9-0C-b2-s1,1,P13-15,P15,,False,9,P15 LIN9-0C-b2-s1 AG1
20241112_rep04,plate_metadata/20241112_rep04_metadata,4,G10,7,10,32,r07c10f32,,15,LIN9-0C-b2-s1,1,P13-15,P15,,False,9,P15 LIN9-0C-b2-s1 AG1
20241112_rep04,plate_metadata/20241112_rep04_metadata,4,G10,7,10,33,r07c10f33,,15,LIN9-0C-b2-s1,1,P13-15,P15,,False,9,P15 LIN9-0C-b2-s1 AG1
20241112_rep04,plate_metadata/20241112_rep04_metadata,4,G10,7,10,34,r07c10f34,,15,LIN9-0C-b2-s1,1,P13-15,P15,,False,9,P15 LIN9-0C-b2-s1 AG1
20241112_rep04,plate_metadata/20241112_rep04_metadata,4,G10,7,10,35,r07c10f35,,15,LIN9-0C-b2-s1,1,P13-15,P15,,False,9,P15 LIN9-0C-b2-s1 AG1
20241112_rep04,plate_metadata/20241112_rep04_metadata,4,G10,7,10,36,r07c10f36,,15,LIN9-0C-b2-s1,1,P13-15,P15,,False,9,P15 LIN9-0C-b2-s1 AG1
20241112_rep04,plate_metadata/20241112_rep04_metadata,4,G10,7,10,37,r07c10f37,,15,LIN9-0C-b2-s1,1,P13-15,P15,,False,9,P15 LIN9-0C-b2-s1 AG1
20241112_rep04,plate_metadata/20241112_rep04_metadata,4,G10,7,10,38,r07c10f38,,15,LIN9-0C-b2-s1,1,P13-15,P15,,False,9,P15 LIN9-0C-b2-s1 AG1
20241112_rep04,plate_metadata/20241112_rep04_metadata,4,G10,7,10,39,r07c10f39,,15,LIN9-0C-b2-s1,1,P13-15,P15,,False,9,P15 LIN9-0C-b2-s1 AG1
20241112_rep04,plate_metadata/20241112_rep04_metadata,4,G10,7,10,40,r07c10f40,,15,LIN9-0C-b2-s1,1,P13-15,P15,,False,9,P15 LIN9-0C-b2-s1 AG1
20241112_rep04,plate_metadata/20241112_rep04_metadata,4,G11,7,11,1,r07c11f01,,27,LIN3-0A-b2-s1,6,P25-27,P27,,False,3,P27 LIN3-0A-b2-s1 AG6
20241112_rep04,plate_metadata/20241112_rep04_metadata,4,G11,7,11,2,r07c11f02,,27,LIN3-0A-b2-s1,6,P25-27,P27,,False,3,P27 LIN3-0A-b2-s1 AG6
20241112_rep04,plate_metadata/20241112_rep04_metadata,4,G11,7,11,3,r07c11f03,,27,LIN3-0A-b2-s1,6,P25-27,P27,,False,3,P27 LIN3-0A-b2-s1 AG6
20241112_rep04,plate_metadata/20241112_rep04_metadata,4,G11,7,11,4,r07c11f04,,27,LIN3-0A-b2-s1,6,P25-27,P27,,False,3,P27 LIN3-0A-b2-s1 AG6
20241112_rep04,plate_metadata/20241112_rep04_metadata,4,G11,7,11,5,r07c11f05,,27,LIN3-0A-b2-s1,6,P25-27,P27,,False,3,P27 LIN3-0A-b2-s1 AG6
20241112_rep04,plate_metadata/20241112_rep04_metadata,4,G11,7,11,6,r07c11f06,,27,LIN3-0A-b2-s1,6,P25-27,P27,,False,3,P27 LIN3-0A-b2-s1 AG6
20241112_rep04,plate_metadata/20241112_rep04_metadata,4,G11,7,11,7,r07c11f07,,27,LIN3-0A-b2-s1,6,P25-27,P27,,False,3,P27 LIN3-0A-b2-s1 AG6
20241112_rep04,plate_metadata/20241112_rep04_metadata,4,G11,7,11,8,r07c11f08,,27,LIN3-0A-b2-s1,6,P25-27,P27,,False,3,P27 LIN3-0A-b2-s1 AG6
20241112_rep04,plate_metadata/20241112_rep04_metadata,4,G11,7,11,9,r07c11f09,,27,LIN3-0A-b2-s1,6,P25-27,P27,,False,3,P27 LIN3-0A-b2-s1 AG6
20241112_rep04,plate_metadata/20241112_rep04_metadata,4,G11,7,11,10,r07c11f10,,27,LIN3-0A-b2-s1,6,P25-27,P27,,False,3,P27 LIN3-0A-b2-s1 AG6
20241112_rep04,plate_metadata/20241112_rep04_metadata,4,G11,7,11,11,r07c11f11,,27,LIN3-0A-b2-s1,6,P25-27,P27,,False,3,P27 LIN3-0A-b2-s1 AG6
20241112_rep04,plate_metadata/20241112_rep04_metadata,4,G11,7,11,12,r07c11f12,,27,LIN3-0A-b2-s1,6,P25-27,P27,,False,3,P27 LIN3-0A-b2-s1 AG6
20241112_rep04,plate_metadata/20241112_rep04_metadata,4,G11,7,11,13,r07c11f13,,27,LIN3-0A-b2-s1,6,P25-27,P27,,False,3,P27 LIN3-0A-b2-s1 AG6
20241112_rep04,plate_metadata/20241112_rep04_metadata,4,G11,7,11,14,r07c11f14,,27,LIN3-0A-b2-s1,6,P25-27,P27,,False,3,P27 LIN3-0A-b2-s1 AG6
20241112_rep04,plate_metadata/20241112_rep04_metadata,4,G11,7,11,15,r07c11f15,,27,LIN3-0A-b2-s1,6,P25-27,P27,,False,3,P27 LIN3-0A-b2-s1 AG6
20241112_rep04,plate_metadata/20241112_rep04_metadata,4,G11,7,11,16,r07c11f16,,27,LIN3-0A-b2-s1,6,P25-27,P27,,False,3,P27 LIN3-0A-b2-s1 AG6
20241112_rep04,plate_metadata/20241112_rep04_metadata,4,G11,7,11,17,r07c11f17,,27,LIN3-0A-b2-s1,6,P25-27,P27,,False,3,P27 LIN3-0A-b2-s1 AG6
20241112_rep04,plate_metadata/20241112_rep04_metadata,4,G11,7,11,18,r07c11f18,,27,LIN3-0A-b2-s1,6,P25-27,P27,,False,3,P27 LIN3-0A-b2-s1 AG6
20241112_rep04,plate_metadata/20241112_rep04_metadata,4,G11,7,11,19,r07c11f19,,27,LIN3-0A-b2-s1,6,P25-27,P27,,False,3,P27 LIN3-0A-b2-s1 AG6
20241112_rep04,plate_metadata/20241112_rep04_metadata,4,G11,7,11,20,r07c11f20,,27,LIN3-0A-b2-s1,6,P25-27,P27,,False,3,P27 LIN3-0A-b2-s1 AG6
20241112_rep04,plate_metadata/20241112_rep04_metadata,4,G11,7,11,21,r07c11f21,,27,LIN3-0A-b2-s1,6,P25-27,P27,,False,3,P27 LIN3-0A-b2-s1 AG6
20241112_rep04,plate_metadata/20241112_rep04_metadata,4,G11,7,11,22,r07c11f22,,27,LIN3-0A-b2-s1,6,P25-27,P27,,False,3,P27 LIN3-0A-b2-s1 AG6
20241112_rep04,plate_metadata/20241112_rep04_metadata,4,G11,7,11,23,r07c11f23,,27,LIN3-0A-b2-s1,6,P25-27,P27,,False,3,P27 LIN3-0A-b2-s1 AG6
20241112_rep04,plate_metadata/20241112_rep04_metadata,4,G11,7,11,24,r07c11f24,,27,LIN3-0A-b2-s1,6,P25-27,P27,,False,3,P27 LIN3-0A-b2-s1 AG6
20241112_rep04,plate_metadata/20241112_rep04_metadata,4,G11,7,11,25,r07c11f25,,27,LIN3-0A-b2-s1,6,P25-27,P27,,False,3,P27 LIN3-0A-b2-s1 AG6
20241112_rep04,plate_metadata/20241112_rep04_metadata,4,G11,7,11,26,r07c11f26,,27,LIN3-0A-b2-s1,6,P25-27,P27,,False,3,P27 LIN3-0A-b2-s1 AG6
20241112_rep04,plate_metadata/20241112_rep04_metadata,4,G11,7,11,27,r07c11f27,,27,LIN3-0A-b2-s1,6,P25-27,P27,,False,3,P27 LIN3-0A-b2-s1 AG6
20241112_rep04,plate_metadata/20241112_rep04_metadata,4,G11,7,11,28,r07c11f28,,27,LIN3-0A-b2-s1,6,P25-27,P27,,False,3,P27 LIN3-0A-b2-s1 AG6
20241112_rep04,plate_metadata/20241112_rep04_metadata,4,G11,7,11,29,r07c11f29,,27,LIN3-0A-b2-s1,6,P25-27,P27,,False,3,P27 LIN3-0A-b2-s1 AG6
20241112_rep04,plate_metadata/20241112_rep04_metadata,4,G11,7,11,30,r07c11f30,,27,LIN3-0A-b2-s1,6,P25-27,P27,,False,3,P27 LIN3-0A-b2-s1 AG6
20241112_rep04,plate_metadata/20241112_rep04_metadata,4,G11,7,11,31,r07c11f31,,27,LIN3-0A-b2-s1,6,P25-27,P27,,False,3,P27 LIN3-0A-b2-s1 AG6
20241112_rep04,plate_metadata/20241112_rep04_metadata,4,G11,7,11,32,r07c11f32,,27,LIN3-0A-b2-s1,6,P25-27,P27,,False,3,P27 LIN3-0A-b2-s1 AG6
20241112_rep04,plate_metadata/20241112_rep04_metadata,4,G11,7,11,33,r07c11f33,,27,LIN3-0A-b2-s1,6,P25-27,P27,,False,3,P27 LIN3-0A-b2-s1 AG6
20241112_rep04,plate_metadata/20241112_rep04_metadata,4,G11,7,11,34,r07c11f34,,27,LIN3-0A-b2-s1,6,P25-27,P27,,False,3,P27 LIN3-0A-b2-s1 AG6
20241112_rep04,plate_metadata/20241112_rep04_metadata,4,G11,7,11,35,r07c11f35,,27,LIN3-0A-b2-s1,6,P25-27,P27,,False,3,P27 LIN3-0A-b2-s1 AG6
20241112_rep04,plate_metadata/20241112_rep04_metadata,4,G11,7,11,36,r07c11f36,,27,LIN3-0A-b2-s1,6,P25-27,P27,,False,3,P27 LIN3-0A-b2-s1 AG6
20241112_rep04,plate_metadata/20241112_rep04_metadata,4,G11,7,11,37,r07c11f37,,27,LIN3-0A-b2-s1,6,P25-27,P27,,False,3,P27 LIN3-0A-b2-s1 AG6
20241112_rep04,plate_metadata/20241112_rep04_metadata,4,G11,7,11,38,r07c11f38,,27,LIN3-0A-b2-s1,6,P25-27,P27,,False,3,P27 LIN3-0A-b2-s1 AG6
20241112_rep04,plate_metadata/20241112_rep04_metadata,4,G11,7,11,39,r07c11f39,,27,LIN3-0A-b2-s1,6,P25-27,P27,,False,3,P27 LIN3-0A-b2-s1 AG6
20241112_rep04,plate_metadata/20241112_rep04_metadata,4,G11,7,11,40,r07c11f40,,27,LIN3-0A-b2-s1,6,P25-27,P27,,False,3,P27 LIN3-0A-b2-s1 AG6
