Metadata_Plate,Folder_Path,PlateNumber,Metadata_Well,Metadata_WellRow,Metadata_WellColumn,Metadata_Field,Metadata_RowColFieldCode,Staining_c1,Staining_c2,Staining_c3,Staining_c4,PassageNumber,Lineage,AgeGroup,Drug,PassageGroup,TreatmentGroup,FlaggedBatch,LineageNumber,TimepointName
20241018_rep03,plate_metadata/20241018_rep03_metadata,3,A2,1,2,1,r01c02f01,Phalloidin-647,ConA-594,DAPI,,25,LIN2-0A-b1-s1,5,,P25-27,P25,False,2,P25 LIN2-0A-b1-s1 AG5
20241018_rep03,plate_metadata/20241018_rep03_metadata,3,A2,1,2,2,r01c02f02,Phalloidin-647,ConA-594,DAPI,,25,LIN2-0A-b1-s1,5,,P25-27,P25,False,2,P25 LIN2-0A-b1-s1 AG5
20241018_rep03,plate_metadata/20241018_rep03_metadata,3,A2,1,2,3,r01c02f03,Phalloidin-647,ConA-594,DAPI,,25,LIN2-0A-b1-s1,5,,P25-27,P25,False,2,P25 LIN2-0A-b1-s1 AG5
20241018_rep03,plate_metadata/20241018_rep03_metadata,3,A2,1,2,4,r01c02f04,Phalloidin-647,ConA-594,DAPI,,25,LIN2-0A-b1-s1,5,,P25-27,P25,False,2,P25 LIN2-0A-b1-s1 AG5
20241018_rep03,plate_metadata/20241018_rep03_metadata,3,A2,1,2,5,r01c02f05,Phalloidin-647,ConA-594,DAPI,,25,LIN2-0A-b1-s1,5,,P25-27,P25,False,2,P25 LIN2-0A-b1-s1 AG5
20241018_rep03,plate_metadata/20241018_rep03_metadata,3,A2,1,2,6,r01c02f06,Phalloidin-647,ConA-594,DAPI,,25,LIN2-0A-b1-s1,5,,P25-27,P25,False,2,P25 LIN2-0A-b1-s1 AG5
20241018_rep03,plate_metadata/20241018_rep03_metadata,3,A2,1,2,7,r01c02f07,Phalloidin-647,ConA-594,DAPI,,25,LIN2-0A-b1-s1,5,,P25-27,P25,False,2,P25 LIN2-0A-b1-s1 AG5
20241018_rep03,plate_metadata/20241018_rep03_metadata,3,A2,1,2,8,r01c02f08,Phalloidin-647,ConA-594,DAPI,,25,LIN2-0A-b1-s1,5,,P25-27,P25,False,2,P25 LIN2-0A-b1-s1 AG5
20241018_rep03,plate_metadata/20241018_rep03_metadata,3,A2,1,2,9,r01c02f09,Phalloidin-647,ConA-594,DAPI,,25,LIN2-0A-b1-s1,5,,P25-27,P25,False,2,P25 LIN2-0A-b1-s1 AG5
20241018_rep03,plate_metadata/20241018_rep03_metadata,3,A2,1,2,10,r01c02f10,Phalloidin-647,ConA-594,DAPI,,25,LIN2-0A-b1-s1,5,,P25-27,P25,False,2,P25 LIN2-0A-b1-s1 AG5
20241018_rep03,plate_metadata/20241018_rep03_metadata,3,A2,1,2,11,r01c02f11,Phalloidin-647,ConA-594,DAPI,,25,LIN2-0A-b1-s1,5,,P25-27,P25,False,2,P25 LIN2-0A-b1-s1 AG5
20241018_rep03,plate_metadata/20241018_rep03_metadata,3,A2,1,2,12,r01c02f12,Phalloidin-647,ConA-594,DAPI,,25,LIN2-0A-b1-s1,5,,P25-27,P25,False,2,P25 LIN2-0A-b1-s1 AG5
20241018_rep03,plate_metadata/20241018_rep03_metadata,3,A2,1,2,13,r01c02f13,Phalloidin-647,ConA-594,DAPI,,25,LIN2-0A-b1-s1,5,,P25-27,P25,False,2,P25 LIN2-0A-b1-s1 AG5
20241018_rep03,plate_metadata/20241018_rep03_metadata,3,A2,1,2,14,r01c02f14,Phalloidin-647,ConA-594,DAPI,,25,LIN2-0A-b1-s1,5,,P25-27,P25,False,2,P25 LIN2-0A-b1-s1 AG5
20241018_rep03,plate_metadata/20241018_rep03_metadata,3,A2,1,2,15,r01c02f15,Phalloidin-647,ConA-594,DAPI,,25,LIN2-0A-b1-s1,5,,P25-27,P25,False,2,P25 LIN2-0A-b1-s1 AG5
20241018_rep03,plate_metadata/20241018_rep03_metadata,3,A2,1,2,16,r01c02f16,Phalloidin-647,ConA-594,DAPI,,25,LIN2-0A-b1-s1,5,,P25-27,P25,False,2,P25 LIN2-0A-b1-s1 AG5
20241018_rep03,plate_metadata/20241018_rep03_metadata,3,A2,1,2,17,r01c02f17,Phalloidin-647,ConA-594,DAPI,,25,LIN2-0A-b1-s1,5,,P25-27,P25,False,2,P25 LIN2-0A-b1-s1 AG5
20241018_rep03,plate_metadata/20241018_rep03_metadata,3,A2,1,2,18,r01c02f18,Phalloidin-647,ConA-594,DAPI,,25,LIN2-0A-b1-s1,5,,P25-27,P25,False,2,P25 LIN2-0A-b1-s1 AG5
20241018_rep03,plate_metadata/20241018_rep03_metadata,3,A2,1,2,19,r01c02f19,Phalloidin-647,ConA-594,DAPI,,25,LIN2-0A-b1-s1,5,,P25-27,P25,False,2,P25 LIN2-0A-b1-s1 AG5
20241018_rep03,plate_metadata/20241018_rep03_metadata,3,A2,1,2,20,r01c02f20,Phalloidin-647,ConA-594,DAPI,,25,LIN2-0A-b1-s1,5,,P25-27,P25,False,2,P25 LIN2-0A-b1-s1 AG5
20241018_rep03,plate_metadata/20241018_rep03_metadata,3,A2,1,2,21,r01c02f21,Phalloidin-647,ConA-594,DAPI,,25,LIN2-0A-b1-s1,5,,P25-27,P25,False,2,P25 LIN2-0A-b1-s1 AG5
20241018_rep03,plate_metadata/20241018_rep03_metadata,3,A2,1,2,22,r01c02f22,Phalloidin-647,ConA-594,DAPI,,25,LIN2-0A-b1-s1,5,,P25-27,P25,False,2,P25 LIN2-0A-b1-s1 AG5
20241018_rep03,plate_metadata/20241018_rep03_metadata,3,A2,1,2,23,r01c02f23,Phalloidin-647,ConA-594,DAPI,,25,LIN2-0A-b1-s1,5,,P25-27,P25,False,2,P25 LIN2-0A-b1-s1 AG5
20241018_rep03,plate_metadata/20241018_rep03_metadata,3,A2,1,2,24,r01c02f24,Phalloidin-647,ConA-594,DAPI,,25,LIN2-0A-b1-s1,5,,P25-27,P25,False,2,P25 LIN2-0A-b1-s1 AG5
20241018_rep03,plate_metadata/20241018_rep03_metadata,3,A2,1,2,25,r01c02f25,Phalloidin-647,ConA-594,DAPI,,25,LIN2-0A-b1-s1,5,,P25-27,P25,False,2,P25 LIN2-0A-b1-s1 AG5
20241018_rep03,plate_metadata/20241018_rep03_metadata,3,A2,1,2,26,r01c02f26,Phalloidin-647,ConA-594,DAPI,,25,LIN2-0A-b1-s1,5,,P25-27,P25,False,2,P25 LIN2-0A-b1-s1 AG5
20241018_rep03,plate_metadata/20241018_rep03_metadata,3,A2,1,2,27,r01c02f27,Phalloidin-647,ConA-594,DAPI,,25,LIN2-0A-b1-s1,5,,P25-27,P25,False,2,P25 LIN2-0A-b1-s1 AG5
20241018_rep03,plate_metadata/20241018_rep03_metadata,3,A2,1,2,28,r01c02f28,Phalloidin-647,ConA-594,DAPI,,25,LIN2-0A-b1-s1,5,,P25-27,P25,False,2,P25 LIN2-0A-b1-s1 AG5
20241018_rep03,plate_metadata/20241018_rep03_metadata,3,A2,1,2,29,r01c02f29,Phalloidin-647,ConA-594,DAPI,,25,LIN2-0A-b1-s1,5,,P25-27,P25,False,2,P25 LIN2-0A-b1-s1 AG5
20241018_rep03,plate_metadata/20241018_rep03_metadata,3,A2,1,2,30,r01c02f30,Phalloidin-647,ConA-594,DAPI,,25,LIN2-0A-b1-s1,5,,P25-27,P25,False,2,P25 LIN2-0A-b1-s1 AG5
20241018_rep03,plate_metadata/20241018_rep03_metadata,3,A2,1,2,31,r01c02f31,Phalloidin-647,ConA-594,DAPI,,25,LIN2-0A-b1-s1,5,,P25-27,P25,False,2,P25 LIN2-0A-b1-s1 AG5
20241018_rep03,plate_metadata/20241018_rep03_metadata,3,A2,1,2,32,r01c02f32,Phalloidin-647,ConA-594,DAPI,,25,LIN2-0A-b1-s1,5,,P25-27,P25,False,2,P25 LIN2-0A-b1-s1 AG5
20241018_rep03,plate_metadata/20241018_rep03_metadata,3,A2,1,2,33,r01c02f33,Phalloidin-647,ConA-594,DAPI,,25,LIN2-0A-b1-s1,5,,P25-27,P25,False,2,P25 LIN2-0A-b1-s1 AG5
20241018_rep03,plate_metadata/20241018_rep03_metadata,3,A2,1,2,34,r01c02f34,Phalloidin-647,ConA-594,DAPI,,25,LIN2-0A-b1-s1,5,,P25-27,P25,False,2,P25 LIN2-0A-b1-s1 AG5
20241018_rep03,plate_metadata/20241018_rep03_metadata,3,A2,1,2,35,r01c02f35,Phalloidin-647,ConA-594,DAPI,,25,LIN2-0A-b1-s1,5,,P25-27,P25,False,2,P25 LIN2-0A-b1-s1 AG5
20241018_rep03,plate_metadata/20241018_rep03_metadata,3,A2,1,2,36,r01c02f36,Phalloidin-647,ConA-594,DAPI,,25,LIN2-0A-b1-s1,5,,P25-27,P25,False,2,P25 LIN2-0A-b1-s1 AG5
20241018_rep03,plate_metadata/20241018_rep03_metadata,3,A2,1,2,37,r01c02f37,Phalloidin-647,ConA-594,DAPI,,25,LIN2-0A-b1-s1,5,,P25-27,P25,False,2,P25 LIN2-0A-b1-s1 AG5
20241018_rep03,plate_metadata/20241018_rep03_metadata,3,A2,1,2,38,r01c02f38,Phalloidin-647,ConA-594,DAPI,,25,LIN2-0A-b1-s1,5,,P25-27,P25,False,2,P25 LIN2-0A-b1-s1 AG5
20241018_rep03,plate_metadata/20241018_rep03_metadata,3,A2,1,2,39,r01c02f39,Phalloidin-647,ConA-594,DAPI,,25,LIN2-0A-b1-s1,5,,P25-27,P25,False,2,P25 LIN2-0A-b1-s1 AG5
20241018_rep03,plate_metadata/20241018_rep03_metadata,3,A2,1,2,40,r01c02f40,Phalloidin-647,ConA-594,DAPI,,25,LIN2-0A-b1-s1,5,,P25-27,P25,False,2,P25 LIN2-0A-b1-s1 AG5
20241018_rep03,plate_metadata/20241018_rep03_metadata,3,A3,1,3,1,r01c03f01,Phalloidin-647,ConA-594,DAPI,,22,LIN3-0A-b2-s1,4,,P22-24,P22,False,3,P22 LIN3-0A-b2-s1 AG4
20241018_rep03,plate_metadata/20241018_rep03_metadata,3,A3,1,3,2,r01c03f02,Phalloidin-647,ConA-594,DAPI,,22,LIN3-0A-b2-s1,4,,P22-24,P22,False,3,P22 LIN3-0A-b2-s1 AG4
20241018_rep03,plate_metadata/20241018_rep03_metadata,3,A3,1,3,3,r01c03f03,Phalloidin-647,ConA-594,DAPI,,22,LIN3-0A-b2-s1,4,,P22-24,P22,False,3,P22 LIN3-0A-b2-s1 AG4
20241018_rep03,plate_metadata/20241018_rep03_metadata,3,A3,1,3,4,r01c03f04,Phalloidin-647,ConA-594,DAPI,,22,LIN3-0A-b2-s1,4,,P22-24,P22,False,3,P22 LIN3-0A-b2-s1 AG4
20241018_rep03,plate_metadata/20241018_rep03_metadata,3,A3,1,3,5,r01c03f05,Phalloidin-647,ConA-594,DAPI,,22,LIN3-0A-b2-s1,4,,P22-24,P22,False,3,P22 LIN3-0A-b2-s1 AG4
20241018_rep03,plate_metadata/20241018_rep03_metadata,3,A3,1,3,6,r01c03f06,Phalloidin-647,ConA-594,DAPI,,22,LIN3-0A-b2-s1,4,,P22-24,P22,False,3,P22 LIN3-0A-b2-s1 AG4
20241018_rep03,plate_metadata/20241018_rep03_metadata,3,A3,1,3,7,r01c03f07,Phalloidin-647,ConA-594,DAPI,,22,LIN3-0A-b2-s1,4,,P22-24,P22,False,3,P22 LIN3-0A-b2-s1 AG4
20241018_rep03,plate_metadata/20241018_rep03_metadata,3,A3,1,3,8,r01c03f08,Phalloidin-647,ConA-594,DAPI,,22,LIN3-0A-b2-s1,4,,P22-24,P22,False,3,P22 LIN3-0A-b2-s1 AG4
20241018_rep03,plate_metadata/20241018_rep03_metadata,3,A3,1,3,9,r01c03f09,Phalloidin-647,ConA-594,DAPI,,22,LIN3-0A-b2-s1,4,,P22-24,P22,False,3,P22 LIN3-0A-b2-s1 AG4
20241018_rep03,plate_metadata/20241018_rep03_metadata,3,A3,1,3,10,r01c03f10,Phalloidin-647,ConA-594,DAPI,,22,LIN3-0A-b2-s1,4,,P22-24,P22,False,3,P22 LIN3-0A-b2-s1 AG4
20241018_rep03,plate_metadata/20241018_rep03_metadata,3,A3,1,3,11,r01c03f11,Phalloidin-647,ConA-594,DAPI,,22,LIN3-0A-b2-s1,4,,P22-24,P22,False,3,P22 LIN3-0A-b2-s1 AG4
20241018_rep03,plate_metadata/20241018_rep03_metadata,3,A3,1,3,12,r01c03f12,Phalloidin-647,ConA-594,DAPI,,22,LIN3-0A-b2-s1,4,,P22-24,P22,False,3,P22 LIN3-0A-b2-s1 AG4
20241018_rep03,plate_metadata/20241018_rep03_metadata,3,A3,1,3,13,r01c03f13,Phalloidin-647,ConA-594,DAPI,,22,LIN3-0A-b2-s1,4,,P22-24,P22,False,3,P22 LIN3-0A-b2-s1 AG4
20241018_rep03,plate_metadata/20241018_rep03_metadata,3,A3,1,3,14,r01c03f14,Phalloidin-647,ConA-594,DAPI,,22,LIN3-0A-b2-s1,4,,P22-24,P22,False,3,P22 LIN3-0A-b2-s1 AG4
20241018_rep03,plate_metadata/20241018_rep03_metadata,3,A3,1,3,15,r01c03f15,Phalloidin-647,ConA-594,DAPI,,22,LIN3-0A-b2-s1,4,,P22-24,P22,False,3,P22 LIN3-0A-b2-s1 AG4
20241018_rep03,plate_metadata/20241018_rep03_metadata,3,A3,1,3,16,r01c03f16,Phalloidin-647,ConA-594,DAPI,,22,LIN3-0A-b2-s1,4,,P22-24,P22,False,3,P22 LIN3-0A-b2-s1 AG4
20241018_rep03,plate_metadata/20241018_rep03_metadata,3,A3,1,3,17,r01c03f17,Phalloidin-647,ConA-594,DAPI,,22,LIN3-0A-b2-s1,4,,P22-24,P22,False,3,P22 LIN3-0A-b2-s1 AG4
20241018_rep03,plate_metadata/20241018_rep03_metadata,3,A3,1,3,18,r01c03f18,Phalloidin-647,ConA-594,DAPI,,22,LIN3-0A-b2-s1,4,,P22-24,P22,False,3,P22 LIN3-0A-b2-s1 AG4
20241018_rep03,plate_metadata/20241018_rep03_metadata,3,A3,1,3,19,r01c03f19,Phalloidin-647,ConA-594,DAPI,,22,LIN3-0A-b2-s1,4,,P22-24,P22,False,3,P22 LIN3-0A-b2-s1 AG4
20241018_rep03,plate_metadata/20241018_rep03_metadata,3,A3,1,3,20,r01c03f20,Phalloidin-647,ConA-594,DAPI,,22,LIN3-0A-b2-s1,4,,P22-24,P22,False,3,P22 LIN3-0A-b2-s1 AG4
20241018_rep03,plate_metadata/20241018_rep03_metadata,3,A3,1,3,21,r01c03f21,Phalloidin-647,ConA-594,DAPI,,22,LIN3-0A-b2-s1,4,,P22-24,P22,False,3,P22 LIN3-0A-b2-s1 AG4
20241018_rep03,plate_metadata/20241018_rep03_metadata,3,A3,1,3,22,r01c03f22,Phalloidin-647,ConA-594,DAPI,,22,LIN3-0A-b2-s1,4,,P22-24,P22,False,3,P22 LIN3-0A-b2-s1 AG4
20241018_rep03,plate_metadata/20241018_rep03_metadata,3,A3,1,3,23,r01c03f23,Phalloidin-647,ConA-594,DAPI,,22,LIN3-0A-b2-s1,4,,P22-24,P22,False,3,P22 LIN3-0A-b2-s1 AG4
20241018_rep03,plate_metadata/20241018_rep03_metadata,3,A3,1,3,24,r01c03f24,Phalloidin-647,ConA-594,DAPI,,22,LIN3-0A-b2-s1,4,,P22-24,P22,False,3,P22 LIN3-0A-b2-s1 AG4
20241018_rep03,plate_metadata/20241018_rep03_metadata,3,A3,1,3,25,r01c03f25,Phalloidin-647,ConA-594,DAPI,,22,LIN3-0A-b2-s1,4,,P22-24,P22,False,3,P22 LIN3-0A-b2-s1 AG4
20241018_rep03,plate_metadata/20241018_rep03_metadata,3,A3,1,3,26,r01c03f26,Phalloidin-647,ConA-594,DAPI,,22,LIN3-0A-b2-s1,4,,P22-24,P22,False,3,P22 LIN3-0A-b2-s1 AG4
20241018_rep03,plate_metadata/20241018_rep03_metadata,3,A3,1,3,27,r01c03f27,Phalloidin-647,ConA-594,DAPI,,22,LIN3-0A-b2-s1,4,,P22-24,P22,False,3,P22 LIN3-0A-b2-s1 AG4
20241018_rep03,plate_metadata/20241018_rep03_metadata,3,A3,1,3,28,r01c03f28,Phalloidin-647,ConA-594,DAPI,,22,LIN3-0A-b2-s1,4,,P22-24,P22,False,3,P22 LIN3-0A-b2-s1 AG4
20241018_rep03,plate_metadata/20241018_rep03_metadata,3,A3,1,3,29,r01c03f29,Phalloidin-647,ConA-594,DAPI,,22,LIN3-0A-b2-s1,4,,P22-24,P22,False,3,P22 LIN3-0A-b2-s1 AG4
20241018_rep03,plate_metadata/20241018_rep03_metadata,3,A3,1,3,30,r01c03f30,Phalloidin-647,ConA-594,DAPI,,22,LIN3-0A-b2-s1,4,,P22-24,P22,False,3,P22 LIN3-0A-b2-s1 AG4
20241018_rep03,plate_metadata/20241018_rep03_metadata,3,A3,1,3,31,r01c03f31,Phalloidin-647,ConA-594,DAPI,,22,LIN3-0A-b2-s1,4,,P22-24,P22,False,3,P22 LIN3-0A-b2-s1 AG4
20241018_rep03,plate_metadata/20241018_rep03_metadata,3,A3,1,3,32,r01c03f32,Phalloidin-647,ConA-594,DAPI,,22,LIN3-0A-b2-s1,4,,P22-24,P22,False,3,P22 LIN3-0A-b2-s1 AG4
20241018_rep03,plate_metadata/20241018_rep03_metadata,3,A3,1,3,33,r01c03f33,Phalloidin-647,ConA-594,DAPI,,22,LIN3-0A-b2-s1,4,,P22-24,P22,False,3,P22 LIN3-0A-b2-s1 AG4
20241018_rep03,plate_metadata/20241018_rep03_metadata,3,A3,1,3,34,r01c03f34,Phalloidin-647,ConA-594,DAPI,,22,LIN3-0A-b2-s1,4,,P22-24,P22,False,3,P22 LIN3-0A-b2-s1 AG4
20241018_rep03,plate_metadata/20241018_rep03_metadata,3,A3,1,3,35,r01c03f35,Phalloidin-647,ConA-594,DAPI,,22,LIN3-0A-b2-s1,4,,P22-24,P22,False,3,P22 LIN3-0A-b2-s1 AG4
20241018_rep03,plate_metadata/20241018_rep03_metadata,3,A3,1,3,36,r01c03f36,Phalloidin-647,ConA-594,DAPI,,22,LIN3-0A-b2-s1,4,,P22-24,P22,False,3,P22 LIN3-0A-b2-s1 AG4
20241018_rep03,plate_metadata/20241018_rep03_metadata,3,A3,1,3,37,r01c03f37,Phalloidin-647,ConA-594,DAPI,,22,LIN3-0A-b2-s1,4,,P22-24,P22,False,3,P22 LIN3-0A-b2-s1 AG4
20241018_rep03,plate_metadata/20241018_rep03_metadata,3,A3,1,3,38,r01c03f38,Phalloidin-647,ConA-594,DAPI,,22,LIN3-0A-b2-s1,4,,P22-24,P22,False,3,P22 LIN3-0A-b2-s1 AG4
20241018_rep03,plate_metadata/20241018_rep03_metadata,3,A3,1,3,39,r01c03f39,Phalloidin-647,ConA-594,DAPI,,22,LIN3-0A-b2-s1,4,,P22-24,P22,False,3,P22 LIN3-0A-b2-s1 AG4
20241018_rep03,plate_metadata/20241018_rep03_metadata,3,A3,1,3,40,r01c03f40,Phalloidin-647,ConA-594,DAPI,,22,LIN3-0A-b2-s1,4,,P22-24,P22,False,3,P22 LIN3-0A-b2-s1 AG4
20241018_rep03,plate_metadata/20241018_rep03_metadata,3,A4,1,4,1,r01c04f01,Phalloidin-647,ConA-594,DAPI,,20,LIN4-0B-b2A-s1,3,,P19-21,P20,False,4,P20 LIN4-0B-b2A-s1 AG3
20241018_rep03,plate_metadata/20241018_rep03_metadata,3,A4,1,4,2,r01c04f02,Phalloidin-647,ConA-594,DAPI,,20,LIN4-0B-b2A-s1,3,,P19-21,P20,False,4,P20 LIN4-0B-b2A-s1 AG3
20241018_rep03,plate_metadata/20241018_rep03_metadata,3,A4,1,4,3,r01c04f03,Phalloidin-647,ConA-594,DAPI,,20,LIN4-0B-b2A-s1,3,,P19-21,P20,False,4,P20 LIN4-0B-b2A-s1 AG3
20241018_rep03,plate_metadata/20241018_rep03_metadata,3,A4,1,4,4,r01c04f04,Phalloidin-647,ConA-594,DAPI,,20,LIN4-0B-b2A-s1,3,,P19-21,P20,False,4,P20 LIN4-0B-b2A-s1 AG3
20241018_rep03,plate_metadata/20241018_rep03_metadata,3,A4,1,4,5,r01c04f05,Phalloidin-647,ConA-594,DAPI,,20,LIN4-0B-b2A-s1,3,,P19-21,P20,False,4,P20 LIN4-0B-b2A-s1 AG3
20241018_rep03,plate_metadata/20241018_rep03_metadata,3,A4,1,4,6,r01c04f06,Phalloidin-647,ConA-594,DAPI,,20,LIN4-0B-b2A-s1,3,,P19-21,P20,False,4,P20 LIN4-0B-b2A-s1 AG3
20241018_rep03,plate_metadata/20241018_rep03_metadata,3,A4,1,4,7,r01c04f07,Phalloidin-647,ConA-594,DAPI,,20,LIN4-0B-b2A-s1,3,,P19-21,P20,False,4,P20 LIN4-0B-b2A-s1 AG3
20241018_rep03,plate_metadata/20241018_rep03_metadata,3,A4,1,4,8,r01c04f08,Phalloidin-647,ConA-594,DAPI,,20,LIN4-0B-b2A-s1,3,,P19-21,P20,False,4,P20 LIN4-0B-b2A-s1 AG3
20241018_rep03,plate_metadata/20241018_rep03_metadata,3,A4,1,4,9,r01c04f09,Phalloidin-647,ConA-594,DAPI,,20,LIN4-0B-b2A-s1,3,,P19-21,P20,False,4,P20 LIN4-0B-b2A-s1 AG3
20241018_rep03,plate_metadata/20241018_rep03_metadata,3,A4,1,4,10,r01c04f10,Phalloidin-647,ConA-594,DAPI,,20,LIN4-0B-b2A-s1,3,,P19-21,P20,False,4,P20 LIN4-0B-b2A-s1 AG3
20241018_rep03,plate_metadata/20241018_rep03_metadata,3,A4,1,4,11,r01c04f11,Phalloidin-647,ConA-594,DAPI,,20,LIN4-0B-b2A-s1,3,,P19-21,P20,False,4,P20 LIN4-0B-b2A-s1 AG3
20241018_rep03,plate_metadata/20241018_rep03_metadata,3,A4,1,4,12,r01c04f12,Phalloidin-647,ConA-594,DAPI,,20,LIN4-0B-b2A-s1,3,,P19-21,P20,False,4,P20 LIN4-0B-b2A-s1 AG3
20241018_rep03,plate_metadata/20241018_rep03_metadata,3,A4,1,4,13,r01c04f13,Phalloidin-647,ConA-594,DAPI,,20,LIN4-0B-b2A-s1,3,,P19-21,P20,False,4,P20 LIN4-0B-b2A-s1 AG3
20241018_rep03,plate_metadata/20241018_rep03_metadata,3,A4,1,4,14,r01c04f14,Phalloidin-647,ConA-594,DAPI,,20,LIN4-0B-b2A-s1,3,,P19-21,P20,False,4,P20 LIN4-0B-b2A-s1 AG3
20241018_rep03,plate_metadata/20241018_rep03_metadata,3,A4,1,4,15,r01c04f15,Phalloidin-647,ConA-594,DAPI,,20,LIN4-0B-b2A-s1,3,,P19-21,P20,False,4,P20 LIN4-0B-b2A-s1 AG3
20241018_rep03,plate_metadata/20241018_rep03_metadata,3,A4,1,4,16,r01c04f16,Phalloidin-647,ConA-594,DAPI,,20,LIN4-0B-b2A-s1,3,,P19-21,P20,False,4,P20 LIN4-0B-b2A-s1 AG3
20241018_rep03,plate_metadata/20241018_rep03_metadata,3,A4,1,4,17,r01c04f17,Phalloidin-647,ConA-594,DAPI,,20,LIN4-0B-b2A-s1,3,,P19-21,P20,False,4,P20 LIN4-0B-b2A-s1 AG3
20241018_rep03,plate_metadata/20241018_rep03_metadata,3,A4,1,4,18,r01c04f18,Phalloidin-647,ConA-594,DAPI,,20,LIN4-0B-b2A-s1,3,,P19-21,P20,False,4,P20 LIN4-0B-b2A-s1 AG3
20241018_rep03,plate_metadata/20241018_rep03_metadata,3,A4,1,4,19,r01c04f19,Phalloidin-647,ConA-594,DAPI,,20,LIN4-0B-b2A-s1,3,,P19-21,P20,False,4,P20 LIN4-0B-b2A-s1 AG3
20241018_rep03,plate_metadata/20241018_rep03_metadata,3,A4,1,4,20,r01c04f20,Phalloidin-647,ConA-594,DAPI,,20,LIN4-0B-b2A-s1,3,,P19-21,P20,False,4,P20 LIN4-0B-b2A-s1 AG3
20241018_rep03,plate_metadata/20241018_rep03_metadata,3,A4,1,4,21,r01c04f21,Phalloidin-647,ConA-594,DAPI,,20,LIN4-0B-b2A-s1,3,,P19-21,P20,False,4,P20 LIN4-0B-b2A-s1 AG3
20241018_rep03,plate_metadata/20241018_rep03_metadata,3,A4,1,4,22,r01c04f22,Phalloidin-647,ConA-594,DAPI,,20,LIN4-0B-b2A-s1,3,,P19-21,P20,False,4,P20 LIN4-0B-b2A-s1 AG3
20241018_rep03,plate_metadata/20241018_rep03_metadata,3,A4,1,4,23,r01c04f23,Phalloidin-647,ConA-594,DAPI,,20,LIN4-0B-b2A-s1,3,,P19-21,P20,False,4,P20 LIN4-0B-b2A-s1 AG3
20241018_rep03,plate_metadata/20241018_rep03_metadata,3,A4,1,4,24,r01c04f24,Phalloidin-647,ConA-594,DAPI,,20,LIN4-0B-b2A-s1,3,,P19-21,P20,False,4,P20 LIN4-0B-b2A-s1 AG3
20241018_rep03,plate_metadata/20241018_rep03_metadata,3,A4,1,4,25,r01c04f25,Phalloidin-647,ConA-594,DAPI,,20,LIN4-0B-b2A-s1,3,,P19-21,P20,False,4,P20 LIN4-0B-b2A-s1 AG3
20241018_rep03,plate_metadata/20241018_rep03_metadata,3,A4,1,4,26,r01c04f26,Phalloidin-647,ConA-594,DAPI,,20,LIN4-0B-b2A-s1,3,,P19-21,P20,False,4,P20 LIN4-0B-b2A-s1 AG3
20241018_rep03,plate_metadata/20241018_rep03_metadata,3,A4,1,4,27,r01c04f27,Phalloidin-647,ConA-594,DAPI,,20,LIN4-0B-b2A-s1,3,,P19-21,P20,False,4,P20 LIN4-0B-b2A-s1 AG3
20241018_rep03,plate_metadata/20241018_rep03_metadata,3,A4,1,4,28,r01c04f28,Phalloidin-647,ConA-594,DAPI,,20,LIN4-0B-b2A-s1,3,,P19-21,P20,False,4,P20 LIN4-0B-b2A-s1 AG3
20241018_rep03,plate_metadata/20241018_rep03_metadata,3,A4,1,4,29,r01c04f29,Phalloidin-647,ConA-594,DAPI,,20,LIN4-0B-b2A-s1,3,,P19-21,P20,False,4,P20 LIN4-0B-b2A-s1 AG3
20241018_rep03,plate_metadata/20241018_rep03_metadata,3,A4,1,4,30,r01c04f30,Phalloidin-647,ConA-594,DAPI,,20,LIN4-0B-b2A-s1,3,,P19-21,P20,False,4,P20 LIN4-0B-b2A-s1 AG3
20241018_rep03,plate_metadata/20241018_rep03_metadata,3,A4,1,4,31,r01c04f31,Phalloidin-647,ConA-594,DAPI,,20,LIN4-0B-b2A-s1,3,,P19-21,P20,False,4,P20 LIN4-0B-b2A-s1 AG3
20241018_rep03,plate_metadata/20241018_rep03_metadata,3,A4,1,4,32,r01c04f32,Phalloidin-647,ConA-594,DAPI,,20,LIN4-0B-b2A-s1,3,,P19-21,P20,False,4,P20 LIN4-0B-b2A-s1 AG3
20241018_rep03,plate_metadata/20241018_rep03_metadata,3,A4,1,4,33,r01c04f33,Phalloidin-647,ConA-594,DAPI,,20,LIN4-0B-b2A-s1,3,,P19-21,P20,False,4,P20 LIN4-0B-b2A-s1 AG3
20241018_rep03,plate_metadata/20241018_rep03_metadata,3,A4,1,4,34,r01c04f34,Phalloidin-647,ConA-594,DAPI,,20,LIN4-0B-b2A-s1,3,,P19-21,P20,False,4,P20 LIN4-0B-b2A-s1 AG3
20241018_rep03,plate_metadata/20241018_rep03_metadata,3,A4,1,4,35,r01c04f35,Phalloidin-647,ConA-594,DAPI,,20,LIN4-0B-b2A-s1,3,,P19-21,P20,False,4,P20 LIN4-0B-b2A-s1 AG3
20241018_rep03,plate_metadata/20241018_rep03_metadata,3,A4,1,4,36,r01c04f36,Phalloidin-647,ConA-594,DAPI,,20,LIN4-0B-b2A-s1,3,,P19-21,P20,False,4,P20 LIN4-0B-b2A-s1 AG3
20241018_rep03,plate_metadata/20241018_rep03_metadata,3,A4,1,4,37,r01c04f37,Phalloidin-647,ConA-594,DAPI,,20,LIN4-0B-b2A-s1,3,,P19-21,P20,False,4,P20 LIN4-0B-b2A-s1 AG3
20241018_rep03,plate_metadata/20241018_rep03_metadata,3,A4,1,4,38,r01c04f38,Phalloidin-647,ConA-594,DAPI,,20,LIN4-0B-b2A-s1,3,,P19-21,P20,False,4,P20 LIN4-0B-b2A-s1 AG3
20241018_rep03,plate_metadata/20241018_rep03_metadata,3,A4,1,4,39,r01c04f39,Phalloidin-647,ConA-594,DAPI,,20,LIN4-0B-b2A-s1,3,,P19-21,P20,False,4,P20 LIN4-0B-b2A-s1 AG3
20241018_rep03,plate_metadata/20241018_rep03_metadata,3,A4,1,4,40,r01c04f40,Phalloidin-647,ConA-594,DAPI,,20,LIN4-0B-b2A-s1,3,,P19-21,P20,False,4,P20 LIN4-0B-b2A-s1 AG3
20241018_rep03,plate_metadata/20241018_rep03_metadata,3,A5,1,5,1,r01c05f01,Phalloidin-647,ConA-594,DAPI,,18,LIN5-0B-b3-s1,2,,P16-18,P18,False,5,P18 LIN5-0B-b3-s1 AG2
20241018_rep03,plate_metadata/20241018_rep03_metadata,3,A5,1,5,2,r01c05f02,Phalloidin-647,ConA-594,DAPI,,18,LIN5-0B-b3-s1,2,,P16-18,P18,False,5,P18 LIN5-0B-b3-s1 AG2
20241018_rep03,plate_metadata/20241018_rep03_metadata,3,A5,1,5,3,r01c05f03,Phalloidin-647,ConA-594,DAPI,,18,LIN5-0B-b3-s1,2,,P16-18,P18,False,5,P18 LIN5-0B-b3-s1 AG2
20241018_rep03,plate_metadata/20241018_rep03_metadata,3,A5,1,5,4,r01c05f04,Phalloidin-647,ConA-594,DAPI,,18,LIN5-0B-b3-s1,2,,P16-18,P18,False,5,P18 LIN5-0B-b3-s1 AG2
20241018_rep03,plate_metadata/20241018_rep03_metadata,3,A5,1,5,5,r01c05f05,Phalloidin-647,ConA-594,DAPI,,18,LIN5-0B-b3-s1,2,,P16-18,P18,False,5,P18 LIN5-0B-b3-s1 AG2
20241018_rep03,plate_metadata/20241018_rep03_metadata,3,A5,1,5,6,r01c05f06,Phalloidin-647,ConA-594,DAPI,,18,LIN5-0B-b3-s1,2,,P16-18,P18,False,5,P18 LIN5-0B-b3-s1 AG2
20241018_rep03,plate_metadata/20241018_rep03_metadata,3,A5,1,5,7,r01c05f07,Phalloidin-647,ConA-594,DAPI,,18,LIN5-0B-b3-s1,2,,P16-18,P18,False,5,P18 LIN5-0B-b3-s1 AG2
20241018_rep03,plate_metadata/20241018_rep03_metadata,3,A5,1,5,8,r01c05f08,Phalloidin-647,ConA-594,DAPI,,18,LIN5-0B-b3-s1,2,,P16-18,P18,False,5,P18 LIN5-0B-b3-s1 AG2
20241018_rep03,plate_metadata/20241018_rep03_metadata,3,A5,1,5,9,r01c05f09,Phalloidin-647,ConA-594,DAPI,,18,LIN5-0B-b3-s1,2,,P16-18,P18,False,5,P18 LIN5-0B-b3-s1 AG2
20241018_rep03,plate_metadata/20241018_rep03_metadata,3,A5,1,5,10,r01c05f10,Phalloidin-647,ConA-594,DAPI,,18,LIN5-0B-b3-s1,2,,P16-18,P18,False,5,P18 LIN5-0B-b3-s1 AG2
20241018_rep03,plate_metadata/20241018_rep03_metadata,3,A5,1,5,11,r01c05f11,Phalloidin-647,ConA-594,DAPI,,18,LIN5-0B-b3-s1,2,,P16-18,P18,False,5,P18 LIN5-0B-b3-s1 AG2
20241018_rep03,plate_metadata/20241018_rep03_metadata,3,A5,1,5,12,r01c05f12,Phalloidin-647,ConA-594,DAPI,,18,LIN5-0B-b3-s1,2,,P16-18,P18,False,5,P18 LIN5-0B-b3-s1 AG2
20241018_rep03,plate_metadata/20241018_rep03_metadata,3,A5,1,5,13,r01c05f13,Phalloidin-647,ConA-594,DAPI,,18,LIN5-0B-b3-s1,2,,P16-18,P18,False,5,P18 LIN5-0B-b3-s1 AG2
20241018_rep03,plate_metadata/20241018_rep03_metadata,3,A5,1,5,14,r01c05f14,Phalloidin-647,ConA-594,DAPI,,18,LIN5-0B-b3-s1,2,,P16-18,P18,False,5,P18 LIN5-0B-b3-s1 AG2
20241018_rep03,plate_metadata/20241018_rep03_metadata,3,A5,1,5,15,r01c05f15,Phalloidin-647,ConA-594,DAPI,,18,LIN5-0B-b3-s1,2,,P16-18,P18,False,5,P18 LIN5-0B-b3-s1 AG2
20241018_rep03,plate_metadata/20241018_rep03_metadata,3,A5,1,5,16,r01c05f16,Phalloidin-647,ConA-594,DAPI,,18,LIN5-0B-b3-s1,2,,P16-18,P18,False,5,P18 LIN5-0B-b3-s1 AG2
20241018_rep03,plate_metadata/20241018_rep03_metadata,3,A5,1,5,17,r01c05f17,Phalloidin-647,ConA-594,DAPI,,18,LIN5-0B-b3-s1,2,,P16-18,P18,False,5,P18 LIN5-0B-b3-s1 AG2
20241018_rep03,plate_metadata/20241018_rep03_metadata,3,A5,1,5,18,r01c05f18,Phalloidin-647,ConA-594,DAPI,,18,LIN5-0B-b3-s1,2,,P16-18,P18,False,5,P18 LIN5-0B-b3-s1 AG2
20241018_rep03,plate_metadata/20241018_rep03_metadata,3,A5,1,5,19,r01c05f19,Phalloidin-647,ConA-594,DAPI,,18,LIN5-0B-b3-s1,2,,P16-18,P18,False,5,P18 LIN5-0B-b3-s1 AG2
20241018_rep03,plate_metadata/20241018_rep03_metadata,3,A5,1,5,20,r01c05f20,Phalloidin-647,ConA-594,DAPI,,18,LIN5-0B-b3-s1,2,,P16-18,P18,False,5,P18 LIN5-0B-b3-s1 AG2
20241018_rep03,plate_metadata/20241018_rep03_metadata,3,A5,1,5,21,r01c05f21,Phalloidin-647,ConA-594,DAPI,,18,LIN5-0B-b3-s1,2,,P16-18,P18,False,5,P18 LIN5-0B-b3-s1 AG2
20241018_rep03,plate_metadata/20241018_rep03_metadata,3,A5,1,5,22,r01c05f22,Phalloidin-647,ConA-594,DAPI,,18,LIN5-0B-b3-s1,2,,P16-18,P18,False,5,P18 LIN5-0B-b3-s1 AG2
20241018_rep03,plate_metadata/20241018_rep03_metadata,3,A5,1,5,23,r01c05f23,Phalloidin-647,ConA-594,DAPI,,18,LIN5-0B-b3-s1,2,,P16-18,P18,False,5,P18 LIN5-0B-b3-s1 AG2
20241018_rep03,plate_metadata/20241018_rep03_metadata,3,A5,1,5,24,r01c05f24,Phalloidin-647,ConA-594,DAPI,,18,LIN5-0B-b3-s1,2,,P16-18,P18,False,5,P18 LIN5-0B-b3-s1 AG2
20241018_rep03,plate_metadata/20241018_rep03_metadata,3,A5,1,5,25,r01c05f25,Phalloidin-647,ConA-594,DAPI,,18,LIN5-0B-b3-s1,2,,P16-18,P18,False,5,P18 LIN5-0B-b3-s1 AG2
20241018_rep03,plate_metadata/20241018_rep03_metadata,3,A5,1,5,26,r01c05f26,Phalloidin-647,ConA-594,DAPI,,18,LIN5-0B-b3-s1,2,,P16-18,P18,False,5,P18 LIN5-0B-b3-s1 AG2
20241018_rep03,plate_metadata/20241018_rep03_metadata,3,A5,1,5,27,r01c05f27,Phalloidin-647,ConA-594,DAPI,,18,LIN5-0B-b3-s1,2,,P16-18,P18,False,5,P18 LIN5-0B-b3-s1 AG2
20241018_rep03,plate_metadata/20241018_rep03_metadata,3,A5,1,5,28,r01c05f28,Phalloidin-647,ConA-594,DAPI,,18,LIN5-0B-b3-s1,2,,P16-18,P18,False,5,P18 LIN5-0B-b3-s1 AG2
20241018_rep03,plate_metadata/20241018_rep03_metadata,3,A5,1,5,29,r01c05f29,Phalloidin-647,ConA-594,DAPI,,18,LIN5-0B-b3-s1,2,,P16-18,P18,False,5,P18 LIN5-0B-b3-s1 AG2
20241018_rep03,plate_metadata/20241018_rep03_metadata,3,A5,1,5,30,r01c05f30,Phalloidin-647,ConA-594,DAPI,,18,LIN5-0B-b3-s1,2,,P16-18,P18,False,5,P18 LIN5-0B-b3-s1 AG2
20241018_rep03,plate_metadata/20241018_rep03_metadata,3,A5,1,5,31,r01c05f31,Phalloidin-647,ConA-594,DAPI,,18,LIN5-0B-b3-s1,2,,P16-18,P18,False,5,P18 LIN5-0B-b3-s1 AG2
20241018_rep03,plate_metadata/20241018_rep03_metadata,3,A5,1,5,32,r01c05f32,Phalloidin-647,ConA-594,DAPI,,18,LIN5-0B-b3-s1,2,,P16-18,P18,False,5,P18 LIN5-0B-b3-s1 AG2
20241018_rep03,plate_metadata/20241018_rep03_metadata,3,A5,1,5,33,r01c05f33,Phalloidin-647,ConA-594,DAPI,,18,LIN5-0B-b3-s1,2,,P16-18,P18,False,5,P18 LIN5-0B-b3-s1 AG2
20241018_rep03,plate_metadata/20241018_rep03_metadata,3,A5,1,5,34,r01c05f34,Phalloidin-647,ConA-594,DAPI,,18,LIN5-0B-b3-s1,2,,P16-18,P18,False,5,P18 LIN5-0B-b3-s1 AG2
20241018_rep03,plate_metadata/20241018_rep03_metadata,3,A5,1,5,35,r01c05f35,Phalloidin-647,ConA-594,DAPI,,18,LIN5-0B-b3-s1,2,,P16-18,P18,False,5,P18 LIN5-0B-b3-s1 AG2
20241018_rep03,plate_metadata/20241018_rep03_metadata,3,A5,1,5,36,r01c05f36,Phalloidin-647,ConA-594,DAPI,,18,LIN5-0B-b3-s1,2,,P16-18,P18,False,5,P18 LIN5-0B-b3-s1 AG2
20241018_rep03,plate_metadata/20241018_rep03_metadata,3,A5,1,5,37,r01c05f37,Phalloidin-647,ConA-594,DAPI,,18,LIN5-0B-b3-s1,2,,P16-18,P18,False,5,P18 LIN5-0B-b3-s1 AG2
20241018_rep03,plate_metadata/20241018_rep03_metadata,3,A5,1,5,38,r01c05f38,Phalloidin-647,ConA-594,DAPI,,18,LIN5-0B-b3-s1,2,,P16-18,P18,False,5,P18 LIN5-0B-b3-s1 AG2
20241018_rep03,plate_metadata/20241018_rep03_metadata,3,A5,1,5,39,r01c05f39,Phalloidin-647,ConA-594,DAPI,,18,LIN5-0B-b3-s1,2,,P16-18,P18,False,5,P18 LIN5-0B-b3-s1 AG2
20241018_rep03,plate_metadata/20241018_rep03_metadata,3,A5,1,5,40,r01c05f40,Phalloidin-647,ConA-594,DAPI,,18,LIN5-0B-b3-s1,2,,P16-18,P18,False,5,P18 LIN5-0B-b3-s1 AG2
20241018_rep03,plate_metadata/20241018_rep03_metadata,3,A6,1,6,1,r01c06f01,Phalloidin-647,ConA-594,DAPI,,16,LIN6-0C-b1-s1,1,,P16-18,P16,False,6,P16 LIN6-0C-b1-s1 AG1
20241018_rep03,plate_metadata/20241018_rep03_metadata,3,A6,1,6,2,r01c06f02,Phalloidin-647,ConA-594,DAPI,,16,LIN6-0C-b1-s1,1,,P16-18,P16,False,6,P16 LIN6-0C-b1-s1 AG1
20241018_rep03,plate_metadata/20241018_rep03_metadata,3,A6,1,6,3,r01c06f03,Phalloidin-647,ConA-594,DAPI,,16,LIN6-0C-b1-s1,1,,P16-18,P16,False,6,P16 LIN6-0C-b1-s1 AG1
20241018_rep03,plate_metadata/20241018_rep03_metadata,3,A6,1,6,4,r01c06f04,Phalloidin-647,ConA-594,DAPI,,16,LIN6-0C-b1-s1,1,,P16-18,P16,False,6,P16 LIN6-0C-b1-s1 AG1
20241018_rep03,plate_metadata/20241018_rep03_metadata,3,A6,1,6,5,r01c06f05,Phalloidin-647,ConA-594,DAPI,,16,LIN6-0C-b1-s1,1,,P16-18,P16,False,6,P16 LIN6-0C-b1-s1 AG1
20241018_rep03,plate_metadata/20241018_rep03_metadata,3,A6,1,6,6,r01c06f06,Phalloidin-647,ConA-594,DAPI,,16,LIN6-0C-b1-s1,1,,P16-18,P16,False,6,P16 LIN6-0C-b1-s1 AG1
20241018_rep03,plate_metadata/20241018_rep03_metadata,3,A6,1,6,7,r01c06f07,Phalloidin-647,ConA-594,DAPI,,16,LIN6-0C-b1-s1,1,,P16-18,P16,False,6,P16 LIN6-0C-b1-s1 AG1
20241018_rep03,plate_metadata/20241018_rep03_metadata,3,A6,1,6,8,r01c06f08,Phalloidin-647,ConA-594,DAPI,,16,LIN6-0C-b1-s1,1,,P16-18,P16,False,6,P16 LIN6-0C-b1-s1 AG1
20241018_rep03,plate_metadata/20241018_rep03_metadata,3,A6,1,6,9,r01c06f09,Phalloidin-647,ConA-594,DAPI,,16,LIN6-0C-b1-s1,1,,P16-18,P16,False,6,P16 LIN6-0C-b1-s1 AG1
20241018_rep03,plate_metadata/20241018_rep03_metadata,3,A6,1,6,10,r01c06f10,Phalloidin-647,ConA-594,DAPI,,16,LIN6-0C-b1-s1,1,,P16-18,P16,False,6,P16 LIN6-0C-b1-s1 AG1
20241018_rep03,plate_metadata/20241018_rep03_metadata,3,A6,1,6,11,r01c06f11,Phalloidin-647,ConA-594,DAPI,,16,LIN6-0C-b1-s1,1,,P16-18,P16,False,6,P16 LIN6-0C-b1-s1 AG1
20241018_rep03,plate_metadata/20241018_rep03_metadata,3,A6,1,6,12,r01c06f12,Phalloidin-647,ConA-594,DAPI,,16,LIN6-0C-b1-s1,1,,P16-18,P16,False,6,P16 LIN6-0C-b1-s1 AG1
20241018_rep03,plate_metadata/20241018_rep03_metadata,3,A6,1,6,13,r01c06f13,Phalloidin-647,ConA-594,DAPI,,16,LIN6-0C-b1-s1,1,,P16-18,P16,False,6,P16 LIN6-0C-b1-s1 AG1
20241018_rep03,plate_metadata/20241018_rep03_metadata,3,A6,1,6,14,r01c06f14,Phalloidin-647,ConA-594,DAPI,,16,LIN6-0C-b1-s1,1,,P16-18,P16,False,6,P16 LIN6-0C-b1-s1 AG1
20241018_rep03,plate_metadata/20241018_rep03_metadata,3,A6,1,6,15,r01c06f15,Phalloidin-647,ConA-594,DAPI,,16,LIN6-0C-b1-s1,1,,P16-18,P16,False,6,P16 LIN6-0C-b1-s1 AG1
20241018_rep03,plate_metadata/20241018_rep03_metadata,3,A6,1,6,16,r01c06f16,Phalloidin-647,ConA-594,DAPI,,16,LIN6-0C-b1-s1,1,,P16-18,P16,False,6,P16 LIN6-0C-b1-s1 AG1
20241018_rep03,plate_metadata/20241018_rep03_metadata,3,A6,1,6,17,r01c06f17,Phalloidin-647,ConA-594,DAPI,,16,LIN6-0C-b1-s1,1,,P16-18,P16,False,6,P16 LIN6-0C-b1-s1 AG1
20241018_rep03,plate_metadata/20241018_rep03_metadata,3,A6,1,6,18,r01c06f18,Phalloidin-647,ConA-594,DAPI,,16,LIN6-0C-b1-s1,1,,P16-18,P16,False,6,P16 LIN6-0C-b1-s1 AG1
20241018_rep03,plate_metadata/20241018_rep03_metadata,3,A6,1,6,19,r01c06f19,Phalloidin-647,ConA-594,DAPI,,16,LIN6-0C-b1-s1,1,,P16-18,P16,False,6,P16 LIN6-0C-b1-s1 AG1
20241018_rep03,plate_metadata/20241018_rep03_metadata,3,A6,1,6,20,r01c06f20,Phalloidin-647,ConA-594,DAPI,,16,LIN6-0C-b1-s1,1,,P16-18,P16,False,6,P16 LIN6-0C-b1-s1 AG1
20241018_rep03,plate_metadata/20241018_rep03_metadata,3,A6,1,6,21,r01c06f21,Phalloidin-647,ConA-594,DAPI,,16,LIN6-0C-b1-s1,1,,P16-18,P16,False,6,P16 LIN6-0C-b1-s1 AG1
20241018_rep03,plate_metadata/20241018_rep03_metadata,3,A6,1,6,22,r01c06f22,Phalloidin-647,ConA-594,DAPI,,16,LIN6-0C-b1-s1,1,,P16-18,P16,False,6,P16 LIN6-0C-b1-s1 AG1
20241018_rep03,plate_metadata/20241018_rep03_metadata,3,A6,1,6,23,r01c06f23,Phalloidin-647,ConA-594,DAPI,,16,LIN6-0C-b1-s1,1,,P16-18,P16,False,6,P16 LIN6-0C-b1-s1 AG1
20241018_rep03,plate_metadata/20241018_rep03_metadata,3,A6,1,6,24,r01c06f24,Phalloidin-647,ConA-594,DAPI,,16,LIN6-0C-b1-s1,1,,P16-18,P16,False,6,P16 LIN6-0C-b1-s1 AG1
20241018_rep03,plate_metadata/20241018_rep03_metadata,3,A6,1,6,25,r01c06f25,Phalloidin-647,ConA-594,DAPI,,16,LIN6-0C-b1-s1,1,,P16-18,P16,False,6,P16 LIN6-0C-b1-s1 AG1
20241018_rep03,plate_metadata/20241018_rep03_metadata,3,A6,1,6,26,r01c06f26,Phalloidin-647,ConA-594,DAPI,,16,LIN6-0C-b1-s1,1,,P16-18,P16,False,6,P16 LIN6-0C-b1-s1 AG1
20241018_rep03,plate_metadata/20241018_rep03_metadata,3,A6,1,6,27,r01c06f27,Phalloidin-647,ConA-594,DAPI,,16,LIN6-0C-b1-s1,1,,P16-18,P16,False,6,P16 LIN6-0C-b1-s1 AG1
20241018_rep03,plate_metadata/20241018_rep03_metadata,3,A6,1,6,28,r01c06f28,Phalloidin-647,ConA-594,DAPI,,16,LIN6-0C-b1-s1,1,,P16-18,P16,False,6,P16 LIN6-0C-b1-s1 AG1
20241018_rep03,plate_metadata/20241018_rep03_metadata,3,A6,1,6,29,r01c06f29,Phalloidin-647,ConA-594,DAPI,,16,LIN6-0C-b1-s1,1,,P16-18,P16,False,6,P16 LIN6-0C-b1-s1 AG1
20241018_rep03,plate_metadata/20241018_rep03_metadata,3,A6,1,6,30,r01c06f30,Phalloidin-647,ConA-594,DAPI,,16,LIN6-0C-b1-s1,1,,P16-18,P16,False,6,P16 LIN6-0C-b1-s1 AG1
20241018_rep03,plate_metadata/20241018_rep03_metadata,3,A6,1,6,31,r01c06f31,Phalloidin-647,ConA-594,DAPI,,16,LIN6-0C-b1-s1,1,,P16-18,P16,False,6,P16 LIN6-0C-b1-s1 AG1
20241018_rep03,plate_metadata/20241018_rep03_metadata,3,A6,1,6,32,r01c06f32,Phalloidin-647,ConA-594,DAPI,,16,LIN6-0C-b1-s1,1,,P16-18,P16,False,6,P16 LIN6-0C-b1-s1 AG1
20241018_rep03,plate_metadata/20241018_rep03_metadata,3,A6,1,6,33,r01c06f33,Phalloidin-647,ConA-594,DAPI,,16,LIN6-0C-b1-s1,1,,P16-18,P16,False,6,P16 LIN6-0C-b1-s1 AG1
20241018_rep03,plate_metadata/20241018_rep03_metadata,3,A6,1,6,34,r01c06f34,Phalloidin-647,ConA-594,DAPI,,16,LIN6-0C-b1-s1,1,,P16-18,P16,False,6,P16 LIN6-0C-b1-s1 AG1
20241018_rep03,plate_metadata/20241018_rep03_metadata,3,A6,1,6,35,r01c06f35,Phalloidin-647,ConA-594,DAPI,,16,LIN6-0C-b1-s1,1,,P16-18,P16,False,6,P16 LIN6-0C-b1-s1 AG1
20241018_rep03,plate_metadata/20241018_rep03_metadata,3,A6,1,6,36,r01c06f36,Phalloidin-647,ConA-594,DAPI,,16,LIN6-0C-b1-s1,1,,P16-18,P16,False,6,P16 LIN6-0C-b1-s1 AG1
20241018_rep03,plate_metadata/20241018_rep03_metadata,3,A6,1,6,37,r01c06f37,Phalloidin-647,ConA-594,DAPI,,16,LIN6-0C-b1-s1,1,,P16-18,P16,False,6,P16 LIN6-0C-b1-s1 AG1
20241018_rep03,plate_metadata/20241018_rep03_metadata,3,A6,1,6,38,r01c06f38,Phalloidin-647,ConA-594,DAPI,,16,LIN6-0C-b1-s1,1,,P16-18,P16,False,6,P16 LIN6-0C-b1-s1 AG1
20241018_rep03,plate_metadata/20241018_rep03_metadata,3,A6,1,6,39,r01c06f39,Phalloidin-647,ConA-594,DAPI,,16,LIN6-0C-b1-s1,1,,P16-18,P16,False,6,P16 LIN6-0C-b1-s1 AG1
20241018_rep03,plate_metadata/20241018_rep03_metadata,3,A6,1,6,40,r01c06f40,Phalloidin-647,ConA-594,DAPI,,16,LIN6-0C-b1-s1,1,,P16-18,P16,False,6,P16 LIN6-0C-b1-s1 AG1
20241018_rep03,plate_metadata/20241018_rep03_metadata,3,A7,1,7,1,r01c07f01,Phalloidin-647,ConA-594,DAPI,,13,LIN7-0C-b3,0,,P13-15,P13,False,7,P13 LIN7-0C-b3 AG0
20241018_rep03,plate_metadata/20241018_rep03_metadata,3,A7,1,7,2,r01c07f02,Phalloidin-647,ConA-594,DAPI,,13,LIN7-0C-b3,0,,P13-15,P13,False,7,P13 LIN7-0C-b3 AG0
20241018_rep03,plate_metadata/20241018_rep03_metadata,3,A7,1,7,3,r01c07f03,Phalloidin-647,ConA-594,DAPI,,13,LIN7-0C-b3,0,,P13-15,P13,False,7,P13 LIN7-0C-b3 AG0
20241018_rep03,plate_metadata/20241018_rep03_metadata,3,A7,1,7,4,r01c07f04,Phalloidin-647,ConA-594,DAPI,,13,LIN7-0C-b3,0,,P13-15,P13,False,7,P13 LIN7-0C-b3 AG0
20241018_rep03,plate_metadata/20241018_rep03_metadata,3,A7,1,7,5,r01c07f05,Phalloidin-647,ConA-594,DAPI,,13,LIN7-0C-b3,0,,P13-15,P13,False,7,P13 LIN7-0C-b3 AG0
20241018_rep03,plate_metadata/20241018_rep03_metadata,3,A7,1,7,6,r01c07f06,Phalloidin-647,ConA-594,DAPI,,13,LIN7-0C-b3,0,,P13-15,P13,False,7,P13 LIN7-0C-b3 AG0
20241018_rep03,plate_metadata/20241018_rep03_metadata,3,A7,1,7,7,r01c07f07,Phalloidin-647,ConA-594,DAPI,,13,LIN7-0C-b3,0,,P13-15,P13,False,7,P13 LIN7-0C-b3 AG0
20241018_rep03,plate_metadata/20241018_rep03_metadata,3,A7,1,7,8,r01c07f08,Phalloidin-647,ConA-594,DAPI,,13,LIN7-0C-b3,0,,P13-15,P13,False,7,P13 LIN7-0C-b3 AG0
20241018_rep03,plate_metadata/20241018_rep03_metadata,3,A7,1,7,9,r01c07f09,Phalloidin-647,ConA-594,DAPI,,13,LIN7-0C-b3,0,,P13-15,P13,False,7,P13 LIN7-0C-b3 AG0
20241018_rep03,plate_metadata/20241018_rep03_metadata,3,A7,1,7,10,r01c07f10,Phalloidin-647,ConA-594,DAPI,,13,LIN7-0C-b3,0,,P13-15,P13,False,7,P13 LIN7-0C-b3 AG0
20241018_rep03,plate_metadata/20241018_rep03_metadata,3,A7,1,7,11,r01c07f11,Phalloidin-647,ConA-594,DAPI,,13,LIN7-0C-b3,0,,P13-15,P13,False,7,P13 LIN7-0C-b3 AG0
20241018_rep03,plate_metadata/20241018_rep03_metadata,3,A7,1,7,12,r01c07f12,Phalloidin-647,ConA-594,DAPI,,13,LIN7-0C-b3,0,,P13-15,P13,False,7,P13 LIN7-0C-b3 AG0
20241018_rep03,plate_metadata/20241018_rep03_metadata,3,A7,1,7,13,r01c07f13,Phalloidin-647,ConA-594,DAPI,,13,LIN7-0C-b3,0,,P13-15,P13,False,7,P13 LIN7-0C-b3 AG0
20241018_rep03,plate_metadata/20241018_rep03_metadata,3,A7,1,7,14,r01c07f14,Phalloidin-647,ConA-594,DAPI,,13,LIN7-0C-b3,0,,P13-15,P13,False,7,P13 LIN7-0C-b3 AG0
20241018_rep03,plate_metadata/20241018_rep03_metadata,3,A7,1,7,15,r01c07f15,Phalloidin-647,ConA-594,DAPI,,13,LIN7-0C-b3,0,,P13-15,P13,False,7,P13 LIN7-0C-b3 AG0
20241018_rep03,plate_metadata/20241018_rep03_metadata,3,A7,1,7,16,r01c07f16,Phalloidin-647,ConA-594,DAPI,,13,LIN7-0C-b3,0,,P13-15,P13,False,7,P13 LIN7-0C-b3 AG0
20241018_rep03,plate_metadata/20241018_rep03_metadata,3,A7,1,7,17,r01c07f17,Phalloidin-647,ConA-594,DAPI,,13,LIN7-0C-b3,0,,P13-15,P13,False,7,P13 LIN7-0C-b3 AG0
20241018_rep03,plate_metadata/20241018_rep03_metadata,3,A7,1,7,18,r01c07f18,Phalloidin-647,ConA-594,DAPI,,13,LIN7-0C-b3,0,,P13-15,P13,False,7,P13 LIN7-0C-b3 AG0
20241018_rep03,plate_metadata/20241018_rep03_metadata,3,A7,1,7,19,r01c07f19,Phalloidin-647,ConA-594,DAPI,,13,LIN7-0C-b3,0,,P13-15,P13,False,7,P13 LIN7-0C-b3 AG0
20241018_rep03,plate_metadata/20241018_rep03_metadata,3,A7,1,7,20,r01c07f20,Phalloidin-647,ConA-594,DAPI,,13,LIN7-0C-b3,0,,P13-15,P13,False,7,P13 LIN7-0C-b3 AG0
20241018_rep03,plate_metadata/20241018_rep03_metadata,3,A7,1,7,21,r01c07f21,Phalloidin-647,ConA-594,DAPI,,13,LIN7-0C-b3,0,,P13-15,P13,False,7,P13 LIN7-0C-b3 AG0
20241018_rep03,plate_metadata/20241018_rep03_metadata,3,A7,1,7,22,r01c07f22,Phalloidin-647,ConA-594,DAPI,,13,LIN7-0C-b3,0,,P13-15,P13,False,7,P13 LIN7-0C-b3 AG0
20241018_rep03,plate_metadata/20241018_rep03_metadata,3,A7,1,7,23,r01c07f23,Phalloidin-647,ConA-594,DAPI,,13,LIN7-0C-b3,0,,P13-15,P13,False,7,P13 LIN7-0C-b3 AG0
20241018_rep03,plate_metadata/20241018_rep03_metadata,3,A7,1,7,24,r01c07f24,Phalloidin-647,ConA-594,DAPI,,13,LIN7-0C-b3,0,,P13-15,P13,False,7,P13 LIN7-0C-b3 AG0
20241018_rep03,plate_metadata/20241018_rep03_metadata,3,A7,1,7,25,r01c07f25,Phalloidin-647,ConA-594,DAPI,,13,LIN7-0C-b3,0,,P13-15,P13,False,7,P13 LIN7-0C-b3 AG0
20241018_rep03,plate_metadata/20241018_rep03_metadata,3,A7,1,7,26,r01c07f26,Phalloidin-647,ConA-594,DAPI,,13,LIN7-0C-b3,0,,P13-15,P13,False,7,P13 LIN7-0C-b3 AG0
20241018_rep03,plate_metadata/20241018_rep03_metadata,3,A7,1,7,27,r01c07f27,Phalloidin-647,ConA-594,DAPI,,13,LIN7-0C-b3,0,,P13-15,P13,False,7,P13 LIN7-0C-b3 AG0
20241018_rep03,plate_metadata/20241018_rep03_metadata,3,A7,1,7,28,r01c07f28,Phalloidin-647,ConA-594,DAPI,,13,LIN7-0C-b3,0,,P13-15,P13,False,7,P13 LIN7-0C-b3 AG0
20241018_rep03,plate_metadata/20241018_rep03_metadata,3,A7,1,7,29,r01c07f29,Phalloidin-647,ConA-594,DAPI,,13,LIN7-0C-b3,0,,P13-15,P13,False,7,P13 LIN7-0C-b3 AG0
20241018_rep03,plate_metadata/20241018_rep03_metadata,3,A7,1,7,30,r01c07f30,Phalloidin-647,ConA-594,DAPI,,13,LIN7-0C-b3,0,,P13-15,P13,False,7,P13 LIN7-0C-b3 AG0
20241018_rep03,plate_metadata/20241018_rep03_metadata,3,A7,1,7,31,r01c07f31,Phalloidin-647,ConA-594,DAPI,,13,LIN7-0C-b3,0,,P13-15,P13,False,7,P13 LIN7-0C-b3 AG0
20241018_rep03,plate_metadata/20241018_rep03_metadata,3,A7,1,7,32,r01c07f32,Phalloidin-647,ConA-594,DAPI,,13,LIN7-0C-b3,0,,P13-15,P13,False,7,P13 LIN7-0C-b3 AG0
20241018_rep03,plate_metadata/20241018_rep03_metadata,3,A7,1,7,33,r01c07f33,Phalloidin-647,ConA-594,DAPI,,13,LIN7-0C-b3,0,,P13-15,P13,False,7,P13 LIN7-0C-b3 AG0
20241018_rep03,plate_metadata/20241018_rep03_metadata,3,A7,1,7,34,r01c07f34,Phalloidin-647,ConA-594,DAPI,,13,LIN7-0C-b3,0,,P13-15,P13,False,7,P13 LIN7-0C-b3 AG0
20241018_rep03,plate_metadata/20241018_rep03_metadata,3,A7,1,7,35,r01c07f35,Phalloidin-647,ConA-594,DAPI,,13,LIN7-0C-b3,0,,P13-15,P13,False,7,P13 LIN7-0C-b3 AG0
20241018_rep03,plate_metadata/20241018_rep03_metadata,3,A7,1,7,36,r01c07f36,Phalloidin-647,ConA-594,DAPI,,13,LIN7-0C-b3,0,,P13-15,P13,False,7,P13 LIN7-0C-b3 AG0
20241018_rep03,plate_metadata/20241018_rep03_metadata,3,A7,1,7,37,r01c07f37,Phalloidin-647,ConA-594,DAPI,,13,LIN7-0C-b3,0,,P13-15,P13,False,7,P13 LIN7-0C-b3 AG0
20241018_rep03,plate_metadata/20241018_rep03_metadata,3,A7,1,7,38,r01c07f38,Phalloidin-647,ConA-594,DAPI,,13,LIN7-0C-b3,0,,P13-15,P13,False,7,P13 LIN7-0C-b3 AG0
20241018_rep03,plate_metadata/20241018_rep03_metadata,3,A7,1,7,39,r01c07f39,Phalloidin-647,ConA-594,DAPI,,13,LIN7-0C-b3,0,,P13-15,P13,False,7,P13 LIN7-0C-b3 AG0
20241018_rep03,plate_metadata/20241018_rep03_metadata,3,A7,1,7,40,r01c07f40,Phalloidin-647,ConA-594,DAPI,,13,LIN7-0C-b3,0,,P13-15,P13,False,7,P13 LIN7-0C-b3 AG0
20241018_rep03,plate_metadata/20241018_rep03_metadata,3,B2,2,2,1,r02c02f01,LAMP1-488,MitoTracker-Red,DAPI,,25,LIN2-0A-b1-s1,5,,P25-27,P25,False,2,P25 LIN2-0A-b1-s1 AG5
20241018_rep03,plate_metadata/20241018_rep03_metadata,3,B2,2,2,2,r02c02f02,LAMP1-488,MitoTracker-Red,DAPI,,25,LIN2-0A-b1-s1,5,,P25-27,P25,False,2,P25 LIN2-0A-b1-s1 AG5
20241018_rep03,plate_metadata/20241018_rep03_metadata,3,B2,2,2,3,r02c02f03,LAMP1-488,MitoTracker-Red,DAPI,,25,LIN2-0A-b1-s1,5,,P25-27,P25,False,2,P25 LIN2-0A-b1-s1 AG5
20241018_rep03,plate_metadata/20241018_rep03_metadata,3,B2,2,2,4,r02c02f04,LAMP1-488,MitoTracker-Red,DAPI,,25,LIN2-0A-b1-s1,5,,P25-27,P25,False,2,P25 LIN2-0A-b1-s1 AG5
20241018_rep03,plate_metadata/20241018_rep03_metadata,3,B2,2,2,5,r02c02f05,LAMP1-488,MitoTracker-Red,DAPI,,25,LIN2-0A-b1-s1,5,,P25-27,P25,False,2,P25 LIN2-0A-b1-s1 AG5
20241018_rep03,plate_metadata/20241018_rep03_metadata,3,B2,2,2,6,r02c02f06,LAMP1-488,MitoTracker-Red,DAPI,,25,LIN2-0A-b1-s1,5,,P25-27,P25,False,2,P25 LIN2-0A-b1-s1 AG5
20241018_rep03,plate_metadata/20241018_rep03_metadata,3,B2,2,2,7,r02c02f07,LAMP1-488,MitoTracker-Red,DAPI,,25,LIN2-0A-b1-s1,5,,P25-27,P25,False,2,P25 LIN2-0A-b1-s1 AG5
20241018_rep03,plate_metadata/20241018_rep03_metadata,3,B2,2,2,8,r02c02f08,LAMP1-488,MitoTracker-Red,DAPI,,25,LIN2-0A-b1-s1,5,,P25-27,P25,False,2,P25 LIN2-0A-b1-s1 AG5
20241018_rep03,plate_metadata/20241018_rep03_metadata,3,B2,2,2,9,r02c02f09,LAMP1-488,MitoTracker-Red,DAPI,,25,LIN2-0A-b1-s1,5,,P25-27,P25,False,2,P25 LIN2-0A-b1-s1 AG5
20241018_rep03,plate_metadata/20241018_rep03_metadata,3,B2,2,2,10,r02c02f10,LAMP1-488,MitoTracker-Red,DAPI,,25,LIN2-0A-b1-s1,5,,P25-27,P25,False,2,P25 LIN2-0A-b1-s1 AG5
20241018_rep03,plate_metadata/20241018_rep03_metadata,3,B2,2,2,11,r02c02f11,LAMP1-488,MitoTracker-Red,DAPI,,25,LIN2-0A-b1-s1,5,,P25-27,P25,False,2,P25 LIN2-0A-b1-s1 AG5
20241018_rep03,plate_metadata/20241018_rep03_metadata,3,B2,2,2,12,r02c02f12,LAMP1-488,MitoTracker-Red,DAPI,,25,LIN2-0A-b1-s1,5,,P25-27,P25,False,2,P25 LIN2-0A-b1-s1 AG5
20241018_rep03,plate_metadata/20241018_rep03_metadata,3,B2,2,2,13,r02c02f13,LAMP1-488,MitoTracker-Red,DAPI,,25,LIN2-0A-b1-s1,5,,P25-27,P25,False,2,P25 LIN2-0A-b1-s1 AG5
20241018_rep03,plate_metadata/20241018_rep03_metadata,3,B2,2,2,14,r02c02f14,LAMP1-488,MitoTracker-Red,DAPI,,25,LIN2-0A-b1-s1,5,,P25-27,P25,False,2,P25 LIN2-0A-b1-s1 AG5
20241018_rep03,plate_metadata/20241018_rep03_metadata,3,B2,2,2,15,r02c02f15,LAMP1-488,MitoTracker-Red,DAPI,,25,LIN2-0A-b1-s1,5,,P25-27,P25,False,2,P25 LIN2-0A-b1-s1 AG5
20241018_rep03,plate_metadata/20241018_rep03_metadata,3,B2,2,2,16,r02c02f16,LAMP1-488,MitoTracker-Red,DAPI,,25,LIN2-0A-b1-s1,5,,P25-27,P25,False,2,P25 LIN2-0A-b1-s1 AG5
20241018_rep03,plate_metadata/20241018_rep03_metadata,3,B2,2,2,17,r02c02f17,LAMP1-488,MitoTracker-Red,DAPI,,25,LIN2-0A-b1-s1,5,,P25-27,P25,False,2,P25 LIN2-0A-b1-s1 AG5
20241018_rep03,plate_metadata/20241018_rep03_metadata,3,B2,2,2,18,r02c02f18,LAMP1-488,MitoTracker-Red,DAPI,,25,LIN2-0A-b1-s1,5,,P25-27,P25,False,2,P25 LIN2-0A-b1-s1 AG5
20241018_rep03,plate_metadata/20241018_rep03_metadata,3,B2,2,2,19,r02c02f19,LAMP1-488,MitoTracker-Red,DAPI,,25,LIN2-0A-b1-s1,5,,P25-27,P25,False,2,P25 LIN2-0A-b1-s1 AG5
20241018_rep03,plate_metadata/20241018_rep03_metadata,3,B2,2,2,20,r02c02f20,LAMP1-488,MitoTracker-Red,DAPI,,25,LIN2-0A-b1-s1,5,,P25-27,P25,False,2,P25 LIN2-0A-b1-s1 AG5
20241018_rep03,plate_metadata/20241018_rep03_metadata,3,B2,2,2,21,r02c02f21,LAMP1-488,MitoTracker-Red,DAPI,,25,LIN2-0A-b1-s1,5,,P25-27,P25,False,2,P25 LIN2-0A-b1-s1 AG5
20241018_rep03,plate_metadata/20241018_rep03_metadata,3,B2,2,2,22,r02c02f22,LAMP1-488,MitoTracker-Red,DAPI,,25,LIN2-0A-b1-s1,5,,P25-27,P25,False,2,P25 LIN2-0A-b1-s1 AG5
20241018_rep03,plate_metadata/20241018_rep03_metadata,3,B2,2,2,23,r02c02f23,LAMP1-488,MitoTracker-Red,DAPI,,25,LIN2-0A-b1-s1,5,,P25-27,P25,False,2,P25 LIN2-0A-b1-s1 AG5
20241018_rep03,plate_metadata/20241018_rep03_metadata,3,B2,2,2,24,r02c02f24,LAMP1-488,MitoTracker-Red,DAPI,,25,LIN2-0A-b1-s1,5,,P25-27,P25,False,2,P25 LIN2-0A-b1-s1 AG5
20241018_rep03,plate_metadata/20241018_rep03_metadata,3,B2,2,2,25,r02c02f25,LAMP1-488,MitoTracker-Red,DAPI,,25,LIN2-0A-b1-s1,5,,P25-27,P25,False,2,P25 LIN2-0A-b1-s1 AG5
20241018_rep03,plate_metadata/20241018_rep03_metadata,3,B2,2,2,26,r02c02f26,LAMP1-488,MitoTracker-Red,DAPI,,25,LIN2-0A-b1-s1,5,,P25-27,P25,False,2,P25 LIN2-0A-b1-s1 AG5
20241018_rep03,plate_metadata/20241018_rep03_metadata,3,B2,2,2,27,r02c02f27,LAMP1-488,MitoTracker-Red,DAPI,,25,LIN2-0A-b1-s1,5,,P25-27,P25,False,2,P25 LIN2-0A-b1-s1 AG5
20241018_rep03,plate_metadata/20241018_rep03_metadata,3,B2,2,2,28,r02c02f28,LAMP1-488,MitoTracker-Red,DAPI,,25,LIN2-0A-b1-s1,5,,P25-27,P25,False,2,P25 LIN2-0A-b1-s1 AG5
20241018_rep03,plate_metadata/20241018_rep03_metadata,3,B2,2,2,29,r02c02f29,LAMP1-488,MitoTracker-Red,DAPI,,25,LIN2-0A-b1-s1,5,,P25-27,P25,False,2,P25 LIN2-0A-b1-s1 AG5
20241018_rep03,plate_metadata/20241018_rep03_metadata,3,B2,2,2,30,r02c02f30,LAMP1-488,MitoTracker-Red,DAPI,,25,LIN2-0A-b1-s1,5,,P25-27,P25,False,2,P25 LIN2-0A-b1-s1 AG5
20241018_rep03,plate_metadata/20241018_rep03_metadata,3,B2,2,2,31,r02c02f31,LAMP1-488,MitoTracker-Red,DAPI,,25,LIN2-0A-b1-s1,5,,P25-27,P25,False,2,P25 LIN2-0A-b1-s1 AG5
20241018_rep03,plate_metadata/20241018_rep03_metadata,3,B2,2,2,32,r02c02f32,LAMP1-488,MitoTracker-Red,DAPI,,25,LIN2-0A-b1-s1,5,,P25-27,P25,False,2,P25 LIN2-0A-b1-s1 AG5
20241018_rep03,plate_metadata/20241018_rep03_metadata,3,B2,2,2,33,r02c02f33,LAMP1-488,MitoTracker-Red,DAPI,,25,LIN2-0A-b1-s1,5,,P25-27,P25,False,2,P25 LIN2-0A-b1-s1 AG5
20241018_rep03,plate_metadata/20241018_rep03_metadata,3,B2,2,2,34,r02c02f34,LAMP1-488,MitoTracker-Red,DAPI,,25,LIN2-0A-b1-s1,5,,P25-27,P25,False,2,P25 LIN2-0A-b1-s1 AG5
20241018_rep03,plate_metadata/20241018_rep03_metadata,3,B2,2,2,35,r02c02f35,LAMP1-488,MitoTracker-Red,DAPI,,25,LIN2-0A-b1-s1,5,,P25-27,P25,False,2,P25 LIN2-0A-b1-s1 AG5
20241018_rep03,plate_metadata/20241018_rep03_metadata,3,B2,2,2,36,r02c02f36,LAMP1-488,MitoTracker-Red,DAPI,,25,LIN2-0A-b1-s1,5,,P25-27,P25,False,2,P25 LIN2-0A-b1-s1 AG5
20241018_rep03,plate_metadata/20241018_rep03_metadata,3,B2,2,2,37,r02c02f37,LAMP1-488,MitoTracker-Red,DAPI,,25,LIN2-0A-b1-s1,5,,P25-27,P25,False,2,P25 LIN2-0A-b1-s1 AG5
20241018_rep03,plate_metadata/20241018_rep03_metadata,3,B2,2,2,38,r02c02f38,LAMP1-488,MitoTracker-Red,DAPI,,25,LIN2-0A-b1-s1,5,,P25-27,P25,False,2,P25 LIN2-0A-b1-s1 AG5
20241018_rep03,plate_metadata/20241018_rep03_metadata,3,B2,2,2,39,r02c02f39,LAMP1-488,MitoTracker-Red,DAPI,,25,LIN2-0A-b1-s1,5,,P25-27,P25,False,2,P25 LIN2-0A-b1-s1 AG5
20241018_rep03,plate_metadata/20241018_rep03_metadata,3,B2,2,2,40,r02c02f40,LAMP1-488,MitoTracker-Red,DAPI,,25,LIN2-0A-b1-s1,5,,P25-27,P25,False,2,P25 LIN2-0A-b1-s1 AG5
20241018_rep03,plate_metadata/20241018_rep03_metadata,3,B3,2,3,1,r02c03f01,LAMP1-488,MitoTracker-Red,DAPI,,22,LIN3-0A-b2-s1,4,,P22-24,P22,False,3,P22 LIN3-0A-b2-s1 AG4
20241018_rep03,plate_metadata/20241018_rep03_metadata,3,B3,2,3,2,r02c03f02,LAMP1-488,MitoTracker-Red,DAPI,,22,LIN3-0A-b2-s1,4,,P22-24,P22,False,3,P22 LIN3-0A-b2-s1 AG4
20241018_rep03,plate_metadata/20241018_rep03_metadata,3,B3,2,3,3,r02c03f03,LAMP1-488,MitoTracker-Red,DAPI,,22,LIN3-0A-b2-s1,4,,P22-24,P22,False,3,P22 LIN3-0A-b2-s1 AG4
20241018_rep03,plate_metadata/20241018_rep03_metadata,3,B3,2,3,4,r02c03f04,LAMP1-488,MitoTracker-Red,DAPI,,22,LIN3-0A-b2-s1,4,,P22-24,P22,False,3,P22 LIN3-0A-b2-s1 AG4
20241018_rep03,plate_metadata/20241018_rep03_metadata,3,B3,2,3,5,r02c03f05,LAMP1-488,MitoTracker-Red,DAPI,,22,LIN3-0A-b2-s1,4,,P22-24,P22,False,3,P22 LIN3-0A-b2-s1 AG4
20241018_rep03,plate_metadata/20241018_rep03_metadata,3,B3,2,3,6,r02c03f06,LAMP1-488,MitoTracker-Red,DAPI,,22,LIN3-0A-b2-s1,4,,P22-24,P22,False,3,P22 LIN3-0A-b2-s1 AG4
20241018_rep03,plate_metadata/20241018_rep03_metadata,3,B3,2,3,7,r02c03f07,LAMP1-488,MitoTracker-Red,DAPI,,22,LIN3-0A-b2-s1,4,,P22-24,P22,False,3,P22 LIN3-0A-b2-s1 AG4
20241018_rep03,plate_metadata/20241018_rep03_metadata,3,B3,2,3,8,r02c03f08,LAMP1-488,MitoTracker-Red,DAPI,,22,LIN3-0A-b2-s1,4,,P22-24,P22,False,3,P22 LIN3-0A-b2-s1 AG4
20241018_rep03,plate_metadata/20241018_rep03_metadata,3,B3,2,3,9,r02c03f09,LAMP1-488,MitoTracker-Red,DAPI,,22,LIN3-0A-b2-s1,4,,P22-24,P22,False,3,P22 LIN3-0A-b2-s1 AG4
20241018_rep03,plate_metadata/20241018_rep03_metadata,3,B3,2,3,10,r02c03f10,LAMP1-488,MitoTracker-Red,DAPI,,22,LIN3-0A-b2-s1,4,,P22-24,P22,False,3,P22 LIN3-0A-b2-s1 AG4
20241018_rep03,plate_metadata/20241018_rep03_metadata,3,B3,2,3,11,r02c03f11,LAMP1-488,MitoTracker-Red,DAPI,,22,LIN3-0A-b2-s1,4,,P22-24,P22,False,3,P22 LIN3-0A-b2-s1 AG4
20241018_rep03,plate_metadata/20241018_rep03_metadata,3,B3,2,3,12,r02c03f12,LAMP1-488,MitoTracker-Red,DAPI,,22,LIN3-0A-b2-s1,4,,P22-24,P22,False,3,P22 LIN3-0A-b2-s1 AG4
20241018_rep03,plate_metadata/20241018_rep03_metadata,3,B3,2,3,13,r02c03f13,LAMP1-488,MitoTracker-Red,DAPI,,22,LIN3-0A-b2-s1,4,,P22-24,P22,False,3,P22 LIN3-0A-b2-s1 AG4
20241018_rep03,plate_metadata/20241018_rep03_metadata,3,B3,2,3,14,r02c03f14,LAMP1-488,MitoTracker-Red,DAPI,,22,LIN3-0A-b2-s1,4,,P22-24,P22,False,3,P22 LIN3-0A-b2-s1 AG4
20241018_rep03,plate_metadata/20241018_rep03_metadata,3,B3,2,3,15,r02c03f15,LAMP1-488,MitoTracker-Red,DAPI,,22,LIN3-0A-b2-s1,4,,P22-24,P22,False,3,P22 LIN3-0A-b2-s1 AG4
20241018_rep03,plate_metadata/20241018_rep03_metadata,3,B3,2,3,16,r02c03f16,LAMP1-488,MitoTracker-Red,DAPI,,22,LIN3-0A-b2-s1,4,,P22-24,P22,False,3,P22 LIN3-0A-b2-s1 AG4
20241018_rep03,plate_metadata/20241018_rep03_metadata,3,B3,2,3,17,r02c03f17,LAMP1-488,MitoTracker-Red,DAPI,,22,LIN3-0A-b2-s1,4,,P22-24,P22,False,3,P22 LIN3-0A-b2-s1 AG4
20241018_rep03,plate_metadata/20241018_rep03_metadata,3,B3,2,3,18,r02c03f18,LAMP1-488,MitoTracker-Red,DAPI,,22,LIN3-0A-b2-s1,4,,P22-24,P22,False,3,P22 LIN3-0A-b2-s1 AG4
20241018_rep03,plate_metadata/20241018_rep03_metadata,3,B3,2,3,19,r02c03f19,LAMP1-488,MitoTracker-Red,DAPI,,22,LIN3-0A-b2-s1,4,,P22-24,P22,False,3,P22 LIN3-0A-b2-s1 AG4
20241018_rep03,plate_metadata/20241018_rep03_metadata,3,B3,2,3,20,r02c03f20,LAMP1-488,MitoTracker-Red,DAPI,,22,LIN3-0A-b2-s1,4,,P22-24,P22,False,3,P22 LIN3-0A-b2-s1 AG4
20241018_rep03,plate_metadata/20241018_rep03_metadata,3,B3,2,3,21,r02c03f21,LAMP1-488,MitoTracker-Red,DAPI,,22,LIN3-0A-b2-s1,4,,P22-24,P22,False,3,P22 LIN3-0A-b2-s1 AG4
20241018_rep03,plate_metadata/20241018_rep03_metadata,3,B3,2,3,22,r02c03f22,LAMP1-488,MitoTracker-Red,DAPI,,22,LIN3-0A-b2-s1,4,,P22-24,P22,False,3,P22 LIN3-0A-b2-s1 AG4
20241018_rep03,plate_metadata/20241018_rep03_metadata,3,B3,2,3,23,r02c03f23,LAMP1-488,MitoTracker-Red,DAPI,,22,LIN3-0A-b2-s1,4,,P22-24,P22,False,3,P22 LIN3-0A-b2-s1 AG4
20241018_rep03,plate_metadata/20241018_rep03_metadata,3,B3,2,3,24,r02c03f24,LAMP1-488,MitoTracker-Red,DAPI,,22,LIN3-0A-b2-s1,4,,P22-24,P22,False,3,P22 LIN3-0A-b2-s1 AG4
20241018_rep03,plate_metadata/20241018_rep03_metadata,3,B3,2,3,25,r02c03f25,LAMP1-488,MitoTracker-Red,DAPI,,22,LIN3-0A-b2-s1,4,,P22-24,P22,False,3,P22 LIN3-0A-b2-s1 AG4
20241018_rep03,plate_metadata/20241018_rep03_metadata,3,B3,2,3,26,r02c03f26,LAMP1-488,MitoTracker-Red,DAPI,,22,LIN3-0A-b2-s1,4,,P22-24,P22,False,3,P22 LIN3-0A-b2-s1 AG4
20241018_rep03,plate_metadata/20241018_rep03_metadata,3,B3,2,3,27,r02c03f27,LAMP1-488,MitoTracker-Red,DAPI,,22,LIN3-0A-b2-s1,4,,P22-24,P22,False,3,P22 LIN3-0A-b2-s1 AG4
20241018_rep03,plate_metadata/20241018_rep03_metadata,3,B3,2,3,28,r02c03f28,LAMP1-488,MitoTracker-Red,DAPI,,22,LIN3-0A-b2-s1,4,,P22-24,P22,False,3,P22 LIN3-0A-b2-s1 AG4
20241018_rep03,plate_metadata/20241018_rep03_metadata,3,B3,2,3,29,r02c03f29,LAMP1-488,MitoTracker-Red,DAPI,,22,LIN3-0A-b2-s1,4,,P22-24,P22,False,3,P22 LIN3-0A-b2-s1 AG4
20241018_rep03,plate_metadata/20241018_rep03_metadata,3,B3,2,3,30,r02c03f30,LAMP1-488,MitoTracker-Red,DAPI,,22,LIN3-0A-b2-s1,4,,P22-24,P22,False,3,P22 LIN3-0A-b2-s1 AG4
20241018_rep03,plate_metadata/20241018_rep03_metadata,3,B3,2,3,31,r02c03f31,LAMP1-488,MitoTracker-Red,DAPI,,22,LIN3-0A-b2-s1,4,,P22-24,P22,False,3,P22 LIN3-0A-b2-s1 AG4
20241018_rep03,plate_metadata/20241018_rep03_metadata,3,B3,2,3,32,r02c03f32,LAMP1-488,MitoTracker-Red,DAPI,,22,LIN3-0A-b2-s1,4,,P22-24,P22,False,3,P22 LIN3-0A-b2-s1 AG4
20241018_rep03,plate_metadata/20241018_rep03_metadata,3,B3,2,3,33,r02c03f33,LAMP1-488,MitoTracker-Red,DAPI,,22,LIN3-0A-b2-s1,4,,P22-24,P22,False,3,P22 LIN3-0A-b2-s1 AG4
20241018_rep03,plate_metadata/20241018_rep03_metadata,3,B3,2,3,34,r02c03f34,LAMP1-488,MitoTracker-Red,DAPI,,22,LIN3-0A-b2-s1,4,,P22-24,P22,False,3,P22 LIN3-0A-b2-s1 AG4
20241018_rep03,plate_metadata/20241018_rep03_metadata,3,B3,2,3,35,r02c03f35,LAMP1-488,MitoTracker-Red,DAPI,,22,LIN3-0A-b2-s1,4,,P22-24,P22,False,3,P22 LIN3-0A-b2-s1 AG4
20241018_rep03,plate_metadata/20241018_rep03_metadata,3,B3,2,3,36,r02c03f36,LAMP1-488,MitoTracker-Red,DAPI,,22,LIN3-0A-b2-s1,4,,P22-24,P22,False,3,P22 LIN3-0A-b2-s1 AG4
20241018_rep03,plate_metadata/20241018_rep03_metadata,3,B3,2,3,37,r02c03f37,LAMP1-488,MitoTracker-Red,DAPI,,22,LIN3-0A-b2-s1,4,,P22-24,P22,False,3,P22 LIN3-0A-b2-s1 AG4
20241018_rep03,plate_metadata/20241018_rep03_metadata,3,B3,2,3,38,r02c03f38,LAMP1-488,MitoTracker-Red,DAPI,,22,LIN3-0A-b2-s1,4,,P22-24,P22,False,3,P22 LIN3-0A-b2-s1 AG4
20241018_rep03,plate_metadata/20241018_rep03_metadata,3,B3,2,3,39,r02c03f39,LAMP1-488,MitoTracker-Red,DAPI,,22,LIN3-0A-b2-s1,4,,P22-24,P22,False,3,P22 LIN3-0A-b2-s1 AG4
20241018_rep03,plate_metadata/20241018_rep03_metadata,3,B3,2,3,40,r02c03f40,LAMP1-488,MitoTracker-Red,DAPI,,22,LIN3-0A-b2-s1,4,,P22-24,P22,False,3,P22 LIN3-0A-b2-s1 AG4
20241018_rep03,plate_metadata/20241018_rep03_metadata,3,B4,2,4,1,r02c04f01,LAMP1-488,MitoTracker-Red,DAPI,,20,LIN4-0B-b2A-s1,3,,P19-21,P20,False,4,P20 LIN4-0B-b2A-s1 AG3
20241018_rep03,plate_metadata/20241018_rep03_metadata,3,B4,2,4,2,r02c04f02,LAMP1-488,MitoTracker-Red,DAPI,,20,LIN4-0B-b2A-s1,3,,P19-21,P20,False,4,P20 LIN4-0B-b2A-s1 AG3
20241018_rep03,plate_metadata/20241018_rep03_metadata,3,B4,2,4,3,r02c04f03,LAMP1-488,MitoTracker-Red,DAPI,,20,LIN4-0B-b2A-s1,3,,P19-21,P20,False,4,P20 LIN4-0B-b2A-s1 AG3
20241018_rep03,plate_metadata/20241018_rep03_metadata,3,B4,2,4,4,r02c04f04,LAMP1-488,MitoTracker-Red,DAPI,,20,LIN4-0B-b2A-s1,3,,P19-21,P20,False,4,P20 LIN4-0B-b2A-s1 AG3
20241018_rep03,plate_metadata/20241018_rep03_metadata,3,B4,2,4,5,r02c04f05,LAMP1-488,MitoTracker-Red,DAPI,,20,LIN4-0B-b2A-s1,3,,P19-21,P20,False,4,P20 LIN4-0B-b2A-s1 AG3
20241018_rep03,plate_metadata/20241018_rep03_metadata,3,B4,2,4,6,r02c04f06,LAMP1-488,MitoTracker-Red,DAPI,,20,LIN4-0B-b2A-s1,3,,P19-21,P20,False,4,P20 LIN4-0B-b2A-s1 AG3
20241018_rep03,plate_metadata/20241018_rep03_metadata,3,B4,2,4,7,r02c04f07,LAMP1-488,MitoTracker-Red,DAPI,,20,LIN4-0B-b2A-s1,3,,P19-21,P20,False,4,P20 LIN4-0B-b2A-s1 AG3
20241018_rep03,plate_metadata/20241018_rep03_metadata,3,B4,2,4,8,r02c04f08,LAMP1-488,MitoTracker-Red,DAPI,,20,LIN4-0B-b2A-s1,3,,P19-21,P20,False,4,P20 LIN4-0B-b2A-s1 AG3
20241018_rep03,plate_metadata/20241018_rep03_metadata,3,B4,2,4,9,r02c04f09,LAMP1-488,MitoTracker-Red,DAPI,,20,LIN4-0B-b2A-s1,3,,P19-21,P20,False,4,P20 LIN4-0B-b2A-s1 AG3
20241018_rep03,plate_metadata/20241018_rep03_metadata,3,B4,2,4,10,r02c04f10,LAMP1-488,MitoTracker-Red,DAPI,,20,LIN4-0B-b2A-s1,3,,P19-21,P20,False,4,P20 LIN4-0B-b2A-s1 AG3
20241018_rep03,plate_metadata/20241018_rep03_metadata,3,B4,2,4,11,r02c04f11,LAMP1-488,MitoTracker-Red,DAPI,,20,LIN4-0B-b2A-s1,3,,P19-21,P20,False,4,P20 LIN4-0B-b2A-s1 AG3
20241018_rep03,plate_metadata/20241018_rep03_metadata,3,B4,2,4,12,r02c04f12,LAMP1-488,MitoTracker-Red,DAPI,,20,LIN4-0B-b2A-s1,3,,P19-21,P20,False,4,P20 LIN4-0B-b2A-s1 AG3
20241018_rep03,plate_metadata/20241018_rep03_metadata,3,B4,2,4,13,r02c04f13,LAMP1-488,MitoTracker-Red,DAPI,,20,LIN4-0B-b2A-s1,3,,P19-21,P20,False,4,P20 LIN4-0B-b2A-s1 AG3
20241018_rep03,plate_metadata/20241018_rep03_metadata,3,B4,2,4,14,r02c04f14,LAMP1-488,MitoTracker-Red,DAPI,,20,LIN4-0B-b2A-s1,3,,P19-21,P20,False,4,P20 LIN4-0B-b2A-s1 AG3
20241018_rep03,plate_metadata/20241018_rep03_metadata,3,B4,2,4,15,r02c04f15,LAMP1-488,MitoTracker-Red,DAPI,,20,LIN4-0B-b2A-s1,3,,P19-21,P20,False,4,P20 LIN4-0B-b2A-s1 AG3
20241018_rep03,plate_metadata/20241018_rep03_metadata,3,B4,2,4,16,r02c04f16,LAMP1-488,MitoTracker-Red,DAPI,,20,LIN4-0B-b2A-s1,3,,P19-21,P20,False,4,P20 LIN4-0B-b2A-s1 AG3
20241018_rep03,plate_metadata/20241018_rep03_metadata,3,B4,2,4,17,r02c04f17,LAMP1-488,MitoTracker-Red,DAPI,,20,LIN4-0B-b2A-s1,3,,P19-21,P20,False,4,P20 LIN4-0B-b2A-s1 AG3
20241018_rep03,plate_metadata/20241018_rep03_metadata,3,B4,2,4,18,r02c04f18,LAMP1-488,MitoTracker-Red,DAPI,,20,LIN4-0B-b2A-s1,3,,P19-21,P20,False,4,P20 LIN4-0B-b2A-s1 AG3
20241018_rep03,plate_metadata/20241018_rep03_metadata,3,B4,2,4,19,r02c04f19,LAMP1-488,MitoTracker-Red,DAPI,,20,LIN4-0B-b2A-s1,3,,P19-21,P20,False,4,P20 LIN4-0B-b2A-s1 AG3
20241018_rep03,plate_metadata/20241018_rep03_metadata,3,B4,2,4,20,r02c04f20,LAMP1-488,MitoTracker-Red,DAPI,,20,LIN4-0B-b2A-s1,3,,P19-21,P20,False,4,P20 LIN4-0B-b2A-s1 AG3
20241018_rep03,plate_metadata/20241018_rep03_metadata,3,B4,2,4,21,r02c04f21,LAMP1-488,MitoTracker-Red,DAPI,,20,LIN4-0B-b2A-s1,3,,P19-21,P20,False,4,P20 LIN4-0B-b2A-s1 AG3
20241018_rep03,plate_metadata/20241018_rep03_metadata,3,B4,2,4,22,r02c04f22,LAMP1-488,MitoTracker-Red,DAPI,,20,LIN4-0B-b2A-s1,3,,P19-21,P20,False,4,P20 LIN4-0B-b2A-s1 AG3
20241018_rep03,plate_metadata/20241018_rep03_metadata,3,B4,2,4,23,r02c04f23,LAMP1-488,MitoTracker-Red,DAPI,,20,LIN4-0B-b2A-s1,3,,P19-21,P20,False,4,P20 LIN4-0B-b2A-s1 AG3
20241018_rep03,plate_metadata/20241018_rep03_metadata,3,B4,2,4,24,r02c04f24,LAMP1-488,MitoTracker-Red,DAPI,,20,LIN4-0B-b2A-s1,3,,P19-21,P20,False,4,P20 LIN4-0B-b2A-s1 AG3
20241018_rep03,plate_metadata/20241018_rep03_metadata,3,B4,2,4,25,r02c04f25,LAMP1-488,MitoTracker-Red,DAPI,,20,LIN4-0B-b2A-s1,3,,P19-21,P20,False,4,P20 LIN4-0B-b2A-s1 AG3
20241018_rep03,plate_metadata/20241018_rep03_metadata,3,B4,2,4,26,r02c04f26,LAMP1-488,MitoTracker-Red,DAPI,,20,LIN4-0B-b2A-s1,3,,P19-21,P20,False,4,P20 LIN4-0B-b2A-s1 AG3
20241018_rep03,plate_metadata/20241018_rep03_metadata,3,B4,2,4,27,r02c04f27,LAMP1-488,MitoTracker-Red,DAPI,,20,LIN4-0B-b2A-s1,3,,P19-21,P20,False,4,P20 LIN4-0B-b2A-s1 AG3
20241018_rep03,plate_metadata/20241018_rep03_metadata,3,B4,2,4,28,r02c04f28,LAMP1-488,MitoTracker-Red,DAPI,,20,LIN4-0B-b2A-s1,3,,P19-21,P20,False,4,P20 LIN4-0B-b2A-s1 AG3
20241018_rep03,plate_metadata/20241018_rep03_metadata,3,B4,2,4,29,r02c04f29,LAMP1-488,MitoTracker-Red,DAPI,,20,LIN4-0B-b2A-s1,3,,P19-21,P20,False,4,P20 LIN4-0B-b2A-s1 AG3
20241018_rep03,plate_metadata/20241018_rep03_metadata,3,B4,2,4,30,r02c04f30,LAMP1-488,MitoTracker-Red,DAPI,,20,LIN4-0B-b2A-s1,3,,P19-21,P20,False,4,P20 LIN4-0B-b2A-s1 AG3
20241018_rep03,plate_metadata/20241018_rep03_metadata,3,B4,2,4,31,r02c04f31,LAMP1-488,MitoTracker-Red,DAPI,,20,LIN4-0B-b2A-s1,3,,P19-21,P20,False,4,P20 LIN4-0B-b2A-s1 AG3
20241018_rep03,plate_metadata/20241018_rep03_metadata,3,B4,2,4,32,r02c04f32,LAMP1-488,MitoTracker-Red,DAPI,,20,LIN4-0B-b2A-s1,3,,P19-21,P20,False,4,P20 LIN4-0B-b2A-s1 AG3
20241018_rep03,plate_metadata/20241018_rep03_metadata,3,B4,2,4,33,r02c04f33,LAMP1-488,MitoTracker-Red,DAPI,,20,LIN4-0B-b2A-s1,3,,P19-21,P20,False,4,P20 LIN4-0B-b2A-s1 AG3
20241018_rep03,plate_metadata/20241018_rep03_metadata,3,B4,2,4,34,r02c04f34,LAMP1-488,MitoTracker-Red,DAPI,,20,LIN4-0B-b2A-s1,3,,P19-21,P20,False,4,P20 LIN4-0B-b2A-s1 AG3
20241018_rep03,plate_metadata/20241018_rep03_metadata,3,B4,2,4,35,r02c04f35,LAMP1-488,MitoTracker-Red,DAPI,,20,LIN4-0B-b2A-s1,3,,P19-21,P20,False,4,P20 LIN4-0B-b2A-s1 AG3
20241018_rep03,plate_metadata/20241018_rep03_metadata,3,B4,2,4,36,r02c04f36,LAMP1-488,MitoTracker-Red,DAPI,,20,LIN4-0B-b2A-s1,3,,P19-21,P20,False,4,P20 LIN4-0B-b2A-s1 AG3
20241018_rep03,plate_metadata/20241018_rep03_metadata,3,B4,2,4,37,r02c04f37,LAMP1-488,MitoTracker-Red,DAPI,,20,LIN4-0B-b2A-s1,3,,P19-21,P20,False,4,P20 LIN4-0B-b2A-s1 AG3
20241018_rep03,plate_metadata/20241018_rep03_metadata,3,B4,2,4,38,r02c04f38,LAMP1-488,MitoTracker-Red,DAPI,,20,LIN4-0B-b2A-s1,3,,P19-21,P20,False,4,P20 LIN4-0B-b2A-s1 AG3
20241018_rep03,plate_metadata/20241018_rep03_metadata,3,B4,2,4,39,r02c04f39,LAMP1-488,MitoTracker-Red,DAPI,,20,LIN4-0B-b2A-s1,3,,P19-21,P20,False,4,P20 LIN4-0B-b2A-s1 AG3
20241018_rep03,plate_metadata/20241018_rep03_metadata,3,B4,2,4,40,r02c04f40,LAMP1-488,MitoTracker-Red,DAPI,,20,LIN4-0B-b2A-s1,3,,P19-21,P20,False,4,P20 LIN4-0B-b2A-s1 AG3
20241018_rep03,plate_metadata/20241018_rep03_metadata,3,B5,2,5,1,r02c05f01,LAMP1-488,MitoTracker-Red,DAPI,,18,LIN5-0B-b3-s1,2,,P16-18,P18,False,5,P18 LIN5-0B-b3-s1 AG2
20241018_rep03,plate_metadata/20241018_rep03_metadata,3,B5,2,5,2,r02c05f02,LAMP1-488,MitoTracker-Red,DAPI,,18,LIN5-0B-b3-s1,2,,P16-18,P18,False,5,P18 LIN5-0B-b3-s1 AG2
20241018_rep03,plate_metadata/20241018_rep03_metadata,3,B5,2,5,3,r02c05f03,LAMP1-488,MitoTracker-Red,DAPI,,18,LIN5-0B-b3-s1,2,,P16-18,P18,False,5,P18 LIN5-0B-b3-s1 AG2
20241018_rep03,plate_metadata/20241018_rep03_metadata,3,B5,2,5,4,r02c05f04,LAMP1-488,MitoTracker-Red,DAPI,,18,LIN5-0B-b3-s1,2,,P16-18,P18,False,5,P18 LIN5-0B-b3-s1 AG2
20241018_rep03,plate_metadata/20241018_rep03_metadata,3,B5,2,5,5,r02c05f05,LAMP1-488,MitoTracker-Red,DAPI,,18,LIN5-0B-b3-s1,2,,P16-18,P18,False,5,P18 LIN5-0B-b3-s1 AG2
20241018_rep03,plate_metadata/20241018_rep03_metadata,3,B5,2,5,6,r02c05f06,LAMP1-488,MitoTracker-Red,DAPI,,18,LIN5-0B-b3-s1,2,,P16-18,P18,False,5,P18 LIN5-0B-b3-s1 AG2
20241018_rep03,plate_metadata/20241018_rep03_metadata,3,B5,2,5,7,r02c05f07,LAMP1-488,MitoTracker-Red,DAPI,,18,LIN5-0B-b3-s1,2,,P16-18,P18,False,5,P18 LIN5-0B-b3-s1 AG2
20241018_rep03,plate_metadata/20241018_rep03_metadata,3,B5,2,5,8,r02c05f08,LAMP1-488,MitoTracker-Red,DAPI,,18,LIN5-0B-b3-s1,2,,P16-18,P18,False,5,P18 LIN5-0B-b3-s1 AG2
20241018_rep03,plate_metadata/20241018_rep03_metadata,3,B5,2,5,9,r02c05f09,LAMP1-488,MitoTracker-Red,DAPI,,18,LIN5-0B-b3-s1,2,,P16-18,P18,False,5,P18 LIN5-0B-b3-s1 AG2
20241018_rep03,plate_metadata/20241018_rep03_metadata,3,B5,2,5,10,r02c05f10,LAMP1-488,MitoTracker-Red,DAPI,,18,LIN5-0B-b3-s1,2,,P16-18,P18,False,5,P18 LIN5-0B-b3-s1 AG2
20241018_rep03,plate_metadata/20241018_rep03_metadata,3,B5,2,5,11,r02c05f11,LAMP1-488,MitoTracker-Red,DAPI,,18,LIN5-0B-b3-s1,2,,P16-18,P18,False,5,P18 LIN5-0B-b3-s1 AG2
20241018_rep03,plate_metadata/20241018_rep03_metadata,3,B5,2,5,12,r02c05f12,LAMP1-488,MitoTracker-Red,DAPI,,18,LIN5-0B-b3-s1,2,,P16-18,P18,False,5,P18 LIN5-0B-b3-s1 AG2
20241018_rep03,plate_metadata/20241018_rep03_metadata,3,B5,2,5,13,r02c05f13,LAMP1-488,MitoTracker-Red,DAPI,,18,LIN5-0B-b3-s1,2,,P16-18,P18,False,5,P18 LIN5-0B-b3-s1 AG2
20241018_rep03,plate_metadata/20241018_rep03_metadata,3,B5,2,5,14,r02c05f14,LAMP1-488,MitoTracker-Red,DAPI,,18,LIN5-0B-b3-s1,2,,P16-18,P18,False,5,P18 LIN5-0B-b3-s1 AG2
20241018_rep03,plate_metadata/20241018_rep03_metadata,3,B5,2,5,15,r02c05f15,LAMP1-488,MitoTracker-Red,DAPI,,18,LIN5-0B-b3-s1,2,,P16-18,P18,False,5,P18 LIN5-0B-b3-s1 AG2
20241018_rep03,plate_metadata/20241018_rep03_metadata,3,B5,2,5,16,r02c05f16,LAMP1-488,MitoTracker-Red,DAPI,,18,LIN5-0B-b3-s1,2,,P16-18,P18,False,5,P18 LIN5-0B-b3-s1 AG2
20241018_rep03,plate_metadata/20241018_rep03_metadata,3,B5,2,5,17,r02c05f17,LAMP1-488,MitoTracker-Red,DAPI,,18,LIN5-0B-b3-s1,2,,P16-18,P18,False,5,P18 LIN5-0B-b3-s1 AG2
20241018_rep03,plate_metadata/20241018_rep03_metadata,3,B5,2,5,18,r02c05f18,LAMP1-488,MitoTracker-Red,DAPI,,18,LIN5-0B-b3-s1,2,,P16-18,P18,False,5,P18 LIN5-0B-b3-s1 AG2
20241018_rep03,plate_metadata/20241018_rep03_metadata,3,B5,2,5,19,r02c05f19,LAMP1-488,MitoTracker-Red,DAPI,,18,LIN5-0B-b3-s1,2,,P16-18,P18,False,5,P18 LIN5-0B-b3-s1 AG2
20241018_rep03,plate_metadata/20241018_rep03_metadata,3,B5,2,5,20,r02c05f20,LAMP1-488,MitoTracker-Red,DAPI,,18,LIN5-0B-b3-s1,2,,P16-18,P18,False,5,P18 LIN5-0B-b3-s1 AG2
20241018_rep03,plate_metadata/20241018_rep03_metadata,3,B5,2,5,21,r02c05f21,LAMP1-488,MitoTracker-Red,DAPI,,18,LIN5-0B-b3-s1,2,,P16-18,P18,False,5,P18 LIN5-0B-b3-s1 AG2
20241018_rep03,plate_metadata/20241018_rep03_metadata,3,B5,2,5,22,r02c05f22,LAMP1-488,MitoTracker-Red,DAPI,,18,LIN5-0B-b3-s1,2,,P16-18,P18,False,5,P18 LIN5-0B-b3-s1 AG2
20241018_rep03,plate_metadata/20241018_rep03_metadata,3,B5,2,5,23,r02c05f23,LAMP1-488,MitoTracker-Red,DAPI,,18,LIN5-0B-b3-s1,2,,P16-18,P18,False,5,P18 LIN5-0B-b3-s1 AG2
20241018_rep03,plate_metadata/20241018_rep03_metadata,3,B5,2,5,24,r02c05f24,LAMP1-488,MitoTracker-Red,DAPI,,18,LIN5-0B-b3-s1,2,,P16-18,P18,False,5,P18 LIN5-0B-b3-s1 AG2
20241018_rep03,plate_metadata/20241018_rep03_metadata,3,B5,2,5,25,r02c05f25,LAMP1-488,MitoTracker-Red,DAPI,,18,LIN5-0B-b3-s1,2,,P16-18,P18,False,5,P18 LIN5-0B-b3-s1 AG2
20241018_rep03,plate_metadata/20241018_rep03_metadata,3,B5,2,5,26,r02c05f26,LAMP1-488,MitoTracker-Red,DAPI,,18,LIN5-0B-b3-s1,2,,P16-18,P18,False,5,P18 LIN5-0B-b3-s1 AG2
20241018_rep03,plate_metadata/20241018_rep03_metadata,3,B5,2,5,27,r02c05f27,LAMP1-488,MitoTracker-Red,DAPI,,18,LIN5-0B-b3-s1,2,,P16-18,P18,False,5,P18 LIN5-0B-b3-s1 AG2
20241018_rep03,plate_metadata/20241018_rep03_metadata,3,B5,2,5,28,r02c05f28,LAMP1-488,MitoTracker-Red,DAPI,,18,LIN5-0B-b3-s1,2,,P16-18,P18,False,5,P18 LIN5-0B-b3-s1 AG2
20241018_rep03,plate_metadata/20241018_rep03_metadata,3,B5,2,5,29,r02c05f29,LAMP1-488,MitoTracker-Red,DAPI,,18,LIN5-0B-b3-s1,2,,P16-18,P18,False,5,P18 LIN5-0B-b3-s1 AG2
20241018_rep03,plate_metadata/20241018_rep03_metadata,3,B5,2,5,30,r02c05f30,LAMP1-488,MitoTracker-Red,DAPI,,18,LIN5-0B-b3-s1,2,,P16-18,P18,False,5,P18 LIN5-0B-b3-s1 AG2
20241018_rep03,plate_metadata/20241018_rep03_metadata,3,B5,2,5,31,r02c05f31,LAMP1-488,MitoTracker-Red,DAPI,,18,LIN5-0B-b3-s1,2,,P16-18,P18,False,5,P18 LIN5-0B-b3-s1 AG2
20241018_rep03,plate_metadata/20241018_rep03_metadata,3,B5,2,5,32,r02c05f32,LAMP1-488,MitoTracker-Red,DAPI,,18,LIN5-0B-b3-s1,2,,P16-18,P18,False,5,P18 LIN5-0B-b3-s1 AG2
20241018_rep03,plate_metadata/20241018_rep03_metadata,3,B5,2,5,33,r02c05f33,LAMP1-488,MitoTracker-Red,DAPI,,18,LIN5-0B-b3-s1,2,,P16-18,P18,False,5,P18 LIN5-0B-b3-s1 AG2
20241018_rep03,plate_metadata/20241018_rep03_metadata,3,B5,2,5,34,r02c05f34,LAMP1-488,MitoTracker-Red,DAPI,,18,LIN5-0B-b3-s1,2,,P16-18,P18,False,5,P18 LIN5-0B-b3-s1 AG2
20241018_rep03,plate_metadata/20241018_rep03_metadata,3,B5,2,5,35,r02c05f35,LAMP1-488,MitoTracker-Red,DAPI,,18,LIN5-0B-b3-s1,2,,P16-18,P18,False,5,P18 LIN5-0B-b3-s1 AG2
20241018_rep03,plate_metadata/20241018_rep03_metadata,3,B5,2,5,36,r02c05f36,LAMP1-488,MitoTracker-Red,DAPI,,18,LIN5-0B-b3-s1,2,,P16-18,P18,False,5,P18 LIN5-0B-b3-s1 AG2
20241018_rep03,plate_metadata/20241018_rep03_metadata,3,B5,2,5,37,r02c05f37,LAMP1-488,MitoTracker-Red,DAPI,,18,LIN5-0B-b3-s1,2,,P16-18,P18,False,5,P18 LIN5-0B-b3-s1 AG2
20241018_rep03,plate_metadata/20241018_rep03_metadata,3,B5,2,5,38,r02c05f38,LAMP1-488,MitoTracker-Red,DAPI,,18,LIN5-0B-b3-s1,2,,P16-18,P18,False,5,P18 LIN5-0B-b3-s1 AG2
20241018_rep03,plate_metadata/20241018_rep03_metadata,3,B5,2,5,39,r02c05f39,LAMP1-488,MitoTracker-Red,DAPI,,18,LIN5-0B-b3-s1,2,,P16-18,P18,False,5,P18 LIN5-0B-b3-s1 AG2
20241018_rep03,plate_metadata/20241018_rep03_metadata,3,B5,2,5,40,r02c05f40,LAMP1-488,MitoTracker-Red,DAPI,,18,LIN5-0B-b3-s1,2,,P16-18,P18,False,5,P18 LIN5-0B-b3-s1 AG2
20241018_rep03,plate_metadata/20241018_rep03_metadata,3,B6,2,6,1,r02c06f01,LAMP1-488,MitoTracker-Red,DAPI,,16,LIN6-0C-b1-s1,1,,P16-18,P16,False,6,P16 LIN6-0C-b1-s1 AG1
20241018_rep03,plate_metadata/20241018_rep03_metadata,3,B6,2,6,2,r02c06f02,LAMP1-488,MitoTracker-Red,DAPI,,16,LIN6-0C-b1-s1,1,,P16-18,P16,False,6,P16 LIN6-0C-b1-s1 AG1
20241018_rep03,plate_metadata/20241018_rep03_metadata,3,B6,2,6,3,r02c06f03,LAMP1-488,MitoTracker-Red,DAPI,,16,LIN6-0C-b1-s1,1,,P16-18,P16,False,6,P16 LIN6-0C-b1-s1 AG1
20241018_rep03,plate_metadata/20241018_rep03_metadata,3,B6,2,6,4,r02c06f04,LAMP1-488,MitoTracker-Red,DAPI,,16,LIN6-0C-b1-s1,1,,P16-18,P16,False,6,P16 LIN6-0C-b1-s1 AG1
20241018_rep03,plate_metadata/20241018_rep03_metadata,3,B6,2,6,5,r02c06f05,LAMP1-488,MitoTracker-Red,DAPI,,16,LIN6-0C-b1-s1,1,,P16-18,P16,False,6,P16 LIN6-0C-b1-s1 AG1
20241018_rep03,plate_metadata/20241018_rep03_metadata,3,B6,2,6,6,r02c06f06,LAMP1-488,MitoTracker-Red,DAPI,,16,LIN6-0C-b1-s1,1,,P16-18,P16,False,6,P16 LIN6-0C-b1-s1 AG1
20241018_rep03,plate_metadata/20241018_rep03_metadata,3,B6,2,6,7,r02c06f07,LAMP1-488,MitoTracker-Red,DAPI,,16,LIN6-0C-b1-s1,1,,P16-18,P16,False,6,P16 LIN6-0C-b1-s1 AG1
20241018_rep03,plate_metadata/20241018_rep03_metadata,3,B6,2,6,8,r02c06f08,LAMP1-488,MitoTracker-Red,DAPI,,16,LIN6-0C-b1-s1,1,,P16-18,P16,False,6,P16 LIN6-0C-b1-s1 AG1
20241018_rep03,plate_metadata/20241018_rep03_metadata,3,B6,2,6,9,r02c06f09,LAMP1-488,MitoTracker-Red,DAPI,,16,LIN6-0C-b1-s1,1,,P16-18,P16,False,6,P16 LIN6-0C-b1-s1 AG1
20241018_rep03,plate_metadata/20241018_rep03_metadata,3,B6,2,6,10,r02c06f10,LAMP1-488,MitoTracker-Red,DAPI,,16,LIN6-0C-b1-s1,1,,P16-18,P16,False,6,P16 LIN6-0C-b1-s1 AG1
20241018_rep03,plate_metadata/20241018_rep03_metadata,3,B6,2,6,11,r02c06f11,LAMP1-488,MitoTracker-Red,DAPI,,16,LIN6-0C-b1-s1,1,,P16-18,P16,False,6,P16 LIN6-0C-b1-s1 AG1
20241018_rep03,plate_metadata/20241018_rep03_metadata,3,B6,2,6,12,r02c06f12,LAMP1-488,MitoTracker-Red,DAPI,,16,LIN6-0C-b1-s1,1,,P16-18,P16,False,6,P16 LIN6-0C-b1-s1 AG1
20241018_rep03,plate_metadata/20241018_rep03_metadata,3,B6,2,6,13,r02c06f13,LAMP1-488,MitoTracker-Red,DAPI,,16,LIN6-0C-b1-s1,1,,P16-18,P16,False,6,P16 LIN6-0C-b1-s1 AG1
20241018_rep03,plate_metadata/20241018_rep03_metadata,3,B6,2,6,14,r02c06f14,LAMP1-488,MitoTracker-Red,DAPI,,16,LIN6-0C-b1-s1,1,,P16-18,P16,False,6,P16 LIN6-0C-b1-s1 AG1
20241018_rep03,plate_metadata/20241018_rep03_metadata,3,B6,2,6,15,r02c06f15,LAMP1-488,MitoTracker-Red,DAPI,,16,LIN6-0C-b1-s1,1,,P16-18,P16,False,6,P16 LIN6-0C-b1-s1 AG1
20241018_rep03,plate_metadata/20241018_rep03_metadata,3,B6,2,6,16,r02c06f16,LAMP1-488,MitoTracker-Red,DAPI,,16,LIN6-0C-b1-s1,1,,P16-18,P16,False,6,P16 LIN6-0C-b1-s1 AG1
20241018_rep03,plate_metadata/20241018_rep03_metadata,3,B6,2,6,17,r02c06f17,LAMP1-488,MitoTracker-Red,DAPI,,16,LIN6-0C-b1-s1,1,,P16-18,P16,False,6,P16 LIN6-0C-b1-s1 AG1
20241018_rep03,plate_metadata/20241018_rep03_metadata,3,B6,2,6,18,r02c06f18,LAMP1-488,MitoTracker-Red,DAPI,,16,LIN6-0C-b1-s1,1,,P16-18,P16,False,6,P16 LIN6-0C-b1-s1 AG1
20241018_rep03,plate_metadata/20241018_rep03_metadata,3,B6,2,6,19,r02c06f19,LAMP1-488,MitoTracker-Red,DAPI,,16,LIN6-0C-b1-s1,1,,P16-18,P16,False,6,P16 LIN6-0C-b1-s1 AG1
20241018_rep03,plate_metadata/20241018_rep03_metadata,3,B6,2,6,20,r02c06f20,LAMP1-488,MitoTracker-Red,DAPI,,16,LIN6-0C-b1-s1,1,,P16-18,P16,False,6,P16 LIN6-0C-b1-s1 AG1
20241018_rep03,plate_metadata/20241018_rep03_metadata,3,B6,2,6,21,r02c06f21,LAMP1-488,MitoTracker-Red,DAPI,,16,LIN6-0C-b1-s1,1,,P16-18,P16,False,6,P16 LIN6-0C-b1-s1 AG1
20241018_rep03,plate_metadata/20241018_rep03_metadata,3,B6,2,6,22,r02c06f22,LAMP1-488,MitoTracker-Red,DAPI,,16,LIN6-0C-b1-s1,1,,P16-18,P16,False,6,P16 LIN6-0C-b1-s1 AG1
20241018_rep03,plate_metadata/20241018_rep03_metadata,3,B6,2,6,23,r02c06f23,LAMP1-488,MitoTracker-Red,DAPI,,16,LIN6-0C-b1-s1,1,,P16-18,P16,False,6,P16 LIN6-0C-b1-s1 AG1
20241018_rep03,plate_metadata/20241018_rep03_metadata,3,B6,2,6,24,r02c06f24,LAMP1-488,MitoTracker-Red,DAPI,,16,LIN6-0C-b1-s1,1,,P16-18,P16,False,6,P16 LIN6-0C-b1-s1 AG1
20241018_rep03,plate_metadata/20241018_rep03_metadata,3,B6,2,6,25,r02c06f25,LAMP1-488,MitoTracker-Red,DAPI,,16,LIN6-0C-b1-s1,1,,P16-18,P16,False,6,P16 LIN6-0C-b1-s1 AG1
20241018_rep03,plate_metadata/20241018_rep03_metadata,3,B6,2,6,26,r02c06f26,LAMP1-488,MitoTracker-Red,DAPI,,16,LIN6-0C-b1-s1,1,,P16-18,P16,False,6,P16 LIN6-0C-b1-s1 AG1
20241018_rep03,plate_metadata/20241018_rep03_metadata,3,B6,2,6,27,r02c06f27,LAMP1-488,MitoTracker-Red,DAPI,,16,LIN6-0C-b1-s1,1,,P16-18,P16,False,6,P16 LIN6-0C-b1-s1 AG1
20241018_rep03,plate_metadata/20241018_rep03_metadata,3,B6,2,6,28,r02c06f28,LAMP1-488,MitoTracker-Red,DAPI,,16,LIN6-0C-b1-s1,1,,P16-18,P16,False,6,P16 LIN6-0C-b1-s1 AG1
20241018_rep03,plate_metadata/20241018_rep03_metadata,3,B6,2,6,29,r02c06f29,LAMP1-488,MitoTracker-Red,DAPI,,16,LIN6-0C-b1-s1,1,,P16-18,P16,False,6,P16 LIN6-0C-b1-s1 AG1
20241018_rep03,plate_metadata/20241018_rep03_metadata,3,B6,2,6,30,r02c06f30,LAMP1-488,MitoTracker-Red,DAPI,,16,LIN6-0C-b1-s1,1,,P16-18,P16,False,6,P16 LIN6-0C-b1-s1 AG1
20241018_rep03,plate_metadata/20241018_rep03_metadata,3,B6,2,6,31,r02c06f31,LAMP1-488,MitoTracker-Red,DAPI,,16,LIN6-0C-b1-s1,1,,P16-18,P16,False,6,P16 LIN6-0C-b1-s1 AG1
20241018_rep03,plate_metadata/20241018_rep03_metadata,3,B6,2,6,32,r02c06f32,LAMP1-488,MitoTracker-Red,DAPI,,16,LIN6-0C-b1-s1,1,,P16-18,P16,False,6,P16 LIN6-0C-b1-s1 AG1
20241018_rep03,plate_metadata/20241018_rep03_metadata,3,B6,2,6,33,r02c06f33,LAMP1-488,MitoTracker-Red,DAPI,,16,LIN6-0C-b1-s1,1,,P16-18,P16,False,6,P16 LIN6-0C-b1-s1 AG1
20241018_rep03,plate_metadata/20241018_rep03_metadata,3,B6,2,6,34,r02c06f34,LAMP1-488,MitoTracker-Red,DAPI,,16,LIN6-0C-b1-s1,1,,P16-18,P16,False,6,P16 LIN6-0C-b1-s1 AG1
20241018_rep03,plate_metadata/20241018_rep03_metadata,3,B6,2,6,35,r02c06f35,LAMP1-488,MitoTracker-Red,DAPI,,16,LIN6-0C-b1-s1,1,,P16-18,P16,False,6,P16 LIN6-0C-b1-s1 AG1
20241018_rep03,plate_metadata/20241018_rep03_metadata,3,B6,2,6,36,r02c06f36,LAMP1-488,MitoTracker-Red,DAPI,,16,LIN6-0C-b1-s1,1,,P16-18,P16,False,6,P16 LIN6-0C-b1-s1 AG1
20241018_rep03,plate_metadata/20241018_rep03_metadata,3,B6,2,6,37,r02c06f37,LAMP1-488,MitoTracker-Red,DAPI,,16,LIN6-0C-b1-s1,1,,P16-18,P16,False,6,P16 LIN6-0C-b1-s1 AG1
20241018_rep03,plate_metadata/20241018_rep03_metadata,3,B6,2,6,38,r02c06f38,LAMP1-488,MitoTracker-Red,DAPI,,16,LIN6-0C-b1-s1,1,,P16-18,P16,False,6,P16 LIN6-0C-b1-s1 AG1
20241018_rep03,plate_metadata/20241018_rep03_metadata,3,B6,2,6,39,r02c06f39,LAMP1-488,MitoTracker-Red,DAPI,,16,LIN6-0C-b1-s1,1,,P16-18,P16,False,6,P16 LIN6-0C-b1-s1 AG1
20241018_rep03,plate_metadata/20241018_rep03_metadata,3,B6,2,6,40,r02c06f40,LAMP1-488,MitoTracker-Red,DAPI,,16,LIN6-0C-b1-s1,1,,P16-18,P16,False,6,P16 LIN6-0C-b1-s1 AG1
20241018_rep03,plate_metadata/20241018_rep03_metadata,3,B7,2,7,1,r02c07f01,LAMP1-488,MitoTracker-Red,DAPI,,13,LIN7-0C-b3,0,,P13-15,P13,False,7,P13 LIN7-0C-b3 AG0
20241018_rep03,plate_metadata/20241018_rep03_metadata,3,B7,2,7,2,r02c07f02,LAMP1-488,MitoTracker-Red,DAPI,,13,LIN7-0C-b3,0,,P13-15,P13,False,7,P13 LIN7-0C-b3 AG0
20241018_rep03,plate_metadata/20241018_rep03_metadata,3,B7,2,7,3,r02c07f03,LAMP1-488,MitoTracker-Red,DAPI,,13,LIN7-0C-b3,0,,P13-15,P13,False,7,P13 LIN7-0C-b3 AG0
20241018_rep03,plate_metadata/20241018_rep03_metadata,3,B7,2,7,4,r02c07f04,LAMP1-488,MitoTracker-Red,DAPI,,13,LIN7-0C-b3,0,,P13-15,P13,False,7,P13 LIN7-0C-b3 AG0
20241018_rep03,plate_metadata/20241018_rep03_metadata,3,B7,2,7,5,r02c07f05,LAMP1-488,MitoTracker-Red,DAPI,,13,LIN7-0C-b3,0,,P13-15,P13,False,7,P13 LIN7-0C-b3 AG0
20241018_rep03,plate_metadata/20241018_rep03_metadata,3,B7,2,7,6,r02c07f06,LAMP1-488,MitoTracker-Red,DAPI,,13,LIN7-0C-b3,0,,P13-15,P13,False,7,P13 LIN7-0C-b3 AG0
20241018_rep03,plate_metadata/20241018_rep03_metadata,3,B7,2,7,7,r02c07f07,LAMP1-488,MitoTracker-Red,DAPI,,13,LIN7-0C-b3,0,,P13-15,P13,False,7,P13 LIN7-0C-b3 AG0
20241018_rep03,plate_metadata/20241018_rep03_metadata,3,B7,2,7,8,r02c07f08,LAMP1-488,MitoTracker-Red,DAPI,,13,LIN7-0C-b3,0,,P13-15,P13,False,7,P13 LIN7-0C-b3 AG0
20241018_rep03,plate_metadata/20241018_rep03_metadata,3,B7,2,7,9,r02c07f09,LAMP1-488,MitoTracker-Red,DAPI,,13,LIN7-0C-b3,0,,P13-15,P13,False,7,P13 LIN7-0C-b3 AG0
20241018_rep03,plate_metadata/20241018_rep03_metadata,3,B7,2,7,10,r02c07f10,LAMP1-488,MitoTracker-Red,DAPI,,13,LIN7-0C-b3,0,,P13-15,P13,False,7,P13 LIN7-0C-b3 AG0
20241018_rep03,plate_metadata/20241018_rep03_metadata,3,B7,2,7,11,r02c07f11,LAMP1-488,MitoTracker-Red,DAPI,,13,LIN7-0C-b3,0,,P13-15,P13,False,7,P13 LIN7-0C-b3 AG0
20241018_rep03,plate_metadata/20241018_rep03_metadata,3,B7,2,7,12,r02c07f12,LAMP1-488,MitoTracker-Red,DAPI,,13,LIN7-0C-b3,0,,P13-15,P13,False,7,P13 LIN7-0C-b3 AG0
20241018_rep03,plate_metadata/20241018_rep03_metadata,3,B7,2,7,13,r02c07f13,LAMP1-488,MitoTracker-Red,DAPI,,13,LIN7-0C-b3,0,,P13-15,P13,False,7,P13 LIN7-0C-b3 AG0
20241018_rep03,plate_metadata/20241018_rep03_metadata,3,B7,2,7,14,r02c07f14,LAMP1-488,MitoTracker-Red,DAPI,,13,LIN7-0C-b3,0,,P13-15,P13,False,7,P13 LIN7-0C-b3 AG0
20241018_rep03,plate_metadata/20241018_rep03_metadata,3,B7,2,7,15,r02c07f15,LAMP1-488,MitoTracker-Red,DAPI,,13,LIN7-0C-b3,0,,P13-15,P13,False,7,P13 LIN7-0C-b3 AG0
20241018_rep03,plate_metadata/20241018_rep03_metadata,3,B7,2,7,16,r02c07f16,LAMP1-488,MitoTracker-Red,DAPI,,13,LIN7-0C-b3,0,,P13-15,P13,False,7,P13 LIN7-0C-b3 AG0
20241018_rep03,plate_metadata/20241018_rep03_metadata,3,B7,2,7,17,r02c07f17,LAMP1-488,MitoTracker-Red,DAPI,,13,LIN7-0C-b3,0,,P13-15,P13,False,7,P13 LIN7-0C-b3 AG0
20241018_rep03,plate_metadata/20241018_rep03_metadata,3,B7,2,7,18,r02c07f18,LAMP1-488,MitoTracker-Red,DAPI,,13,LIN7-0C-b3,0,,P13-15,P13,False,7,P13 LIN7-0C-b3 AG0
20241018_rep03,plate_metadata/20241018_rep03_metadata,3,B7,2,7,19,r02c07f19,LAMP1-488,MitoTracker-Red,DAPI,,13,LIN7-0C-b3,0,,P13-15,P13,False,7,P13 LIN7-0C-b3 AG0
20241018_rep03,plate_metadata/20241018_rep03_metadata,3,B7,2,7,20,r02c07f20,LAMP1-488,MitoTracker-Red,DAPI,,13,LIN7-0C-b3,0,,P13-15,P13,False,7,P13 LIN7-0C-b3 AG0
20241018_rep03,plate_metadata/20241018_rep03_metadata,3,B7,2,7,21,r02c07f21,LAMP1-488,MitoTracker-Red,DAPI,,13,LIN7-0C-b3,0,,P13-15,P13,False,7,P13 LIN7-0C-b3 AG0
20241018_rep03,plate_metadata/20241018_rep03_metadata,3,B7,2,7,22,r02c07f22,LAMP1-488,MitoTracker-Red,DAPI,,13,LIN7-0C-b3,0,,P13-15,P13,False,7,P13 LIN7-0C-b3 AG0
20241018_rep03,plate_metadata/20241018_rep03_metadata,3,B7,2,7,23,r02c07f23,LAMP1-488,MitoTracker-Red,DAPI,,13,LIN7-0C-b3,0,,P13-15,P13,False,7,P13 LIN7-0C-b3 AG0
20241018_rep03,plate_metadata/20241018_rep03_metadata,3,B7,2,7,24,r02c07f24,LAMP1-488,MitoTracker-Red,DAPI,,13,LIN7-0C-b3,0,,P13-15,P13,False,7,P13 LIN7-0C-b3 AG0
20241018_rep03,plate_metadata/20241018_rep03_metadata,3,B7,2,7,25,r02c07f25,LAMP1-488,MitoTracker-Red,DAPI,,13,LIN7-0C-b3,0,,P13-15,P13,False,7,P13 LIN7-0C-b3 AG0
20241018_rep03,plate_metadata/20241018_rep03_metadata,3,B7,2,7,26,r02c07f26,LAMP1-488,MitoTracker-Red,DAPI,,13,LIN7-0C-b3,0,,P13-15,P13,False,7,P13 LIN7-0C-b3 AG0
20241018_rep03,plate_metadata/20241018_rep03_metadata,3,B7,2,7,27,r02c07f27,LAMP1-488,MitoTracker-Red,DAPI,,13,LIN7-0C-b3,0,,P13-15,P13,False,7,P13 LIN7-0C-b3 AG0
20241018_rep03,plate_metadata/20241018_rep03_metadata,3,B7,2,7,28,r02c07f28,LAMP1-488,MitoTracker-Red,DAPI,,13,LIN7-0C-b3,0,,P13-15,P13,False,7,P13 LIN7-0C-b3 AG0
20241018_rep03,plate_metadata/20241018_rep03_metadata,3,B7,2,7,29,r02c07f29,LAMP1-488,MitoTracker-Red,DAPI,,13,LIN7-0C-b3,0,,P13-15,P13,False,7,P13 LIN7-0C-b3 AG0
20241018_rep03,plate_metadata/20241018_rep03_metadata,3,B7,2,7,30,r02c07f30,LAMP1-488,MitoTracker-Red,DAPI,,13,LIN7-0C-b3,0,,P13-15,P13,False,7,P13 LIN7-0C-b3 AG0
20241018_rep03,plate_metadata/20241018_rep03_metadata,3,B7,2,7,31,r02c07f31,LAMP1-488,MitoTracker-Red,DAPI,,13,LIN7-0C-b3,0,,P13-15,P13,False,7,P13 LIN7-0C-b3 AG0
20241018_rep03,plate_metadata/20241018_rep03_metadata,3,B7,2,7,32,r02c07f32,LAMP1-488,MitoTracker-Red,DAPI,,13,LIN7-0C-b3,0,,P13-15,P13,False,7,P13 LIN7-0C-b3 AG0
20241018_rep03,plate_metadata/20241018_rep03_metadata,3,B7,2,7,33,r02c07f33,LAMP1-488,MitoTracker-Red,DAPI,,13,LIN7-0C-b3,0,,P13-15,P13,False,7,P13 LIN7-0C-b3 AG0
20241018_rep03,plate_metadata/20241018_rep03_metadata,3,B7,2,7,34,r02c07f34,LAMP1-488,MitoTracker-Red,DAPI,,13,LIN7-0C-b3,0,,P13-15,P13,False,7,P13 LIN7-0C-b3 AG0
20241018_rep03,plate_metadata/20241018_rep03_metadata,3,B7,2,7,35,r02c07f35,LAMP1-488,MitoTracker-Red,DAPI,,13,LIN7-0C-b3,0,,P13-15,P13,False,7,P13 LIN7-0C-b3 AG0
20241018_rep03,plate_metadata/20241018_rep03_metadata,3,B7,2,7,36,r02c07f36,LAMP1-488,MitoTracker-Red,DAPI,,13,LIN7-0C-b3,0,,P13-15,P13,False,7,P13 LIN7-0C-b3 AG0
20241018_rep03,plate_metadata/20241018_rep03_metadata,3,B7,2,7,37,r02c07f37,LAMP1-488,MitoTracker-Red,DAPI,,13,LIN7-0C-b3,0,,P13-15,P13,False,7,P13 LIN7-0C-b3 AG0
20241018_rep03,plate_metadata/20241018_rep03_metadata,3,B7,2,7,38,r02c07f38,LAMP1-488,MitoTracker-Red,DAPI,,13,LIN7-0C-b3,0,,P13-15,P13,False,7,P13 LIN7-0C-b3 AG0
20241018_rep03,plate_metadata/20241018_rep03_metadata,3,B7,2,7,39,r02c07f39,LAMP1-488,MitoTracker-Red,DAPI,,13,LIN7-0C-b3,0,,P13-15,P13,False,7,P13 LIN7-0C-b3 AG0
20241018_rep03,plate_metadata/20241018_rep03_metadata,3,B7,2,7,40,r02c07f40,LAMP1-488,MitoTracker-Red,DAPI,,13,LIN7-0C-b3,0,,P13-15,P13,False,7,P13 LIN7-0C-b3 AG0
20241018_rep03,plate_metadata/20241018_rep03_metadata,3,C2,3,2,1,r03c02f01,LAMP1-488,MitoTracker-Red,DAPI,,25,LIN2-0A-b1-s1,5,,P25-27,P25,False,2,P25 LIN2-0A-b1-s1 AG5
20241018_rep03,plate_metadata/20241018_rep03_metadata,3,C2,3,2,2,r03c02f02,LAMP1-488,MitoTracker-Red,DAPI,,25,LIN2-0A-b1-s1,5,,P25-27,P25,False,2,P25 LIN2-0A-b1-s1 AG5
20241018_rep03,plate_metadata/20241018_rep03_metadata,3,C2,3,2,3,r03c02f03,LAMP1-488,MitoTracker-Red,DAPI,,25,LIN2-0A-b1-s1,5,,P25-27,P25,False,2,P25 LIN2-0A-b1-s1 AG5
20241018_rep03,plate_metadata/20241018_rep03_metadata,3,C2,3,2,4,r03c02f04,LAMP1-488,MitoTracker-Red,DAPI,,25,LIN2-0A-b1-s1,5,,P25-27,P25,False,2,P25 LIN2-0A-b1-s1 AG5
20241018_rep03,plate_metadata/20241018_rep03_metadata,3,C2,3,2,5,r03c02f05,LAMP1-488,MitoTracker-Red,DAPI,,25,LIN2-0A-b1-s1,5,,P25-27,P25,False,2,P25 LIN2-0A-b1-s1 AG5
20241018_rep03,plate_metadata/20241018_rep03_metadata,3,C2,3,2,6,r03c02f06,LAMP1-488,MitoTracker-Red,DAPI,,25,LIN2-0A-b1-s1,5,,P25-27,P25,False,2,P25 LIN2-0A-b1-s1 AG5
20241018_rep03,plate_metadata/20241018_rep03_metadata,3,C2,3,2,7,r03c02f07,LAMP1-488,MitoTracker-Red,DAPI,,25,LIN2-0A-b1-s1,5,,P25-27,P25,False,2,P25 LIN2-0A-b1-s1 AG5
20241018_rep03,plate_metadata/20241018_rep03_metadata,3,C2,3,2,8,r03c02f08,LAMP1-488,MitoTracker-Red,DAPI,,25,LIN2-0A-b1-s1,5,,P25-27,P25,False,2,P25 LIN2-0A-b1-s1 AG5
20241018_rep03,plate_metadata/20241018_rep03_metadata,3,C2,3,2,9,r03c02f09,LAMP1-488,MitoTracker-Red,DAPI,,25,LIN2-0A-b1-s1,5,,P25-27,P25,False,2,P25 LIN2-0A-b1-s1 AG5
20241018_rep03,plate_metadata/20241018_rep03_metadata,3,C2,3,2,10,r03c02f10,LAMP1-488,MitoTracker-Red,DAPI,,25,LIN2-0A-b1-s1,5,,P25-27,P25,False,2,P25 LIN2-0A-b1-s1 AG5
20241018_rep03,plate_metadata/20241018_rep03_metadata,3,C2,3,2,11,r03c02f11,LAMP1-488,MitoTracker-Red,DAPI,,25,LIN2-0A-b1-s1,5,,P25-27,P25,False,2,P25 LIN2-0A-b1-s1 AG5
20241018_rep03,plate_metadata/20241018_rep03_metadata,3,C2,3,2,12,r03c02f12,LAMP1-488,MitoTracker-Red,DAPI,,25,LIN2-0A-b1-s1,5,,P25-27,P25,False,2,P25 LIN2-0A-b1-s1 AG5
20241018_rep03,plate_metadata/20241018_rep03_metadata,3,C2,3,2,13,r03c02f13,LAMP1-488,MitoTracker-Red,DAPI,,25,LIN2-0A-b1-s1,5,,P25-27,P25,False,2,P25 LIN2-0A-b1-s1 AG5
20241018_rep03,plate_metadata/20241018_rep03_metadata,3,C2,3,2,14,r03c02f14,LAMP1-488,MitoTracker-Red,DAPI,,25,LIN2-0A-b1-s1,5,,P25-27,P25,False,2,P25 LIN2-0A-b1-s1 AG5
20241018_rep03,plate_metadata/20241018_rep03_metadata,3,C2,3,2,15,r03c02f15,LAMP1-488,MitoTracker-Red,DAPI,,25,LIN2-0A-b1-s1,5,,P25-27,P25,False,2,P25 LIN2-0A-b1-s1 AG5
20241018_rep03,plate_metadata/20241018_rep03_metadata,3,C2,3,2,16,r03c02f16,LAMP1-488,MitoTracker-Red,DAPI,,25,LIN2-0A-b1-s1,5,,P25-27,P25,False,2,P25 LIN2-0A-b1-s1 AG5
20241018_rep03,plate_metadata/20241018_rep03_metadata,3,C2,3,2,17,r03c02f17,LAMP1-488,MitoTracker-Red,DAPI,,25,LIN2-0A-b1-s1,5,,P25-27,P25,False,2,P25 LIN2-0A-b1-s1 AG5
20241018_rep03,plate_metadata/20241018_rep03_metadata,3,C2,3,2,18,r03c02f18,LAMP1-488,MitoTracker-Red,DAPI,,25,LIN2-0A-b1-s1,5,,P25-27,P25,False,2,P25 LIN2-0A-b1-s1 AG5
20241018_rep03,plate_metadata/20241018_rep03_metadata,3,C2,3,2,19,r03c02f19,LAMP1-488,MitoTracker-Red,DAPI,,25,LIN2-0A-b1-s1,5,,P25-27,P25,False,2,P25 LIN2-0A-b1-s1 AG5
20241018_rep03,plate_metadata/20241018_rep03_metadata,3,C2,3,2,20,r03c02f20,LAMP1-488,MitoTracker-Red,DAPI,,25,LIN2-0A-b1-s1,5,,P25-27,P25,False,2,P25 LIN2-0A-b1-s1 AG5
20241018_rep03,plate_metadata/20241018_rep03_metadata,3,C2,3,2,21,r03c02f21,LAMP1-488,MitoTracker-Red,DAPI,,25,LIN2-0A-b1-s1,5,,P25-27,P25,False,2,P25 LIN2-0A-b1-s1 AG5
20241018_rep03,plate_metadata/20241018_rep03_metadata,3,C2,3,2,22,r03c02f22,LAMP1-488,MitoTracker-Red,DAPI,,25,LIN2-0A-b1-s1,5,,P25-27,P25,False,2,P25 LIN2-0A-b1-s1 AG5
20241018_rep03,plate_metadata/20241018_rep03_metadata,3,C2,3,2,23,r03c02f23,LAMP1-488,MitoTracker-Red,DAPI,,25,LIN2-0A-b1-s1,5,,P25-27,P25,False,2,P25 LIN2-0A-b1-s1 AG5
20241018_rep03,plate_metadata/20241018_rep03_metadata,3,C2,3,2,24,r03c02f24,LAMP1-488,MitoTracker-Red,DAPI,,25,LIN2-0A-b1-s1,5,,P25-27,P25,False,2,P25 LIN2-0A-b1-s1 AG5
20241018_rep03,plate_metadata/20241018_rep03_metadata,3,C2,3,2,25,r03c02f25,LAMP1-488,MitoTracker-Red,DAPI,,25,LIN2-0A-b1-s1,5,,P25-27,P25,False,2,P25 LIN2-0A-b1-s1 AG5
20241018_rep03,plate_metadata/20241018_rep03_metadata,3,C2,3,2,26,r03c02f26,LAMP1-488,MitoTracker-Red,DAPI,,25,LIN2-0A-b1-s1,5,,P25-27,P25,False,2,P25 LIN2-0A-b1-s1 AG5
20241018_rep03,plate_metadata/20241018_rep03_metadata,3,C2,3,2,27,r03c02f27,LAMP1-488,MitoTracker-Red,DAPI,,25,LIN2-0A-b1-s1,5,,P25-27,P25,False,2,P25 LIN2-0A-b1-s1 AG5
20241018_rep03,plate_metadata/20241018_rep03_metadata,3,C2,3,2,28,r03c02f28,LAMP1-488,MitoTracker-Red,DAPI,,25,LIN2-0A-b1-s1,5,,P25-27,P25,False,2,P25 LIN2-0A-b1-s1 AG5
20241018_rep03,plate_metadata/20241018_rep03_metadata,3,C2,3,2,29,r03c02f29,LAMP1-488,MitoTracker-Red,DAPI,,25,LIN2-0A-b1-s1,5,,P25-27,P25,False,2,P25 LIN2-0A-b1-s1 AG5
20241018_rep03,plate_metadata/20241018_rep03_metadata,3,C2,3,2,30,r03c02f30,LAMP1-488,MitoTracker-Red,DAPI,,25,LIN2-0A-b1-s1,5,,P25-27,P25,False,2,P25 LIN2-0A-b1-s1 AG5
20241018_rep03,plate_metadata/20241018_rep03_metadata,3,C2,3,2,31,r03c02f31,LAMP1-488,MitoTracker-Red,DAPI,,25,LIN2-0A-b1-s1,5,,P25-27,P25,False,2,P25 LIN2-0A-b1-s1 AG5
20241018_rep03,plate_metadata/20241018_rep03_metadata,3,C2,3,2,32,r03c02f32,LAMP1-488,MitoTracker-Red,DAPI,,25,LIN2-0A-b1-s1,5,,P25-27,P25,False,2,P25 LIN2-0A-b1-s1 AG5
20241018_rep03,plate_metadata/20241018_rep03_metadata,3,C2,3,2,33,r03c02f33,LAMP1-488,MitoTracker-Red,DAPI,,25,LIN2-0A-b1-s1,5,,P25-27,P25,False,2,P25 LIN2-0A-b1-s1 AG5
20241018_rep03,plate_metadata/20241018_rep03_metadata,3,C2,3,2,34,r03c02f34,LAMP1-488,MitoTracker-Red,DAPI,,25,LIN2-0A-b1-s1,5,,P25-27,P25,False,2,P25 LIN2-0A-b1-s1 AG5
20241018_rep03,plate_metadata/20241018_rep03_metadata,3,C2,3,2,35,r03c02f35,LAMP1-488,MitoTracker-Red,DAPI,,25,LIN2-0A-b1-s1,5,,P25-27,P25,False,2,P25 LIN2-0A-b1-s1 AG5
20241018_rep03,plate_metadata/20241018_rep03_metadata,3,C2,3,2,36,r03c02f36,LAMP1-488,MitoTracker-Red,DAPI,,25,LIN2-0A-b1-s1,5,,P25-27,P25,False,2,P25 LIN2-0A-b1-s1 AG5
20241018_rep03,plate_metadata/20241018_rep03_metadata,3,C2,3,2,37,r03c02f37,LAMP1-488,MitoTracker-Red,DAPI,,25,LIN2-0A-b1-s1,5,,P25-27,P25,False,2,P25 LIN2-0A-b1-s1 AG5
20241018_rep03,plate_metadata/20241018_rep03_metadata,3,C2,3,2,38,r03c02f38,LAMP1-488,MitoTracker-Red,DAPI,,25,LIN2-0A-b1-s1,5,,P25-27,P25,False,2,P25 LIN2-0A-b1-s1 AG5
20241018_rep03,plate_metadata/20241018_rep03_metadata,3,C2,3,2,39,r03c02f39,LAMP1-488,MitoTracker-Red,DAPI,,25,LIN2-0A-b1-s1,5,,P25-27,P25,False,2,P25 LIN2-0A-b1-s1 AG5
20241018_rep03,plate_metadata/20241018_rep03_metadata,3,C2,3,2,40,r03c02f40,LAMP1-488,MitoTracker-Red,DAPI,,25,LIN2-0A-b1-s1,5,,P25-27,P25,False,2,P25 LIN2-0A-b1-s1 AG5
20241018_rep03,plate_metadata/20241018_rep03_metadata,3,C3,3,3,1,r03c03f01,LAMP1-488,MitoTracker-Red,DAPI,,22,LIN3-0A-b2-s1,4,,P22-24,P22,False,3,P22 LIN3-0A-b2-s1 AG4
20241018_rep03,plate_metadata/20241018_rep03_metadata,3,C3,3,3,2,r03c03f02,LAMP1-488,MitoTracker-Red,DAPI,,22,LIN3-0A-b2-s1,4,,P22-24,P22,False,3,P22 LIN3-0A-b2-s1 AG4
20241018_rep03,plate_metadata/20241018_rep03_metadata,3,C3,3,3,3,r03c03f03,LAMP1-488,MitoTracker-Red,DAPI,,22,LIN3-0A-b2-s1,4,,P22-24,P22,False,3,P22 LIN3-0A-b2-s1 AG4
20241018_rep03,plate_metadata/20241018_rep03_metadata,3,C3,3,3,4,r03c03f04,LAMP1-488,MitoTracker-Red,DAPI,,22,LIN3-0A-b2-s1,4,,P22-24,P22,False,3,P22 LIN3-0A-b2-s1 AG4
20241018_rep03,plate_metadata/20241018_rep03_metadata,3,C3,3,3,5,r03c03f05,LAMP1-488,MitoTracker-Red,DAPI,,22,LIN3-0A-b2-s1,4,,P22-24,P22,False,3,P22 LIN3-0A-b2-s1 AG4
20241018_rep03,plate_metadata/20241018_rep03_metadata,3,C3,3,3,6,r03c03f06,LAMP1-488,MitoTracker-Red,DAPI,,22,LIN3-0A-b2-s1,4,,P22-24,P22,False,3,P22 LIN3-0A-b2-s1 AG4
20241018_rep03,plate_metadata/20241018_rep03_metadata,3,C3,3,3,7,r03c03f07,LAMP1-488,MitoTracker-Red,DAPI,,22,LIN3-0A-b2-s1,4,,P22-24,P22,False,3,P22 LIN3-0A-b2-s1 AG4
20241018_rep03,plate_metadata/20241018_rep03_metadata,3,C3,3,3,8,r03c03f08,LAMP1-488,MitoTracker-Red,DAPI,,22,LIN3-0A-b2-s1,4,,P22-24,P22,False,3,P22 LIN3-0A-b2-s1 AG4
20241018_rep03,plate_metadata/20241018_rep03_metadata,3,C3,3,3,9,r03c03f09,LAMP1-488,MitoTracker-Red,DAPI,,22,LIN3-0A-b2-s1,4,,P22-24,P22,False,3,P22 LIN3-0A-b2-s1 AG4
20241018_rep03,plate_metadata/20241018_rep03_metadata,3,C3,3,3,10,r03c03f10,LAMP1-488,MitoTracker-Red,DAPI,,22,LIN3-0A-b2-s1,4,,P22-24,P22,False,3,P22 LIN3-0A-b2-s1 AG4
20241018_rep03,plate_metadata/20241018_rep03_metadata,3,C3,3,3,11,r03c03f11,LAMP1-488,MitoTracker-Red,DAPI,,22,LIN3-0A-b2-s1,4,,P22-24,P22,False,3,P22 LIN3-0A-b2-s1 AG4
20241018_rep03,plate_metadata/20241018_rep03_metadata,3,C3,3,3,12,r03c03f12,LAMP1-488,MitoTracker-Red,DAPI,,22,LIN3-0A-b2-s1,4,,P22-24,P22,False,3,P22 LIN3-0A-b2-s1 AG4
20241018_rep03,plate_metadata/20241018_rep03_metadata,3,C3,3,3,13,r03c03f13,LAMP1-488,MitoTracker-Red,DAPI,,22,LIN3-0A-b2-s1,4,,P22-24,P22,False,3,P22 LIN3-0A-b2-s1 AG4
20241018_rep03,plate_metadata/20241018_rep03_metadata,3,C3,3,3,14,r03c03f14,LAMP1-488,MitoTracker-Red,DAPI,,22,LIN3-0A-b2-s1,4,,P22-24,P22,False,3,P22 LIN3-0A-b2-s1 AG4
20241018_rep03,plate_metadata/20241018_rep03_metadata,3,C3,3,3,15,r03c03f15,LAMP1-488,MitoTracker-Red,DAPI,,22,LIN3-0A-b2-s1,4,,P22-24,P22,False,3,P22 LIN3-0A-b2-s1 AG4
20241018_rep03,plate_metadata/20241018_rep03_metadata,3,C3,3,3,16,r03c03f16,LAMP1-488,MitoTracker-Red,DAPI,,22,LIN3-0A-b2-s1,4,,P22-24,P22,False,3,P22 LIN3-0A-b2-s1 AG4
20241018_rep03,plate_metadata/20241018_rep03_metadata,3,C3,3,3,17,r03c03f17,LAMP1-488,MitoTracker-Red,DAPI,,22,LIN3-0A-b2-s1,4,,P22-24,P22,False,3,P22 LIN3-0A-b2-s1 AG4
20241018_rep03,plate_metadata/20241018_rep03_metadata,3,C3,3,3,18,r03c03f18,LAMP1-488,MitoTracker-Red,DAPI,,22,LIN3-0A-b2-s1,4,,P22-24,P22,False,3,P22 LIN3-0A-b2-s1 AG4
20241018_rep03,plate_metadata/20241018_rep03_metadata,3,C3,3,3,19,r03c03f19,LAMP1-488,MitoTracker-Red,DAPI,,22,LIN3-0A-b2-s1,4,,P22-24,P22,False,3,P22 LIN3-0A-b2-s1 AG4
20241018_rep03,plate_metadata/20241018_rep03_metadata,3,C3,3,3,20,r03c03f20,LAMP1-488,MitoTracker-Red,DAPI,,22,LIN3-0A-b2-s1,4,,P22-24,P22,False,3,P22 LIN3-0A-b2-s1 AG4
20241018_rep03,plate_metadata/20241018_rep03_metadata,3,C3,3,3,21,r03c03f21,LAMP1-488,MitoTracker-Red,DAPI,,22,LIN3-0A-b2-s1,4,,P22-24,P22,False,3,P22 LIN3-0A-b2-s1 AG4
20241018_rep03,plate_metadata/20241018_rep03_metadata,3,C3,3,3,22,r03c03f22,LAMP1-488,MitoTracker-Red,DAPI,,22,LIN3-0A-b2-s1,4,,P22-24,P22,False,3,P22 LIN3-0A-b2-s1 AG4
20241018_rep03,plate_metadata/20241018_rep03_metadata,3,C3,3,3,23,r03c03f23,LAMP1-488,MitoTracker-Red,DAPI,,22,LIN3-0A-b2-s1,4,,P22-24,P22,False,3,P22 LIN3-0A-b2-s1 AG4
20241018_rep03,plate_metadata/20241018_rep03_metadata,3,C3,3,3,24,r03c03f24,LAMP1-488,MitoTracker-Red,DAPI,,22,LIN3-0A-b2-s1,4,,P22-24,P22,False,3,P22 LIN3-0A-b2-s1 AG4
20241018_rep03,plate_metadata/20241018_rep03_metadata,3,C3,3,3,25,r03c03f25,LAMP1-488,MitoTracker-Red,DAPI,,22,LIN3-0A-b2-s1,4,,P22-24,P22,False,3,P22 LIN3-0A-b2-s1 AG4
20241018_rep03,plate_metadata/20241018_rep03_metadata,3,C3,3,3,26,r03c03f26,LAMP1-488,MitoTracker-Red,DAPI,,22,LIN3-0A-b2-s1,4,,P22-24,P22,False,3,P22 LIN3-0A-b2-s1 AG4
20241018_rep03,plate_metadata/20241018_rep03_metadata,3,C3,3,3,27,r03c03f27,LAMP1-488,MitoTracker-Red,DAPI,,22,LIN3-0A-b2-s1,4,,P22-24,P22,False,3,P22 LIN3-0A-b2-s1 AG4
20241018_rep03,plate_metadata/20241018_rep03_metadata,3,C3,3,3,28,r03c03f28,LAMP1-488,MitoTracker-Red,DAPI,,22,LIN3-0A-b2-s1,4,,P22-24,P22,False,3,P22 LIN3-0A-b2-s1 AG4
20241018_rep03,plate_metadata/20241018_rep03_metadata,3,C3,3,3,29,r03c03f29,LAMP1-488,MitoTracker-Red,DAPI,,22,LIN3-0A-b2-s1,4,,P22-24,P22,False,3,P22 LIN3-0A-b2-s1 AG4
20241018_rep03,plate_metadata/20241018_rep03_metadata,3,C3,3,3,30,r03c03f30,LAMP1-488,MitoTracker-Red,DAPI,,22,LIN3-0A-b2-s1,4,,P22-24,P22,False,3,P22 LIN3-0A-b2-s1 AG4
20241018_rep03,plate_metadata/20241018_rep03_metadata,3,C3,3,3,31,r03c03f31,LAMP1-488,MitoTracker-Red,DAPI,,22,LIN3-0A-b2-s1,4,,P22-24,P22,False,3,P22 LIN3-0A-b2-s1 AG4
20241018_rep03,plate_metadata/20241018_rep03_metadata,3,C3,3,3,32,r03c03f32,LAMP1-488,MitoTracker-Red,DAPI,,22,LIN3-0A-b2-s1,4,,P22-24,P22,False,3,P22 LIN3-0A-b2-s1 AG4
20241018_rep03,plate_metadata/20241018_rep03_metadata,3,C3,3,3,33,r03c03f33,LAMP1-488,MitoTracker-Red,DAPI,,22,LIN3-0A-b2-s1,4,,P22-24,P22,False,3,P22 LIN3-0A-b2-s1 AG4
20241018_rep03,plate_metadata/20241018_rep03_metadata,3,C3,3,3,34,r03c03f34,LAMP1-488,MitoTracker-Red,DAPI,,22,LIN3-0A-b2-s1,4,,P22-24,P22,False,3,P22 LIN3-0A-b2-s1 AG4
20241018_rep03,plate_metadata/20241018_rep03_metadata,3,C3,3,3,35,r03c03f35,LAMP1-488,MitoTracker-Red,DAPI,,22,LIN3-0A-b2-s1,4,,P22-24,P22,False,3,P22 LIN3-0A-b2-s1 AG4
20241018_rep03,plate_metadata/20241018_rep03_metadata,3,C3,3,3,36,r03c03f36,LAMP1-488,MitoTracker-Red,DAPI,,22,LIN3-0A-b2-s1,4,,P22-24,P22,False,3,P22 LIN3-0A-b2-s1 AG4
20241018_rep03,plate_metadata/20241018_rep03_metadata,3,C3,3,3,37,r03c03f37,LAMP1-488,MitoTracker-Red,DAPI,,22,LIN3-0A-b2-s1,4,,P22-24,P22,False,3,P22 LIN3-0A-b2-s1 AG4
20241018_rep03,plate_metadata/20241018_rep03_metadata,3,C3,3,3,38,r03c03f38,LAMP1-488,MitoTracker-Red,DAPI,,22,LIN3-0A-b2-s1,4,,P22-24,P22,False,3,P22 LIN3-0A-b2-s1 AG4
20241018_rep03,plate_metadata/20241018_rep03_metadata,3,C3,3,3,39,r03c03f39,LAMP1-488,MitoTracker-Red,DAPI,,22,LIN3-0A-b2-s1,4,,P22-24,P22,False,3,P22 LIN3-0A-b2-s1 AG4
20241018_rep03,plate_metadata/20241018_rep03_metadata,3,C3,3,3,40,r03c03f40,LAMP1-488,MitoTracker-Red,DAPI,,22,LIN3-0A-b2-s1,4,,P22-24,P22,False,3,P22 LIN3-0A-b2-s1 AG4
20241018_rep03,plate_metadata/20241018_rep03_metadata,3,C4,3,4,1,r03c04f01,LAMP1-488,MitoTracker-Red,DAPI,,20,LIN4-0B-b2A-s1,3,,P19-21,P20,False,4,P20 LIN4-0B-b2A-s1 AG3
20241018_rep03,plate_metadata/20241018_rep03_metadata,3,C4,3,4,2,r03c04f02,LAMP1-488,MitoTracker-Red,DAPI,,20,LIN4-0B-b2A-s1,3,,P19-21,P20,False,4,P20 LIN4-0B-b2A-s1 AG3
20241018_rep03,plate_metadata/20241018_rep03_metadata,3,C4,3,4,3,r03c04f03,LAMP1-488,MitoTracker-Red,DAPI,,20,LIN4-0B-b2A-s1,3,,P19-21,P20,False,4,P20 LIN4-0B-b2A-s1 AG3
20241018_rep03,plate_metadata/20241018_rep03_metadata,3,C4,3,4,4,r03c04f04,LAMP1-488,MitoTracker-Red,DAPI,,20,LIN4-0B-b2A-s1,3,,P19-21,P20,False,4,P20 LIN4-0B-b2A-s1 AG3
20241018_rep03,plate_metadata/20241018_rep03_metadata,3,C4,3,4,5,r03c04f05,LAMP1-488,MitoTracker-Red,DAPI,,20,LIN4-0B-b2A-s1,3,,P19-21,P20,False,4,P20 LIN4-0B-b2A-s1 AG3
20241018_rep03,plate_metadata/20241018_rep03_metadata,3,C4,3,4,6,r03c04f06,LAMP1-488,MitoTracker-Red,DAPI,,20,LIN4-0B-b2A-s1,3,,P19-21,P20,False,4,P20 LIN4-0B-b2A-s1 AG3
20241018_rep03,plate_metadata/20241018_rep03_metadata,3,C4,3,4,7,r03c04f07,LAMP1-488,MitoTracker-Red,DAPI,,20,LIN4-0B-b2A-s1,3,,P19-21,P20,False,4,P20 LIN4-0B-b2A-s1 AG3
20241018_rep03,plate_metadata/20241018_rep03_metadata,3,C4,3,4,8,r03c04f08,LAMP1-488,MitoTracker-Red,DAPI,,20,LIN4-0B-b2A-s1,3,,P19-21,P20,False,4,P20 LIN4-0B-b2A-s1 AG3
20241018_rep03,plate_metadata/20241018_rep03_metadata,3,C4,3,4,9,r03c04f09,LAMP1-488,MitoTracker-Red,DAPI,,20,LIN4-0B-b2A-s1,3,,P19-21,P20,False,4,P20 LIN4-0B-b2A-s1 AG3
20241018_rep03,plate_metadata/20241018_rep03_metadata,3,C4,3,4,10,r03c04f10,LAMP1-488,MitoTracker-Red,DAPI,,20,LIN4-0B-b2A-s1,3,,P19-21,P20,False,4,P20 LIN4-0B-b2A-s1 AG3
20241018_rep03,plate_metadata/20241018_rep03_metadata,3,C4,3,4,11,r03c04f11,LAMP1-488,MitoTracker-Red,DAPI,,20,LIN4-0B-b2A-s1,3,,P19-21,P20,False,4,P20 LIN4-0B-b2A-s1 AG3
20241018_rep03,plate_metadata/20241018_rep03_metadata,3,C4,3,4,12,r03c04f12,LAMP1-488,MitoTracker-Red,DAPI,,20,LIN4-0B-b2A-s1,3,,P19-21,P20,False,4,P20 LIN4-0B-b2A-s1 AG3
20241018_rep03,plate_metadata/20241018_rep03_metadata,3,C4,3,4,13,r03c04f13,LAMP1-488,MitoTracker-Red,DAPI,,20,LIN4-0B-b2A-s1,3,,P19-21,P20,False,4,P20 LIN4-0B-b2A-s1 AG3
20241018_rep03,plate_metadata/20241018_rep03_metadata,3,C4,3,4,14,r03c04f14,LAMP1-488,MitoTracker-Red,DAPI,,20,LIN4-0B-b2A-s1,3,,P19-21,P20,False,4,P20 LIN4-0B-b2A-s1 AG3
20241018_rep03,plate_metadata/20241018_rep03_metadata,3,C4,3,4,15,r03c04f15,LAMP1-488,MitoTracker-Red,DAPI,,20,LIN4-0B-b2A-s1,3,,P19-21,P20,False,4,P20 LIN4-0B-b2A-s1 AG3
20241018_rep03,plate_metadata/20241018_rep03_metadata,3,C4,3,4,16,r03c04f16,LAMP1-488,MitoTracker-Red,DAPI,,20,LIN4-0B-b2A-s1,3,,P19-21,P20,False,4,P20 LIN4-0B-b2A-s1 AG3
20241018_rep03,plate_metadata/20241018_rep03_metadata,3,C4,3,4,17,r03c04f17,LAMP1-488,MitoTracker-Red,DAPI,,20,LIN4-0B-b2A-s1,3,,P19-21,P20,False,4,P20 LIN4-0B-b2A-s1 AG3
20241018_rep03,plate_metadata/20241018_rep03_metadata,3,C4,3,4,18,r03c04f18,LAMP1-488,MitoTracker-Red,DAPI,,20,LIN4-0B-b2A-s1,3,,P19-21,P20,False,4,P20 LIN4-0B-b2A-s1 AG3
20241018_rep03,plate_metadata/20241018_rep03_metadata,3,C4,3,4,19,r03c04f19,LAMP1-488,MitoTracker-Red,DAPI,,20,LIN4-0B-b2A-s1,3,,P19-21,P20,False,4,P20 LIN4-0B-b2A-s1 AG3
20241018_rep03,plate_metadata/20241018_rep03_metadata,3,C4,3,4,20,r03c04f20,LAMP1-488,MitoTracker-Red,DAPI,,20,LIN4-0B-b2A-s1,3,,P19-21,P20,False,4,P20 LIN4-0B-b2A-s1 AG3
20241018_rep03,plate_metadata/20241018_rep03_metadata,3,C4,3,4,21,r03c04f21,LAMP1-488,MitoTracker-Red,DAPI,,20,LIN4-0B-b2A-s1,3,,P19-21,P20,False,4,P20 LIN4-0B-b2A-s1 AG3
20241018_rep03,plate_metadata/20241018_rep03_metadata,3,C4,3,4,22,r03c04f22,LAMP1-488,MitoTracker-Red,DAPI,,20,LIN4-0B-b2A-s1,3,,P19-21,P20,False,4,P20 LIN4-0B-b2A-s1 AG3
20241018_rep03,plate_metadata/20241018_rep03_metadata,3,C4,3,4,23,r03c04f23,LAMP1-488,MitoTracker-Red,DAPI,,20,LIN4-0B-b2A-s1,3,,P19-21,P20,False,4,P20 LIN4-0B-b2A-s1 AG3
20241018_rep03,plate_metadata/20241018_rep03_metadata,3,C4,3,4,24,r03c04f24,LAMP1-488,MitoTracker-Red,DAPI,,20,LIN4-0B-b2A-s1,3,,P19-21,P20,False,4,P20 LIN4-0B-b2A-s1 AG3
20241018_rep03,plate_metadata/20241018_rep03_metadata,3,C4,3,4,25,r03c04f25,LAMP1-488,MitoTracker-Red,DAPI,,20,LIN4-0B-b2A-s1,3,,P19-21,P20,False,4,P20 LIN4-0B-b2A-s1 AG3
20241018_rep03,plate_metadata/20241018_rep03_metadata,3,C4,3,4,26,r03c04f26,LAMP1-488,MitoTracker-Red,DAPI,,20,LIN4-0B-b2A-s1,3,,P19-21,P20,False,4,P20 LIN4-0B-b2A-s1 AG3
20241018_rep03,plate_metadata/20241018_rep03_metadata,3,C4,3,4,27,r03c04f27,LAMP1-488,MitoTracker-Red,DAPI,,20,LIN4-0B-b2A-s1,3,,P19-21,P20,False,4,P20 LIN4-0B-b2A-s1 AG3
20241018_rep03,plate_metadata/20241018_rep03_metadata,3,C4,3,4,28,r03c04f28,LAMP1-488,MitoTracker-Red,DAPI,,20,LIN4-0B-b2A-s1,3,,P19-21,P20,False,4,P20 LIN4-0B-b2A-s1 AG3
20241018_rep03,plate_metadata/20241018_rep03_metadata,3,C4,3,4,29,r03c04f29,LAMP1-488,MitoTracker-Red,DAPI,,20,LIN4-0B-b2A-s1,3,,P19-21,P20,False,4,P20 LIN4-0B-b2A-s1 AG3
20241018_rep03,plate_metadata/20241018_rep03_metadata,3,C4,3,4,30,r03c04f30,LAMP1-488,MitoTracker-Red,DAPI,,20,LIN4-0B-b2A-s1,3,,P19-21,P20,False,4,P20 LIN4-0B-b2A-s1 AG3
20241018_rep03,plate_metadata/20241018_rep03_metadata,3,C4,3,4,31,r03c04f31,LAMP1-488,MitoTracker-Red,DAPI,,20,LIN4-0B-b2A-s1,3,,P19-21,P20,False,4,P20 LIN4-0B-b2A-s1 AG3
20241018_rep03,plate_metadata/20241018_rep03_metadata,3,C4,3,4,32,r03c04f32,LAMP1-488,MitoTracker-Red,DAPI,,20,LIN4-0B-b2A-s1,3,,P19-21,P20,False,4,P20 LIN4-0B-b2A-s1 AG3
20241018_rep03,plate_metadata/20241018_rep03_metadata,3,C4,3,4,33,r03c04f33,LAMP1-488,MitoTracker-Red,DAPI,,20,LIN4-0B-b2A-s1,3,,P19-21,P20,False,4,P20 LIN4-0B-b2A-s1 AG3
20241018_rep03,plate_metadata/20241018_rep03_metadata,3,C4,3,4,34,r03c04f34,LAMP1-488,MitoTracker-Red,DAPI,,20,LIN4-0B-b2A-s1,3,,P19-21,P20,False,4,P20 LIN4-0B-b2A-s1 AG3
20241018_rep03,plate_metadata/20241018_rep03_metadata,3,C4,3,4,35,r03c04f35,LAMP1-488,MitoTracker-Red,DAPI,,20,LIN4-0B-b2A-s1,3,,P19-21,P20,False,4,P20 LIN4-0B-b2A-s1 AG3
20241018_rep03,plate_metadata/20241018_rep03_metadata,3,C4,3,4,36,r03c04f36,LAMP1-488,MitoTracker-Red,DAPI,,20,LIN4-0B-b2A-s1,3,,P19-21,P20,False,4,P20 LIN4-0B-b2A-s1 AG3
20241018_rep03,plate_metadata/20241018_rep03_metadata,3,C4,3,4,37,r03c04f37,LAMP1-488,MitoTracker-Red,DAPI,,20,LIN4-0B-b2A-s1,3,,P19-21,P20,False,4,P20 LIN4-0B-b2A-s1 AG3
20241018_rep03,plate_metadata/20241018_rep03_metadata,3,C4,3,4,38,r03c04f38,LAMP1-488,MitoTracker-Red,DAPI,,20,LIN4-0B-b2A-s1,3,,P19-21,P20,False,4,P20 LIN4-0B-b2A-s1 AG3
20241018_rep03,plate_metadata/20241018_rep03_metadata,3,C4,3,4,39,r03c04f39,LAMP1-488,MitoTracker-Red,DAPI,,20,LIN4-0B-b2A-s1,3,,P19-21,P20,False,4,P20 LIN4-0B-b2A-s1 AG3
20241018_rep03,plate_metadata/20241018_rep03_metadata,3,C4,3,4,40,r03c04f40,LAMP1-488,MitoTracker-Red,DAPI,,20,LIN4-0B-b2A-s1,3,,P19-21,P20,False,4,P20 LIN4-0B-b2A-s1 AG3
20241018_rep03,plate_metadata/20241018_rep03_metadata,3,C5,3,5,1,r03c05f01,LAMP1-488,MitoTracker-Red,DAPI,,18,LIN5-0B-b3-s1,2,,P16-18,P18,False,5,P18 LIN5-0B-b3-s1 AG2
20241018_rep03,plate_metadata/20241018_rep03_metadata,3,C5,3,5,2,r03c05f02,LAMP1-488,MitoTracker-Red,DAPI,,18,LIN5-0B-b3-s1,2,,P16-18,P18,False,5,P18 LIN5-0B-b3-s1 AG2
20241018_rep03,plate_metadata/20241018_rep03_metadata,3,C5,3,5,3,r03c05f03,LAMP1-488,MitoTracker-Red,DAPI,,18,LIN5-0B-b3-s1,2,,P16-18,P18,False,5,P18 LIN5-0B-b3-s1 AG2
20241018_rep03,plate_metadata/20241018_rep03_metadata,3,C5,3,5,4,r03c05f04,LAMP1-488,MitoTracker-Red,DAPI,,18,LIN5-0B-b3-s1,2,,P16-18,P18,False,5,P18 LIN5-0B-b3-s1 AG2
20241018_rep03,plate_metadata/20241018_rep03_metadata,3,C5,3,5,5,r03c05f05,LAMP1-488,MitoTracker-Red,DAPI,,18,LIN5-0B-b3-s1,2,,P16-18,P18,False,5,P18 LIN5-0B-b3-s1 AG2
20241018_rep03,plate_metadata/20241018_rep03_metadata,3,C5,3,5,6,r03c05f06,LAMP1-488,MitoTracker-Red,DAPI,,18,LIN5-0B-b3-s1,2,,P16-18,P18,False,5,P18 LIN5-0B-b3-s1 AG2
20241018_rep03,plate_metadata/20241018_rep03_metadata,3,C5,3,5,7,r03c05f07,LAMP1-488,MitoTracker-Red,DAPI,,18,LIN5-0B-b3-s1,2,,P16-18,P18,False,5,P18 LIN5-0B-b3-s1 AG2
20241018_rep03,plate_metadata/20241018_rep03_metadata,3,C5,3,5,8,r03c05f08,LAMP1-488,MitoTracker-Red,DAPI,,18,LIN5-0B-b3-s1,2,,P16-18,P18,False,5,P18 LIN5-0B-b3-s1 AG2
20241018_rep03,plate_metadata/20241018_rep03_metadata,3,C5,3,5,9,r03c05f09,LAMP1-488,MitoTracker-Red,DAPI,,18,LIN5-0B-b3-s1,2,,P16-18,P18,False,5,P18 LIN5-0B-b3-s1 AG2
20241018_rep03,plate_metadata/20241018_rep03_metadata,3,C5,3,5,10,r03c05f10,LAMP1-488,MitoTracker-Red,DAPI,,18,LIN5-0B-b3-s1,2,,P16-18,P18,False,5,P18 LIN5-0B-b3-s1 AG2
20241018_rep03,plate_metadata/20241018_rep03_metadata,3,C5,3,5,11,r03c05f11,LAMP1-488,MitoTracker-Red,DAPI,,18,LIN5-0B-b3-s1,2,,P16-18,P18,False,5,P18 LIN5-0B-b3-s1 AG2
20241018_rep03,plate_metadata/20241018_rep03_metadata,3,C5,3,5,12,r03c05f12,LAMP1-488,MitoTracker-Red,DAPI,,18,LIN5-0B-b3-s1,2,,P16-18,P18,False,5,P18 LIN5-0B-b3-s1 AG2
20241018_rep03,plate_metadata/20241018_rep03_metadata,3,C5,3,5,13,r03c05f13,LAMP1-488,MitoTracker-Red,DAPI,,18,LIN5-0B-b3-s1,2,,P16-18,P18,False,5,P18 LIN5-0B-b3-s1 AG2
20241018_rep03,plate_metadata/20241018_rep03_metadata,3,C5,3,5,14,r03c05f14,LAMP1-488,MitoTracker-Red,DAPI,,18,LIN5-0B-b3-s1,2,,P16-18,P18,False,5,P18 LIN5-0B-b3-s1 AG2
20241018_rep03,plate_metadata/20241018_rep03_metadata,3,C5,3,5,15,r03c05f15,LAMP1-488,MitoTracker-Red,DAPI,,18,LIN5-0B-b3-s1,2,,P16-18,P18,False,5,P18 LIN5-0B-b3-s1 AG2
20241018_rep03,plate_metadata/20241018_rep03_metadata,3,C5,3,5,16,r03c05f16,LAMP1-488,MitoTracker-Red,DAPI,,18,LIN5-0B-b3-s1,2,,P16-18,P18,False,5,P18 LIN5-0B-b3-s1 AG2
20241018_rep03,plate_metadata/20241018_rep03_metadata,3,C5,3,5,17,r03c05f17,LAMP1-488,MitoTracker-Red,DAPI,,18,LIN5-0B-b3-s1,2,,P16-18,P18,False,5,P18 LIN5-0B-b3-s1 AG2
20241018_rep03,plate_metadata/20241018_rep03_metadata,3,C5,3,5,18,r03c05f18,LAMP1-488,MitoTracker-Red,DAPI,,18,LIN5-0B-b3-s1,2,,P16-18,P18,False,5,P18 LIN5-0B-b3-s1 AG2
20241018_rep03,plate_metadata/20241018_rep03_metadata,3,C5,3,5,19,r03c05f19,LAMP1-488,MitoTracker-Red,DAPI,,18,LIN5-0B-b3-s1,2,,P16-18,P18,False,5,P18 LIN5-0B-b3-s1 AG2
20241018_rep03,plate_metadata/20241018_rep03_metadata,3,C5,3,5,20,r03c05f20,LAMP1-488,MitoTracker-Red,DAPI,,18,LIN5-0B-b3-s1,2,,P16-18,P18,False,5,P18 LIN5-0B-b3-s1 AG2
20241018_rep03,plate_metadata/20241018_rep03_metadata,3,C5,3,5,21,r03c05f21,LAMP1-488,MitoTracker-Red,DAPI,,18,LIN5-0B-b3-s1,2,,P16-18,P18,False,5,P18 LIN5-0B-b3-s1 AG2
20241018_rep03,plate_metadata/20241018_rep03_metadata,3,C5,3,5,22,r03c05f22,LAMP1-488,MitoTracker-Red,DAPI,,18,LIN5-0B-b3-s1,2,,P16-18,P18,False,5,P18 LIN5-0B-b3-s1 AG2
20241018_rep03,plate_metadata/20241018_rep03_metadata,3,C5,3,5,23,r03c05f23,LAMP1-488,MitoTracker-Red,DAPI,,18,LIN5-0B-b3-s1,2,,P16-18,P18,False,5,P18 LIN5-0B-b3-s1 AG2
20241018_rep03,plate_metadata/20241018_rep03_metadata,3,C5,3,5,24,r03c05f24,LAMP1-488,MitoTracker-Red,DAPI,,18,LIN5-0B-b3-s1,2,,P16-18,P18,False,5,P18 LIN5-0B-b3-s1 AG2
20241018_rep03,plate_metadata/20241018_rep03_metadata,3,C5,3,5,25,r03c05f25,LAMP1-488,MitoTracker-Red,DAPI,,18,LIN5-0B-b3-s1,2,,P16-18,P18,False,5,P18 LIN5-0B-b3-s1 AG2
20241018_rep03,plate_metadata/20241018_rep03_metadata,3,C5,3,5,26,r03c05f26,LAMP1-488,MitoTracker-Red,DAPI,,18,LIN5-0B-b3-s1,2,,P16-18,P18,False,5,P18 LIN5-0B-b3-s1 AG2
20241018_rep03,plate_metadata/20241018_rep03_metadata,3,C5,3,5,27,r03c05f27,LAMP1-488,MitoTracker-Red,DAPI,,18,LIN5-0B-b3-s1,2,,P16-18,P18,False,5,P18 LIN5-0B-b3-s1 AG2
20241018_rep03,plate_metadata/20241018_rep03_metadata,3,C5,3,5,28,r03c05f28,LAMP1-488,MitoTracker-Red,DAPI,,18,LIN5-0B-b3-s1,2,,P16-18,P18,False,5,P18 LIN5-0B-b3-s1 AG2
20241018_rep03,plate_metadata/20241018_rep03_metadata,3,C5,3,5,29,r03c05f29,LAMP1-488,MitoTracker-Red,DAPI,,18,LIN5-0B-b3-s1,2,,P16-18,P18,False,5,P18 LIN5-0B-b3-s1 AG2
20241018_rep03,plate_metadata/20241018_rep03_metadata,3,C5,3,5,30,r03c05f30,LAMP1-488,MitoTracker-Red,DAPI,,18,LIN5-0B-b3-s1,2,,P16-18,P18,False,5,P18 LIN5-0B-b3-s1 AG2
20241018_rep03,plate_metadata/20241018_rep03_metadata,3,C5,3,5,31,r03c05f31,LAMP1-488,MitoTracker-Red,DAPI,,18,LIN5-0B-b3-s1,2,,P16-18,P18,False,5,P18 LIN5-0B-b3-s1 AG2
20241018_rep03,plate_metadata/20241018_rep03_metadata,3,C5,3,5,32,r03c05f32,LAMP1-488,MitoTracker-Red,DAPI,,18,LIN5-0B-b3-s1,2,,P16-18,P18,False,5,P18 LIN5-0B-b3-s1 AG2
20241018_rep03,plate_metadata/20241018_rep03_metadata,3,C5,3,5,33,r03c05f33,LAMP1-488,MitoTracker-Red,DAPI,,18,LIN5-0B-b3-s1,2,,P16-18,P18,False,5,P18 LIN5-0B-b3-s1 AG2
20241018_rep03,plate_metadata/20241018_rep03_metadata,3,C5,3,5,34,r03c05f34,LAMP1-488,MitoTracker-Red,DAPI,,18,LIN5-0B-b3-s1,2,,P16-18,P18,False,5,P18 LIN5-0B-b3-s1 AG2
20241018_rep03,plate_metadata/20241018_rep03_metadata,3,C5,3,5,35,r03c05f35,LAMP1-488,MitoTracker-Red,DAPI,,18,LIN5-0B-b3-s1,2,,P16-18,P18,False,5,P18 LIN5-0B-b3-s1 AG2
20241018_rep03,plate_metadata/20241018_rep03_metadata,3,C5,3,5,36,r03c05f36,LAMP1-488,MitoTracker-Red,DAPI,,18,LIN5-0B-b3-s1,2,,P16-18,P18,False,5,P18 LIN5-0B-b3-s1 AG2
20241018_rep03,plate_metadata/20241018_rep03_metadata,3,C5,3,5,37,r03c05f37,LAMP1-488,MitoTracker-Red,DAPI,,18,LIN5-0B-b3-s1,2,,P16-18,P18,False,5,P18 LIN5-0B-b3-s1 AG2
20241018_rep03,plate_metadata/20241018_rep03_metadata,3,C5,3,5,38,r03c05f38,LAMP1-488,MitoTracker-Red,DAPI,,18,LIN5-0B-b3-s1,2,,P16-18,P18,False,5,P18 LIN5-0B-b3-s1 AG2
20241018_rep03,plate_metadata/20241018_rep03_metadata,3,C5,3,5,39,r03c05f39,LAMP1-488,MitoTracker-Red,DAPI,,18,LIN5-0B-b3-s1,2,,P16-18,P18,False,5,P18 LIN5-0B-b3-s1 AG2
20241018_rep03,plate_metadata/20241018_rep03_metadata,3,C5,3,5,40,r03c05f40,LAMP1-488,MitoTracker-Red,DAPI,,18,LIN5-0B-b3-s1,2,,P16-18,P18,False,5,P18 LIN5-0B-b3-s1 AG2
20241018_rep03,plate_metadata/20241018_rep03_metadata,3,C6,3,6,1,r03c06f01,LAMP1-488,MitoTracker-Red,DAPI,,16,LIN6-0C-b1-s1,1,,P16-18,P16,False,6,P16 LIN6-0C-b1-s1 AG1
20241018_rep03,plate_metadata/20241018_rep03_metadata,3,C6,3,6,2,r03c06f02,LAMP1-488,MitoTracker-Red,DAPI,,16,LIN6-0C-b1-s1,1,,P16-18,P16,False,6,P16 LIN6-0C-b1-s1 AG1
20241018_rep03,plate_metadata/20241018_rep03_metadata,3,C6,3,6,3,r03c06f03,LAMP1-488,MitoTracker-Red,DAPI,,16,LIN6-0C-b1-s1,1,,P16-18,P16,False,6,P16 LIN6-0C-b1-s1 AG1
20241018_rep03,plate_metadata/20241018_rep03_metadata,3,C6,3,6,4,r03c06f04,LAMP1-488,MitoTracker-Red,DAPI,,16,LIN6-0C-b1-s1,1,,P16-18,P16,False,6,P16 LIN6-0C-b1-s1 AG1
20241018_rep03,plate_metadata/20241018_rep03_metadata,3,C6,3,6,5,r03c06f05,LAMP1-488,MitoTracker-Red,DAPI,,16,LIN6-0C-b1-s1,1,,P16-18,P16,False,6,P16 LIN6-0C-b1-s1 AG1
20241018_rep03,plate_metadata/20241018_rep03_metadata,3,C6,3,6,6,r03c06f06,LAMP1-488,MitoTracker-Red,DAPI,,16,LIN6-0C-b1-s1,1,,P16-18,P16,False,6,P16 LIN6-0C-b1-s1 AG1
20241018_rep03,plate_metadata/20241018_rep03_metadata,3,C6,3,6,7,r03c06f07,LAMP1-488,MitoTracker-Red,DAPI,,16,LIN6-0C-b1-s1,1,,P16-18,P16,False,6,P16 LIN6-0C-b1-s1 AG1
20241018_rep03,plate_metadata/20241018_rep03_metadata,3,C6,3,6,8,r03c06f08,LAMP1-488,MitoTracker-Red,DAPI,,16,LIN6-0C-b1-s1,1,,P16-18,P16,False,6,P16 LIN6-0C-b1-s1 AG1
20241018_rep03,plate_metadata/20241018_rep03_metadata,3,C6,3,6,9,r03c06f09,LAMP1-488,MitoTracker-Red,DAPI,,16,LIN6-0C-b1-s1,1,,P16-18,P16,False,6,P16 LIN6-0C-b1-s1 AG1
20241018_rep03,plate_metadata/20241018_rep03_metadata,3,C6,3,6,10,r03c06f10,LAMP1-488,MitoTracker-Red,DAPI,,16,LIN6-0C-b1-s1,1,,P16-18,P16,False,6,P16 LIN6-0C-b1-s1 AG1
20241018_rep03,plate_metadata/20241018_rep03_metadata,3,C6,3,6,11,r03c06f11,LAMP1-488,MitoTracker-Red,DAPI,,16,LIN6-0C-b1-s1,1,,P16-18,P16,False,6,P16 LIN6-0C-b1-s1 AG1
20241018_rep03,plate_metadata/20241018_rep03_metadata,3,C6,3,6,12,r03c06f12,LAMP1-488,MitoTracker-Red,DAPI,,16,LIN6-0C-b1-s1,1,,P16-18,P16,False,6,P16 LIN6-0C-b1-s1 AG1
20241018_rep03,plate_metadata/20241018_rep03_metadata,3,C6,3,6,13,r03c06f13,LAMP1-488,MitoTracker-Red,DAPI,,16,LIN6-0C-b1-s1,1,,P16-18,P16,False,6,P16 LIN6-0C-b1-s1 AG1
20241018_rep03,plate_metadata/20241018_rep03_metadata,3,C6,3,6,14,r03c06f14,LAMP1-488,MitoTracker-Red,DAPI,,16,LIN6-0C-b1-s1,1,,P16-18,P16,False,6,P16 LIN6-0C-b1-s1 AG1
20241018_rep03,plate_metadata/20241018_rep03_metadata,3,C6,3,6,15,r03c06f15,LAMP1-488,MitoTracker-Red,DAPI,,16,LIN6-0C-b1-s1,1,,P16-18,P16,False,6,P16 LIN6-0C-b1-s1 AG1
20241018_rep03,plate_metadata/20241018_rep03_metadata,3,C6,3,6,16,r03c06f16,LAMP1-488,MitoTracker-Red,DAPI,,16,LIN6-0C-b1-s1,1,,P16-18,P16,False,6,P16 LIN6-0C-b1-s1 AG1
20241018_rep03,plate_metadata/20241018_rep03_metadata,3,C6,3,6,17,r03c06f17,LAMP1-488,MitoTracker-Red,DAPI,,16,LIN6-0C-b1-s1,1,,P16-18,P16,False,6,P16 LIN6-0C-b1-s1 AG1
20241018_rep03,plate_metadata/20241018_rep03_metadata,3,C6,3,6,18,r03c06f18,LAMP1-488,MitoTracker-Red,DAPI,,16,LIN6-0C-b1-s1,1,,P16-18,P16,False,6,P16 LIN6-0C-b1-s1 AG1
20241018_rep03,plate_metadata/20241018_rep03_metadata,3,C6,3,6,19,r03c06f19,LAMP1-488,MitoTracker-Red,DAPI,,16,LIN6-0C-b1-s1,1,,P16-18,P16,False,6,P16 LIN6-0C-b1-s1 AG1
20241018_rep03,plate_metadata/20241018_rep03_metadata,3,C6,3,6,20,r03c06f20,LAMP1-488,MitoTracker-Red,DAPI,,16,LIN6-0C-b1-s1,1,,P16-18,P16,False,6,P16 LIN6-0C-b1-s1 AG1
20241018_rep03,plate_metadata/20241018_rep03_metadata,3,C6,3,6,21,r03c06f21,LAMP1-488,MitoTracker-Red,DAPI,,16,LIN6-0C-b1-s1,1,,P16-18,P16,False,6,P16 LIN6-0C-b1-s1 AG1
20241018_rep03,plate_metadata/20241018_rep03_metadata,3,C6,3,6,22,r03c06f22,LAMP1-488,MitoTracker-Red,DAPI,,16,LIN6-0C-b1-s1,1,,P16-18,P16,False,6,P16 LIN6-0C-b1-s1 AG1
20241018_rep03,plate_metadata/20241018_rep03_metadata,3,C6,3,6,23,r03c06f23,LAMP1-488,MitoTracker-Red,DAPI,,16,LIN6-0C-b1-s1,1,,P16-18,P16,False,6,P16 LIN6-0C-b1-s1 AG1
20241018_rep03,plate_metadata/20241018_rep03_metadata,3,C6,3,6,24,r03c06f24,LAMP1-488,MitoTracker-Red,DAPI,,16,LIN6-0C-b1-s1,1,,P16-18,P16,False,6,P16 LIN6-0C-b1-s1 AG1
20241018_rep03,plate_metadata/20241018_rep03_metadata,3,C6,3,6,25,r03c06f25,LAMP1-488,MitoTracker-Red,DAPI,,16,LIN6-0C-b1-s1,1,,P16-18,P16,False,6,P16 LIN6-0C-b1-s1 AG1
20241018_rep03,plate_metadata/20241018_rep03_metadata,3,C6,3,6,26,r03c06f26,LAMP1-488,MitoTracker-Red,DAPI,,16,LIN6-0C-b1-s1,1,,P16-18,P16,False,6,P16 LIN6-0C-b1-s1 AG1
20241018_rep03,plate_metadata/20241018_rep03_metadata,3,C6,3,6,27,r03c06f27,LAMP1-488,MitoTracker-Red,DAPI,,16,LIN6-0C-b1-s1,1,,P16-18,P16,False,6,P16 LIN6-0C-b1-s1 AG1
20241018_rep03,plate_metadata/20241018_rep03_metadata,3,C6,3,6,28,r03c06f28,LAMP1-488,MitoTracker-Red,DAPI,,16,LIN6-0C-b1-s1,1,,P16-18,P16,False,6,P16 LIN6-0C-b1-s1 AG1
20241018_rep03,plate_metadata/20241018_rep03_metadata,3,C6,3,6,29,r03c06f29,LAMP1-488,MitoTracker-Red,DAPI,,16,LIN6-0C-b1-s1,1,,P16-18,P16,False,6,P16 LIN6-0C-b1-s1 AG1
20241018_rep03,plate_metadata/20241018_rep03_metadata,3,C6,3,6,30,r03c06f30,LAMP1-488,MitoTracker-Red,DAPI,,16,LIN6-0C-b1-s1,1,,P16-18,P16,False,6,P16 LIN6-0C-b1-s1 AG1
20241018_rep03,plate_metadata/20241018_rep03_metadata,3,C6,3,6,31,r03c06f31,LAMP1-488,MitoTracker-Red,DAPI,,16,LIN6-0C-b1-s1,1,,P16-18,P16,False,6,P16 LIN6-0C-b1-s1 AG1
20241018_rep03,plate_metadata/20241018_rep03_metadata,3,C6,3,6,32,r03c06f32,LAMP1-488,MitoTracker-Red,DAPI,,16,LIN6-0C-b1-s1,1,,P16-18,P16,False,6,P16 LIN6-0C-b1-s1 AG1
20241018_rep03,plate_metadata/20241018_rep03_metadata,3,C6,3,6,33,r03c06f33,LAMP1-488,MitoTracker-Red,DAPI,,16,LIN6-0C-b1-s1,1,,P16-18,P16,False,6,P16 LIN6-0C-b1-s1 AG1
20241018_rep03,plate_metadata/20241018_rep03_metadata,3,C6,3,6,34,r03c06f34,LAMP1-488,MitoTracker-Red,DAPI,,16,LIN6-0C-b1-s1,1,,P16-18,P16,False,6,P16 LIN6-0C-b1-s1 AG1
20241018_rep03,plate_metadata/20241018_rep03_metadata,3,C6,3,6,35,r03c06f35,LAMP1-488,MitoTracker-Red,DAPI,,16,LIN6-0C-b1-s1,1,,P16-18,P16,False,6,P16 LIN6-0C-b1-s1 AG1
20241018_rep03,plate_metadata/20241018_rep03_metadata,3,C6,3,6,36,r03c06f36,LAMP1-488,MitoTracker-Red,DAPI,,16,LIN6-0C-b1-s1,1,,P16-18,P16,False,6,P16 LIN6-0C-b1-s1 AG1
20241018_rep03,plate_metadata/20241018_rep03_metadata,3,C6,3,6,37,r03c06f37,LAMP1-488,MitoTracker-Red,DAPI,,16,LIN6-0C-b1-s1,1,,P16-18,P16,False,6,P16 LIN6-0C-b1-s1 AG1
20241018_rep03,plate_metadata/20241018_rep03_metadata,3,C6,3,6,38,r03c06f38,LAMP1-488,MitoTracker-Red,DAPI,,16,LIN6-0C-b1-s1,1,,P16-18,P16,False,6,P16 LIN6-0C-b1-s1 AG1
20241018_rep03,plate_metadata/20241018_rep03_metadata,3,C6,3,6,39,r03c06f39,LAMP1-488,MitoTracker-Red,DAPI,,16,LIN6-0C-b1-s1,1,,P16-18,P16,False,6,P16 LIN6-0C-b1-s1 AG1
20241018_rep03,plate_metadata/20241018_rep03_metadata,3,C6,3,6,40,r03c06f40,LAMP1-488,MitoTracker-Red,DAPI,,16,LIN6-0C-b1-s1,1,,P16-18,P16,False,6,P16 LIN6-0C-b1-s1 AG1
20241018_rep03,plate_metadata/20241018_rep03_metadata,3,C7,3,7,1,r03c07f01,LAMP1-488,MitoTracker-Red,DAPI,,13,LIN7-0C-b3,0,,P13-15,P13,False,7,P13 LIN7-0C-b3 AG0
20241018_rep03,plate_metadata/20241018_rep03_metadata,3,C7,3,7,2,r03c07f02,LAMP1-488,MitoTracker-Red,DAPI,,13,LIN7-0C-b3,0,,P13-15,P13,False,7,P13 LIN7-0C-b3 AG0
20241018_rep03,plate_metadata/20241018_rep03_metadata,3,C7,3,7,3,r03c07f03,LAMP1-488,MitoTracker-Red,DAPI,,13,LIN7-0C-b3,0,,P13-15,P13,False,7,P13 LIN7-0C-b3 AG0
20241018_rep03,plate_metadata/20241018_rep03_metadata,3,C7,3,7,4,r03c07f04,LAMP1-488,MitoTracker-Red,DAPI,,13,LIN7-0C-b3,0,,P13-15,P13,False,7,P13 LIN7-0C-b3 AG0
20241018_rep03,plate_metadata/20241018_rep03_metadata,3,C7,3,7,5,r03c07f05,LAMP1-488,MitoTracker-Red,DAPI,,13,LIN7-0C-b3,0,,P13-15,P13,False,7,P13 LIN7-0C-b3 AG0
20241018_rep03,plate_metadata/20241018_rep03_metadata,3,C7,3,7,6,r03c07f06,LAMP1-488,MitoTracker-Red,DAPI,,13,LIN7-0C-b3,0,,P13-15,P13,False,7,P13 LIN7-0C-b3 AG0
20241018_rep03,plate_metadata/20241018_rep03_metadata,3,C7,3,7,7,r03c07f07,LAMP1-488,MitoTracker-Red,DAPI,,13,LIN7-0C-b3,0,,P13-15,P13,False,7,P13 LIN7-0C-b3 AG0
20241018_rep03,plate_metadata/20241018_rep03_metadata,3,C7,3,7,8,r03c07f08,LAMP1-488,MitoTracker-Red,DAPI,,13,LIN7-0C-b3,0,,P13-15,P13,False,7,P13 LIN7-0C-b3 AG0
20241018_rep03,plate_metadata/20241018_rep03_metadata,3,C7,3,7,9,r03c07f09,LAMP1-488,MitoTracker-Red,DAPI,,13,LIN7-0C-b3,0,,P13-15,P13,False,7,P13 LIN7-0C-b3 AG0
20241018_rep03,plate_metadata/20241018_rep03_metadata,3,C7,3,7,10,r03c07f10,LAMP1-488,MitoTracker-Red,DAPI,,13,LIN7-0C-b3,0,,P13-15,P13,False,7,P13 LIN7-0C-b3 AG0
20241018_rep03,plate_metadata/20241018_rep03_metadata,3,C7,3,7,11,r03c07f11,LAMP1-488,MitoTracker-Red,DAPI,,13,LIN7-0C-b3,0,,P13-15,P13,False,7,P13 LIN7-0C-b3 AG0
20241018_rep03,plate_metadata/20241018_rep03_metadata,3,C7,3,7,12,r03c07f12,LAMP1-488,MitoTracker-Red,DAPI,,13,LIN7-0C-b3,0,,P13-15,P13,False,7,P13 LIN7-0C-b3 AG0
20241018_rep03,plate_metadata/20241018_rep03_metadata,3,C7,3,7,13,r03c07f13,LAMP1-488,MitoTracker-Red,DAPI,,13,LIN7-0C-b3,0,,P13-15,P13,False,7,P13 LIN7-0C-b3 AG0
20241018_rep03,plate_metadata/20241018_rep03_metadata,3,C7,3,7,14,r03c07f14,LAMP1-488,MitoTracker-Red,DAPI,,13,LIN7-0C-b3,0,,P13-15,P13,False,7,P13 LIN7-0C-b3 AG0
20241018_rep03,plate_metadata/20241018_rep03_metadata,3,C7,3,7,15,r03c07f15,LAMP1-488,MitoTracker-Red,DAPI,,13,LIN7-0C-b3,0,,P13-15,P13,False,7,P13 LIN7-0C-b3 AG0
20241018_rep03,plate_metadata/20241018_rep03_metadata,3,C7,3,7,16,r03c07f16,LAMP1-488,MitoTracker-Red,DAPI,,13,LIN7-0C-b3,0,,P13-15,P13,False,7,P13 LIN7-0C-b3 AG0
20241018_rep03,plate_metadata/20241018_rep03_metadata,3,C7,3,7,17,r03c07f17,LAMP1-488,MitoTracker-Red,DAPI,,13,LIN7-0C-b3,0,,P13-15,P13,False,7,P13 LIN7-0C-b3 AG0
20241018_rep03,plate_metadata/20241018_rep03_metadata,3,C7,3,7,18,r03c07f18,LAMP1-488,MitoTracker-Red,DAPI,,13,LIN7-0C-b3,0,,P13-15,P13,False,7,P13 LIN7-0C-b3 AG0
20241018_rep03,plate_metadata/20241018_rep03_metadata,3,C7,3,7,19,r03c07f19,LAMP1-488,MitoTracker-Red,DAPI,,13,LIN7-0C-b3,0,,P13-15,P13,False,7,P13 LIN7-0C-b3 AG0
20241018_rep03,plate_metadata/20241018_rep03_metadata,3,C7,3,7,20,r03c07f20,LAMP1-488,MitoTracker-Red,DAPI,,13,LIN7-0C-b3,0,,P13-15,P13,False,7,P13 LIN7-0C-b3 AG0
20241018_rep03,plate_metadata/20241018_rep03_metadata,3,C7,3,7,21,r03c07f21,LAMP1-488,MitoTracker-Red,DAPI,,13,LIN7-0C-b3,0,,P13-15,P13,False,7,P13 LIN7-0C-b3 AG0
20241018_rep03,plate_metadata/20241018_rep03_metadata,3,C7,3,7,22,r03c07f22,LAMP1-488,MitoTracker-Red,DAPI,,13,LIN7-0C-b3,0,,P13-15,P13,False,7,P13 LIN7-0C-b3 AG0
20241018_rep03,plate_metadata/20241018_rep03_metadata,3,C7,3,7,23,r03c07f23,LAMP1-488,MitoTracker-Red,DAPI,,13,LIN7-0C-b3,0,,P13-15,P13,False,7,P13 LIN7-0C-b3 AG0
20241018_rep03,plate_metadata/20241018_rep03_metadata,3,C7,3,7,24,r03c07f24,LAMP1-488,MitoTracker-Red,DAPI,,13,LIN7-0C-b3,0,,P13-15,P13,False,7,P13 LIN7-0C-b3 AG0
20241018_rep03,plate_metadata/20241018_rep03_metadata,3,C7,3,7,25,r03c07f25,LAMP1-488,MitoTracker-Red,DAPI,,13,LIN7-0C-b3,0,,P13-15,P13,False,7,P13 LIN7-0C-b3 AG0
20241018_rep03,plate_metadata/20241018_rep03_metadata,3,C7,3,7,26,r03c07f26,LAMP1-488,MitoTracker-Red,DAPI,,13,LIN7-0C-b3,0,,P13-15,P13,False,7,P13 LIN7-0C-b3 AG0
20241018_rep03,plate_metadata/20241018_rep03_metadata,3,C7,3,7,27,r03c07f27,LAMP1-488,MitoTracker-Red,DAPI,,13,LIN7-0C-b3,0,,P13-15,P13,False,7,P13 LIN7-0C-b3 AG0
20241018_rep03,plate_metadata/20241018_rep03_metadata,3,C7,3,7,28,r03c07f28,LAMP1-488,MitoTracker-Red,DAPI,,13,LIN7-0C-b3,0,,P13-15,P13,False,7,P13 LIN7-0C-b3 AG0
20241018_rep03,plate_metadata/20241018_rep03_metadata,3,C7,3,7,29,r03c07f29,LAMP1-488,MitoTracker-Red,DAPI,,13,LIN7-0C-b3,0,,P13-15,P13,False,7,P13 LIN7-0C-b3 AG0
20241018_rep03,plate_metadata/20241018_rep03_metadata,3,C7,3,7,30,r03c07f30,LAMP1-488,MitoTracker-Red,DAPI,,13,LIN7-0C-b3,0,,P13-15,P13,False,7,P13 LIN7-0C-b3 AG0
20241018_rep03,plate_metadata/20241018_rep03_metadata,3,C7,3,7,31,r03c07f31,LAMP1-488,MitoTracker-Red,DAPI,,13,LIN7-0C-b3,0,,P13-15,P13,False,7,P13 LIN7-0C-b3 AG0
20241018_rep03,plate_metadata/20241018_rep03_metadata,3,C7,3,7,32,r03c07f32,LAMP1-488,MitoTracker-Red,DAPI,,13,LIN7-0C-b3,0,,P13-15,P13,False,7,P13 LIN7-0C-b3 AG0
20241018_rep03,plate_metadata/20241018_rep03_metadata,3,C7,3,7,33,r03c07f33,LAMP1-488,MitoTracker-Red,DAPI,,13,LIN7-0C-b3,0,,P13-15,P13,False,7,P13 LIN7-0C-b3 AG0
20241018_rep03,plate_metadata/20241018_rep03_metadata,3,C7,3,7,34,r03c07f34,LAMP1-488,MitoTracker-Red,DAPI,,13,LIN7-0C-b3,0,,P13-15,P13,False,7,P13 LIN7-0C-b3 AG0
20241018_rep03,plate_metadata/20241018_rep03_metadata,3,C7,3,7,35,r03c07f35,LAMP1-488,MitoTracker-Red,DAPI,,13,LIN7-0C-b3,0,,P13-15,P13,False,7,P13 LIN7-0C-b3 AG0
20241018_rep03,plate_metadata/20241018_rep03_metadata,3,C7,3,7,36,r03c07f36,LAMP1-488,MitoTracker-Red,DAPI,,13,LIN7-0C-b3,0,,P13-15,P13,False,7,P13 LIN7-0C-b3 AG0
20241018_rep03,plate_metadata/20241018_rep03_metadata,3,C7,3,7,37,r03c07f37,LAMP1-488,MitoTracker-Red,DAPI,,13,LIN7-0C-b3,0,,P13-15,P13,False,7,P13 LIN7-0C-b3 AG0
20241018_rep03,plate_metadata/20241018_rep03_metadata,3,C7,3,7,38,r03c07f38,LAMP1-488,MitoTracker-Red,DAPI,,13,LIN7-0C-b3,0,,P13-15,P13,False,7,P13 LIN7-0C-b3 AG0
20241018_rep03,plate_metadata/20241018_rep03_metadata,3,C7,3,7,39,r03c07f39,LAMP1-488,MitoTracker-Red,DAPI,,13,LIN7-0C-b3,0,,P13-15,P13,False,7,P13 LIN7-0C-b3 AG0
20241018_rep03,plate_metadata/20241018_rep03_metadata,3,C7,3,7,40,r03c07f40,LAMP1-488,MitoTracker-Red,DAPI,,13,LIN7-0C-b3,0,,P13-15,P13,False,7,P13 LIN7-0C-b3 AG0
20241018_rep03,plate_metadata/20241018_rep03_metadata,3,D2,4,2,1,r04c02f01,LAMP1-488,MitoTracker-Red,DAPI,,25,LIN2-0A-b1-s1,5,,P25-27,P25,False,2,P25 LIN2-0A-b1-s1 AG5
20241018_rep03,plate_metadata/20241018_rep03_metadata,3,D2,4,2,2,r04c02f02,LAMP1-488,MitoTracker-Red,DAPI,,25,LIN2-0A-b1-s1,5,,P25-27,P25,False,2,P25 LIN2-0A-b1-s1 AG5
20241018_rep03,plate_metadata/20241018_rep03_metadata,3,D2,4,2,3,r04c02f03,LAMP1-488,MitoTracker-Red,DAPI,,25,LIN2-0A-b1-s1,5,,P25-27,P25,False,2,P25 LIN2-0A-b1-s1 AG5
20241018_rep03,plate_metadata/20241018_rep03_metadata,3,D2,4,2,4,r04c02f04,LAMP1-488,MitoTracker-Red,DAPI,,25,LIN2-0A-b1-s1,5,,P25-27,P25,False,2,P25 LIN2-0A-b1-s1 AG5
20241018_rep03,plate_metadata/20241018_rep03_metadata,3,D2,4,2,5,r04c02f05,LAMP1-488,MitoTracker-Red,DAPI,,25,LIN2-0A-b1-s1,5,,P25-27,P25,False,2,P25 LIN2-0A-b1-s1 AG5
20241018_rep03,plate_metadata/20241018_rep03_metadata,3,D2,4,2,6,r04c02f06,LAMP1-488,MitoTracker-Red,DAPI,,25,LIN2-0A-b1-s1,5,,P25-27,P25,False,2,P25 LIN2-0A-b1-s1 AG5
20241018_rep03,plate_metadata/20241018_rep03_metadata,3,D2,4,2,7,r04c02f07,LAMP1-488,MitoTracker-Red,DAPI,,25,LIN2-0A-b1-s1,5,,P25-27,P25,False,2,P25 LIN2-0A-b1-s1 AG5
20241018_rep03,plate_metadata/20241018_rep03_metadata,3,D2,4,2,8,r04c02f08,LAMP1-488,MitoTracker-Red,DAPI,,25,LIN2-0A-b1-s1,5,,P25-27,P25,False,2,P25 LIN2-0A-b1-s1 AG5
20241018_rep03,plate_metadata/20241018_rep03_metadata,3,D2,4,2,9,r04c02f09,LAMP1-488,MitoTracker-Red,DAPI,,25,LIN2-0A-b1-s1,5,,P25-27,P25,False,2,P25 LIN2-0A-b1-s1 AG5
20241018_rep03,plate_metadata/20241018_rep03_metadata,3,D2,4,2,10,r04c02f10,LAMP1-488,MitoTracker-Red,DAPI,,25,LIN2-0A-b1-s1,5,,P25-27,P25,False,2,P25 LIN2-0A-b1-s1 AG5
20241018_rep03,plate_metadata/20241018_rep03_metadata,3,D2,4,2,11,r04c02f11,LAMP1-488,MitoTracker-Red,DAPI,,25,LIN2-0A-b1-s1,5,,P25-27,P25,False,2,P25 LIN2-0A-b1-s1 AG5
20241018_rep03,plate_metadata/20241018_rep03_metadata,3,D2,4,2,12,r04c02f12,LAMP1-488,MitoTracker-Red,DAPI,,25,LIN2-0A-b1-s1,5,,P25-27,P25,False,2,P25 LIN2-0A-b1-s1 AG5
20241018_rep03,plate_metadata/20241018_rep03_metadata,3,D2,4,2,13,r04c02f13,LAMP1-488,MitoTracker-Red,DAPI,,25,LIN2-0A-b1-s1,5,,P25-27,P25,False,2,P25 LIN2-0A-b1-s1 AG5
20241018_rep03,plate_metadata/20241018_rep03_metadata,3,D2,4,2,14,r04c02f14,LAMP1-488,MitoTracker-Red,DAPI,,25,LIN2-0A-b1-s1,5,,P25-27,P25,False,2,P25 LIN2-0A-b1-s1 AG5
20241018_rep03,plate_metadata/20241018_rep03_metadata,3,D2,4,2,15,r04c02f15,LAMP1-488,MitoTracker-Red,DAPI,,25,LIN2-0A-b1-s1,5,,P25-27,P25,False,2,P25 LIN2-0A-b1-s1 AG5
20241018_rep03,plate_metadata/20241018_rep03_metadata,3,D2,4,2,16,r04c02f16,LAMP1-488,MitoTracker-Red,DAPI,,25,LIN2-0A-b1-s1,5,,P25-27,P25,False,2,P25 LIN2-0A-b1-s1 AG5
20241018_rep03,plate_metadata/20241018_rep03_metadata,3,D2,4,2,17,r04c02f17,LAMP1-488,MitoTracker-Red,DAPI,,25,LIN2-0A-b1-s1,5,,P25-27,P25,False,2,P25 LIN2-0A-b1-s1 AG5
20241018_rep03,plate_metadata/20241018_rep03_metadata,3,D2,4,2,18,r04c02f18,LAMP1-488,MitoTracker-Red,DAPI,,25,LIN2-0A-b1-s1,5,,P25-27,P25,False,2,P25 LIN2-0A-b1-s1 AG5
20241018_rep03,plate_metadata/20241018_rep03_metadata,3,D2,4,2,19,r04c02f19,LAMP1-488,MitoTracker-Red,DAPI,,25,LIN2-0A-b1-s1,5,,P25-27,P25,False,2,P25 LIN2-0A-b1-s1 AG5
20241018_rep03,plate_metadata/20241018_rep03_metadata,3,D2,4,2,20,r04c02f20,LAMP1-488,MitoTracker-Red,DAPI,,25,LIN2-0A-b1-s1,5,,P25-27,P25,False,2,P25 LIN2-0A-b1-s1 AG5
20241018_rep03,plate_metadata/20241018_rep03_metadata,3,D2,4,2,21,r04c02f21,LAMP1-488,MitoTracker-Red,DAPI,,25,LIN2-0A-b1-s1,5,,P25-27,P25,False,2,P25 LIN2-0A-b1-s1 AG5
20241018_rep03,plate_metadata/20241018_rep03_metadata,3,D2,4,2,22,r04c02f22,LAMP1-488,MitoTracker-Red,DAPI,,25,LIN2-0A-b1-s1,5,,P25-27,P25,False,2,P25 LIN2-0A-b1-s1 AG5
20241018_rep03,plate_metadata/20241018_rep03_metadata,3,D2,4,2,23,r04c02f23,LAMP1-488,MitoTracker-Red,DAPI,,25,LIN2-0A-b1-s1,5,,P25-27,P25,False,2,P25 LIN2-0A-b1-s1 AG5
20241018_rep03,plate_metadata/20241018_rep03_metadata,3,D2,4,2,24,r04c02f24,LAMP1-488,MitoTracker-Red,DAPI,,25,LIN2-0A-b1-s1,5,,P25-27,P25,False,2,P25 LIN2-0A-b1-s1 AG5
20241018_rep03,plate_metadata/20241018_rep03_metadata,3,D2,4,2,25,r04c02f25,LAMP1-488,MitoTracker-Red,DAPI,,25,LIN2-0A-b1-s1,5,,P25-27,P25,False,2,P25 LIN2-0A-b1-s1 AG5
20241018_rep03,plate_metadata/20241018_rep03_metadata,3,D2,4,2,26,r04c02f26,LAMP1-488,MitoTracker-Red,DAPI,,25,LIN2-0A-b1-s1,5,,P25-27,P25,False,2,P25 LIN2-0A-b1-s1 AG5
20241018_rep03,plate_metadata/20241018_rep03_metadata,3,D2,4,2,27,r04c02f27,LAMP1-488,MitoTracker-Red,DAPI,,25,LIN2-0A-b1-s1,5,,P25-27,P25,False,2,P25 LIN2-0A-b1-s1 AG5
20241018_rep03,plate_metadata/20241018_rep03_metadata,3,D2,4,2,28,r04c02f28,LAMP1-488,MitoTracker-Red,DAPI,,25,LIN2-0A-b1-s1,5,,P25-27,P25,False,2,P25 LIN2-0A-b1-s1 AG5
20241018_rep03,plate_metadata/20241018_rep03_metadata,3,D2,4,2,29,r04c02f29,LAMP1-488,MitoTracker-Red,DAPI,,25,LIN2-0A-b1-s1,5,,P25-27,P25,False,2,P25 LIN2-0A-b1-s1 AG5
20241018_rep03,plate_metadata/20241018_rep03_metadata,3,D2,4,2,30,r04c02f30,LAMP1-488,MitoTracker-Red,DAPI,,25,LIN2-0A-b1-s1,5,,P25-27,P25,False,2,P25 LIN2-0A-b1-s1 AG5
20241018_rep03,plate_metadata/20241018_rep03_metadata,3,D2,4,2,31,r04c02f31,LAMP1-488,MitoTracker-Red,DAPI,,25,LIN2-0A-b1-s1,5,,P25-27,P25,False,2,P25 LIN2-0A-b1-s1 AG5
20241018_rep03,plate_metadata/20241018_rep03_metadata,3,D2,4,2,32,r04c02f32,LAMP1-488,MitoTracker-Red,DAPI,,25,LIN2-0A-b1-s1,5,,P25-27,P25,False,2,P25 LIN2-0A-b1-s1 AG5
20241018_rep03,plate_metadata/20241018_rep03_metadata,3,D2,4,2,33,r04c02f33,LAMP1-488,MitoTracker-Red,DAPI,,25,LIN2-0A-b1-s1,5,,P25-27,P25,False,2,P25 LIN2-0A-b1-s1 AG5
20241018_rep03,plate_metadata/20241018_rep03_metadata,3,D2,4,2,34,r04c02f34,LAMP1-488,MitoTracker-Red,DAPI,,25,LIN2-0A-b1-s1,5,,P25-27,P25,False,2,P25 LIN2-0A-b1-s1 AG5
20241018_rep03,plate_metadata/20241018_rep03_metadata,3,D2,4,2,35,r04c02f35,LAMP1-488,MitoTracker-Red,DAPI,,25,LIN2-0A-b1-s1,5,,P25-27,P25,False,2,P25 LIN2-0A-b1-s1 AG5
20241018_rep03,plate_metadata/20241018_rep03_metadata,3,D2,4,2,36,r04c02f36,LAMP1-488,MitoTracker-Red,DAPI,,25,LIN2-0A-b1-s1,5,,P25-27,P25,False,2,P25 LIN2-0A-b1-s1 AG5
20241018_rep03,plate_metadata/20241018_rep03_metadata,3,D2,4,2,37,r04c02f37,LAMP1-488,MitoTracker-Red,DAPI,,25,LIN2-0A-b1-s1,5,,P25-27,P25,False,2,P25 LIN2-0A-b1-s1 AG5
20241018_rep03,plate_metadata/20241018_rep03_metadata,3,D2,4,2,38,r04c02f38,LAMP1-488,MitoTracker-Red,DAPI,,25,LIN2-0A-b1-s1,5,,P25-27,P25,False,2,P25 LIN2-0A-b1-s1 AG5
20241018_rep03,plate_metadata/20241018_rep03_metadata,3,D2,4,2,39,r04c02f39,LAMP1-488,MitoTracker-Red,DAPI,,25,LIN2-0A-b1-s1,5,,P25-27,P25,False,2,P25 LIN2-0A-b1-s1 AG5
20241018_rep03,plate_metadata/20241018_rep03_metadata,3,D2,4,2,40,r04c02f40,LAMP1-488,MitoTracker-Red,DAPI,,25,LIN2-0A-b1-s1,5,,P25-27,P25,False,2,P25 LIN2-0A-b1-s1 AG5
20241018_rep03,plate_metadata/20241018_rep03_metadata,3,D3,4,3,1,r04c03f01,LAMP1-488,MitoTracker-Red,DAPI,,22,LIN3-0A-b2-s1,4,,P22-24,P22,False,3,P22 LIN3-0A-b2-s1 AG4
20241018_rep03,plate_metadata/20241018_rep03_metadata,3,D3,4,3,2,r04c03f02,LAMP1-488,MitoTracker-Red,DAPI,,22,LIN3-0A-b2-s1,4,,P22-24,P22,False,3,P22 LIN3-0A-b2-s1 AG4
20241018_rep03,plate_metadata/20241018_rep03_metadata,3,D3,4,3,3,r04c03f03,LAMP1-488,MitoTracker-Red,DAPI,,22,LIN3-0A-b2-s1,4,,P22-24,P22,False,3,P22 LIN3-0A-b2-s1 AG4
20241018_rep03,plate_metadata/20241018_rep03_metadata,3,D3,4,3,4,r04c03f04,LAMP1-488,MitoTracker-Red,DAPI,,22,LIN3-0A-b2-s1,4,,P22-24,P22,False,3,P22 LIN3-0A-b2-s1 AG4
20241018_rep03,plate_metadata/20241018_rep03_metadata,3,D3,4,3,5,r04c03f05,LAMP1-488,MitoTracker-Red,DAPI,,22,LIN3-0A-b2-s1,4,,P22-24,P22,False,3,P22 LIN3-0A-b2-s1 AG4
20241018_rep03,plate_metadata/20241018_rep03_metadata,3,D3,4,3,6,r04c03f06,LAMP1-488,MitoTracker-Red,DAPI,,22,LIN3-0A-b2-s1,4,,P22-24,P22,False,3,P22 LIN3-0A-b2-s1 AG4
20241018_rep03,plate_metadata/20241018_rep03_metadata,3,D3,4,3,7,r04c03f07,LAMP1-488,MitoTracker-Red,DAPI,,22,LIN3-0A-b2-s1,4,,P22-24,P22,False,3,P22 LIN3-0A-b2-s1 AG4
20241018_rep03,plate_metadata/20241018_rep03_metadata,3,D3,4,3,8,r04c03f08,LAMP1-488,MitoTracker-Red,DAPI,,22,LIN3-0A-b2-s1,4,,P22-24,P22,False,3,P22 LIN3-0A-b2-s1 AG4
20241018_rep03,plate_metadata/20241018_rep03_metadata,3,D3,4,3,9,r04c03f09,LAMP1-488,MitoTracker-Red,DAPI,,22,LIN3-0A-b2-s1,4,,P22-24,P22,False,3,P22 LIN3-0A-b2-s1 AG4
20241018_rep03,plate_metadata/20241018_rep03_metadata,3,D3,4,3,10,r04c03f10,LAMP1-488,MitoTracker-Red,DAPI,,22,LIN3-0A-b2-s1,4,,P22-24,P22,False,3,P22 LIN3-0A-b2-s1 AG4
20241018_rep03,plate_metadata/20241018_rep03_metadata,3,D3,4,3,11,r04c03f11,LAMP1-488,MitoTracker-Red,DAPI,,22,LIN3-0A-b2-s1,4,,P22-24,P22,False,3,P22 LIN3-0A-b2-s1 AG4
20241018_rep03,plate_metadata/20241018_rep03_metadata,3,D3,4,3,12,r04c03f12,LAMP1-488,MitoTracker-Red,DAPI,,22,LIN3-0A-b2-s1,4,,P22-24,P22,False,3,P22 LIN3-0A-b2-s1 AG4
20241018_rep03,plate_metadata/20241018_rep03_metadata,3,D3,4,3,13,r04c03f13,LAMP1-488,MitoTracker-Red,DAPI,,22,LIN3-0A-b2-s1,4,,P22-24,P22,False,3,P22 LIN3-0A-b2-s1 AG4
20241018_rep03,plate_metadata/20241018_rep03_metadata,3,D3,4,3,14,r04c03f14,LAMP1-488,MitoTracker-Red,DAPI,,22,LIN3-0A-b2-s1,4,,P22-24,P22,False,3,P22 LIN3-0A-b2-s1 AG4
20241018_rep03,plate_metadata/20241018_rep03_metadata,3,D3,4,3,15,r04c03f15,LAMP1-488,MitoTracker-Red,DAPI,,22,LIN3-0A-b2-s1,4,,P22-24,P22,False,3,P22 LIN3-0A-b2-s1 AG4
20241018_rep03,plate_metadata/20241018_rep03_metadata,3,D3,4,3,16,r04c03f16,LAMP1-488,MitoTracker-Red,DAPI,,22,LIN3-0A-b2-s1,4,,P22-24,P22,False,3,P22 LIN3-0A-b2-s1 AG4
20241018_rep03,plate_metadata/20241018_rep03_metadata,3,D3,4,3,17,r04c03f17,LAMP1-488,MitoTracker-Red,DAPI,,22,LIN3-0A-b2-s1,4,,P22-24,P22,False,3,P22 LIN3-0A-b2-s1 AG4
20241018_rep03,plate_metadata/20241018_rep03_metadata,3,D3,4,3,18,r04c03f18,LAMP1-488,MitoTracker-Red,DAPI,,22,LIN3-0A-b2-s1,4,,P22-24,P22,False,3,P22 LIN3-0A-b2-s1 AG4
20241018_rep03,plate_metadata/20241018_rep03_metadata,3,D3,4,3,19,r04c03f19,LAMP1-488,MitoTracker-Red,DAPI,,22,LIN3-0A-b2-s1,4,,P22-24,P22,False,3,P22 LIN3-0A-b2-s1 AG4
20241018_rep03,plate_metadata/20241018_rep03_metadata,3,D3,4,3,20,r04c03f20,LAMP1-488,MitoTracker-Red,DAPI,,22,LIN3-0A-b2-s1,4,,P22-24,P22,False,3,P22 LIN3-0A-b2-s1 AG4
20241018_rep03,plate_metadata/20241018_rep03_metadata,3,D3,4,3,21,r04c03f21,LAMP1-488,MitoTracker-Red,DAPI,,22,LIN3-0A-b2-s1,4,,P22-24,P22,False,3,P22 LIN3-0A-b2-s1 AG4
20241018_rep03,plate_metadata/20241018_rep03_metadata,3,D3,4,3,22,r04c03f22,LAMP1-488,MitoTracker-Red,DAPI,,22,LIN3-0A-b2-s1,4,,P22-24,P22,False,3,P22 LIN3-0A-b2-s1 AG4
20241018_rep03,plate_metadata/20241018_rep03_metadata,3,D3,4,3,23,r04c03f23,LAMP1-488,MitoTracker-Red,DAPI,,22,LIN3-0A-b2-s1,4,,P22-24,P22,False,3,P22 LIN3-0A-b2-s1 AG4
20241018_rep03,plate_metadata/20241018_rep03_metadata,3,D3,4,3,24,r04c03f24,LAMP1-488,MitoTracker-Red,DAPI,,22,LIN3-0A-b2-s1,4,,P22-24,P22,False,3,P22 LIN3-0A-b2-s1 AG4
20241018_rep03,plate_metadata/20241018_rep03_metadata,3,D3,4,3,25,r04c03f25,LAMP1-488,MitoTracker-Red,DAPI,,22,LIN3-0A-b2-s1,4,,P22-24,P22,False,3,P22 LIN3-0A-b2-s1 AG4
20241018_rep03,plate_metadata/20241018_rep03_metadata,3,D3,4,3,26,r04c03f26,LAMP1-488,MitoTracker-Red,DAPI,,22,LIN3-0A-b2-s1,4,,P22-24,P22,False,3,P22 LIN3-0A-b2-s1 AG4
20241018_rep03,plate_metadata/20241018_rep03_metadata,3,D3,4,3,27,r04c03f27,LAMP1-488,MitoTracker-Red,DAPI,,22,LIN3-0A-b2-s1,4,,P22-24,P22,False,3,P22 LIN3-0A-b2-s1 AG4
20241018_rep03,plate_metadata/20241018_rep03_metadata,3,D3,4,3,28,r04c03f28,LAMP1-488,MitoTracker-Red,DAPI,,22,LIN3-0A-b2-s1,4,,P22-24,P22,False,3,P22 LIN3-0A-b2-s1 AG4
20241018_rep03,plate_metadata/20241018_rep03_metadata,3,D3,4,3,29,r04c03f29,LAMP1-488,MitoTracker-Red,DAPI,,22,LIN3-0A-b2-s1,4,,P22-24,P22,False,3,P22 LIN3-0A-b2-s1 AG4
20241018_rep03,plate_metadata/20241018_rep03_metadata,3,D3,4,3,30,r04c03f30,LAMP1-488,MitoTracker-Red,DAPI,,22,LIN3-0A-b2-s1,4,,P22-24,P22,False,3,P22 LIN3-0A-b2-s1 AG4
20241018_rep03,plate_metadata/20241018_rep03_metadata,3,D3,4,3,31,r04c03f31,LAMP1-488,MitoTracker-Red,DAPI,,22,LIN3-0A-b2-s1,4,,P22-24,P22,False,3,P22 LIN3-0A-b2-s1 AG4
20241018_rep03,plate_metadata/20241018_rep03_metadata,3,D3,4,3,32,r04c03f32,LAMP1-488,MitoTracker-Red,DAPI,,22,LIN3-0A-b2-s1,4,,P22-24,P22,False,3,P22 LIN3-0A-b2-s1 AG4
20241018_rep03,plate_metadata/20241018_rep03_metadata,3,D3,4,3,33,r04c03f33,LAMP1-488,MitoTracker-Red,DAPI,,22,LIN3-0A-b2-s1,4,,P22-24,P22,False,3,P22 LIN3-0A-b2-s1 AG4
20241018_rep03,plate_metadata/20241018_rep03_metadata,3,D3,4,3,34,r04c03f34,LAMP1-488,MitoTracker-Red,DAPI,,22,LIN3-0A-b2-s1,4,,P22-24,P22,False,3,P22 LIN3-0A-b2-s1 AG4
20241018_rep03,plate_metadata/20241018_rep03_metadata,3,D3,4,3,35,r04c03f35,LAMP1-488,MitoTracker-Red,DAPI,,22,LIN3-0A-b2-s1,4,,P22-24,P22,False,3,P22 LIN3-0A-b2-s1 AG4
20241018_rep03,plate_metadata/20241018_rep03_metadata,3,D3,4,3,36,r04c03f36,LAMP1-488,MitoTracker-Red,DAPI,,22,LIN3-0A-b2-s1,4,,P22-24,P22,False,3,P22 LIN3-0A-b2-s1 AG4
20241018_rep03,plate_metadata/20241018_rep03_metadata,3,D3,4,3,37,r04c03f37,LAMP1-488,MitoTracker-Red,DAPI,,22,LIN3-0A-b2-s1,4,,P22-24,P22,False,3,P22 LIN3-0A-b2-s1 AG4
20241018_rep03,plate_metadata/20241018_rep03_metadata,3,D3,4,3,38,r04c03f38,LAMP1-488,MitoTracker-Red,DAPI,,22,LIN3-0A-b2-s1,4,,P22-24,P22,False,3,P22 LIN3-0A-b2-s1 AG4
20241018_rep03,plate_metadata/20241018_rep03_metadata,3,D3,4,3,39,r04c03f39,LAMP1-488,MitoTracker-Red,DAPI,,22,LIN3-0A-b2-s1,4,,P22-24,P22,False,3,P22 LIN3-0A-b2-s1 AG4
20241018_rep03,plate_metadata/20241018_rep03_metadata,3,D3,4,3,40,r04c03f40,LAMP1-488,MitoTracker-Red,DAPI,,22,LIN3-0A-b2-s1,4,,P22-24,P22,False,3,P22 LIN3-0A-b2-s1 AG4
20241018_rep03,plate_metadata/20241018_rep03_metadata,3,D4,4,4,1,r04c04f01,LAMP1-488,MitoTracker-Red,DAPI,,20,LIN4-0B-b2A-s1,3,,P19-21,P20,False,4,P20 LIN4-0B-b2A-s1 AG3
20241018_rep03,plate_metadata/20241018_rep03_metadata,3,D4,4,4,2,r04c04f02,LAMP1-488,MitoTracker-Red,DAPI,,20,LIN4-0B-b2A-s1,3,,P19-21,P20,False,4,P20 LIN4-0B-b2A-s1 AG3
20241018_rep03,plate_metadata/20241018_rep03_metadata,3,D4,4,4,3,r04c04f03,LAMP1-488,MitoTracker-Red,DAPI,,20,LIN4-0B-b2A-s1,3,,P19-21,P20,False,4,P20 LIN4-0B-b2A-s1 AG3
20241018_rep03,plate_metadata/20241018_rep03_metadata,3,D4,4,4,4,r04c04f04,LAMP1-488,MitoTracker-Red,DAPI,,20,LIN4-0B-b2A-s1,3,,P19-21,P20,False,4,P20 LIN4-0B-b2A-s1 AG3
20241018_rep03,plate_metadata/20241018_rep03_metadata,3,D4,4,4,5,r04c04f05,LAMP1-488,MitoTracker-Red,DAPI,,20,LIN4-0B-b2A-s1,3,,P19-21,P20,False,4,P20 LIN4-0B-b2A-s1 AG3
20241018_rep03,plate_metadata/20241018_rep03_metadata,3,D4,4,4,6,r04c04f06,LAMP1-488,MitoTracker-Red,DAPI,,20,LIN4-0B-b2A-s1,3,,P19-21,P20,False,4,P20 LIN4-0B-b2A-s1 AG3
20241018_rep03,plate_metadata/20241018_rep03_metadata,3,D4,4,4,7,r04c04f07,LAMP1-488,MitoTracker-Red,DAPI,,20,LIN4-0B-b2A-s1,3,,P19-21,P20,False,4,P20 LIN4-0B-b2A-s1 AG3
20241018_rep03,plate_metadata/20241018_rep03_metadata,3,D4,4,4,8,r04c04f08,LAMP1-488,MitoTracker-Red,DAPI,,20,LIN4-0B-b2A-s1,3,,P19-21,P20,False,4,P20 LIN4-0B-b2A-s1 AG3
20241018_rep03,plate_metadata/20241018_rep03_metadata,3,D4,4,4,9,r04c04f09,LAMP1-488,MitoTracker-Red,DAPI,,20,LIN4-0B-b2A-s1,3,,P19-21,P20,False,4,P20 LIN4-0B-b2A-s1 AG3
20241018_rep03,plate_metadata/20241018_rep03_metadata,3,D4,4,4,10,r04c04f10,LAMP1-488,MitoTracker-Red,DAPI,,20,LIN4-0B-b2A-s1,3,,P19-21,P20,False,4,P20 LIN4-0B-b2A-s1 AG3
20241018_rep03,plate_metadata/20241018_rep03_metadata,3,D4,4,4,11,r04c04f11,LAMP1-488,MitoTracker-Red,DAPI,,20,LIN4-0B-b2A-s1,3,,P19-21,P20,False,4,P20 LIN4-0B-b2A-s1 AG3
20241018_rep03,plate_metadata/20241018_rep03_metadata,3,D4,4,4,12,r04c04f12,LAMP1-488,MitoTracker-Red,DAPI,,20,LIN4-0B-b2A-s1,3,,P19-21,P20,False,4,P20 LIN4-0B-b2A-s1 AG3
20241018_rep03,plate_metadata/20241018_rep03_metadata,3,D4,4,4,13,r04c04f13,LAMP1-488,MitoTracker-Red,DAPI,,20,LIN4-0B-b2A-s1,3,,P19-21,P20,False,4,P20 LIN4-0B-b2A-s1 AG3
20241018_rep03,plate_metadata/20241018_rep03_metadata,3,D4,4,4,14,r04c04f14,LAMP1-488,MitoTracker-Red,DAPI,,20,LIN4-0B-b2A-s1,3,,P19-21,P20,False,4,P20 LIN4-0B-b2A-s1 AG3
20241018_rep03,plate_metadata/20241018_rep03_metadata,3,D4,4,4,15,r04c04f15,LAMP1-488,MitoTracker-Red,DAPI,,20,LIN4-0B-b2A-s1,3,,P19-21,P20,False,4,P20 LIN4-0B-b2A-s1 AG3
20241018_rep03,plate_metadata/20241018_rep03_metadata,3,D4,4,4,16,r04c04f16,LAMP1-488,MitoTracker-Red,DAPI,,20,LIN4-0B-b2A-s1,3,,P19-21,P20,False,4,P20 LIN4-0B-b2A-s1 AG3
20241018_rep03,plate_metadata/20241018_rep03_metadata,3,D4,4,4,17,r04c04f17,LAMP1-488,MitoTracker-Red,DAPI,,20,LIN4-0B-b2A-s1,3,,P19-21,P20,False,4,P20 LIN4-0B-b2A-s1 AG3
20241018_rep03,plate_metadata/20241018_rep03_metadata,3,D4,4,4,18,r04c04f18,LAMP1-488,MitoTracker-Red,DAPI,,20,LIN4-0B-b2A-s1,3,,P19-21,P20,False,4,P20 LIN4-0B-b2A-s1 AG3
20241018_rep03,plate_metadata/20241018_rep03_metadata,3,D4,4,4,19,r04c04f19,LAMP1-488,MitoTracker-Red,DAPI,,20,LIN4-0B-b2A-s1,3,,P19-21,P20,False,4,P20 LIN4-0B-b2A-s1 AG3
20241018_rep03,plate_metadata/20241018_rep03_metadata,3,D4,4,4,20,r04c04f20,LAMP1-488,MitoTracker-Red,DAPI,,20,LIN4-0B-b2A-s1,3,,P19-21,P20,False,4,P20 LIN4-0B-b2A-s1 AG3
20241018_rep03,plate_metadata/20241018_rep03_metadata,3,D4,4,4,21,r04c04f21,LAMP1-488,MitoTracker-Red,DAPI,,20,LIN4-0B-b2A-s1,3,,P19-21,P20,False,4,P20 LIN4-0B-b2A-s1 AG3
20241018_rep03,plate_metadata/20241018_rep03_metadata,3,D4,4,4,22,r04c04f22,LAMP1-488,MitoTracker-Red,DAPI,,20,LIN4-0B-b2A-s1,3,,P19-21,P20,False,4,P20 LIN4-0B-b2A-s1 AG3
20241018_rep03,plate_metadata/20241018_rep03_metadata,3,D4,4,4,23,r04c04f23,LAMP1-488,MitoTracker-Red,DAPI,,20,LIN4-0B-b2A-s1,3,,P19-21,P20,False,4,P20 LIN4-0B-b2A-s1 AG3
20241018_rep03,plate_metadata/20241018_rep03_metadata,3,D4,4,4,24,r04c04f24,LAMP1-488,MitoTracker-Red,DAPI,,20,LIN4-0B-b2A-s1,3,,P19-21,P20,False,4,P20 LIN4-0B-b2A-s1 AG3
20241018_rep03,plate_metadata/20241018_rep03_metadata,3,D4,4,4,25,r04c04f25,LAMP1-488,MitoTracker-Red,DAPI,,20,LIN4-0B-b2A-s1,3,,P19-21,P20,False,4,P20 LIN4-0B-b2A-s1 AG3
20241018_rep03,plate_metadata/20241018_rep03_metadata,3,D4,4,4,26,r04c04f26,LAMP1-488,MitoTracker-Red,DAPI,,20,LIN4-0B-b2A-s1,3,,P19-21,P20,False,4,P20 LIN4-0B-b2A-s1 AG3
20241018_rep03,plate_metadata/20241018_rep03_metadata,3,D4,4,4,27,r04c04f27,LAMP1-488,MitoTracker-Red,DAPI,,20,LIN4-0B-b2A-s1,3,,P19-21,P20,False,4,P20 LIN4-0B-b2A-s1 AG3
20241018_rep03,plate_metadata/20241018_rep03_metadata,3,D4,4,4,28,r04c04f28,LAMP1-488,MitoTracker-Red,DAPI,,20,LIN4-0B-b2A-s1,3,,P19-21,P20,False,4,P20 LIN4-0B-b2A-s1 AG3
20241018_rep03,plate_metadata/20241018_rep03_metadata,3,D4,4,4,29,r04c04f29,LAMP1-488,MitoTracker-Red,DAPI,,20,LIN4-0B-b2A-s1,3,,P19-21,P20,False,4,P20 LIN4-0B-b2A-s1 AG3
20241018_rep03,plate_metadata/20241018_rep03_metadata,3,D4,4,4,30,r04c04f30,LAMP1-488,MitoTracker-Red,DAPI,,20,LIN4-0B-b2A-s1,3,,P19-21,P20,False,4,P20 LIN4-0B-b2A-s1 AG3
20241018_rep03,plate_metadata/20241018_rep03_metadata,3,D4,4,4,31,r04c04f31,LAMP1-488,MitoTracker-Red,DAPI,,20,LIN4-0B-b2A-s1,3,,P19-21,P20,False,4,P20 LIN4-0B-b2A-s1 AG3
20241018_rep03,plate_metadata/20241018_rep03_metadata,3,D4,4,4,32,r04c04f32,LAMP1-488,MitoTracker-Red,DAPI,,20,LIN4-0B-b2A-s1,3,,P19-21,P20,False,4,P20 LIN4-0B-b2A-s1 AG3
20241018_rep03,plate_metadata/20241018_rep03_metadata,3,D4,4,4,33,r04c04f33,LAMP1-488,MitoTracker-Red,DAPI,,20,LIN4-0B-b2A-s1,3,,P19-21,P20,False,4,P20 LIN4-0B-b2A-s1 AG3
20241018_rep03,plate_metadata/20241018_rep03_metadata,3,D4,4,4,34,r04c04f34,LAMP1-488,MitoTracker-Red,DAPI,,20,LIN4-0B-b2A-s1,3,,P19-21,P20,False,4,P20 LIN4-0B-b2A-s1 AG3
20241018_rep03,plate_metadata/20241018_rep03_metadata,3,D4,4,4,35,r04c04f35,LAMP1-488,MitoTracker-Red,DAPI,,20,LIN4-0B-b2A-s1,3,,P19-21,P20,False,4,P20 LIN4-0B-b2A-s1 AG3
20241018_rep03,plate_metadata/20241018_rep03_metadata,3,D4,4,4,36,r04c04f36,LAMP1-488,MitoTracker-Red,DAPI,,20,LIN4-0B-b2A-s1,3,,P19-21,P20,False,4,P20 LIN4-0B-b2A-s1 AG3
20241018_rep03,plate_metadata/20241018_rep03_metadata,3,D4,4,4,37,r04c04f37,LAMP1-488,MitoTracker-Red,DAPI,,20,LIN4-0B-b2A-s1,3,,P19-21,P20,False,4,P20 LIN4-0B-b2A-s1 AG3
20241018_rep03,plate_metadata/20241018_rep03_metadata,3,D4,4,4,38,r04c04f38,LAMP1-488,MitoTracker-Red,DAPI,,20,LIN4-0B-b2A-s1,3,,P19-21,P20,False,4,P20 LIN4-0B-b2A-s1 AG3
20241018_rep03,plate_metadata/20241018_rep03_metadata,3,D4,4,4,39,r04c04f39,LAMP1-488,MitoTracker-Red,DAPI,,20,LIN4-0B-b2A-s1,3,,P19-21,P20,False,4,P20 LIN4-0B-b2A-s1 AG3
20241018_rep03,plate_metadata/20241018_rep03_metadata,3,D4,4,4,40,r04c04f40,LAMP1-488,MitoTracker-Red,DAPI,,20,LIN4-0B-b2A-s1,3,,P19-21,P20,False,4,P20 LIN4-0B-b2A-s1 AG3
20241018_rep03,plate_metadata/20241018_rep03_metadata,3,D5,4,5,1,r04c05f01,LAMP1-488,MitoTracker-Red,DAPI,,18,LIN5-0B-b3-s1,2,,P16-18,P18,False,5,P18 LIN5-0B-b3-s1 AG2
20241018_rep03,plate_metadata/20241018_rep03_metadata,3,D5,4,5,2,r04c05f02,LAMP1-488,MitoTracker-Red,DAPI,,18,LIN5-0B-b3-s1,2,,P16-18,P18,False,5,P18 LIN5-0B-b3-s1 AG2
20241018_rep03,plate_metadata/20241018_rep03_metadata,3,D5,4,5,3,r04c05f03,LAMP1-488,MitoTracker-Red,DAPI,,18,LIN5-0B-b3-s1,2,,P16-18,P18,False,5,P18 LIN5-0B-b3-s1 AG2
20241018_rep03,plate_metadata/20241018_rep03_metadata,3,D5,4,5,4,r04c05f04,LAMP1-488,MitoTracker-Red,DAPI,,18,LIN5-0B-b3-s1,2,,P16-18,P18,False,5,P18 LIN5-0B-b3-s1 AG2
20241018_rep03,plate_metadata/20241018_rep03_metadata,3,D5,4,5,5,r04c05f05,LAMP1-488,MitoTracker-Red,DAPI,,18,LIN5-0B-b3-s1,2,,P16-18,P18,False,5,P18 LIN5-0B-b3-s1 AG2
20241018_rep03,plate_metadata/20241018_rep03_metadata,3,D5,4,5,6,r04c05f06,LAMP1-488,MitoTracker-Red,DAPI,,18,LIN5-0B-b3-s1,2,,P16-18,P18,False,5,P18 LIN5-0B-b3-s1 AG2
20241018_rep03,plate_metadata/20241018_rep03_metadata,3,D5,4,5,7,r04c05f07,LAMP1-488,MitoTracker-Red,DAPI,,18,LIN5-0B-b3-s1,2,,P16-18,P18,False,5,P18 LIN5-0B-b3-s1 AG2
20241018_rep03,plate_metadata/20241018_rep03_metadata,3,D5,4,5,8,r04c05f08,LAMP1-488,MitoTracker-Red,DAPI,,18,LIN5-0B-b3-s1,2,,P16-18,P18,False,5,P18 LIN5-0B-b3-s1 AG2
20241018_rep03,plate_metadata/20241018_rep03_metadata,3,D5,4,5,9,r04c05f09,LAMP1-488,MitoTracker-Red,DAPI,,18,LIN5-0B-b3-s1,2,,P16-18,P18,False,5,P18 LIN5-0B-b3-s1 AG2
20241018_rep03,plate_metadata/20241018_rep03_metadata,3,D5,4,5,10,r04c05f10,LAMP1-488,MitoTracker-Red,DAPI,,18,LIN5-0B-b3-s1,2,,P16-18,P18,False,5,P18 LIN5-0B-b3-s1 AG2
20241018_rep03,plate_metadata/20241018_rep03_metadata,3,D5,4,5,11,r04c05f11,LAMP1-488,MitoTracker-Red,DAPI,,18,LIN5-0B-b3-s1,2,,P16-18,P18,False,5,P18 LIN5-0B-b3-s1 AG2
20241018_rep03,plate_metadata/20241018_rep03_metadata,3,D5,4,5,12,r04c05f12,LAMP1-488,MitoTracker-Red,DAPI,,18,LIN5-0B-b3-s1,2,,P16-18,P18,False,5,P18 LIN5-0B-b3-s1 AG2
20241018_rep03,plate_metadata/20241018_rep03_metadata,3,D5,4,5,13,r04c05f13,LAMP1-488,MitoTracker-Red,DAPI,,18,LIN5-0B-b3-s1,2,,P16-18,P18,False,5,P18 LIN5-0B-b3-s1 AG2
20241018_rep03,plate_metadata/20241018_rep03_metadata,3,D5,4,5,14,r04c05f14,LAMP1-488,MitoTracker-Red,DAPI,,18,LIN5-0B-b3-s1,2,,P16-18,P18,False,5,P18 LIN5-0B-b3-s1 AG2
20241018_rep03,plate_metadata/20241018_rep03_metadata,3,D5,4,5,15,r04c05f15,LAMP1-488,MitoTracker-Red,DAPI,,18,LIN5-0B-b3-s1,2,,P16-18,P18,False,5,P18 LIN5-0B-b3-s1 AG2
20241018_rep03,plate_metadata/20241018_rep03_metadata,3,D5,4,5,16,r04c05f16,LAMP1-488,MitoTracker-Red,DAPI,,18,LIN5-0B-b3-s1,2,,P16-18,P18,False,5,P18 LIN5-0B-b3-s1 AG2
20241018_rep03,plate_metadata/20241018_rep03_metadata,3,D5,4,5,17,r04c05f17,LAMP1-488,MitoTracker-Red,DAPI,,18,LIN5-0B-b3-s1,2,,P16-18,P18,False,5,P18 LIN5-0B-b3-s1 AG2
20241018_rep03,plate_metadata/20241018_rep03_metadata,3,D5,4,5,18,r04c05f18,LAMP1-488,MitoTracker-Red,DAPI,,18,LIN5-0B-b3-s1,2,,P16-18,P18,False,5,P18 LIN5-0B-b3-s1 AG2
20241018_rep03,plate_metadata/20241018_rep03_metadata,3,D5,4,5,19,r04c05f19,LAMP1-488,MitoTracker-Red,DAPI,,18,LIN5-0B-b3-s1,2,,P16-18,P18,False,5,P18 LIN5-0B-b3-s1 AG2
20241018_rep03,plate_metadata/20241018_rep03_metadata,3,D5,4,5,20,r04c05f20,LAMP1-488,MitoTracker-Red,DAPI,,18,LIN5-0B-b3-s1,2,,P16-18,P18,False,5,P18 LIN5-0B-b3-s1 AG2
20241018_rep03,plate_metadata/20241018_rep03_metadata,3,D5,4,5,21,r04c05f21,LAMP1-488,MitoTracker-Red,DAPI,,18,LIN5-0B-b3-s1,2,,P16-18,P18,False,5,P18 LIN5-0B-b3-s1 AG2
20241018_rep03,plate_metadata/20241018_rep03_metadata,3,D5,4,5,22,r04c05f22,LAMP1-488,MitoTracker-Red,DAPI,,18,LIN5-0B-b3-s1,2,,P16-18,P18,False,5,P18 LIN5-0B-b3-s1 AG2
20241018_rep03,plate_metadata/20241018_rep03_metadata,3,D5,4,5,23,r04c05f23,LAMP1-488,MitoTracker-Red,DAPI,,18,LIN5-0B-b3-s1,2,,P16-18,P18,False,5,P18 LIN5-0B-b3-s1 AG2
20241018_rep03,plate_metadata/20241018_rep03_metadata,3,D5,4,5,24,r04c05f24,LAMP1-488,MitoTracker-Red,DAPI,,18,LIN5-0B-b3-s1,2,,P16-18,P18,False,5,P18 LIN5-0B-b3-s1 AG2
20241018_rep03,plate_metadata/20241018_rep03_metadata,3,D5,4,5,25,r04c05f25,LAMP1-488,MitoTracker-Red,DAPI,,18,LIN5-0B-b3-s1,2,,P16-18,P18,False,5,P18 LIN5-0B-b3-s1 AG2
20241018_rep03,plate_metadata/20241018_rep03_metadata,3,D5,4,5,26,r04c05f26,LAMP1-488,MitoTracker-Red,DAPI,,18,LIN5-0B-b3-s1,2,,P16-18,P18,False,5,P18 LIN5-0B-b3-s1 AG2
20241018_rep03,plate_metadata/20241018_rep03_metadata,3,D5,4,5,27,r04c05f27,LAMP1-488,MitoTracker-Red,DAPI,,18,LIN5-0B-b3-s1,2,,P16-18,P18,False,5,P18 LIN5-0B-b3-s1 AG2
20241018_rep03,plate_metadata/20241018_rep03_metadata,3,D5,4,5,28,r04c05f28,LAMP1-488,MitoTracker-Red,DAPI,,18,LIN5-0B-b3-s1,2,,P16-18,P18,False,5,P18 LIN5-0B-b3-s1 AG2
20241018_rep03,plate_metadata/20241018_rep03_metadata,3,D5,4,5,29,r04c05f29,LAMP1-488,MitoTracker-Red,DAPI,,18,LIN5-0B-b3-s1,2,,P16-18,P18,False,5,P18 LIN5-0B-b3-s1 AG2
20241018_rep03,plate_metadata/20241018_rep03_metadata,3,D5,4,5,30,r04c05f30,LAMP1-488,MitoTracker-Red,DAPI,,18,LIN5-0B-b3-s1,2,,P16-18,P18,False,5,P18 LIN5-0B-b3-s1 AG2
20241018_rep03,plate_metadata/20241018_rep03_metadata,3,D5,4,5,31,r04c05f31,LAMP1-488,MitoTracker-Red,DAPI,,18,LIN5-0B-b3-s1,2,,P16-18,P18,False,5,P18 LIN5-0B-b3-s1 AG2
20241018_rep03,plate_metadata/20241018_rep03_metadata,3,D5,4,5,32,r04c05f32,LAMP1-488,MitoTracker-Red,DAPI,,18,LIN5-0B-b3-s1,2,,P16-18,P18,False,5,P18 LIN5-0B-b3-s1 AG2
20241018_rep03,plate_metadata/20241018_rep03_metadata,3,D5,4,5,33,r04c05f33,LAMP1-488,MitoTracker-Red,DAPI,,18,LIN5-0B-b3-s1,2,,P16-18,P18,False,5,P18 LIN5-0B-b3-s1 AG2
20241018_rep03,plate_metadata/20241018_rep03_metadata,3,D5,4,5,34,r04c05f34,LAMP1-488,MitoTracker-Red,DAPI,,18,LIN5-0B-b3-s1,2,,P16-18,P18,False,5,P18 LIN5-0B-b3-s1 AG2
20241018_rep03,plate_metadata/20241018_rep03_metadata,3,D5,4,5,35,r04c05f35,LAMP1-488,MitoTracker-Red,DAPI,,18,LIN5-0B-b3-s1,2,,P16-18,P18,False,5,P18 LIN5-0B-b3-s1 AG2
20241018_rep03,plate_metadata/20241018_rep03_metadata,3,D5,4,5,36,r04c05f36,LAMP1-488,MitoTracker-Red,DAPI,,18,LIN5-0B-b3-s1,2,,P16-18,P18,False,5,P18 LIN5-0B-b3-s1 AG2
20241018_rep03,plate_metadata/20241018_rep03_metadata,3,D5,4,5,37,r04c05f37,LAMP1-488,MitoTracker-Red,DAPI,,18,LIN5-0B-b3-s1,2,,P16-18,P18,False,5,P18 LIN5-0B-b3-s1 AG2
20241018_rep03,plate_metadata/20241018_rep03_metadata,3,D5,4,5,38,r04c05f38,LAMP1-488,MitoTracker-Red,DAPI,,18,LIN5-0B-b3-s1,2,,P16-18,P18,False,5,P18 LIN5-0B-b3-s1 AG2
20241018_rep03,plate_metadata/20241018_rep03_metadata,3,D5,4,5,39,r04c05f39,LAMP1-488,MitoTracker-Red,DAPI,,18,LIN5-0B-b3-s1,2,,P16-18,P18,False,5,P18 LIN5-0B-b3-s1 AG2
20241018_rep03,plate_metadata/20241018_rep03_metadata,3,D5,4,5,40,r04c05f40,LAMP1-488,MitoTracker-Red,DAPI,,18,LIN5-0B-b3-s1,2,,P16-18,P18,False,5,P18 LIN5-0B-b3-s1 AG2
20241018_rep03,plate_metadata/20241018_rep03_metadata,3,D6,4,6,1,r04c06f01,LAMP1-488,MitoTracker-Red,DAPI,,16,LIN6-0C-b1-s1,1,,P16-18,P16,False,6,P16 LIN6-0C-b1-s1 AG1
20241018_rep03,plate_metadata/20241018_rep03_metadata,3,D6,4,6,2,r04c06f02,LAMP1-488,MitoTracker-Red,DAPI,,16,LIN6-0C-b1-s1,1,,P16-18,P16,False,6,P16 LIN6-0C-b1-s1 AG1
20241018_rep03,plate_metadata/20241018_rep03_metadata,3,D6,4,6,3,r04c06f03,LAMP1-488,MitoTracker-Red,DAPI,,16,LIN6-0C-b1-s1,1,,P16-18,P16,False,6,P16 LIN6-0C-b1-s1 AG1
20241018_rep03,plate_metadata/20241018_rep03_metadata,3,D6,4,6,4,r04c06f04,LAMP1-488,MitoTracker-Red,DAPI,,16,LIN6-0C-b1-s1,1,,P16-18,P16,False,6,P16 LIN6-0C-b1-s1 AG1
20241018_rep03,plate_metadata/20241018_rep03_metadata,3,D6,4,6,5,r04c06f05,LAMP1-488,MitoTracker-Red,DAPI,,16,LIN6-0C-b1-s1,1,,P16-18,P16,False,6,P16 LIN6-0C-b1-s1 AG1
20241018_rep03,plate_metadata/20241018_rep03_metadata,3,D6,4,6,6,r04c06f06,LAMP1-488,MitoTracker-Red,DAPI,,16,LIN6-0C-b1-s1,1,,P16-18,P16,False,6,P16 LIN6-0C-b1-s1 AG1
20241018_rep03,plate_metadata/20241018_rep03_metadata,3,D6,4,6,7,r04c06f07,LAMP1-488,MitoTracker-Red,DAPI,,16,LIN6-0C-b1-s1,1,,P16-18,P16,False,6,P16 LIN6-0C-b1-s1 AG1
20241018_rep03,plate_metadata/20241018_rep03_metadata,3,D6,4,6,8,r04c06f08,LAMP1-488,MitoTracker-Red,DAPI,,16,LIN6-0C-b1-s1,1,,P16-18,P16,False,6,P16 LIN6-0C-b1-s1 AG1
20241018_rep03,plate_metadata/20241018_rep03_metadata,3,D6,4,6,9,r04c06f09,LAMP1-488,MitoTracker-Red,DAPI,,16,LIN6-0C-b1-s1,1,,P16-18,P16,False,6,P16 LIN6-0C-b1-s1 AG1
20241018_rep03,plate_metadata/20241018_rep03_metadata,3,D6,4,6,10,r04c06f10,LAMP1-488,MitoTracker-Red,DAPI,,16,LIN6-0C-b1-s1,1,,P16-18,P16,False,6,P16 LIN6-0C-b1-s1 AG1
20241018_rep03,plate_metadata/20241018_rep03_metadata,3,D6,4,6,11,r04c06f11,LAMP1-488,MitoTracker-Red,DAPI,,16,LIN6-0C-b1-s1,1,,P16-18,P16,False,6,P16 LIN6-0C-b1-s1 AG1
20241018_rep03,plate_metadata/20241018_rep03_metadata,3,D6,4,6,12,r04c06f12,LAMP1-488,MitoTracker-Red,DAPI,,16,LIN6-0C-b1-s1,1,,P16-18,P16,False,6,P16 LIN6-0C-b1-s1 AG1
20241018_rep03,plate_metadata/20241018_rep03_metadata,3,D6,4,6,13,r04c06f13,LAMP1-488,MitoTracker-Red,DAPI,,16,LIN6-0C-b1-s1,1,,P16-18,P16,False,6,P16 LIN6-0C-b1-s1 AG1
20241018_rep03,plate_metadata/20241018_rep03_metadata,3,D6,4,6,14,r04c06f14,LAMP1-488,MitoTracker-Red,DAPI,,16,LIN6-0C-b1-s1,1,,P16-18,P16,False,6,P16 LIN6-0C-b1-s1 AG1
20241018_rep03,plate_metadata/20241018_rep03_metadata,3,D6,4,6,15,r04c06f15,LAMP1-488,MitoTracker-Red,DAPI,,16,LIN6-0C-b1-s1,1,,P16-18,P16,False,6,P16 LIN6-0C-b1-s1 AG1
20241018_rep03,plate_metadata/20241018_rep03_metadata,3,D6,4,6,16,r04c06f16,LAMP1-488,MitoTracker-Red,DAPI,,16,LIN6-0C-b1-s1,1,,P16-18,P16,False,6,P16 LIN6-0C-b1-s1 AG1
20241018_rep03,plate_metadata/20241018_rep03_metadata,3,D6,4,6,17,r04c06f17,LAMP1-488,MitoTracker-Red,DAPI,,16,LIN6-0C-b1-s1,1,,P16-18,P16,False,6,P16 LIN6-0C-b1-s1 AG1
20241018_rep03,plate_metadata/20241018_rep03_metadata,3,D6,4,6,18,r04c06f18,LAMP1-488,MitoTracker-Red,DAPI,,16,LIN6-0C-b1-s1,1,,P16-18,P16,False,6,P16 LIN6-0C-b1-s1 AG1
20241018_rep03,plate_metadata/20241018_rep03_metadata,3,D6,4,6,19,r04c06f19,LAMP1-488,MitoTracker-Red,DAPI,,16,LIN6-0C-b1-s1,1,,P16-18,P16,False,6,P16 LIN6-0C-b1-s1 AG1
20241018_rep03,plate_metadata/20241018_rep03_metadata,3,D6,4,6,20,r04c06f20,LAMP1-488,MitoTracker-Red,DAPI,,16,LIN6-0C-b1-s1,1,,P16-18,P16,False,6,P16 LIN6-0C-b1-s1 AG1
20241018_rep03,plate_metadata/20241018_rep03_metadata,3,D6,4,6,21,r04c06f21,LAMP1-488,MitoTracker-Red,DAPI,,16,LIN6-0C-b1-s1,1,,P16-18,P16,False,6,P16 LIN6-0C-b1-s1 AG1
20241018_rep03,plate_metadata/20241018_rep03_metadata,3,D6,4,6,22,r04c06f22,LAMP1-488,MitoTracker-Red,DAPI,,16,LIN6-0C-b1-s1,1,,P16-18,P16,False,6,P16 LIN6-0C-b1-s1 AG1
20241018_rep03,plate_metadata/20241018_rep03_metadata,3,D6,4,6,23,r04c06f23,LAMP1-488,MitoTracker-Red,DAPI,,16,LIN6-0C-b1-s1,1,,P16-18,P16,False,6,P16 LIN6-0C-b1-s1 AG1
20241018_rep03,plate_metadata/20241018_rep03_metadata,3,D6,4,6,24,r04c06f24,LAMP1-488,MitoTracker-Red,DAPI,,16,LIN6-0C-b1-s1,1,,P16-18,P16,False,6,P16 LIN6-0C-b1-s1 AG1
20241018_rep03,plate_metadata/20241018_rep03_metadata,3,D6,4,6,25,r04c06f25,LAMP1-488,MitoTracker-Red,DAPI,,16,LIN6-0C-b1-s1,1,,P16-18,P16,False,6,P16 LIN6-0C-b1-s1 AG1
20241018_rep03,plate_metadata/20241018_rep03_metadata,3,D6,4,6,26,r04c06f26,LAMP1-488,MitoTracker-Red,DAPI,,16,LIN6-0C-b1-s1,1,,P16-18,P16,False,6,P16 LIN6-0C-b1-s1 AG1
20241018_rep03,plate_metadata/20241018_rep03_metadata,3,D6,4,6,27,r04c06f27,LAMP1-488,MitoTracker-Red,DAPI,,16,LIN6-0C-b1-s1,1,,P16-18,P16,False,6,P16 LIN6-0C-b1-s1 AG1
20241018_rep03,plate_metadata/20241018_rep03_metadata,3,D6,4,6,28,r04c06f28,LAMP1-488,MitoTracker-Red,DAPI,,16,LIN6-0C-b1-s1,1,,P16-18,P16,False,6,P16 LIN6-0C-b1-s1 AG1
20241018_rep03,plate_metadata/20241018_rep03_metadata,3,D6,4,6,29,r04c06f29,LAMP1-488,MitoTracker-Red,DAPI,,16,LIN6-0C-b1-s1,1,,P16-18,P16,False,6,P16 LIN6-0C-b1-s1 AG1
20241018_rep03,plate_metadata/20241018_rep03_metadata,3,D6,4,6,30,r04c06f30,LAMP1-488,MitoTracker-Red,DAPI,,16,LIN6-0C-b1-s1,1,,P16-18,P16,False,6,P16 LIN6-0C-b1-s1 AG1
20241018_rep03,plate_metadata/20241018_rep03_metadata,3,D6,4,6,31,r04c06f31,LAMP1-488,MitoTracker-Red,DAPI,,16,LIN6-0C-b1-s1,1,,P16-18,P16,False,6,P16 LIN6-0C-b1-s1 AG1
20241018_rep03,plate_metadata/20241018_rep03_metadata,3,D6,4,6,32,r04c06f32,LAMP1-488,MitoTracker-Red,DAPI,,16,LIN6-0C-b1-s1,1,,P16-18,P16,False,6,P16 LIN6-0C-b1-s1 AG1
20241018_rep03,plate_metadata/20241018_rep03_metadata,3,D6,4,6,33,r04c06f33,LAMP1-488,MitoTracker-Red,DAPI,,16,LIN6-0C-b1-s1,1,,P16-18,P16,False,6,P16 LIN6-0C-b1-s1 AG1
20241018_rep03,plate_metadata/20241018_rep03_metadata,3,D6,4,6,34,r04c06f34,LAMP1-488,MitoTracker-Red,DAPI,,16,LIN6-0C-b1-s1,1,,P16-18,P16,False,6,P16 LIN6-0C-b1-s1 AG1
20241018_rep03,plate_metadata/20241018_rep03_metadata,3,D6,4,6,35,r04c06f35,LAMP1-488,MitoTracker-Red,DAPI,,16,LIN6-0C-b1-s1,1,,P16-18,P16,False,6,P16 LIN6-0C-b1-s1 AG1
20241018_rep03,plate_metadata/20241018_rep03_metadata,3,D6,4,6,36,r04c06f36,LAMP1-488,MitoTracker-Red,DAPI,,16,LIN6-0C-b1-s1,1,,P16-18,P16,False,6,P16 LIN6-0C-b1-s1 AG1
20241018_rep03,plate_metadata/20241018_rep03_metadata,3,D6,4,6,37,r04c06f37,LAMP1-488,MitoTracker-Red,DAPI,,16,LIN6-0C-b1-s1,1,,P16-18,P16,False,6,P16 LIN6-0C-b1-s1 AG1
20241018_rep03,plate_metadata/20241018_rep03_metadata,3,D6,4,6,38,r04c06f38,LAMP1-488,MitoTracker-Red,DAPI,,16,LIN6-0C-b1-s1,1,,P16-18,P16,False,6,P16 LIN6-0C-b1-s1 AG1
20241018_rep03,plate_metadata/20241018_rep03_metadata,3,D6,4,6,39,r04c06f39,LAMP1-488,MitoTracker-Red,DAPI,,16,LIN6-0C-b1-s1,1,,P16-18,P16,False,6,P16 LIN6-0C-b1-s1 AG1
20241018_rep03,plate_metadata/20241018_rep03_metadata,3,D6,4,6,40,r04c06f40,LAMP1-488,MitoTracker-Red,DAPI,,16,LIN6-0C-b1-s1,1,,P16-18,P16,False,6,P16 LIN6-0C-b1-s1 AG1
20241018_rep03,plate_metadata/20241018_rep03_metadata,3,D7,4,7,1,r04c07f01,LAMP1-488,MitoTracker-Red,DAPI,,13,LIN7-0C-b3,0,,P13-15,P13,False,7,P13 LIN7-0C-b3 AG0
20241018_rep03,plate_metadata/20241018_rep03_metadata,3,D7,4,7,2,r04c07f02,LAMP1-488,MitoTracker-Red,DAPI,,13,LIN7-0C-b3,0,,P13-15,P13,False,7,P13 LIN7-0C-b3 AG0
20241018_rep03,plate_metadata/20241018_rep03_metadata,3,D7,4,7,3,r04c07f03,LAMP1-488,MitoTracker-Red,DAPI,,13,LIN7-0C-b3,0,,P13-15,P13,False,7,P13 LIN7-0C-b3 AG0
20241018_rep03,plate_metadata/20241018_rep03_metadata,3,D7,4,7,4,r04c07f04,LAMP1-488,MitoTracker-Red,DAPI,,13,LIN7-0C-b3,0,,P13-15,P13,False,7,P13 LIN7-0C-b3 AG0
20241018_rep03,plate_metadata/20241018_rep03_metadata,3,D7,4,7,5,r04c07f05,LAMP1-488,MitoTracker-Red,DAPI,,13,LIN7-0C-b3,0,,P13-15,P13,False,7,P13 LIN7-0C-b3 AG0
20241018_rep03,plate_metadata/20241018_rep03_metadata,3,D7,4,7,6,r04c07f06,LAMP1-488,MitoTracker-Red,DAPI,,13,LIN7-0C-b3,0,,P13-15,P13,False,7,P13 LIN7-0C-b3 AG0
20241018_rep03,plate_metadata/20241018_rep03_metadata,3,D7,4,7,7,r04c07f07,LAMP1-488,MitoTracker-Red,DAPI,,13,LIN7-0C-b3,0,,P13-15,P13,False,7,P13 LIN7-0C-b3 AG0
20241018_rep03,plate_metadata/20241018_rep03_metadata,3,D7,4,7,8,r04c07f08,LAMP1-488,MitoTracker-Red,DAPI,,13,LIN7-0C-b3,0,,P13-15,P13,False,7,P13 LIN7-0C-b3 AG0
20241018_rep03,plate_metadata/20241018_rep03_metadata,3,D7,4,7,9,r04c07f09,LAMP1-488,MitoTracker-Red,DAPI,,13,LIN7-0C-b3,0,,P13-15,P13,False,7,P13 LIN7-0C-b3 AG0
20241018_rep03,plate_metadata/20241018_rep03_metadata,3,D7,4,7,10,r04c07f10,LAMP1-488,MitoTracker-Red,DAPI,,13,LIN7-0C-b3,0,,P13-15,P13,False,7,P13 LIN7-0C-b3 AG0
20241018_rep03,plate_metadata/20241018_rep03_metadata,3,D7,4,7,11,r04c07f11,LAMP1-488,MitoTracker-Red,DAPI,,13,LIN7-0C-b3,0,,P13-15,P13,False,7,P13 LIN7-0C-b3 AG0
20241018_rep03,plate_metadata/20241018_rep03_metadata,3,D7,4,7,12,r04c07f12,LAMP1-488,MitoTracker-Red,DAPI,,13,LIN7-0C-b3,0,,P13-15,P13,False,7,P13 LIN7-0C-b3 AG0
20241018_rep03,plate_metadata/20241018_rep03_metadata,3,D7,4,7,13,r04c07f13,LAMP1-488,MitoTracker-Red,DAPI,,13,LIN7-0C-b3,0,,P13-15,P13,False,7,P13 LIN7-0C-b3 AG0
20241018_rep03,plate_metadata/20241018_rep03_metadata,3,D7,4,7,14,r04c07f14,LAMP1-488,MitoTracker-Red,DAPI,,13,LIN7-0C-b3,0,,P13-15,P13,False,7,P13 LIN7-0C-b3 AG0
20241018_rep03,plate_metadata/20241018_rep03_metadata,3,D7,4,7,15,r04c07f15,LAMP1-488,MitoTracker-Red,DAPI,,13,LIN7-0C-b3,0,,P13-15,P13,False,7,P13 LIN7-0C-b3 AG0
20241018_rep03,plate_metadata/20241018_rep03_metadata,3,D7,4,7,16,r04c07f16,LAMP1-488,MitoTracker-Red,DAPI,,13,LIN7-0C-b3,0,,P13-15,P13,False,7,P13 LIN7-0C-b3 AG0
20241018_rep03,plate_metadata/20241018_rep03_metadata,3,D7,4,7,17,r04c07f17,LAMP1-488,MitoTracker-Red,DAPI,,13,LIN7-0C-b3,0,,P13-15,P13,False,7,P13 LIN7-0C-b3 AG0
20241018_rep03,plate_metadata/20241018_rep03_metadata,3,D7,4,7,18,r04c07f18,LAMP1-488,MitoTracker-Red,DAPI,,13,LIN7-0C-b3,0,,P13-15,P13,False,7,P13 LIN7-0C-b3 AG0
20241018_rep03,plate_metadata/20241018_rep03_metadata,3,D7,4,7,19,r04c07f19,LAMP1-488,MitoTracker-Red,DAPI,,13,LIN7-0C-b3,0,,P13-15,P13,False,7,P13 LIN7-0C-b3 AG0
20241018_rep03,plate_metadata/20241018_rep03_metadata,3,D7,4,7,20,r04c07f20,LAMP1-488,MitoTracker-Red,DAPI,,13,LIN7-0C-b3,0,,P13-15,P13,False,7,P13 LIN7-0C-b3 AG0
20241018_rep03,plate_metadata/20241018_rep03_metadata,3,D7,4,7,21,r04c07f21,LAMP1-488,MitoTracker-Red,DAPI,,13,LIN7-0C-b3,0,,P13-15,P13,False,7,P13 LIN7-0C-b3 AG0
20241018_rep03,plate_metadata/20241018_rep03_metadata,3,D7,4,7,22,r04c07f22,LAMP1-488,MitoTracker-Red,DAPI,,13,LIN7-0C-b3,0,,P13-15,P13,False,7,P13 LIN7-0C-b3 AG0
20241018_rep03,plate_metadata/20241018_rep03_metadata,3,D7,4,7,23,r04c07f23,LAMP1-488,MitoTracker-Red,DAPI,,13,LIN7-0C-b3,0,,P13-15,P13,False,7,P13 LIN7-0C-b3 AG0
20241018_rep03,plate_metadata/20241018_rep03_metadata,3,D7,4,7,24,r04c07f24,LAMP1-488,MitoTracker-Red,DAPI,,13,LIN7-0C-b3,0,,P13-15,P13,False,7,P13 LIN7-0C-b3 AG0
20241018_rep03,plate_metadata/20241018_rep03_metadata,3,D7,4,7,25,r04c07f25,LAMP1-488,MitoTracker-Red,DAPI,,13,LIN7-0C-b3,0,,P13-15,P13,False,7,P13 LIN7-0C-b3 AG0
20241018_rep03,plate_metadata/20241018_rep03_metadata,3,D7,4,7,26,r04c07f26,LAMP1-488,MitoTracker-Red,DAPI,,13,LIN7-0C-b3,0,,P13-15,P13,False,7,P13 LIN7-0C-b3 AG0
20241018_rep03,plate_metadata/20241018_rep03_metadata,3,D7,4,7,27,r04c07f27,LAMP1-488,MitoTracker-Red,DAPI,,13,LIN7-0C-b3,0,,P13-15,P13,False,7,P13 LIN7-0C-b3 AG0
20241018_rep03,plate_metadata/20241018_rep03_metadata,3,D7,4,7,28,r04c07f28,LAMP1-488,MitoTracker-Red,DAPI,,13,LIN7-0C-b3,0,,P13-15,P13,False,7,P13 LIN7-0C-b3 AG0
20241018_rep03,plate_metadata/20241018_rep03_metadata,3,D7,4,7,29,r04c07f29,LAMP1-488,MitoTracker-Red,DAPI,,13,LIN7-0C-b3,0,,P13-15,P13,False,7,P13 LIN7-0C-b3 AG0
20241018_rep03,plate_metadata/20241018_rep03_metadata,3,D7,4,7,30,r04c07f30,LAMP1-488,MitoTracker-Red,DAPI,,13,LIN7-0C-b3,0,,P13-15,P13,False,7,P13 LIN7-0C-b3 AG0
20241018_rep03,plate_metadata/20241018_rep03_metadata,3,D7,4,7,31,r04c07f31,LAMP1-488,MitoTracker-Red,DAPI,,13,LIN7-0C-b3,0,,P13-15,P13,False,7,P13 LIN7-0C-b3 AG0
20241018_rep03,plate_metadata/20241018_rep03_metadata,3,D7,4,7,32,r04c07f32,LAMP1-488,MitoTracker-Red,DAPI,,13,LIN7-0C-b3,0,,P13-15,P13,False,7,P13 LIN7-0C-b3 AG0
20241018_rep03,plate_metadata/20241018_rep03_metadata,3,D7,4,7,33,r04c07f33,LAMP1-488,MitoTracker-Red,DAPI,,13,LIN7-0C-b3,0,,P13-15,P13,False,7,P13 LIN7-0C-b3 AG0
20241018_rep03,plate_metadata/20241018_rep03_metadata,3,D7,4,7,34,r04c07f34,LAMP1-488,MitoTracker-Red,DAPI,,13,LIN7-0C-b3,0,,P13-15,P13,False,7,P13 LIN7-0C-b3 AG0
20241018_rep03,plate_metadata/20241018_rep03_metadata,3,D7,4,7,35,r04c07f35,LAMP1-488,MitoTracker-Red,DAPI,,13,LIN7-0C-b3,0,,P13-15,P13,False,7,P13 LIN7-0C-b3 AG0
20241018_rep03,plate_metadata/20241018_rep03_metadata,3,D7,4,7,36,r04c07f36,LAMP1-488,MitoTracker-Red,DAPI,,13,LIN7-0C-b3,0,,P13-15,P13,False,7,P13 LIN7-0C-b3 AG0
20241018_rep03,plate_metadata/20241018_rep03_metadata,3,D7,4,7,37,r04c07f37,LAMP1-488,MitoTracker-Red,DAPI,,13,LIN7-0C-b3,0,,P13-15,P13,False,7,P13 LIN7-0C-b3 AG0
20241018_rep03,plate_metadata/20241018_rep03_metadata,3,D7,4,7,38,r04c07f38,LAMP1-488,MitoTracker-Red,DAPI,,13,LIN7-0C-b3,0,,P13-15,P13,False,7,P13 LIN7-0C-b3 AG0
20241018_rep03,plate_metadata/20241018_rep03_metadata,3,D7,4,7,39,r04c07f39,LAMP1-488,MitoTracker-Red,DAPI,,13,LIN7-0C-b3,0,,P13-15,P13,False,7,P13 LIN7-0C-b3 AG0
20241018_rep03,plate_metadata/20241018_rep03_metadata,3,D7,4,7,40,r04c07f40,LAMP1-488,MitoTracker-Red,DAPI,,13,LIN7-0C-b3,0,,P13-15,P13,False,7,P13 LIN7-0C-b3 AG0
20241018_rep03,plate_metadata/20241018_rep03_metadata,3,E2,5,2,1,r05c02f01,LAMP1-488,MitoTracker-Red,DAPI,,25,LIN2-0A-b1-s1,5,,P25-27,P25,False,2,P25 LIN2-0A-b1-s1 AG5
20241018_rep03,plate_metadata/20241018_rep03_metadata,3,E2,5,2,2,r05c02f02,LAMP1-488,MitoTracker-Red,DAPI,,25,LIN2-0A-b1-s1,5,,P25-27,P25,False,2,P25 LIN2-0A-b1-s1 AG5
20241018_rep03,plate_metadata/20241018_rep03_metadata,3,E2,5,2,3,r05c02f03,LAMP1-488,MitoTracker-Red,DAPI,,25,LIN2-0A-b1-s1,5,,P25-27,P25,False,2,P25 LIN2-0A-b1-s1 AG5
20241018_rep03,plate_metadata/20241018_rep03_metadata,3,E2,5,2,4,r05c02f04,LAMP1-488,MitoTracker-Red,DAPI,,25,LIN2-0A-b1-s1,5,,P25-27,P25,False,2,P25 LIN2-0A-b1-s1 AG5
20241018_rep03,plate_metadata/20241018_rep03_metadata,3,E2,5,2,5,r05c02f05,LAMP1-488,MitoTracker-Red,DAPI,,25,LIN2-0A-b1-s1,5,,P25-27,P25,False,2,P25 LIN2-0A-b1-s1 AG5
20241018_rep03,plate_metadata/20241018_rep03_metadata,3,E2,5,2,6,r05c02f06,LAMP1-488,MitoTracker-Red,DAPI,,25,LIN2-0A-b1-s1,5,,P25-27,P25,False,2,P25 LIN2-0A-b1-s1 AG5
20241018_rep03,plate_metadata/20241018_rep03_metadata,3,E2,5,2,7,r05c02f07,LAMP1-488,MitoTracker-Red,DAPI,,25,LIN2-0A-b1-s1,5,,P25-27,P25,False,2,P25 LIN2-0A-b1-s1 AG5
20241018_rep03,plate_metadata/20241018_rep03_metadata,3,E2,5,2,8,r05c02f08,LAMP1-488,MitoTracker-Red,DAPI,,25,LIN2-0A-b1-s1,5,,P25-27,P25,False,2,P25 LIN2-0A-b1-s1 AG5
20241018_rep03,plate_metadata/20241018_rep03_metadata,3,E2,5,2,9,r05c02f09,LAMP1-488,MitoTracker-Red,DAPI,,25,LIN2-0A-b1-s1,5,,P25-27,P25,False,2,P25 LIN2-0A-b1-s1 AG5
20241018_rep03,plate_metadata/20241018_rep03_metadata,3,E2,5,2,10,r05c02f10,LAMP1-488,MitoTracker-Red,DAPI,,25,LIN2-0A-b1-s1,5,,P25-27,P25,False,2,P25 LIN2-0A-b1-s1 AG5
20241018_rep03,plate_metadata/20241018_rep03_metadata,3,E2,5,2,11,r05c02f11,LAMP1-488,MitoTracker-Red,DAPI,,25,LIN2-0A-b1-s1,5,,P25-27,P25,False,2,P25 LIN2-0A-b1-s1 AG5
20241018_rep03,plate_metadata/20241018_rep03_metadata,3,E2,5,2,12,r05c02f12,LAMP1-488,MitoTracker-Red,DAPI,,25,LIN2-0A-b1-s1,5,,P25-27,P25,False,2,P25 LIN2-0A-b1-s1 AG5
20241018_rep03,plate_metadata/20241018_rep03_metadata,3,E2,5,2,13,r05c02f13,LAMP1-488,MitoTracker-Red,DAPI,,25,LIN2-0A-b1-s1,5,,P25-27,P25,False,2,P25 LIN2-0A-b1-s1 AG5
20241018_rep03,plate_metadata/20241018_rep03_metadata,3,E2,5,2,14,r05c02f14,LAMP1-488,MitoTracker-Red,DAPI,,25,LIN2-0A-b1-s1,5,,P25-27,P25,False,2,P25 LIN2-0A-b1-s1 AG5
20241018_rep03,plate_metadata/20241018_rep03_metadata,3,E2,5,2,15,r05c02f15,LAMP1-488,MitoTracker-Red,DAPI,,25,LIN2-0A-b1-s1,5,,P25-27,P25,False,2,P25 LIN2-0A-b1-s1 AG5
20241018_rep03,plate_metadata/20241018_rep03_metadata,3,E2,5,2,16,r05c02f16,LAMP1-488,MitoTracker-Red,DAPI,,25,LIN2-0A-b1-s1,5,,P25-27,P25,False,2,P25 LIN2-0A-b1-s1 AG5
20241018_rep03,plate_metadata/20241018_rep03_metadata,3,E2,5,2,17,r05c02f17,LAMP1-488,MitoTracker-Red,DAPI,,25,LIN2-0A-b1-s1,5,,P25-27,P25,False,2,P25 LIN2-0A-b1-s1 AG5
20241018_rep03,plate_metadata/20241018_rep03_metadata,3,E2,5,2,18,r05c02f18,LAMP1-488,MitoTracker-Red,DAPI,,25,LIN2-0A-b1-s1,5,,P25-27,P25,False,2,P25 LIN2-0A-b1-s1 AG5
20241018_rep03,plate_metadata/20241018_rep03_metadata,3,E2,5,2,19,r05c02f19,LAMP1-488,MitoTracker-Red,DAPI,,25,LIN2-0A-b1-s1,5,,P25-27,P25,False,2,P25 LIN2-0A-b1-s1 AG5
20241018_rep03,plate_metadata/20241018_rep03_metadata,3,E2,5,2,20,r05c02f20,LAMP1-488,MitoTracker-Red,DAPI,,25,LIN2-0A-b1-s1,5,,P25-27,P25,False,2,P25 LIN2-0A-b1-s1 AG5
20241018_rep03,plate_metadata/20241018_rep03_metadata,3,E2,5,2,21,r05c02f21,LAMP1-488,MitoTracker-Red,DAPI,,25,LIN2-0A-b1-s1,5,,P25-27,P25,False,2,P25 LIN2-0A-b1-s1 AG5
20241018_rep03,plate_metadata/20241018_rep03_metadata,3,E2,5,2,22,r05c02f22,LAMP1-488,MitoTracker-Red,DAPI,,25,LIN2-0A-b1-s1,5,,P25-27,P25,False,2,P25 LIN2-0A-b1-s1 AG5
20241018_rep03,plate_metadata/20241018_rep03_metadata,3,E2,5,2,23,r05c02f23,LAMP1-488,MitoTracker-Red,DAPI,,25,LIN2-0A-b1-s1,5,,P25-27,P25,False,2,P25 LIN2-0A-b1-s1 AG5
20241018_rep03,plate_metadata/20241018_rep03_metadata,3,E2,5,2,24,r05c02f24,LAMP1-488,MitoTracker-Red,DAPI,,25,LIN2-0A-b1-s1,5,,P25-27,P25,False,2,P25 LIN2-0A-b1-s1 AG5
20241018_rep03,plate_metadata/20241018_rep03_metadata,3,E2,5,2,25,r05c02f25,LAMP1-488,MitoTracker-Red,DAPI,,25,LIN2-0A-b1-s1,5,,P25-27,P25,False,2,P25 LIN2-0A-b1-s1 AG5
20241018_rep03,plate_metadata/20241018_rep03_metadata,3,E2,5,2,26,r05c02f26,LAMP1-488,MitoTracker-Red,DAPI,,25,LIN2-0A-b1-s1,5,,P25-27,P25,False,2,P25 LIN2-0A-b1-s1 AG5
20241018_rep03,plate_metadata/20241018_rep03_metadata,3,E2,5,2,27,r05c02f27,LAMP1-488,MitoTracker-Red,DAPI,,25,LIN2-0A-b1-s1,5,,P25-27,P25,False,2,P25 LIN2-0A-b1-s1 AG5
20241018_rep03,plate_metadata/20241018_rep03_metadata,3,E2,5,2,28,r05c02f28,LAMP1-488,MitoTracker-Red,DAPI,,25,LIN2-0A-b1-s1,5,,P25-27,P25,False,2,P25 LIN2-0A-b1-s1 AG5
20241018_rep03,plate_metadata/20241018_rep03_metadata,3,E2,5,2,29,r05c02f29,LAMP1-488,MitoTracker-Red,DAPI,,25,LIN2-0A-b1-s1,5,,P25-27,P25,False,2,P25 LIN2-0A-b1-s1 AG5
20241018_rep03,plate_metadata/20241018_rep03_metadata,3,E2,5,2,30,r05c02f30,LAMP1-488,MitoTracker-Red,DAPI,,25,LIN2-0A-b1-s1,5,,P25-27,P25,False,2,P25 LIN2-0A-b1-s1 AG5
20241018_rep03,plate_metadata/20241018_rep03_metadata,3,E2,5,2,31,r05c02f31,LAMP1-488,MitoTracker-Red,DAPI,,25,LIN2-0A-b1-s1,5,,P25-27,P25,False,2,P25 LIN2-0A-b1-s1 AG5
20241018_rep03,plate_metadata/20241018_rep03_metadata,3,E2,5,2,32,r05c02f32,LAMP1-488,MitoTracker-Red,DAPI,,25,LIN2-0A-b1-s1,5,,P25-27,P25,False,2,P25 LIN2-0A-b1-s1 AG5
20241018_rep03,plate_metadata/20241018_rep03_metadata,3,E2,5,2,33,r05c02f33,LAMP1-488,MitoTracker-Red,DAPI,,25,LIN2-0A-b1-s1,5,,P25-27,P25,False,2,P25 LIN2-0A-b1-s1 AG5
20241018_rep03,plate_metadata/20241018_rep03_metadata,3,E2,5,2,34,r05c02f34,LAMP1-488,MitoTracker-Red,DAPI,,25,LIN2-0A-b1-s1,5,,P25-27,P25,False,2,P25 LIN2-0A-b1-s1 AG5
20241018_rep03,plate_metadata/20241018_rep03_metadata,3,E2,5,2,35,r05c02f35,LAMP1-488,MitoTracker-Red,DAPI,,25,LIN2-0A-b1-s1,5,,P25-27,P25,False,2,P25 LIN2-0A-b1-s1 AG5
20241018_rep03,plate_metadata/20241018_rep03_metadata,3,E2,5,2,36,r05c02f36,LAMP1-488,MitoTracker-Red,DAPI,,25,LIN2-0A-b1-s1,5,,P25-27,P25,False,2,P25 LIN2-0A-b1-s1 AG5
20241018_rep03,plate_metadata/20241018_rep03_metadata,3,E2,5,2,37,r05c02f37,LAMP1-488,MitoTracker-Red,DAPI,,25,LIN2-0A-b1-s1,5,,P25-27,P25,False,2,P25 LIN2-0A-b1-s1 AG5
20241018_rep03,plate_metadata/20241018_rep03_metadata,3,E2,5,2,38,r05c02f38,LAMP1-488,MitoTracker-Red,DAPI,,25,LIN2-0A-b1-s1,5,,P25-27,P25,False,2,P25 LIN2-0A-b1-s1 AG5
20241018_rep03,plate_metadata/20241018_rep03_metadata,3,E2,5,2,39,r05c02f39,LAMP1-488,MitoTracker-Red,DAPI,,25,LIN2-0A-b1-s1,5,,P25-27,P25,False,2,P25 LIN2-0A-b1-s1 AG5
20241018_rep03,plate_metadata/20241018_rep03_metadata,3,E2,5,2,40,r05c02f40,LAMP1-488,MitoTracker-Red,DAPI,,25,LIN2-0A-b1-s1,5,,P25-27,P25,False,2,P25 LIN2-0A-b1-s1 AG5
20241018_rep03,plate_metadata/20241018_rep03_metadata,3,E3,5,3,1,r05c03f01,LAMP1-488,MitoTracker-Red,DAPI,,22,LIN3-0A-b2-s1,4,,P22-24,P22,False,3,P22 LIN3-0A-b2-s1 AG4
20241018_rep03,plate_metadata/20241018_rep03_metadata,3,E3,5,3,2,r05c03f02,LAMP1-488,MitoTracker-Red,DAPI,,22,LIN3-0A-b2-s1,4,,P22-24,P22,False,3,P22 LIN3-0A-b2-s1 AG4
20241018_rep03,plate_metadata/20241018_rep03_metadata,3,E3,5,3,3,r05c03f03,LAMP1-488,MitoTracker-Red,DAPI,,22,LIN3-0A-b2-s1,4,,P22-24,P22,False,3,P22 LIN3-0A-b2-s1 AG4
20241018_rep03,plate_metadata/20241018_rep03_metadata,3,E3,5,3,4,r05c03f04,LAMP1-488,MitoTracker-Red,DAPI,,22,LIN3-0A-b2-s1,4,,P22-24,P22,False,3,P22 LIN3-0A-b2-s1 AG4
20241018_rep03,plate_metadata/20241018_rep03_metadata,3,E3,5,3,5,r05c03f05,LAMP1-488,MitoTracker-Red,DAPI,,22,LIN3-0A-b2-s1,4,,P22-24,P22,False,3,P22 LIN3-0A-b2-s1 AG4
20241018_rep03,plate_metadata/20241018_rep03_metadata,3,E3,5,3,6,r05c03f06,LAMP1-488,MitoTracker-Red,DAPI,,22,LIN3-0A-b2-s1,4,,P22-24,P22,False,3,P22 LIN3-0A-b2-s1 AG4
20241018_rep03,plate_metadata/20241018_rep03_metadata,3,E3,5,3,7,r05c03f07,LAMP1-488,MitoTracker-Red,DAPI,,22,LIN3-0A-b2-s1,4,,P22-24,P22,False,3,P22 LIN3-0A-b2-s1 AG4
20241018_rep03,plate_metadata/20241018_rep03_metadata,3,E3,5,3,8,r05c03f08,LAMP1-488,MitoTracker-Red,DAPI,,22,LIN3-0A-b2-s1,4,,P22-24,P22,False,3,P22 LIN3-0A-b2-s1 AG4
20241018_rep03,plate_metadata/20241018_rep03_metadata,3,E3,5,3,9,r05c03f09,LAMP1-488,MitoTracker-Red,DAPI,,22,LIN3-0A-b2-s1,4,,P22-24,P22,False,3,P22 LIN3-0A-b2-s1 AG4
20241018_rep03,plate_metadata/20241018_rep03_metadata,3,E3,5,3,10,r05c03f10,LAMP1-488,MitoTracker-Red,DAPI,,22,LIN3-0A-b2-s1,4,,P22-24,P22,False,3,P22 LIN3-0A-b2-s1 AG4
20241018_rep03,plate_metadata/20241018_rep03_metadata,3,E3,5,3,11,r05c03f11,LAMP1-488,MitoTracker-Red,DAPI,,22,LIN3-0A-b2-s1,4,,P22-24,P22,False,3,P22 LIN3-0A-b2-s1 AG4
20241018_rep03,plate_metadata/20241018_rep03_metadata,3,E3,5,3,12,r05c03f12,LAMP1-488,MitoTracker-Red,DAPI,,22,LIN3-0A-b2-s1,4,,P22-24,P22,False,3,P22 LIN3-0A-b2-s1 AG4
20241018_rep03,plate_metadata/20241018_rep03_metadata,3,E3,5,3,13,r05c03f13,LAMP1-488,MitoTracker-Red,DAPI,,22,LIN3-0A-b2-s1,4,,P22-24,P22,False,3,P22 LIN3-0A-b2-s1 AG4
20241018_rep03,plate_metadata/20241018_rep03_metadata,3,E3,5,3,14,r05c03f14,LAMP1-488,MitoTracker-Red,DAPI,,22,LIN3-0A-b2-s1,4,,P22-24,P22,False,3,P22 LIN3-0A-b2-s1 AG4
20241018_rep03,plate_metadata/20241018_rep03_metadata,3,E3,5,3,15,r05c03f15,LAMP1-488,MitoTracker-Red,DAPI,,22,LIN3-0A-b2-s1,4,,P22-24,P22,False,3,P22 LIN3-0A-b2-s1 AG4
20241018_rep03,plate_metadata/20241018_rep03_metadata,3,E3,5,3,16,r05c03f16,LAMP1-488,MitoTracker-Red,DAPI,,22,LIN3-0A-b2-s1,4,,P22-24,P22,False,3,P22 LIN3-0A-b2-s1 AG4
20241018_rep03,plate_metadata/20241018_rep03_metadata,3,E3,5,3,17,r05c03f17,LAMP1-488,MitoTracker-Red,DAPI,,22,LIN3-0A-b2-s1,4,,P22-24,P22,False,3,P22 LIN3-0A-b2-s1 AG4
20241018_rep03,plate_metadata/20241018_rep03_metadata,3,E3,5,3,18,r05c03f18,LAMP1-488,MitoTracker-Red,DAPI,,22,LIN3-0A-b2-s1,4,,P22-24,P22,False,3,P22 LIN3-0A-b2-s1 AG4
20241018_rep03,plate_metadata/20241018_rep03_metadata,3,E3,5,3,19,r05c03f19,LAMP1-488,MitoTracker-Red,DAPI,,22,LIN3-0A-b2-s1,4,,P22-24,P22,False,3,P22 LIN3-0A-b2-s1 AG4
20241018_rep03,plate_metadata/20241018_rep03_metadata,3,E3,5,3,20,r05c03f20,LAMP1-488,MitoTracker-Red,DAPI,,22,LIN3-0A-b2-s1,4,,P22-24,P22,False,3,P22 LIN3-0A-b2-s1 AG4
20241018_rep03,plate_metadata/20241018_rep03_metadata,3,E3,5,3,21,r05c03f21,LAMP1-488,MitoTracker-Red,DAPI,,22,LIN3-0A-b2-s1,4,,P22-24,P22,False,3,P22 LIN3-0A-b2-s1 AG4
20241018_rep03,plate_metadata/20241018_rep03_metadata,3,E3,5,3,22,r05c03f22,LAMP1-488,MitoTracker-Red,DAPI,,22,LIN3-0A-b2-s1,4,,P22-24,P22,False,3,P22 LIN3-0A-b2-s1 AG4
20241018_rep03,plate_metadata/20241018_rep03_metadata,3,E3,5,3,23,r05c03f23,LAMP1-488,MitoTracker-Red,DAPI,,22,LIN3-0A-b2-s1,4,,P22-24,P22,False,3,P22 LIN3-0A-b2-s1 AG4
20241018_rep03,plate_metadata/20241018_rep03_metadata,3,E3,5,3,24,r05c03f24,LAMP1-488,MitoTracker-Red,DAPI,,22,LIN3-0A-b2-s1,4,,P22-24,P22,False,3,P22 LIN3-0A-b2-s1 AG4
20241018_rep03,plate_metadata/20241018_rep03_metadata,3,E3,5,3,25,r05c03f25,LAMP1-488,MitoTracker-Red,DAPI,,22,LIN3-0A-b2-s1,4,,P22-24,P22,False,3,P22 LIN3-0A-b2-s1 AG4
20241018_rep03,plate_metadata/20241018_rep03_metadata,3,E3,5,3,26,r05c03f26,LAMP1-488,MitoTracker-Red,DAPI,,22,LIN3-0A-b2-s1,4,,P22-24,P22,False,3,P22 LIN3-0A-b2-s1 AG4
20241018_rep03,plate_metadata/20241018_rep03_metadata,3,E3,5,3,27,r05c03f27,LAMP1-488,MitoTracker-Red,DAPI,,22,LIN3-0A-b2-s1,4,,P22-24,P22,False,3,P22 LIN3-0A-b2-s1 AG4
20241018_rep03,plate_metadata/20241018_rep03_metadata,3,E3,5,3,28,r05c03f28,LAMP1-488,MitoTracker-Red,DAPI,,22,LIN3-0A-b2-s1,4,,P22-24,P22,False,3,P22 LIN3-0A-b2-s1 AG4
20241018_rep03,plate_metadata/20241018_rep03_metadata,3,E3,5,3,29,r05c03f29,LAMP1-488,MitoTracker-Red,DAPI,,22,LIN3-0A-b2-s1,4,,P22-24,P22,False,3,P22 LIN3-0A-b2-s1 AG4
20241018_rep03,plate_metadata/20241018_rep03_metadata,3,E3,5,3,30,r05c03f30,LAMP1-488,MitoTracker-Red,DAPI,,22,LIN3-0A-b2-s1,4,,P22-24,P22,False,3,P22 LIN3-0A-b2-s1 AG4
20241018_rep03,plate_metadata/20241018_rep03_metadata,3,E3,5,3,31,r05c03f31,LAMP1-488,MitoTracker-Red,DAPI,,22,LIN3-0A-b2-s1,4,,P22-24,P22,False,3,P22 LIN3-0A-b2-s1 AG4
20241018_rep03,plate_metadata/20241018_rep03_metadata,3,E3,5,3,32,r05c03f32,LAMP1-488,MitoTracker-Red,DAPI,,22,LIN3-0A-b2-s1,4,,P22-24,P22,False,3,P22 LIN3-0A-b2-s1 AG4
20241018_rep03,plate_metadata/20241018_rep03_metadata,3,E3,5,3,33,r05c03f33,LAMP1-488,MitoTracker-Red,DAPI,,22,LIN3-0A-b2-s1,4,,P22-24,P22,False,3,P22 LIN3-0A-b2-s1 AG4
20241018_rep03,plate_metadata/20241018_rep03_metadata,3,E3,5,3,34,r05c03f34,LAMP1-488,MitoTracker-Red,DAPI,,22,LIN3-0A-b2-s1,4,,P22-24,P22,False,3,P22 LIN3-0A-b2-s1 AG4
20241018_rep03,plate_metadata/20241018_rep03_metadata,3,E3,5,3,35,r05c03f35,LAMP1-488,MitoTracker-Red,DAPI,,22,LIN3-0A-b2-s1,4,,P22-24,P22,False,3,P22 LIN3-0A-b2-s1 AG4
20241018_rep03,plate_metadata/20241018_rep03_metadata,3,E3,5,3,36,r05c03f36,LAMP1-488,MitoTracker-Red,DAPI,,22,LIN3-0A-b2-s1,4,,P22-24,P22,False,3,P22 LIN3-0A-b2-s1 AG4
20241018_rep03,plate_metadata/20241018_rep03_metadata,3,E3,5,3,37,r05c03f37,LAMP1-488,MitoTracker-Red,DAPI,,22,LIN3-0A-b2-s1,4,,P22-24,P22,False,3,P22 LIN3-0A-b2-s1 AG4
20241018_rep03,plate_metadata/20241018_rep03_metadata,3,E3,5,3,38,r05c03f38,LAMP1-488,MitoTracker-Red,DAPI,,22,LIN3-0A-b2-s1,4,,P22-24,P22,False,3,P22 LIN3-0A-b2-s1 AG4
20241018_rep03,plate_metadata/20241018_rep03_metadata,3,E3,5,3,39,r05c03f39,LAMP1-488,MitoTracker-Red,DAPI,,22,LIN3-0A-b2-s1,4,,P22-24,P22,False,3,P22 LIN3-0A-b2-s1 AG4
20241018_rep03,plate_metadata/20241018_rep03_metadata,3,E3,5,3,40,r05c03f40,LAMP1-488,MitoTracker-Red,DAPI,,22,LIN3-0A-b2-s1,4,,P22-24,P22,False,3,P22 LIN3-0A-b2-s1 AG4
20241018_rep03,plate_metadata/20241018_rep03_metadata,3,E4,5,4,1,r05c04f01,LAMP1-488,MitoTracker-Red,DAPI,,20,LIN4-0B-b2A-s1,3,,P19-21,P20,False,4,P20 LIN4-0B-b2A-s1 AG3
20241018_rep03,plate_metadata/20241018_rep03_metadata,3,E4,5,4,2,r05c04f02,LAMP1-488,MitoTracker-Red,DAPI,,20,LIN4-0B-b2A-s1,3,,P19-21,P20,False,4,P20 LIN4-0B-b2A-s1 AG3
20241018_rep03,plate_metadata/20241018_rep03_metadata,3,E4,5,4,3,r05c04f03,LAMP1-488,MitoTracker-Red,DAPI,,20,LIN4-0B-b2A-s1,3,,P19-21,P20,False,4,P20 LIN4-0B-b2A-s1 AG3
20241018_rep03,plate_metadata/20241018_rep03_metadata,3,E4,5,4,4,r05c04f04,LAMP1-488,MitoTracker-Red,DAPI,,20,LIN4-0B-b2A-s1,3,,P19-21,P20,False,4,P20 LIN4-0B-b2A-s1 AG3
20241018_rep03,plate_metadata/20241018_rep03_metadata,3,E4,5,4,5,r05c04f05,LAMP1-488,MitoTracker-Red,DAPI,,20,LIN4-0B-b2A-s1,3,,P19-21,P20,False,4,P20 LIN4-0B-b2A-s1 AG3
20241018_rep03,plate_metadata/20241018_rep03_metadata,3,E4,5,4,6,r05c04f06,LAMP1-488,MitoTracker-Red,DAPI,,20,LIN4-0B-b2A-s1,3,,P19-21,P20,False,4,P20 LIN4-0B-b2A-s1 AG3
20241018_rep03,plate_metadata/20241018_rep03_metadata,3,E4,5,4,7,r05c04f07,LAMP1-488,MitoTracker-Red,DAPI,,20,LIN4-0B-b2A-s1,3,,P19-21,P20,False,4,P20 LIN4-0B-b2A-s1 AG3
20241018_rep03,plate_metadata/20241018_rep03_metadata,3,E4,5,4,8,r05c04f08,LAMP1-488,MitoTracker-Red,DAPI,,20,LIN4-0B-b2A-s1,3,,P19-21,P20,False,4,P20 LIN4-0B-b2A-s1 AG3
20241018_rep03,plate_metadata/20241018_rep03_metadata,3,E4,5,4,9,r05c04f09,LAMP1-488,MitoTracker-Red,DAPI,,20,LIN4-0B-b2A-s1,3,,P19-21,P20,False,4,P20 LIN4-0B-b2A-s1 AG3
20241018_rep03,plate_metadata/20241018_rep03_metadata,3,E4,5,4,10,r05c04f10,LAMP1-488,MitoTracker-Red,DAPI,,20,LIN4-0B-b2A-s1,3,,P19-21,P20,False,4,P20 LIN4-0B-b2A-s1 AG3
20241018_rep03,plate_metadata/20241018_rep03_metadata,3,E4,5,4,11,r05c04f11,LAMP1-488,MitoTracker-Red,DAPI,,20,LIN4-0B-b2A-s1,3,,P19-21,P20,False,4,P20 LIN4-0B-b2A-s1 AG3
20241018_rep03,plate_metadata/20241018_rep03_metadata,3,E4,5,4,12,r05c04f12,LAMP1-488,MitoTracker-Red,DAPI,,20,LIN4-0B-b2A-s1,3,,P19-21,P20,False,4,P20 LIN4-0B-b2A-s1 AG3
20241018_rep03,plate_metadata/20241018_rep03_metadata,3,E4,5,4,13,r05c04f13,LAMP1-488,MitoTracker-Red,DAPI,,20,LIN4-0B-b2A-s1,3,,P19-21,P20,False,4,P20 LIN4-0B-b2A-s1 AG3
20241018_rep03,plate_metadata/20241018_rep03_metadata,3,E4,5,4,14,r05c04f14,LAMP1-488,MitoTracker-Red,DAPI,,20,LIN4-0B-b2A-s1,3,,P19-21,P20,False,4,P20 LIN4-0B-b2A-s1 AG3
20241018_rep03,plate_metadata/20241018_rep03_metadata,3,E4,5,4,15,r05c04f15,LAMP1-488,MitoTracker-Red,DAPI,,20,LIN4-0B-b2A-s1,3,,P19-21,P20,False,4,P20 LIN4-0B-b2A-s1 AG3
20241018_rep03,plate_metadata/20241018_rep03_metadata,3,E4,5,4,16,r05c04f16,LAMP1-488,MitoTracker-Red,DAPI,,20,LIN4-0B-b2A-s1,3,,P19-21,P20,False,4,P20 LIN4-0B-b2A-s1 AG3
20241018_rep03,plate_metadata/20241018_rep03_metadata,3,E4,5,4,17,r05c04f17,LAMP1-488,MitoTracker-Red,DAPI,,20,LIN4-0B-b2A-s1,3,,P19-21,P20,False,4,P20 LIN4-0B-b2A-s1 AG3
20241018_rep03,plate_metadata/20241018_rep03_metadata,3,E4,5,4,18,r05c04f18,LAMP1-488,MitoTracker-Red,DAPI,,20,LIN4-0B-b2A-s1,3,,P19-21,P20,False,4,P20 LIN4-0B-b2A-s1 AG3
20241018_rep03,plate_metadata/20241018_rep03_metadata,3,E4,5,4,19,r05c04f19,LAMP1-488,MitoTracker-Red,DAPI,,20,LIN4-0B-b2A-s1,3,,P19-21,P20,False,4,P20 LIN4-0B-b2A-s1 AG3
20241018_rep03,plate_metadata/20241018_rep03_metadata,3,E4,5,4,20,r05c04f20,LAMP1-488,MitoTracker-Red,DAPI,,20,LIN4-0B-b2A-s1,3,,P19-21,P20,False,4,P20 LIN4-0B-b2A-s1 AG3
20241018_rep03,plate_metadata/20241018_rep03_metadata,3,E4,5,4,21,r05c04f21,LAMP1-488,MitoTracker-Red,DAPI,,20,LIN4-0B-b2A-s1,3,,P19-21,P20,False,4,P20 LIN4-0B-b2A-s1 AG3
20241018_rep03,plate_metadata/20241018_rep03_metadata,3,E4,5,4,22,r05c04f22,LAMP1-488,MitoTracker-Red,DAPI,,20,LIN4-0B-b2A-s1,3,,P19-21,P20,False,4,P20 LIN4-0B-b2A-s1 AG3
20241018_rep03,plate_metadata/20241018_rep03_metadata,3,E4,5,4,23,r05c04f23,LAMP1-488,MitoTracker-Red,DAPI,,20,LIN4-0B-b2A-s1,3,,P19-21,P20,False,4,P20 LIN4-0B-b2A-s1 AG3
20241018_rep03,plate_metadata/20241018_rep03_metadata,3,E4,5,4,24,r05c04f24,LAMP1-488,MitoTracker-Red,DAPI,,20,LIN4-0B-b2A-s1,3,,P19-21,P20,False,4,P20 LIN4-0B-b2A-s1 AG3
20241018_rep03,plate_metadata/20241018_rep03_metadata,3,E4,5,4,25,r05c04f25,LAMP1-488,MitoTracker-Red,DAPI,,20,LIN4-0B-b2A-s1,3,,P19-21,P20,False,4,P20 LIN4-0B-b2A-s1 AG3
20241018_rep03,plate_metadata/20241018_rep03_metadata,3,E4,5,4,26,r05c04f26,LAMP1-488,MitoTracker-Red,DAPI,,20,LIN4-0B-b2A-s1,3,,P19-21,P20,False,4,P20 LIN4-0B-b2A-s1 AG3
20241018_rep03,plate_metadata/20241018_rep03_metadata,3,E4,5,4,27,r05c04f27,LAMP1-488,MitoTracker-Red,DAPI,,20,LIN4-0B-b2A-s1,3,,P19-21,P20,False,4,P20 LIN4-0B-b2A-s1 AG3
20241018_rep03,plate_metadata/20241018_rep03_metadata,3,E4,5,4,28,r05c04f28,LAMP1-488,MitoTracker-Red,DAPI,,20,LIN4-0B-b2A-s1,3,,P19-21,P20,False,4,P20 LIN4-0B-b2A-s1 AG3
20241018_rep03,plate_metadata/20241018_rep03_metadata,3,E4,5,4,29,r05c04f29,LAMP1-488,MitoTracker-Red,DAPI,,20,LIN4-0B-b2A-s1,3,,P19-21,P20,False,4,P20 LIN4-0B-b2A-s1 AG3
20241018_rep03,plate_metadata/20241018_rep03_metadata,3,E4,5,4,30,r05c04f30,LAMP1-488,MitoTracker-Red,DAPI,,20,LIN4-0B-b2A-s1,3,,P19-21,P20,False,4,P20 LIN4-0B-b2A-s1 AG3
20241018_rep03,plate_metadata/20241018_rep03_metadata,3,E4,5,4,31,r05c04f31,LAMP1-488,MitoTracker-Red,DAPI,,20,LIN4-0B-b2A-s1,3,,P19-21,P20,False,4,P20 LIN4-0B-b2A-s1 AG3
20241018_rep03,plate_metadata/20241018_rep03_metadata,3,E4,5,4,32,r05c04f32,LAMP1-488,MitoTracker-Red,DAPI,,20,LIN4-0B-b2A-s1,3,,P19-21,P20,False,4,P20 LIN4-0B-b2A-s1 AG3
20241018_rep03,plate_metadata/20241018_rep03_metadata,3,E4,5,4,33,r05c04f33,LAMP1-488,MitoTracker-Red,DAPI,,20,LIN4-0B-b2A-s1,3,,P19-21,P20,False,4,P20 LIN4-0B-b2A-s1 AG3
20241018_rep03,plate_metadata/20241018_rep03_metadata,3,E4,5,4,34,r05c04f34,LAMP1-488,MitoTracker-Red,DAPI,,20,LIN4-0B-b2A-s1,3,,P19-21,P20,False,4,P20 LIN4-0B-b2A-s1 AG3
20241018_rep03,plate_metadata/20241018_rep03_metadata,3,E4,5,4,35,r05c04f35,LAMP1-488,MitoTracker-Red,DAPI,,20,LIN4-0B-b2A-s1,3,,P19-21,P20,False,4,P20 LIN4-0B-b2A-s1 AG3
20241018_rep03,plate_metadata/20241018_rep03_metadata,3,E4,5,4,36,r05c04f36,LAMP1-488,MitoTracker-Red,DAPI,,20,LIN4-0B-b2A-s1,3,,P19-21,P20,False,4,P20 LIN4-0B-b2A-s1 AG3
20241018_rep03,plate_metadata/20241018_rep03_metadata,3,E4,5,4,37,r05c04f37,LAMP1-488,MitoTracker-Red,DAPI,,20,LIN4-0B-b2A-s1,3,,P19-21,P20,False,4,P20 LIN4-0B-b2A-s1 AG3
20241018_rep03,plate_metadata/20241018_rep03_metadata,3,E4,5,4,38,r05c04f38,LAMP1-488,MitoTracker-Red,DAPI,,20,LIN4-0B-b2A-s1,3,,P19-21,P20,False,4,P20 LIN4-0B-b2A-s1 AG3
20241018_rep03,plate_metadata/20241018_rep03_metadata,3,E4,5,4,39,r05c04f39,LAMP1-488,MitoTracker-Red,DAPI,,20,LIN4-0B-b2A-s1,3,,P19-21,P20,False,4,P20 LIN4-0B-b2A-s1 AG3
20241018_rep03,plate_metadata/20241018_rep03_metadata,3,E4,5,4,40,r05c04f40,LAMP1-488,MitoTracker-Red,DAPI,,20,LIN4-0B-b2A-s1,3,,P19-21,P20,False,4,P20 LIN4-0B-b2A-s1 AG3
20241018_rep03,plate_metadata/20241018_rep03_metadata,3,E5,5,5,1,r05c05f01,LAMP1-488,MitoTracker-Red,DAPI,,18,LIN5-0B-b3-s1,2,,P16-18,P18,False,5,P18 LIN5-0B-b3-s1 AG2
20241018_rep03,plate_metadata/20241018_rep03_metadata,3,E5,5,5,2,r05c05f02,LAMP1-488,MitoTracker-Red,DAPI,,18,LIN5-0B-b3-s1,2,,P16-18,P18,False,5,P18 LIN5-0B-b3-s1 AG2
20241018_rep03,plate_metadata/20241018_rep03_metadata,3,E5,5,5,3,r05c05f03,LAMP1-488,MitoTracker-Red,DAPI,,18,LIN5-0B-b3-s1,2,,P16-18,P18,False,5,P18 LIN5-0B-b3-s1 AG2
20241018_rep03,plate_metadata/20241018_rep03_metadata,3,E5,5,5,4,r05c05f04,LAMP1-488,MitoTracker-Red,DAPI,,18,LIN5-0B-b3-s1,2,,P16-18,P18,False,5,P18 LIN5-0B-b3-s1 AG2
20241018_rep03,plate_metadata/20241018_rep03_metadata,3,E5,5,5,5,r05c05f05,LAMP1-488,MitoTracker-Red,DAPI,,18,LIN5-0B-b3-s1,2,,P16-18,P18,False,5,P18 LIN5-0B-b3-s1 AG2
20241018_rep03,plate_metadata/20241018_rep03_metadata,3,E5,5,5,6,r05c05f06,LAMP1-488,MitoTracker-Red,DAPI,,18,LIN5-0B-b3-s1,2,,P16-18,P18,False,5,P18 LIN5-0B-b3-s1 AG2
20241018_rep03,plate_metadata/20241018_rep03_metadata,3,E5,5,5,7,r05c05f07,LAMP1-488,MitoTracker-Red,DAPI,,18,LIN5-0B-b3-s1,2,,P16-18,P18,False,5,P18 LIN5-0B-b3-s1 AG2
20241018_rep03,plate_metadata/20241018_rep03_metadata,3,E5,5,5,8,r05c05f08,LAMP1-488,MitoTracker-Red,DAPI,,18,LIN5-0B-b3-s1,2,,P16-18,P18,False,5,P18 LIN5-0B-b3-s1 AG2
20241018_rep03,plate_metadata/20241018_rep03_metadata,3,E5,5,5,9,r05c05f09,LAMP1-488,MitoTracker-Red,DAPI,,18,LIN5-0B-b3-s1,2,,P16-18,P18,False,5,P18 LIN5-0B-b3-s1 AG2
20241018_rep03,plate_metadata/20241018_rep03_metadata,3,E5,5,5,10,r05c05f10,LAMP1-488,MitoTracker-Red,DAPI,,18,LIN5-0B-b3-s1,2,,P16-18,P18,False,5,P18 LIN5-0B-b3-s1 AG2
20241018_rep03,plate_metadata/20241018_rep03_metadata,3,E5,5,5,11,r05c05f11,LAMP1-488,MitoTracker-Red,DAPI,,18,LIN5-0B-b3-s1,2,,P16-18,P18,False,5,P18 LIN5-0B-b3-s1 AG2
20241018_rep03,plate_metadata/20241018_rep03_metadata,3,E5,5,5,12,r05c05f12,LAMP1-488,MitoTracker-Red,DAPI,,18,LIN5-0B-b3-s1,2,,P16-18,P18,False,5,P18 LIN5-0B-b3-s1 AG2
20241018_rep03,plate_metadata/20241018_rep03_metadata,3,E5,5,5,13,r05c05f13,LAMP1-488,MitoTracker-Red,DAPI,,18,LIN5-0B-b3-s1,2,,P16-18,P18,False,5,P18 LIN5-0B-b3-s1 AG2
20241018_rep03,plate_metadata/20241018_rep03_metadata,3,E5,5,5,14,r05c05f14,LAMP1-488,MitoTracker-Red,DAPI,,18,LIN5-0B-b3-s1,2,,P16-18,P18,False,5,P18 LIN5-0B-b3-s1 AG2
20241018_rep03,plate_metadata/20241018_rep03_metadata,3,E5,5,5,15,r05c05f15,LAMP1-488,MitoTracker-Red,DAPI,,18,LIN5-0B-b3-s1,2,,P16-18,P18,False,5,P18 LIN5-0B-b3-s1 AG2
20241018_rep03,plate_metadata/20241018_rep03_metadata,3,E5,5,5,16,r05c05f16,LAMP1-488,MitoTracker-Red,DAPI,,18,LIN5-0B-b3-s1,2,,P16-18,P18,False,5,P18 LIN5-0B-b3-s1 AG2
20241018_rep03,plate_metadata/20241018_rep03_metadata,3,E5,5,5,17,r05c05f17,LAMP1-488,MitoTracker-Red,DAPI,,18,LIN5-0B-b3-s1,2,,P16-18,P18,False,5,P18 LIN5-0B-b3-s1 AG2
20241018_rep03,plate_metadata/20241018_rep03_metadata,3,E5,5,5,18,r05c05f18,LAMP1-488,MitoTracker-Red,DAPI,,18,LIN5-0B-b3-s1,2,,P16-18,P18,False,5,P18 LIN5-0B-b3-s1 AG2
20241018_rep03,plate_metadata/20241018_rep03_metadata,3,E5,5,5,19,r05c05f19,LAMP1-488,MitoTracker-Red,DAPI,,18,LIN5-0B-b3-s1,2,,P16-18,P18,False,5,P18 LIN5-0B-b3-s1 AG2
20241018_rep03,plate_metadata/20241018_rep03_metadata,3,E5,5,5,20,r05c05f20,LAMP1-488,MitoTracker-Red,DAPI,,18,LIN5-0B-b3-s1,2,,P16-18,P18,False,5,P18 LIN5-0B-b3-s1 AG2
20241018_rep03,plate_metadata/20241018_rep03_metadata,3,E5,5,5,21,r05c05f21,LAMP1-488,MitoTracker-Red,DAPI,,18,LIN5-0B-b3-s1,2,,P16-18,P18,False,5,P18 LIN5-0B-b3-s1 AG2
20241018_rep03,plate_metadata/20241018_rep03_metadata,3,E5,5,5,22,r05c05f22,LAMP1-488,MitoTracker-Red,DAPI,,18,LIN5-0B-b3-s1,2,,P16-18,P18,False,5,P18 LIN5-0B-b3-s1 AG2
20241018_rep03,plate_metadata/20241018_rep03_metadata,3,E5,5,5,23,r05c05f23,LAMP1-488,MitoTracker-Red,DAPI,,18,LIN5-0B-b3-s1,2,,P16-18,P18,False,5,P18 LIN5-0B-b3-s1 AG2
20241018_rep03,plate_metadata/20241018_rep03_metadata,3,E5,5,5,24,r05c05f24,LAMP1-488,MitoTracker-Red,DAPI,,18,LIN5-0B-b3-s1,2,,P16-18,P18,False,5,P18 LIN5-0B-b3-s1 AG2
20241018_rep03,plate_metadata/20241018_rep03_metadata,3,E5,5,5,25,r05c05f25,LAMP1-488,MitoTracker-Red,DAPI,,18,LIN5-0B-b3-s1,2,,P16-18,P18,False,5,P18 LIN5-0B-b3-s1 AG2
20241018_rep03,plate_metadata/20241018_rep03_metadata,3,E5,5,5,26,r05c05f26,LAMP1-488,MitoTracker-Red,DAPI,,18,LIN5-0B-b3-s1,2,,P16-18,P18,False,5,P18 LIN5-0B-b3-s1 AG2
20241018_rep03,plate_metadata/20241018_rep03_metadata,3,E5,5,5,27,r05c05f27,LAMP1-488,MitoTracker-Red,DAPI,,18,LIN5-0B-b3-s1,2,,P16-18,P18,False,5,P18 LIN5-0B-b3-s1 AG2
20241018_rep03,plate_metadata/20241018_rep03_metadata,3,E5,5,5,28,r05c05f28,LAMP1-488,MitoTracker-Red,DAPI,,18,LIN5-0B-b3-s1,2,,P16-18,P18,False,5,P18 LIN5-0B-b3-s1 AG2
20241018_rep03,plate_metadata/20241018_rep03_metadata,3,E5,5,5,29,r05c05f29,LAMP1-488,MitoTracker-Red,DAPI,,18,LIN5-0B-b3-s1,2,,P16-18,P18,False,5,P18 LIN5-0B-b3-s1 AG2
20241018_rep03,plate_metadata/20241018_rep03_metadata,3,E5,5,5,30,r05c05f30,LAMP1-488,MitoTracker-Red,DAPI,,18,LIN5-0B-b3-s1,2,,P16-18,P18,False,5,P18 LIN5-0B-b3-s1 AG2
20241018_rep03,plate_metadata/20241018_rep03_metadata,3,E5,5,5,31,r05c05f31,LAMP1-488,MitoTracker-Red,DAPI,,18,LIN5-0B-b3-s1,2,,P16-18,P18,False,5,P18 LIN5-0B-b3-s1 AG2
20241018_rep03,plate_metadata/20241018_rep03_metadata,3,E5,5,5,32,r05c05f32,LAMP1-488,MitoTracker-Red,DAPI,,18,LIN5-0B-b3-s1,2,,P16-18,P18,False,5,P18 LIN5-0B-b3-s1 AG2
20241018_rep03,plate_metadata/20241018_rep03_metadata,3,E5,5,5,33,r05c05f33,LAMP1-488,MitoTracker-Red,DAPI,,18,LIN5-0B-b3-s1,2,,P16-18,P18,False,5,P18 LIN5-0B-b3-s1 AG2
20241018_rep03,plate_metadata/20241018_rep03_metadata,3,E5,5,5,34,r05c05f34,LAMP1-488,MitoTracker-Red,DAPI,,18,LIN5-0B-b3-s1,2,,P16-18,P18,False,5,P18 LIN5-0B-b3-s1 AG2
20241018_rep03,plate_metadata/20241018_rep03_metadata,3,E5,5,5,35,r05c05f35,LAMP1-488,MitoTracker-Red,DAPI,,18,LIN5-0B-b3-s1,2,,P16-18,P18,False,5,P18 LIN5-0B-b3-s1 AG2
20241018_rep03,plate_metadata/20241018_rep03_metadata,3,E5,5,5,36,r05c05f36,LAMP1-488,MitoTracker-Red,DAPI,,18,LIN5-0B-b3-s1,2,,P16-18,P18,False,5,P18 LIN5-0B-b3-s1 AG2
20241018_rep03,plate_metadata/20241018_rep03_metadata,3,E5,5,5,37,r05c05f37,LAMP1-488,MitoTracker-Red,DAPI,,18,LIN5-0B-b3-s1,2,,P16-18,P18,False,5,P18 LIN5-0B-b3-s1 AG2
20241018_rep03,plate_metadata/20241018_rep03_metadata,3,E5,5,5,38,r05c05f38,LAMP1-488,MitoTracker-Red,DAPI,,18,LIN5-0B-b3-s1,2,,P16-18,P18,False,5,P18 LIN5-0B-b3-s1 AG2
20241018_rep03,plate_metadata/20241018_rep03_metadata,3,E5,5,5,39,r05c05f39,LAMP1-488,MitoTracker-Red,DAPI,,18,LIN5-0B-b3-s1,2,,P16-18,P18,False,5,P18 LIN5-0B-b3-s1 AG2
20241018_rep03,plate_metadata/20241018_rep03_metadata,3,E5,5,5,40,r05c05f40,LAMP1-488,MitoTracker-Red,DAPI,,18,LIN5-0B-b3-s1,2,,P16-18,P18,False,5,P18 LIN5-0B-b3-s1 AG2
20241018_rep03,plate_metadata/20241018_rep03_metadata,3,E6,5,6,1,r05c06f01,LAMP1-488,MitoTracker-Red,DAPI,,16,LIN6-0C-b1-s1,1,,P16-18,P16,False,6,P16 LIN6-0C-b1-s1 AG1
20241018_rep03,plate_metadata/20241018_rep03_metadata,3,E6,5,6,2,r05c06f02,LAMP1-488,MitoTracker-Red,DAPI,,16,LIN6-0C-b1-s1,1,,P16-18,P16,False,6,P16 LIN6-0C-b1-s1 AG1
20241018_rep03,plate_metadata/20241018_rep03_metadata,3,E6,5,6,3,r05c06f03,LAMP1-488,MitoTracker-Red,DAPI,,16,LIN6-0C-b1-s1,1,,P16-18,P16,False,6,P16 LIN6-0C-b1-s1 AG1
20241018_rep03,plate_metadata/20241018_rep03_metadata,3,E6,5,6,4,r05c06f04,LAMP1-488,MitoTracker-Red,DAPI,,16,LIN6-0C-b1-s1,1,,P16-18,P16,False,6,P16 LIN6-0C-b1-s1 AG1
20241018_rep03,plate_metadata/20241018_rep03_metadata,3,E6,5,6,5,r05c06f05,LAMP1-488,MitoTracker-Red,DAPI,,16,LIN6-0C-b1-s1,1,,P16-18,P16,False,6,P16 LIN6-0C-b1-s1 AG1
20241018_rep03,plate_metadata/20241018_rep03_metadata,3,E6,5,6,6,r05c06f06,LAMP1-488,MitoTracker-Red,DAPI,,16,LIN6-0C-b1-s1,1,,P16-18,P16,False,6,P16 LIN6-0C-b1-s1 AG1
20241018_rep03,plate_metadata/20241018_rep03_metadata,3,E6,5,6,7,r05c06f07,LAMP1-488,MitoTracker-Red,DAPI,,16,LIN6-0C-b1-s1,1,,P16-18,P16,False,6,P16 LIN6-0C-b1-s1 AG1
20241018_rep03,plate_metadata/20241018_rep03_metadata,3,E6,5,6,8,r05c06f08,LAMP1-488,MitoTracker-Red,DAPI,,16,LIN6-0C-b1-s1,1,,P16-18,P16,False,6,P16 LIN6-0C-b1-s1 AG1
20241018_rep03,plate_metadata/20241018_rep03_metadata,3,E6,5,6,9,r05c06f09,LAMP1-488,MitoTracker-Red,DAPI,,16,LIN6-0C-b1-s1,1,,P16-18,P16,False,6,P16 LIN6-0C-b1-s1 AG1
20241018_rep03,plate_metadata/20241018_rep03_metadata,3,E6,5,6,10,r05c06f10,LAMP1-488,MitoTracker-Red,DAPI,,16,LIN6-0C-b1-s1,1,,P16-18,P16,False,6,P16 LIN6-0C-b1-s1 AG1
20241018_rep03,plate_metadata/20241018_rep03_metadata,3,E6,5,6,11,r05c06f11,LAMP1-488,MitoTracker-Red,DAPI,,16,LIN6-0C-b1-s1,1,,P16-18,P16,False,6,P16 LIN6-0C-b1-s1 AG1
20241018_rep03,plate_metadata/20241018_rep03_metadata,3,E6,5,6,12,r05c06f12,LAMP1-488,MitoTracker-Red,DAPI,,16,LIN6-0C-b1-s1,1,,P16-18,P16,False,6,P16 LIN6-0C-b1-s1 AG1
20241018_rep03,plate_metadata/20241018_rep03_metadata,3,E6,5,6,13,r05c06f13,LAMP1-488,MitoTracker-Red,DAPI,,16,LIN6-0C-b1-s1,1,,P16-18,P16,False,6,P16 LIN6-0C-b1-s1 AG1
20241018_rep03,plate_metadata/20241018_rep03_metadata,3,E6,5,6,14,r05c06f14,LAMP1-488,MitoTracker-Red,DAPI,,16,LIN6-0C-b1-s1,1,,P16-18,P16,False,6,P16 LIN6-0C-b1-s1 AG1
20241018_rep03,plate_metadata/20241018_rep03_metadata,3,E6,5,6,15,r05c06f15,LAMP1-488,MitoTracker-Red,DAPI,,16,LIN6-0C-b1-s1,1,,P16-18,P16,False,6,P16 LIN6-0C-b1-s1 AG1
20241018_rep03,plate_metadata/20241018_rep03_metadata,3,E6,5,6,16,r05c06f16,LAMP1-488,MitoTracker-Red,DAPI,,16,LIN6-0C-b1-s1,1,,P16-18,P16,False,6,P16 LIN6-0C-b1-s1 AG1
20241018_rep03,plate_metadata/20241018_rep03_metadata,3,E6,5,6,17,r05c06f17,LAMP1-488,MitoTracker-Red,DAPI,,16,LIN6-0C-b1-s1,1,,P16-18,P16,False,6,P16 LIN6-0C-b1-s1 AG1
20241018_rep03,plate_metadata/20241018_rep03_metadata,3,E6,5,6,18,r05c06f18,LAMP1-488,MitoTracker-Red,DAPI,,16,LIN6-0C-b1-s1,1,,P16-18,P16,False,6,P16 LIN6-0C-b1-s1 AG1
20241018_rep03,plate_metadata/20241018_rep03_metadata,3,E6,5,6,19,r05c06f19,LAMP1-488,MitoTracker-Red,DAPI,,16,LIN6-0C-b1-s1,1,,P16-18,P16,False,6,P16 LIN6-0C-b1-s1 AG1
20241018_rep03,plate_metadata/20241018_rep03_metadata,3,E6,5,6,20,r05c06f20,LAMP1-488,MitoTracker-Red,DAPI,,16,LIN6-0C-b1-s1,1,,P16-18,P16,False,6,P16 LIN6-0C-b1-s1 AG1
20241018_rep03,plate_metadata/20241018_rep03_metadata,3,E6,5,6,21,r05c06f21,LAMP1-488,MitoTracker-Red,DAPI,,16,LIN6-0C-b1-s1,1,,P16-18,P16,False,6,P16 LIN6-0C-b1-s1 AG1
20241018_rep03,plate_metadata/20241018_rep03_metadata,3,E6,5,6,22,r05c06f22,LAMP1-488,MitoTracker-Red,DAPI,,16,LIN6-0C-b1-s1,1,,P16-18,P16,False,6,P16 LIN6-0C-b1-s1 AG1
20241018_rep03,plate_metadata/20241018_rep03_metadata,3,E6,5,6,23,r05c06f23,LAMP1-488,MitoTracker-Red,DAPI,,16,LIN6-0C-b1-s1,1,,P16-18,P16,False,6,P16 LIN6-0C-b1-s1 AG1
20241018_rep03,plate_metadata/20241018_rep03_metadata,3,E6,5,6,24,r05c06f24,LAMP1-488,MitoTracker-Red,DAPI,,16,LIN6-0C-b1-s1,1,,P16-18,P16,False,6,P16 LIN6-0C-b1-s1 AG1
20241018_rep03,plate_metadata/20241018_rep03_metadata,3,E6,5,6,25,r05c06f25,LAMP1-488,MitoTracker-Red,DAPI,,16,LIN6-0C-b1-s1,1,,P16-18,P16,False,6,P16 LIN6-0C-b1-s1 AG1
20241018_rep03,plate_metadata/20241018_rep03_metadata,3,E6,5,6,26,r05c06f26,LAMP1-488,MitoTracker-Red,DAPI,,16,LIN6-0C-b1-s1,1,,P16-18,P16,False,6,P16 LIN6-0C-b1-s1 AG1
20241018_rep03,plate_metadata/20241018_rep03_metadata,3,E6,5,6,27,r05c06f27,LAMP1-488,MitoTracker-Red,DAPI,,16,LIN6-0C-b1-s1,1,,P16-18,P16,False,6,P16 LIN6-0C-b1-s1 AG1
20241018_rep03,plate_metadata/20241018_rep03_metadata,3,E6,5,6,28,r05c06f28,LAMP1-488,MitoTracker-Red,DAPI,,16,LIN6-0C-b1-s1,1,,P16-18,P16,False,6,P16 LIN6-0C-b1-s1 AG1
20241018_rep03,plate_metadata/20241018_rep03_metadata,3,E6,5,6,29,r05c06f29,LAMP1-488,MitoTracker-Red,DAPI,,16,LIN6-0C-b1-s1,1,,P16-18,P16,False,6,P16 LIN6-0C-b1-s1 AG1
20241018_rep03,plate_metadata/20241018_rep03_metadata,3,E6,5,6,30,r05c06f30,LAMP1-488,MitoTracker-Red,DAPI,,16,LIN6-0C-b1-s1,1,,P16-18,P16,False,6,P16 LIN6-0C-b1-s1 AG1
20241018_rep03,plate_metadata/20241018_rep03_metadata,3,E6,5,6,31,r05c06f31,LAMP1-488,MitoTracker-Red,DAPI,,16,LIN6-0C-b1-s1,1,,P16-18,P16,False,6,P16 LIN6-0C-b1-s1 AG1
20241018_rep03,plate_metadata/20241018_rep03_metadata,3,E6,5,6,32,r05c06f32,LAMP1-488,MitoTracker-Red,DAPI,,16,LIN6-0C-b1-s1,1,,P16-18,P16,False,6,P16 LIN6-0C-b1-s1 AG1
20241018_rep03,plate_metadata/20241018_rep03_metadata,3,E6,5,6,33,r05c06f33,LAMP1-488,MitoTracker-Red,DAPI,,16,LIN6-0C-b1-s1,1,,P16-18,P16,False,6,P16 LIN6-0C-b1-s1 AG1
20241018_rep03,plate_metadata/20241018_rep03_metadata,3,E6,5,6,34,r05c06f34,LAMP1-488,MitoTracker-Red,DAPI,,16,LIN6-0C-b1-s1,1,,P16-18,P16,False,6,P16 LIN6-0C-b1-s1 AG1
20241018_rep03,plate_metadata/20241018_rep03_metadata,3,E6,5,6,35,r05c06f35,LAMP1-488,MitoTracker-Red,DAPI,,16,LIN6-0C-b1-s1,1,,P16-18,P16,False,6,P16 LIN6-0C-b1-s1 AG1
20241018_rep03,plate_metadata/20241018_rep03_metadata,3,E6,5,6,36,r05c06f36,LAMP1-488,MitoTracker-Red,DAPI,,16,LIN6-0C-b1-s1,1,,P16-18,P16,False,6,P16 LIN6-0C-b1-s1 AG1
20241018_rep03,plate_metadata/20241018_rep03_metadata,3,E6,5,6,37,r05c06f37,LAMP1-488,MitoTracker-Red,DAPI,,16,LIN6-0C-b1-s1,1,,P16-18,P16,False,6,P16 LIN6-0C-b1-s1 AG1
20241018_rep03,plate_metadata/20241018_rep03_metadata,3,E6,5,6,38,r05c06f38,LAMP1-488,MitoTracker-Red,DAPI,,16,LIN6-0C-b1-s1,1,,P16-18,P16,False,6,P16 LIN6-0C-b1-s1 AG1
20241018_rep03,plate_metadata/20241018_rep03_metadata,3,E6,5,6,39,r05c06f39,LAMP1-488,MitoTracker-Red,DAPI,,16,LIN6-0C-b1-s1,1,,P16-18,P16,False,6,P16 LIN6-0C-b1-s1 AG1
20241018_rep03,plate_metadata/20241018_rep03_metadata,3,E6,5,6,40,r05c06f40,LAMP1-488,MitoTracker-Red,DAPI,,16,LIN6-0C-b1-s1,1,,P16-18,P16,False,6,P16 LIN6-0C-b1-s1 AG1
20241018_rep03,plate_metadata/20241018_rep03_metadata,3,E7,5,7,1,r05c07f01,LAMP1-488,MitoTracker-Red,DAPI,,13,LIN7-0C-b3,0,,P13-15,P13,False,7,P13 LIN7-0C-b3 AG0
20241018_rep03,plate_metadata/20241018_rep03_metadata,3,E7,5,7,2,r05c07f02,LAMP1-488,MitoTracker-Red,DAPI,,13,LIN7-0C-b3,0,,P13-15,P13,False,7,P13 LIN7-0C-b3 AG0
20241018_rep03,plate_metadata/20241018_rep03_metadata,3,E7,5,7,3,r05c07f03,LAMP1-488,MitoTracker-Red,DAPI,,13,LIN7-0C-b3,0,,P13-15,P13,False,7,P13 LIN7-0C-b3 AG0
20241018_rep03,plate_metadata/20241018_rep03_metadata,3,E7,5,7,4,r05c07f04,LAMP1-488,MitoTracker-Red,DAPI,,13,LIN7-0C-b3,0,,P13-15,P13,False,7,P13 LIN7-0C-b3 AG0
20241018_rep03,plate_metadata/20241018_rep03_metadata,3,E7,5,7,5,r05c07f05,LAMP1-488,MitoTracker-Red,DAPI,,13,LIN7-0C-b3,0,,P13-15,P13,False,7,P13 LIN7-0C-b3 AG0
20241018_rep03,plate_metadata/20241018_rep03_metadata,3,E7,5,7,6,r05c07f06,LAMP1-488,MitoTracker-Red,DAPI,,13,LIN7-0C-b3,0,,P13-15,P13,False,7,P13 LIN7-0C-b3 AG0
20241018_rep03,plate_metadata/20241018_rep03_metadata,3,E7,5,7,7,r05c07f07,LAMP1-488,MitoTracker-Red,DAPI,,13,LIN7-0C-b3,0,,P13-15,P13,False,7,P13 LIN7-0C-b3 AG0
20241018_rep03,plate_metadata/20241018_rep03_metadata,3,E7,5,7,8,r05c07f08,LAMP1-488,MitoTracker-Red,DAPI,,13,LIN7-0C-b3,0,,P13-15,P13,False,7,P13 LIN7-0C-b3 AG0
20241018_rep03,plate_metadata/20241018_rep03_metadata,3,E7,5,7,9,r05c07f09,LAMP1-488,MitoTracker-Red,DAPI,,13,LIN7-0C-b3,0,,P13-15,P13,False,7,P13 LIN7-0C-b3 AG0
20241018_rep03,plate_metadata/20241018_rep03_metadata,3,E7,5,7,10,r05c07f10,LAMP1-488,MitoTracker-Red,DAPI,,13,LIN7-0C-b3,0,,P13-15,P13,False,7,P13 LIN7-0C-b3 AG0
20241018_rep03,plate_metadata/20241018_rep03_metadata,3,E7,5,7,11,r05c07f11,LAMP1-488,MitoTracker-Red,DAPI,,13,LIN7-0C-b3,0,,P13-15,P13,False,7,P13 LIN7-0C-b3 AG0
20241018_rep03,plate_metadata/20241018_rep03_metadata,3,E7,5,7,12,r05c07f12,LAMP1-488,MitoTracker-Red,DAPI,,13,LIN7-0C-b3,0,,P13-15,P13,False,7,P13 LIN7-0C-b3 AG0
20241018_rep03,plate_metadata/20241018_rep03_metadata,3,E7,5,7,13,r05c07f13,LAMP1-488,MitoTracker-Red,DAPI,,13,LIN7-0C-b3,0,,P13-15,P13,False,7,P13 LIN7-0C-b3 AG0
20241018_rep03,plate_metadata/20241018_rep03_metadata,3,E7,5,7,14,r05c07f14,LAMP1-488,MitoTracker-Red,DAPI,,13,LIN7-0C-b3,0,,P13-15,P13,False,7,P13 LIN7-0C-b3 AG0
20241018_rep03,plate_metadata/20241018_rep03_metadata,3,E7,5,7,15,r05c07f15,LAMP1-488,MitoTracker-Red,DAPI,,13,LIN7-0C-b3,0,,P13-15,P13,False,7,P13 LIN7-0C-b3 AG0
20241018_rep03,plate_metadata/20241018_rep03_metadata,3,E7,5,7,16,r05c07f16,LAMP1-488,MitoTracker-Red,DAPI,,13,LIN7-0C-b3,0,,P13-15,P13,False,7,P13 LIN7-0C-b3 AG0
20241018_rep03,plate_metadata/20241018_rep03_metadata,3,E7,5,7,17,r05c07f17,LAMP1-488,MitoTracker-Red,DAPI,,13,LIN7-0C-b3,0,,P13-15,P13,False,7,P13 LIN7-0C-b3 AG0
20241018_rep03,plate_metadata/20241018_rep03_metadata,3,E7,5,7,18,r05c07f18,LAMP1-488,MitoTracker-Red,DAPI,,13,LIN7-0C-b3,0,,P13-15,P13,False,7,P13 LIN7-0C-b3 AG0
20241018_rep03,plate_metadata/20241018_rep03_metadata,3,E7,5,7,19,r05c07f19,LAMP1-488,MitoTracker-Red,DAPI,,13,LIN7-0C-b3,0,,P13-15,P13,False,7,P13 LIN7-0C-b3 AG0
20241018_rep03,plate_metadata/20241018_rep03_metadata,3,E7,5,7,20,r05c07f20,LAMP1-488,MitoTracker-Red,DAPI,,13,LIN7-0C-b3,0,,P13-15,P13,False,7,P13 LIN7-0C-b3 AG0
20241018_rep03,plate_metadata/20241018_rep03_metadata,3,E7,5,7,21,r05c07f21,LAMP1-488,MitoTracker-Red,DAPI,,13,LIN7-0C-b3,0,,P13-15,P13,False,7,P13 LIN7-0C-b3 AG0
20241018_rep03,plate_metadata/20241018_rep03_metadata,3,E7,5,7,22,r05c07f22,LAMP1-488,MitoTracker-Red,DAPI,,13,LIN7-0C-b3,0,,P13-15,P13,False,7,P13 LIN7-0C-b3 AG0
20241018_rep03,plate_metadata/20241018_rep03_metadata,3,E7,5,7,23,r05c07f23,LAMP1-488,MitoTracker-Red,DAPI,,13,LIN7-0C-b3,0,,P13-15,P13,False,7,P13 LIN7-0C-b3 AG0
20241018_rep03,plate_metadata/20241018_rep03_metadata,3,E7,5,7,24,r05c07f24,LAMP1-488,MitoTracker-Red,DAPI,,13,LIN7-0C-b3,0,,P13-15,P13,False,7,P13 LIN7-0C-b3 AG0
20241018_rep03,plate_metadata/20241018_rep03_metadata,3,E7,5,7,25,r05c07f25,LAMP1-488,MitoTracker-Red,DAPI,,13,LIN7-0C-b3,0,,P13-15,P13,False,7,P13 LIN7-0C-b3 AG0
20241018_rep03,plate_metadata/20241018_rep03_metadata,3,E7,5,7,26,r05c07f26,LAMP1-488,MitoTracker-Red,DAPI,,13,LIN7-0C-b3,0,,P13-15,P13,False,7,P13 LIN7-0C-b3 AG0
20241018_rep03,plate_metadata/20241018_rep03_metadata,3,E7,5,7,27,r05c07f27,LAMP1-488,MitoTracker-Red,DAPI,,13,LIN7-0C-b3,0,,P13-15,P13,False,7,P13 LIN7-0C-b3 AG0
20241018_rep03,plate_metadata/20241018_rep03_metadata,3,E7,5,7,28,r05c07f28,LAMP1-488,MitoTracker-Red,DAPI,,13,LIN7-0C-b3,0,,P13-15,P13,False,7,P13 LIN7-0C-b3 AG0
20241018_rep03,plate_metadata/20241018_rep03_metadata,3,E7,5,7,29,r05c07f29,LAMP1-488,MitoTracker-Red,DAPI,,13,LIN7-0C-b3,0,,P13-15,P13,False,7,P13 LIN7-0C-b3 AG0
20241018_rep03,plate_metadata/20241018_rep03_metadata,3,E7,5,7,30,r05c07f30,LAMP1-488,MitoTracker-Red,DAPI,,13,LIN7-0C-b3,0,,P13-15,P13,False,7,P13 LIN7-0C-b3 AG0
20241018_rep03,plate_metadata/20241018_rep03_metadata,3,E7,5,7,31,r05c07f31,LAMP1-488,MitoTracker-Red,DAPI,,13,LIN7-0C-b3,0,,P13-15,P13,False,7,P13 LIN7-0C-b3 AG0
20241018_rep03,plate_metadata/20241018_rep03_metadata,3,E7,5,7,32,r05c07f32,LAMP1-488,MitoTracker-Red,DAPI,,13,LIN7-0C-b3,0,,P13-15,P13,False,7,P13 LIN7-0C-b3 AG0
20241018_rep03,plate_metadata/20241018_rep03_metadata,3,E7,5,7,33,r05c07f33,LAMP1-488,MitoTracker-Red,DAPI,,13,LIN7-0C-b3,0,,P13-15,P13,False,7,P13 LIN7-0C-b3 AG0
20241018_rep03,plate_metadata/20241018_rep03_metadata,3,E7,5,7,34,r05c07f34,LAMP1-488,MitoTracker-Red,DAPI,,13,LIN7-0C-b3,0,,P13-15,P13,False,7,P13 LIN7-0C-b3 AG0
20241018_rep03,plate_metadata/20241018_rep03_metadata,3,E7,5,7,35,r05c07f35,LAMP1-488,MitoTracker-Red,DAPI,,13,LIN7-0C-b3,0,,P13-15,P13,False,7,P13 LIN7-0C-b3 AG0
20241018_rep03,plate_metadata/20241018_rep03_metadata,3,E7,5,7,36,r05c07f36,LAMP1-488,MitoTracker-Red,DAPI,,13,LIN7-0C-b3,0,,P13-15,P13,False,7,P13 LIN7-0C-b3 AG0
20241018_rep03,plate_metadata/20241018_rep03_metadata,3,E7,5,7,37,r05c07f37,LAMP1-488,MitoTracker-Red,DAPI,,13,LIN7-0C-b3,0,,P13-15,P13,False,7,P13 LIN7-0C-b3 AG0
20241018_rep03,plate_metadata/20241018_rep03_metadata,3,E7,5,7,38,r05c07f38,LAMP1-488,MitoTracker-Red,DAPI,,13,LIN7-0C-b3,0,,P13-15,P13,False,7,P13 LIN7-0C-b3 AG0
20241018_rep03,plate_metadata/20241018_rep03_metadata,3,E7,5,7,39,r05c07f39,LAMP1-488,MitoTracker-Red,DAPI,,13,LIN7-0C-b3,0,,P13-15,P13,False,7,P13 LIN7-0C-b3 AG0
20241018_rep03,plate_metadata/20241018_rep03_metadata,3,E7,5,7,40,r05c07f40,LAMP1-488,MitoTracker-Red,DAPI,,13,LIN7-0C-b3,0,,P13-15,P13,False,7,P13 LIN7-0C-b3 AG0
20241018_rep03,plate_metadata/20241018_rep03_metadata,3,F2,6,2,1,r06c02f01,LAMP1-488,MitoTracker-Red,DAPI,,25,LIN2-0A-b1-s1,5,,P25-27,P25,False,2,P25 LIN2-0A-b1-s1 AG5
20241018_rep03,plate_metadata/20241018_rep03_metadata,3,F2,6,2,2,r06c02f02,LAMP1-488,MitoTracker-Red,DAPI,,25,LIN2-0A-b1-s1,5,,P25-27,P25,False,2,P25 LIN2-0A-b1-s1 AG5
20241018_rep03,plate_metadata/20241018_rep03_metadata,3,F2,6,2,3,r06c02f03,LAMP1-488,MitoTracker-Red,DAPI,,25,LIN2-0A-b1-s1,5,,P25-27,P25,False,2,P25 LIN2-0A-b1-s1 AG5
20241018_rep03,plate_metadata/20241018_rep03_metadata,3,F2,6,2,4,r06c02f04,LAMP1-488,MitoTracker-Red,DAPI,,25,LIN2-0A-b1-s1,5,,P25-27,P25,False,2,P25 LIN2-0A-b1-s1 AG5
20241018_rep03,plate_metadata/20241018_rep03_metadata,3,F2,6,2,5,r06c02f05,LAMP1-488,MitoTracker-Red,DAPI,,25,LIN2-0A-b1-s1,5,,P25-27,P25,False,2,P25 LIN2-0A-b1-s1 AG5
20241018_rep03,plate_metadata/20241018_rep03_metadata,3,F2,6,2,6,r06c02f06,LAMP1-488,MitoTracker-Red,DAPI,,25,LIN2-0A-b1-s1,5,,P25-27,P25,False,2,P25 LIN2-0A-b1-s1 AG5
20241018_rep03,plate_metadata/20241018_rep03_metadata,3,F2,6,2,7,r06c02f07,LAMP1-488,MitoTracker-Red,DAPI,,25,LIN2-0A-b1-s1,5,,P25-27,P25,False,2,P25 LIN2-0A-b1-s1 AG5
20241018_rep03,plate_metadata/20241018_rep03_metadata,3,F2,6,2,8,r06c02f08,LAMP1-488,MitoTracker-Red,DAPI,,25,LIN2-0A-b1-s1,5,,P25-27,P25,False,2,P25 LIN2-0A-b1-s1 AG5
20241018_rep03,plate_metadata/20241018_rep03_metadata,3,F2,6,2,9,r06c02f09,LAMP1-488,MitoTracker-Red,DAPI,,25,LIN2-0A-b1-s1,5,,P25-27,P25,False,2,P25 LIN2-0A-b1-s1 AG5
20241018_rep03,plate_metadata/20241018_rep03_metadata,3,F2,6,2,10,r06c02f10,LAMP1-488,MitoTracker-Red,DAPI,,25,LIN2-0A-b1-s1,5,,P25-27,P25,False,2,P25 LIN2-0A-b1-s1 AG5
20241018_rep03,plate_metadata/20241018_rep03_metadata,3,F2,6,2,11,r06c02f11,LAMP1-488,MitoTracker-Red,DAPI,,25,LIN2-0A-b1-s1,5,,P25-27,P25,False,2,P25 LIN2-0A-b1-s1 AG5
20241018_rep03,plate_metadata/20241018_rep03_metadata,3,F2,6,2,12,r06c02f12,LAMP1-488,MitoTracker-Red,DAPI,,25,LIN2-0A-b1-s1,5,,P25-27,P25,False,2,P25 LIN2-0A-b1-s1 AG5
20241018_rep03,plate_metadata/20241018_rep03_metadata,3,F2,6,2,13,r06c02f13,LAMP1-488,MitoTracker-Red,DAPI,,25,LIN2-0A-b1-s1,5,,P25-27,P25,False,2,P25 LIN2-0A-b1-s1 AG5
20241018_rep03,plate_metadata/20241018_rep03_metadata,3,F2,6,2,14,r06c02f14,LAMP1-488,MitoTracker-Red,DAPI,,25,LIN2-0A-b1-s1,5,,P25-27,P25,False,2,P25 LIN2-0A-b1-s1 AG5
20241018_rep03,plate_metadata/20241018_rep03_metadata,3,F2,6,2,15,r06c02f15,LAMP1-488,MitoTracker-Red,DAPI,,25,LIN2-0A-b1-s1,5,,P25-27,P25,False,2,P25 LIN2-0A-b1-s1 AG5
20241018_rep03,plate_metadata/20241018_rep03_metadata,3,F2,6,2,16,r06c02f16,LAMP1-488,MitoTracker-Red,DAPI,,25,LIN2-0A-b1-s1,5,,P25-27,P25,False,2,P25 LIN2-0A-b1-s1 AG5
20241018_rep03,plate_metadata/20241018_rep03_metadata,3,F2,6,2,17,r06c02f17,LAMP1-488,MitoTracker-Red,DAPI,,25,LIN2-0A-b1-s1,5,,P25-27,P25,False,2,P25 LIN2-0A-b1-s1 AG5
20241018_rep03,plate_metadata/20241018_rep03_metadata,3,F2,6,2,18,r06c02f18,LAMP1-488,MitoTracker-Red,DAPI,,25,LIN2-0A-b1-s1,5,,P25-27,P25,False,2,P25 LIN2-0A-b1-s1 AG5
20241018_rep03,plate_metadata/20241018_rep03_metadata,3,F2,6,2,19,r06c02f19,LAMP1-488,MitoTracker-Red,DAPI,,25,LIN2-0A-b1-s1,5,,P25-27,P25,False,2,P25 LIN2-0A-b1-s1 AG5
20241018_rep03,plate_metadata/20241018_rep03_metadata,3,F2,6,2,20,r06c02f20,LAMP1-488,MitoTracker-Red,DAPI,,25,LIN2-0A-b1-s1,5,,P25-27,P25,False,2,P25 LIN2-0A-b1-s1 AG5
20241018_rep03,plate_metadata/20241018_rep03_metadata,3,F2,6,2,21,r06c02f21,LAMP1-488,MitoTracker-Red,DAPI,,25,LIN2-0A-b1-s1,5,,P25-27,P25,False,2,P25 LIN2-0A-b1-s1 AG5
20241018_rep03,plate_metadata/20241018_rep03_metadata,3,F2,6,2,22,r06c02f22,LAMP1-488,MitoTracker-Red,DAPI,,25,LIN2-0A-b1-s1,5,,P25-27,P25,False,2,P25 LIN2-0A-b1-s1 AG5
20241018_rep03,plate_metadata/20241018_rep03_metadata,3,F2,6,2,23,r06c02f23,LAMP1-488,MitoTracker-Red,DAPI,,25,LIN2-0A-b1-s1,5,,P25-27,P25,False,2,P25 LIN2-0A-b1-s1 AG5
20241018_rep03,plate_metadata/20241018_rep03_metadata,3,F2,6,2,24,r06c02f24,LAMP1-488,MitoTracker-Red,DAPI,,25,LIN2-0A-b1-s1,5,,P25-27,P25,False,2,P25 LIN2-0A-b1-s1 AG5
20241018_rep03,plate_metadata/20241018_rep03_metadata,3,F2,6,2,25,r06c02f25,LAMP1-488,MitoTracker-Red,DAPI,,25,LIN2-0A-b1-s1,5,,P25-27,P25,False,2,P25 LIN2-0A-b1-s1 AG5
20241018_rep03,plate_metadata/20241018_rep03_metadata,3,F2,6,2,26,r06c02f26,LAMP1-488,MitoTracker-Red,DAPI,,25,LIN2-0A-b1-s1,5,,P25-27,P25,False,2,P25 LIN2-0A-b1-s1 AG5
20241018_rep03,plate_metadata/20241018_rep03_metadata,3,F2,6,2,27,r06c02f27,LAMP1-488,MitoTracker-Red,DAPI,,25,LIN2-0A-b1-s1,5,,P25-27,P25,False,2,P25 LIN2-0A-b1-s1 AG5
20241018_rep03,plate_metadata/20241018_rep03_metadata,3,F2,6,2,28,r06c02f28,LAMP1-488,MitoTracker-Red,DAPI,,25,LIN2-0A-b1-s1,5,,P25-27,P25,False,2,P25 LIN2-0A-b1-s1 AG5
20241018_rep03,plate_metadata/20241018_rep03_metadata,3,F2,6,2,29,r06c02f29,LAMP1-488,MitoTracker-Red,DAPI,,25,LIN2-0A-b1-s1,5,,P25-27,P25,False,2,P25 LIN2-0A-b1-s1 AG5
20241018_rep03,plate_metadata/20241018_rep03_metadata,3,F2,6,2,30,r06c02f30,LAMP1-488,MitoTracker-Red,DAPI,,25,LIN2-0A-b1-s1,5,,P25-27,P25,False,2,P25 LIN2-0A-b1-s1 AG5
20241018_rep03,plate_metadata/20241018_rep03_metadata,3,F2,6,2,31,r06c02f31,LAMP1-488,MitoTracker-Red,DAPI,,25,LIN2-0A-b1-s1,5,,P25-27,P25,False,2,P25 LIN2-0A-b1-s1 AG5
20241018_rep03,plate_metadata/20241018_rep03_metadata,3,F2,6,2,32,r06c02f32,LAMP1-488,MitoTracker-Red,DAPI,,25,LIN2-0A-b1-s1,5,,P25-27,P25,False,2,P25 LIN2-0A-b1-s1 AG5
20241018_rep03,plate_metadata/20241018_rep03_metadata,3,F2,6,2,33,r06c02f33,LAMP1-488,MitoTracker-Red,DAPI,,25,LIN2-0A-b1-s1,5,,P25-27,P25,False,2,P25 LIN2-0A-b1-s1 AG5
20241018_rep03,plate_metadata/20241018_rep03_metadata,3,F2,6,2,34,r06c02f34,LAMP1-488,MitoTracker-Red,DAPI,,25,LIN2-0A-b1-s1,5,,P25-27,P25,False,2,P25 LIN2-0A-b1-s1 AG5
20241018_rep03,plate_metadata/20241018_rep03_metadata,3,F2,6,2,35,r06c02f35,LAMP1-488,MitoTracker-Red,DAPI,,25,LIN2-0A-b1-s1,5,,P25-27,P25,False,2,P25 LIN2-0A-b1-s1 AG5
20241018_rep03,plate_metadata/20241018_rep03_metadata,3,F2,6,2,36,r06c02f36,LAMP1-488,MitoTracker-Red,DAPI,,25,LIN2-0A-b1-s1,5,,P25-27,P25,False,2,P25 LIN2-0A-b1-s1 AG5
20241018_rep03,plate_metadata/20241018_rep03_metadata,3,F2,6,2,37,r06c02f37,LAMP1-488,MitoTracker-Red,DAPI,,25,LIN2-0A-b1-s1,5,,P25-27,P25,False,2,P25 LIN2-0A-b1-s1 AG5
20241018_rep03,plate_metadata/20241018_rep03_metadata,3,F2,6,2,38,r06c02f38,LAMP1-488,MitoTracker-Red,DAPI,,25,LIN2-0A-b1-s1,5,,P25-27,P25,False,2,P25 LIN2-0A-b1-s1 AG5
20241018_rep03,plate_metadata/20241018_rep03_metadata,3,F2,6,2,39,r06c02f39,LAMP1-488,MitoTracker-Red,DAPI,,25,LIN2-0A-b1-s1,5,,P25-27,P25,False,2,P25 LIN2-0A-b1-s1 AG5
20241018_rep03,plate_metadata/20241018_rep03_metadata,3,F2,6,2,40,r06c02f40,LAMP1-488,MitoTracker-Red,DAPI,,25,LIN2-0A-b1-s1,5,,P25-27,P25,False,2,P25 LIN2-0A-b1-s1 AG5
20241018_rep03,plate_metadata/20241018_rep03_metadata,3,F3,6,3,1,r06c03f01,LAMP1-488,MitoTracker-Red,DAPI,,22,LIN3-0A-b2-s1,4,,P22-24,P22,False,3,P22 LIN3-0A-b2-s1 AG4
20241018_rep03,plate_metadata/20241018_rep03_metadata,3,F3,6,3,2,r06c03f02,LAMP1-488,MitoTracker-Red,DAPI,,22,LIN3-0A-b2-s1,4,,P22-24,P22,False,3,P22 LIN3-0A-b2-s1 AG4
20241018_rep03,plate_metadata/20241018_rep03_metadata,3,F3,6,3,3,r06c03f03,LAMP1-488,MitoTracker-Red,DAPI,,22,LIN3-0A-b2-s1,4,,P22-24,P22,False,3,P22 LIN3-0A-b2-s1 AG4
20241018_rep03,plate_metadata/20241018_rep03_metadata,3,F3,6,3,4,r06c03f04,LAMP1-488,MitoTracker-Red,DAPI,,22,LIN3-0A-b2-s1,4,,P22-24,P22,False,3,P22 LIN3-0A-b2-s1 AG4
20241018_rep03,plate_metadata/20241018_rep03_metadata,3,F3,6,3,5,r06c03f05,LAMP1-488,MitoTracker-Red,DAPI,,22,LIN3-0A-b2-s1,4,,P22-24,P22,False,3,P22 LIN3-0A-b2-s1 AG4
20241018_rep03,plate_metadata/20241018_rep03_metadata,3,F3,6,3,6,r06c03f06,LAMP1-488,MitoTracker-Red,DAPI,,22,LIN3-0A-b2-s1,4,,P22-24,P22,False,3,P22 LIN3-0A-b2-s1 AG4
20241018_rep03,plate_metadata/20241018_rep03_metadata,3,F3,6,3,7,r06c03f07,LAMP1-488,MitoTracker-Red,DAPI,,22,LIN3-0A-b2-s1,4,,P22-24,P22,False,3,P22 LIN3-0A-b2-s1 AG4
20241018_rep03,plate_metadata/20241018_rep03_metadata,3,F3,6,3,8,r06c03f08,LAMP1-488,MitoTracker-Red,DAPI,,22,LIN3-0A-b2-s1,4,,P22-24,P22,False,3,P22 LIN3-0A-b2-s1 AG4
20241018_rep03,plate_metadata/20241018_rep03_metadata,3,F3,6,3,9,r06c03f09,LAMP1-488,MitoTracker-Red,DAPI,,22,LIN3-0A-b2-s1,4,,P22-24,P22,False,3,P22 LIN3-0A-b2-s1 AG4
20241018_rep03,plate_metadata/20241018_rep03_metadata,3,F3,6,3,10,r06c03f10,LAMP1-488,MitoTracker-Red,DAPI,,22,LIN3-0A-b2-s1,4,,P22-24,P22,False,3,P22 LIN3-0A-b2-s1 AG4
20241018_rep03,plate_metadata/20241018_rep03_metadata,3,F3,6,3,11,r06c03f11,LAMP1-488,MitoTracker-Red,DAPI,,22,LIN3-0A-b2-s1,4,,P22-24,P22,False,3,P22 LIN3-0A-b2-s1 AG4
20241018_rep03,plate_metadata/20241018_rep03_metadata,3,F3,6,3,12,r06c03f12,LAMP1-488,MitoTracker-Red,DAPI,,22,LIN3-0A-b2-s1,4,,P22-24,P22,False,3,P22 LIN3-0A-b2-s1 AG4
20241018_rep03,plate_metadata/20241018_rep03_metadata,3,F3,6,3,13,r06c03f13,LAMP1-488,MitoTracker-Red,DAPI,,22,LIN3-0A-b2-s1,4,,P22-24,P22,False,3,P22 LIN3-0A-b2-s1 AG4
20241018_rep03,plate_metadata/20241018_rep03_metadata,3,F3,6,3,14,r06c03f14,LAMP1-488,MitoTracker-Red,DAPI,,22,LIN3-0A-b2-s1,4,,P22-24,P22,False,3,P22 LIN3-0A-b2-s1 AG4
20241018_rep03,plate_metadata/20241018_rep03_metadata,3,F3,6,3,15,r06c03f15,LAMP1-488,MitoTracker-Red,DAPI,,22,LIN3-0A-b2-s1,4,,P22-24,P22,False,3,P22 LIN3-0A-b2-s1 AG4
20241018_rep03,plate_metadata/20241018_rep03_metadata,3,F3,6,3,16,r06c03f16,LAMP1-488,MitoTracker-Red,DAPI,,22,LIN3-0A-b2-s1,4,,P22-24,P22,False,3,P22 LIN3-0A-b2-s1 AG4
20241018_rep03,plate_metadata/20241018_rep03_metadata,3,F3,6,3,17,r06c03f17,LAMP1-488,MitoTracker-Red,DAPI,,22,LIN3-0A-b2-s1,4,,P22-24,P22,False,3,P22 LIN3-0A-b2-s1 AG4
20241018_rep03,plate_metadata/20241018_rep03_metadata,3,F3,6,3,18,r06c03f18,LAMP1-488,MitoTracker-Red,DAPI,,22,LIN3-0A-b2-s1,4,,P22-24,P22,False,3,P22 LIN3-0A-b2-s1 AG4
20241018_rep03,plate_metadata/20241018_rep03_metadata,3,F3,6,3,19,r06c03f19,LAMP1-488,MitoTracker-Red,DAPI,,22,LIN3-0A-b2-s1,4,,P22-24,P22,False,3,P22 LIN3-0A-b2-s1 AG4
20241018_rep03,plate_metadata/20241018_rep03_metadata,3,F3,6,3,20,r06c03f20,LAMP1-488,MitoTracker-Red,DAPI,,22,LIN3-0A-b2-s1,4,,P22-24,P22,False,3,P22 LIN3-0A-b2-s1 AG4
20241018_rep03,plate_metadata/20241018_rep03_metadata,3,F3,6,3,21,r06c03f21,LAMP1-488,MitoTracker-Red,DAPI,,22,LIN3-0A-b2-s1,4,,P22-24,P22,False,3,P22 LIN3-0A-b2-s1 AG4
20241018_rep03,plate_metadata/20241018_rep03_metadata,3,F3,6,3,22,r06c03f22,LAMP1-488,MitoTracker-Red,DAPI,,22,LIN3-0A-b2-s1,4,,P22-24,P22,False,3,P22 LIN3-0A-b2-s1 AG4
20241018_rep03,plate_metadata/20241018_rep03_metadata,3,F3,6,3,23,r06c03f23,LAMP1-488,MitoTracker-Red,DAPI,,22,LIN3-0A-b2-s1,4,,P22-24,P22,False,3,P22 LIN3-0A-b2-s1 AG4
20241018_rep03,plate_metadata/20241018_rep03_metadata,3,F3,6,3,24,r06c03f24,LAMP1-488,MitoTracker-Red,DAPI,,22,LIN3-0A-b2-s1,4,,P22-24,P22,False,3,P22 LIN3-0A-b2-s1 AG4
20241018_rep03,plate_metadata/20241018_rep03_metadata,3,F3,6,3,25,r06c03f25,LAMP1-488,MitoTracker-Red,DAPI,,22,LIN3-0A-b2-s1,4,,P22-24,P22,False,3,P22 LIN3-0A-b2-s1 AG4
20241018_rep03,plate_metadata/20241018_rep03_metadata,3,F3,6,3,26,r06c03f26,LAMP1-488,MitoTracker-Red,DAPI,,22,LIN3-0A-b2-s1,4,,P22-24,P22,False,3,P22 LIN3-0A-b2-s1 AG4
20241018_rep03,plate_metadata/20241018_rep03_metadata,3,F3,6,3,27,r06c03f27,LAMP1-488,MitoTracker-Red,DAPI,,22,LIN3-0A-b2-s1,4,,P22-24,P22,False,3,P22 LIN3-0A-b2-s1 AG4
20241018_rep03,plate_metadata/20241018_rep03_metadata,3,F3,6,3,28,r06c03f28,LAMP1-488,MitoTracker-Red,DAPI,,22,LIN3-0A-b2-s1,4,,P22-24,P22,False,3,P22 LIN3-0A-b2-s1 AG4
20241018_rep03,plate_metadata/20241018_rep03_metadata,3,F3,6,3,29,r06c03f29,LAMP1-488,MitoTracker-Red,DAPI,,22,LIN3-0A-b2-s1,4,,P22-24,P22,False,3,P22 LIN3-0A-b2-s1 AG4
20241018_rep03,plate_metadata/20241018_rep03_metadata,3,F3,6,3,30,r06c03f30,LAMP1-488,MitoTracker-Red,DAPI,,22,LIN3-0A-b2-s1,4,,P22-24,P22,False,3,P22 LIN3-0A-b2-s1 AG4
20241018_rep03,plate_metadata/20241018_rep03_metadata,3,F3,6,3,31,r06c03f31,LAMP1-488,MitoTracker-Red,DAPI,,22,LIN3-0A-b2-s1,4,,P22-24,P22,False,3,P22 LIN3-0A-b2-s1 AG4
20241018_rep03,plate_metadata/20241018_rep03_metadata,3,F3,6,3,32,r06c03f32,LAMP1-488,MitoTracker-Red,DAPI,,22,LIN3-0A-b2-s1,4,,P22-24,P22,False,3,P22 LIN3-0A-b2-s1 AG4
20241018_rep03,plate_metadata/20241018_rep03_metadata,3,F3,6,3,33,r06c03f33,LAMP1-488,MitoTracker-Red,DAPI,,22,LIN3-0A-b2-s1,4,,P22-24,P22,False,3,P22 LIN3-0A-b2-s1 AG4
20241018_rep03,plate_metadata/20241018_rep03_metadata,3,F3,6,3,34,r06c03f34,LAMP1-488,MitoTracker-Red,DAPI,,22,LIN3-0A-b2-s1,4,,P22-24,P22,False,3,P22 LIN3-0A-b2-s1 AG4
20241018_rep03,plate_metadata/20241018_rep03_metadata,3,F3,6,3,35,r06c03f35,LAMP1-488,MitoTracker-Red,DAPI,,22,LIN3-0A-b2-s1,4,,P22-24,P22,False,3,P22 LIN3-0A-b2-s1 AG4
20241018_rep03,plate_metadata/20241018_rep03_metadata,3,F3,6,3,36,r06c03f36,LAMP1-488,MitoTracker-Red,DAPI,,22,LIN3-0A-b2-s1,4,,P22-24,P22,False,3,P22 LIN3-0A-b2-s1 AG4
20241018_rep03,plate_metadata/20241018_rep03_metadata,3,F3,6,3,37,r06c03f37,LAMP1-488,MitoTracker-Red,DAPI,,22,LIN3-0A-b2-s1,4,,P22-24,P22,False,3,P22 LIN3-0A-b2-s1 AG4
20241018_rep03,plate_metadata/20241018_rep03_metadata,3,F3,6,3,38,r06c03f38,LAMP1-488,MitoTracker-Red,DAPI,,22,LIN3-0A-b2-s1,4,,P22-24,P22,False,3,P22 LIN3-0A-b2-s1 AG4
20241018_rep03,plate_metadata/20241018_rep03_metadata,3,F3,6,3,39,r06c03f39,LAMP1-488,MitoTracker-Red,DAPI,,22,LIN3-0A-b2-s1,4,,P22-24,P22,False,3,P22 LIN3-0A-b2-s1 AG4
20241018_rep03,plate_metadata/20241018_rep03_metadata,3,F3,6,3,40,r06c03f40,LAMP1-488,MitoTracker-Red,DAPI,,22,LIN3-0A-b2-s1,4,,P22-24,P22,False,3,P22 LIN3-0A-b2-s1 AG4
20241018_rep03,plate_metadata/20241018_rep03_metadata,3,F4,6,4,1,r06c04f01,LAMP1-488,MitoTracker-Red,DAPI,,20,LIN4-0B-b2A-s1,3,,P19-21,P20,False,4,P20 LIN4-0B-b2A-s1 AG3
20241018_rep03,plate_metadata/20241018_rep03_metadata,3,F4,6,4,2,r06c04f02,LAMP1-488,MitoTracker-Red,DAPI,,20,LIN4-0B-b2A-s1,3,,P19-21,P20,False,4,P20 LIN4-0B-b2A-s1 AG3
20241018_rep03,plate_metadata/20241018_rep03_metadata,3,F4,6,4,3,r06c04f03,LAMP1-488,MitoTracker-Red,DAPI,,20,LIN4-0B-b2A-s1,3,,P19-21,P20,False,4,P20 LIN4-0B-b2A-s1 AG3
20241018_rep03,plate_metadata/20241018_rep03_metadata,3,F4,6,4,4,r06c04f04,LAMP1-488,MitoTracker-Red,DAPI,,20,LIN4-0B-b2A-s1,3,,P19-21,P20,False,4,P20 LIN4-0B-b2A-s1 AG3
20241018_rep03,plate_metadata/20241018_rep03_metadata,3,F4,6,4,5,r06c04f05,LAMP1-488,MitoTracker-Red,DAPI,,20,LIN4-0B-b2A-s1,3,,P19-21,P20,False,4,P20 LIN4-0B-b2A-s1 AG3
20241018_rep03,plate_metadata/20241018_rep03_metadata,3,F4,6,4,6,r06c04f06,LAMP1-488,MitoTracker-Red,DAPI,,20,LIN4-0B-b2A-s1,3,,P19-21,P20,False,4,P20 LIN4-0B-b2A-s1 AG3
20241018_rep03,plate_metadata/20241018_rep03_metadata,3,F4,6,4,7,r06c04f07,LAMP1-488,MitoTracker-Red,DAPI,,20,LIN4-0B-b2A-s1,3,,P19-21,P20,False,4,P20 LIN4-0B-b2A-s1 AG3
20241018_rep03,plate_metadata/20241018_rep03_metadata,3,F4,6,4,8,r06c04f08,LAMP1-488,MitoTracker-Red,DAPI,,20,LIN4-0B-b2A-s1,3,,P19-21,P20,False,4,P20 LIN4-0B-b2A-s1 AG3
20241018_rep03,plate_metadata/20241018_rep03_metadata,3,F4,6,4,9,r06c04f09,LAMP1-488,MitoTracker-Red,DAPI,,20,LIN4-0B-b2A-s1,3,,P19-21,P20,False,4,P20 LIN4-0B-b2A-s1 AG3
20241018_rep03,plate_metadata/20241018_rep03_metadata,3,F4,6,4,10,r06c04f10,LAMP1-488,MitoTracker-Red,DAPI,,20,LIN4-0B-b2A-s1,3,,P19-21,P20,False,4,P20 LIN4-0B-b2A-s1 AG3
20241018_rep03,plate_metadata/20241018_rep03_metadata,3,F4,6,4,11,r06c04f11,LAMP1-488,MitoTracker-Red,DAPI,,20,LIN4-0B-b2A-s1,3,,P19-21,P20,False,4,P20 LIN4-0B-b2A-s1 AG3
20241018_rep03,plate_metadata/20241018_rep03_metadata,3,F4,6,4,12,r06c04f12,LAMP1-488,MitoTracker-Red,DAPI,,20,LIN4-0B-b2A-s1,3,,P19-21,P20,False,4,P20 LIN4-0B-b2A-s1 AG3
20241018_rep03,plate_metadata/20241018_rep03_metadata,3,F4,6,4,13,r06c04f13,LAMP1-488,MitoTracker-Red,DAPI,,20,LIN4-0B-b2A-s1,3,,P19-21,P20,False,4,P20 LIN4-0B-b2A-s1 AG3
20241018_rep03,plate_metadata/20241018_rep03_metadata,3,F4,6,4,14,r06c04f14,LAMP1-488,MitoTracker-Red,DAPI,,20,LIN4-0B-b2A-s1,3,,P19-21,P20,False,4,P20 LIN4-0B-b2A-s1 AG3
20241018_rep03,plate_metadata/20241018_rep03_metadata,3,F4,6,4,15,r06c04f15,LAMP1-488,MitoTracker-Red,DAPI,,20,LIN4-0B-b2A-s1,3,,P19-21,P20,False,4,P20 LIN4-0B-b2A-s1 AG3
20241018_rep03,plate_metadata/20241018_rep03_metadata,3,F4,6,4,16,r06c04f16,LAMP1-488,MitoTracker-Red,DAPI,,20,LIN4-0B-b2A-s1,3,,P19-21,P20,False,4,P20 LIN4-0B-b2A-s1 AG3
20241018_rep03,plate_metadata/20241018_rep03_metadata,3,F4,6,4,17,r06c04f17,LAMP1-488,MitoTracker-Red,DAPI,,20,LIN4-0B-b2A-s1,3,,P19-21,P20,False,4,P20 LIN4-0B-b2A-s1 AG3
20241018_rep03,plate_metadata/20241018_rep03_metadata,3,F4,6,4,18,r06c04f18,LAMP1-488,MitoTracker-Red,DAPI,,20,LIN4-0B-b2A-s1,3,,P19-21,P20,False,4,P20 LIN4-0B-b2A-s1 AG3
20241018_rep03,plate_metadata/20241018_rep03_metadata,3,F4,6,4,19,r06c04f19,LAMP1-488,MitoTracker-Red,DAPI,,20,LIN4-0B-b2A-s1,3,,P19-21,P20,False,4,P20 LIN4-0B-b2A-s1 AG3
20241018_rep03,plate_metadata/20241018_rep03_metadata,3,F4,6,4,20,r06c04f20,LAMP1-488,MitoTracker-Red,DAPI,,20,LIN4-0B-b2A-s1,3,,P19-21,P20,False,4,P20 LIN4-0B-b2A-s1 AG3
20241018_rep03,plate_metadata/20241018_rep03_metadata,3,F4,6,4,21,r06c04f21,LAMP1-488,MitoTracker-Red,DAPI,,20,LIN4-0B-b2A-s1,3,,P19-21,P20,False,4,P20 LIN4-0B-b2A-s1 AG3
20241018_rep03,plate_metadata/20241018_rep03_metadata,3,F4,6,4,22,r06c04f22,LAMP1-488,MitoTracker-Red,DAPI,,20,LIN4-0B-b2A-s1,3,,P19-21,P20,False,4,P20 LIN4-0B-b2A-s1 AG3
20241018_rep03,plate_metadata/20241018_rep03_metadata,3,F4,6,4,23,r06c04f23,LAMP1-488,MitoTracker-Red,DAPI,,20,LIN4-0B-b2A-s1,3,,P19-21,P20,False,4,P20 LIN4-0B-b2A-s1 AG3
20241018_rep03,plate_metadata/20241018_rep03_metadata,3,F4,6,4,24,r06c04f24,LAMP1-488,MitoTracker-Red,DAPI,,20,LIN4-0B-b2A-s1,3,,P19-21,P20,False,4,P20 LIN4-0B-b2A-s1 AG3
20241018_rep03,plate_metadata/20241018_rep03_metadata,3,F4,6,4,25,r06c04f25,LAMP1-488,MitoTracker-Red,DAPI,,20,LIN4-0B-b2A-s1,3,,P19-21,P20,False,4,P20 LIN4-0B-b2A-s1 AG3
20241018_rep03,plate_metadata/20241018_rep03_metadata,3,F4,6,4,26,r06c04f26,LAMP1-488,MitoTracker-Red,DAPI,,20,LIN4-0B-b2A-s1,3,,P19-21,P20,False,4,P20 LIN4-0B-b2A-s1 AG3
20241018_rep03,plate_metadata/20241018_rep03_metadata,3,F4,6,4,27,r06c04f27,LAMP1-488,MitoTracker-Red,DAPI,,20,LIN4-0B-b2A-s1,3,,P19-21,P20,False,4,P20 LIN4-0B-b2A-s1 AG3
20241018_rep03,plate_metadata/20241018_rep03_metadata,3,F4,6,4,28,r06c04f28,LAMP1-488,MitoTracker-Red,DAPI,,20,LIN4-0B-b2A-s1,3,,P19-21,P20,False,4,P20 LIN4-0B-b2A-s1 AG3
20241018_rep03,plate_metadata/20241018_rep03_metadata,3,F4,6,4,29,r06c04f29,LAMP1-488,MitoTracker-Red,DAPI,,20,LIN4-0B-b2A-s1,3,,P19-21,P20,False,4,P20 LIN4-0B-b2A-s1 AG3
20241018_rep03,plate_metadata/20241018_rep03_metadata,3,F4,6,4,30,r06c04f30,LAMP1-488,MitoTracker-Red,DAPI,,20,LIN4-0B-b2A-s1,3,,P19-21,P20,False,4,P20 LIN4-0B-b2A-s1 AG3
20241018_rep03,plate_metadata/20241018_rep03_metadata,3,F4,6,4,31,r06c04f31,LAMP1-488,MitoTracker-Red,DAPI,,20,LIN4-0B-b2A-s1,3,,P19-21,P20,False,4,P20 LIN4-0B-b2A-s1 AG3
20241018_rep03,plate_metadata/20241018_rep03_metadata,3,F4,6,4,32,r06c04f32,LAMP1-488,MitoTracker-Red,DAPI,,20,LIN4-0B-b2A-s1,3,,P19-21,P20,False,4,P20 LIN4-0B-b2A-s1 AG3
20241018_rep03,plate_metadata/20241018_rep03_metadata,3,F4,6,4,33,r06c04f33,LAMP1-488,MitoTracker-Red,DAPI,,20,LIN4-0B-b2A-s1,3,,P19-21,P20,False,4,P20 LIN4-0B-b2A-s1 AG3
20241018_rep03,plate_metadata/20241018_rep03_metadata,3,F4,6,4,34,r06c04f34,LAMP1-488,MitoTracker-Red,DAPI,,20,LIN4-0B-b2A-s1,3,,P19-21,P20,False,4,P20 LIN4-0B-b2A-s1 AG3
20241018_rep03,plate_metadata/20241018_rep03_metadata,3,F4,6,4,35,r06c04f35,LAMP1-488,MitoTracker-Red,DAPI,,20,LIN4-0B-b2A-s1,3,,P19-21,P20,False,4,P20 LIN4-0B-b2A-s1 AG3
20241018_rep03,plate_metadata/20241018_rep03_metadata,3,F4,6,4,36,r06c04f36,LAMP1-488,MitoTracker-Red,DAPI,,20,LIN4-0B-b2A-s1,3,,P19-21,P20,False,4,P20 LIN4-0B-b2A-s1 AG3
20241018_rep03,plate_metadata/20241018_rep03_metadata,3,F4,6,4,37,r06c04f37,LAMP1-488,MitoTracker-Red,DAPI,,20,LIN4-0B-b2A-s1,3,,P19-21,P20,False,4,P20 LIN4-0B-b2A-s1 AG3
20241018_rep03,plate_metadata/20241018_rep03_metadata,3,F4,6,4,38,r06c04f38,LAMP1-488,MitoTracker-Red,DAPI,,20,LIN4-0B-b2A-s1,3,,P19-21,P20,False,4,P20 LIN4-0B-b2A-s1 AG3
20241018_rep03,plate_metadata/20241018_rep03_metadata,3,F4,6,4,39,r06c04f39,LAMP1-488,MitoTracker-Red,DAPI,,20,LIN4-0B-b2A-s1,3,,P19-21,P20,False,4,P20 LIN4-0B-b2A-s1 AG3
20241018_rep03,plate_metadata/20241018_rep03_metadata,3,F4,6,4,40,r06c04f40,LAMP1-488,MitoTracker-Red,DAPI,,20,LIN4-0B-b2A-s1,3,,P19-21,P20,False,4,P20 LIN4-0B-b2A-s1 AG3
20241018_rep03,plate_metadata/20241018_rep03_metadata,3,F5,6,5,1,r06c05f01,LAMP1-488,MitoTracker-Red,DAPI,,18,LIN5-0B-b3-s1,2,,P16-18,P18,False,5,P18 LIN5-0B-b3-s1 AG2
20241018_rep03,plate_metadata/20241018_rep03_metadata,3,F5,6,5,2,r06c05f02,LAMP1-488,MitoTracker-Red,DAPI,,18,LIN5-0B-b3-s1,2,,P16-18,P18,False,5,P18 LIN5-0B-b3-s1 AG2
20241018_rep03,plate_metadata/20241018_rep03_metadata,3,F5,6,5,3,r06c05f03,LAMP1-488,MitoTracker-Red,DAPI,,18,LIN5-0B-b3-s1,2,,P16-18,P18,False,5,P18 LIN5-0B-b3-s1 AG2
20241018_rep03,plate_metadata/20241018_rep03_metadata,3,F5,6,5,4,r06c05f04,LAMP1-488,MitoTracker-Red,DAPI,,18,LIN5-0B-b3-s1,2,,P16-18,P18,False,5,P18 LIN5-0B-b3-s1 AG2
20241018_rep03,plate_metadata/20241018_rep03_metadata,3,F5,6,5,5,r06c05f05,LAMP1-488,MitoTracker-Red,DAPI,,18,LIN5-0B-b3-s1,2,,P16-18,P18,False,5,P18 LIN5-0B-b3-s1 AG2
20241018_rep03,plate_metadata/20241018_rep03_metadata,3,F5,6,5,6,r06c05f06,LAMP1-488,MitoTracker-Red,DAPI,,18,LIN5-0B-b3-s1,2,,P16-18,P18,False,5,P18 LIN5-0B-b3-s1 AG2
20241018_rep03,plate_metadata/20241018_rep03_metadata,3,F5,6,5,7,r06c05f07,LAMP1-488,MitoTracker-Red,DAPI,,18,LIN5-0B-b3-s1,2,,P16-18,P18,False,5,P18 LIN5-0B-b3-s1 AG2
20241018_rep03,plate_metadata/20241018_rep03_metadata,3,F5,6,5,8,r06c05f08,LAMP1-488,MitoTracker-Red,DAPI,,18,LIN5-0B-b3-s1,2,,P16-18,P18,False,5,P18 LIN5-0B-b3-s1 AG2
20241018_rep03,plate_metadata/20241018_rep03_metadata,3,F5,6,5,9,r06c05f09,LAMP1-488,MitoTracker-Red,DAPI,,18,LIN5-0B-b3-s1,2,,P16-18,P18,False,5,P18 LIN5-0B-b3-s1 AG2
20241018_rep03,plate_metadata/20241018_rep03_metadata,3,F5,6,5,10,r06c05f10,LAMP1-488,MitoTracker-Red,DAPI,,18,LIN5-0B-b3-s1,2,,P16-18,P18,False,5,P18 LIN5-0B-b3-s1 AG2
20241018_rep03,plate_metadata/20241018_rep03_metadata,3,F5,6,5,11,r06c05f11,LAMP1-488,MitoTracker-Red,DAPI,,18,LIN5-0B-b3-s1,2,,P16-18,P18,False,5,P18 LIN5-0B-b3-s1 AG2
20241018_rep03,plate_metadata/20241018_rep03_metadata,3,F5,6,5,12,r06c05f12,LAMP1-488,MitoTracker-Red,DAPI,,18,LIN5-0B-b3-s1,2,,P16-18,P18,False,5,P18 LIN5-0B-b3-s1 AG2
20241018_rep03,plate_metadata/20241018_rep03_metadata,3,F5,6,5,13,r06c05f13,LAMP1-488,MitoTracker-Red,DAPI,,18,LIN5-0B-b3-s1,2,,P16-18,P18,False,5,P18 LIN5-0B-b3-s1 AG2
20241018_rep03,plate_metadata/20241018_rep03_metadata,3,F5,6,5,14,r06c05f14,LAMP1-488,MitoTracker-Red,DAPI,,18,LIN5-0B-b3-s1,2,,P16-18,P18,False,5,P18 LIN5-0B-b3-s1 AG2
20241018_rep03,plate_metadata/20241018_rep03_metadata,3,F5,6,5,15,r06c05f15,LAMP1-488,MitoTracker-Red,DAPI,,18,LIN5-0B-b3-s1,2,,P16-18,P18,False,5,P18 LIN5-0B-b3-s1 AG2
20241018_rep03,plate_metadata/20241018_rep03_metadata,3,F5,6,5,16,r06c05f16,LAMP1-488,MitoTracker-Red,DAPI,,18,LIN5-0B-b3-s1,2,,P16-18,P18,False,5,P18 LIN5-0B-b3-s1 AG2
20241018_rep03,plate_metadata/20241018_rep03_metadata,3,F5,6,5,17,r06c05f17,LAMP1-488,MitoTracker-Red,DAPI,,18,LIN5-0B-b3-s1,2,,P16-18,P18,False,5,P18 LIN5-0B-b3-s1 AG2
20241018_rep03,plate_metadata/20241018_rep03_metadata,3,F5,6,5,18,r06c05f18,LAMP1-488,MitoTracker-Red,DAPI,,18,LIN5-0B-b3-s1,2,,P16-18,P18,False,5,P18 LIN5-0B-b3-s1 AG2
20241018_rep03,plate_metadata/20241018_rep03_metadata,3,F5,6,5,19,r06c05f19,LAMP1-488,MitoTracker-Red,DAPI,,18,LIN5-0B-b3-s1,2,,P16-18,P18,False,5,P18 LIN5-0B-b3-s1 AG2
20241018_rep03,plate_metadata/20241018_rep03_metadata,3,F5,6,5,20,r06c05f20,LAMP1-488,MitoTracker-Red,DAPI,,18,LIN5-0B-b3-s1,2,,P16-18,P18,False,5,P18 LIN5-0B-b3-s1 AG2
20241018_rep03,plate_metadata/20241018_rep03_metadata,3,F5,6,5,21,r06c05f21,LAMP1-488,MitoTracker-Red,DAPI,,18,LIN5-0B-b3-s1,2,,P16-18,P18,False,5,P18 LIN5-0B-b3-s1 AG2
20241018_rep03,plate_metadata/20241018_rep03_metadata,3,F5,6,5,22,r06c05f22,LAMP1-488,MitoTracker-Red,DAPI,,18,LIN5-0B-b3-s1,2,,P16-18,P18,False,5,P18 LIN5-0B-b3-s1 AG2
20241018_rep03,plate_metadata/20241018_rep03_metadata,3,F5,6,5,23,r06c05f23,LAMP1-488,MitoTracker-Red,DAPI,,18,LIN5-0B-b3-s1,2,,P16-18,P18,False,5,P18 LIN5-0B-b3-s1 AG2
20241018_rep03,plate_metadata/20241018_rep03_metadata,3,F5,6,5,24,r06c05f24,LAMP1-488,MitoTracker-Red,DAPI,,18,LIN5-0B-b3-s1,2,,P16-18,P18,False,5,P18 LIN5-0B-b3-s1 AG2
20241018_rep03,plate_metadata/20241018_rep03_metadata,3,F5,6,5,25,r06c05f25,LAMP1-488,MitoTracker-Red,DAPI,,18,LIN5-0B-b3-s1,2,,P16-18,P18,False,5,P18 LIN5-0B-b3-s1 AG2
20241018_rep03,plate_metadata/20241018_rep03_metadata,3,F5,6,5,26,r06c05f26,LAMP1-488,MitoTracker-Red,DAPI,,18,LIN5-0B-b3-s1,2,,P16-18,P18,False,5,P18 LIN5-0B-b3-s1 AG2
20241018_rep03,plate_metadata/20241018_rep03_metadata,3,F5,6,5,27,r06c05f27,LAMP1-488,MitoTracker-Red,DAPI,,18,LIN5-0B-b3-s1,2,,P16-18,P18,False,5,P18 LIN5-0B-b3-s1 AG2
20241018_rep03,plate_metadata/20241018_rep03_metadata,3,F5,6,5,28,r06c05f28,LAMP1-488,MitoTracker-Red,DAPI,,18,LIN5-0B-b3-s1,2,,P16-18,P18,False,5,P18 LIN5-0B-b3-s1 AG2
20241018_rep03,plate_metadata/20241018_rep03_metadata,3,F5,6,5,29,r06c05f29,LAMP1-488,MitoTracker-Red,DAPI,,18,LIN5-0B-b3-s1,2,,P16-18,P18,False,5,P18 LIN5-0B-b3-s1 AG2
20241018_rep03,plate_metadata/20241018_rep03_metadata,3,F5,6,5,30,r06c05f30,LAMP1-488,MitoTracker-Red,DAPI,,18,LIN5-0B-b3-s1,2,,P16-18,P18,False,5,P18 LIN5-0B-b3-s1 AG2
20241018_rep03,plate_metadata/20241018_rep03_metadata,3,F5,6,5,31,r06c05f31,LAMP1-488,MitoTracker-Red,DAPI,,18,LIN5-0B-b3-s1,2,,P16-18,P18,False,5,P18 LIN5-0B-b3-s1 AG2
20241018_rep03,plate_metadata/20241018_rep03_metadata,3,F5,6,5,32,r06c05f32,LAMP1-488,MitoTracker-Red,DAPI,,18,LIN5-0B-b3-s1,2,,P16-18,P18,False,5,P18 LIN5-0B-b3-s1 AG2
20241018_rep03,plate_metadata/20241018_rep03_metadata,3,F5,6,5,33,r06c05f33,LAMP1-488,MitoTracker-Red,DAPI,,18,LIN5-0B-b3-s1,2,,P16-18,P18,False,5,P18 LIN5-0B-b3-s1 AG2
20241018_rep03,plate_metadata/20241018_rep03_metadata,3,F5,6,5,34,r06c05f34,LAMP1-488,MitoTracker-Red,DAPI,,18,LIN5-0B-b3-s1,2,,P16-18,P18,False,5,P18 LIN5-0B-b3-s1 AG2
20241018_rep03,plate_metadata/20241018_rep03_metadata,3,F5,6,5,35,r06c05f35,LAMP1-488,MitoTracker-Red,DAPI,,18,LIN5-0B-b3-s1,2,,P16-18,P18,False,5,P18 LIN5-0B-b3-s1 AG2
20241018_rep03,plate_metadata/20241018_rep03_metadata,3,F5,6,5,36,r06c05f36,LAMP1-488,MitoTracker-Red,DAPI,,18,LIN5-0B-b3-s1,2,,P16-18,P18,False,5,P18 LIN5-0B-b3-s1 AG2
20241018_rep03,plate_metadata/20241018_rep03_metadata,3,F5,6,5,37,r06c05f37,LAMP1-488,MitoTracker-Red,DAPI,,18,LIN5-0B-b3-s1,2,,P16-18,P18,False,5,P18 LIN5-0B-b3-s1 AG2
20241018_rep03,plate_metadata/20241018_rep03_metadata,3,F5,6,5,38,r06c05f38,LAMP1-488,MitoTracker-Red,DAPI,,18,LIN5-0B-b3-s1,2,,P16-18,P18,False,5,P18 LIN5-0B-b3-s1 AG2
20241018_rep03,plate_metadata/20241018_rep03_metadata,3,F5,6,5,39,r06c05f39,LAMP1-488,MitoTracker-Red,DAPI,,18,LIN5-0B-b3-s1,2,,P16-18,P18,False,5,P18 LIN5-0B-b3-s1 AG2
20241018_rep03,plate_metadata/20241018_rep03_metadata,3,F5,6,5,40,r06c05f40,LAMP1-488,MitoTracker-Red,DAPI,,18,LIN5-0B-b3-s1,2,,P16-18,P18,False,5,P18 LIN5-0B-b3-s1 AG2
20241018_rep03,plate_metadata/20241018_rep03_metadata,3,F6,6,6,1,r06c06f01,LAMP1-488,MitoTracker-Red,DAPI,,16,LIN6-0C-b1-s1,1,,P16-18,P16,False,6,P16 LIN6-0C-b1-s1 AG1
20241018_rep03,plate_metadata/20241018_rep03_metadata,3,F6,6,6,2,r06c06f02,LAMP1-488,MitoTracker-Red,DAPI,,16,LIN6-0C-b1-s1,1,,P16-18,P16,False,6,P16 LIN6-0C-b1-s1 AG1
20241018_rep03,plate_metadata/20241018_rep03_metadata,3,F6,6,6,3,r06c06f03,LAMP1-488,MitoTracker-Red,DAPI,,16,LIN6-0C-b1-s1,1,,P16-18,P16,False,6,P16 LIN6-0C-b1-s1 AG1
20241018_rep03,plate_metadata/20241018_rep03_metadata,3,F6,6,6,4,r06c06f04,LAMP1-488,MitoTracker-Red,DAPI,,16,LIN6-0C-b1-s1,1,,P16-18,P16,False,6,P16 LIN6-0C-b1-s1 AG1
20241018_rep03,plate_metadata/20241018_rep03_metadata,3,F6,6,6,5,r06c06f05,LAMP1-488,MitoTracker-Red,DAPI,,16,LIN6-0C-b1-s1,1,,P16-18,P16,False,6,P16 LIN6-0C-b1-s1 AG1
20241018_rep03,plate_metadata/20241018_rep03_metadata,3,F6,6,6,6,r06c06f06,LAMP1-488,MitoTracker-Red,DAPI,,16,LIN6-0C-b1-s1,1,,P16-18,P16,False,6,P16 LIN6-0C-b1-s1 AG1
20241018_rep03,plate_metadata/20241018_rep03_metadata,3,F6,6,6,7,r06c06f07,LAMP1-488,MitoTracker-Red,DAPI,,16,LIN6-0C-b1-s1,1,,P16-18,P16,False,6,P16 LIN6-0C-b1-s1 AG1
20241018_rep03,plate_metadata/20241018_rep03_metadata,3,F6,6,6,8,r06c06f08,LAMP1-488,MitoTracker-Red,DAPI,,16,LIN6-0C-b1-s1,1,,P16-18,P16,False,6,P16 LIN6-0C-b1-s1 AG1
20241018_rep03,plate_metadata/20241018_rep03_metadata,3,F6,6,6,9,r06c06f09,LAMP1-488,MitoTracker-Red,DAPI,,16,LIN6-0C-b1-s1,1,,P16-18,P16,False,6,P16 LIN6-0C-b1-s1 AG1
20241018_rep03,plate_metadata/20241018_rep03_metadata,3,F6,6,6,10,r06c06f10,LAMP1-488,MitoTracker-Red,DAPI,,16,LIN6-0C-b1-s1,1,,P16-18,P16,False,6,P16 LIN6-0C-b1-s1 AG1
20241018_rep03,plate_metadata/20241018_rep03_metadata,3,F6,6,6,11,r06c06f11,LAMP1-488,MitoTracker-Red,DAPI,,16,LIN6-0C-b1-s1,1,,P16-18,P16,False,6,P16 LIN6-0C-b1-s1 AG1
20241018_rep03,plate_metadata/20241018_rep03_metadata,3,F6,6,6,12,r06c06f12,LAMP1-488,MitoTracker-Red,DAPI,,16,LIN6-0C-b1-s1,1,,P16-18,P16,False,6,P16 LIN6-0C-b1-s1 AG1
20241018_rep03,plate_metadata/20241018_rep03_metadata,3,F6,6,6,13,r06c06f13,LAMP1-488,MitoTracker-Red,DAPI,,16,LIN6-0C-b1-s1,1,,P16-18,P16,False,6,P16 LIN6-0C-b1-s1 AG1
20241018_rep03,plate_metadata/20241018_rep03_metadata,3,F6,6,6,14,r06c06f14,LAMP1-488,MitoTracker-Red,DAPI,,16,LIN6-0C-b1-s1,1,,P16-18,P16,False,6,P16 LIN6-0C-b1-s1 AG1
20241018_rep03,plate_metadata/20241018_rep03_metadata,3,F6,6,6,15,r06c06f15,LAMP1-488,MitoTracker-Red,DAPI,,16,LIN6-0C-b1-s1,1,,P16-18,P16,False,6,P16 LIN6-0C-b1-s1 AG1
20241018_rep03,plate_metadata/20241018_rep03_metadata,3,F6,6,6,16,r06c06f16,LAMP1-488,MitoTracker-Red,DAPI,,16,LIN6-0C-b1-s1,1,,P16-18,P16,False,6,P16 LIN6-0C-b1-s1 AG1
20241018_rep03,plate_metadata/20241018_rep03_metadata,3,F6,6,6,17,r06c06f17,LAMP1-488,MitoTracker-Red,DAPI,,16,LIN6-0C-b1-s1,1,,P16-18,P16,False,6,P16 LIN6-0C-b1-s1 AG1
20241018_rep03,plate_metadata/20241018_rep03_metadata,3,F6,6,6,18,r06c06f18,LAMP1-488,MitoTracker-Red,DAPI,,16,LIN6-0C-b1-s1,1,,P16-18,P16,False,6,P16 LIN6-0C-b1-s1 AG1
20241018_rep03,plate_metadata/20241018_rep03_metadata,3,F6,6,6,19,r06c06f19,LAMP1-488,MitoTracker-Red,DAPI,,16,LIN6-0C-b1-s1,1,,P16-18,P16,False,6,P16 LIN6-0C-b1-s1 AG1
20241018_rep03,plate_metadata/20241018_rep03_metadata,3,F6,6,6,20,r06c06f20,LAMP1-488,MitoTracker-Red,DAPI,,16,LIN6-0C-b1-s1,1,,P16-18,P16,False,6,P16 LIN6-0C-b1-s1 AG1
20241018_rep03,plate_metadata/20241018_rep03_metadata,3,F6,6,6,21,r06c06f21,LAMP1-488,MitoTracker-Red,DAPI,,16,LIN6-0C-b1-s1,1,,P16-18,P16,False,6,P16 LIN6-0C-b1-s1 AG1
20241018_rep03,plate_metadata/20241018_rep03_metadata,3,F6,6,6,22,r06c06f22,LAMP1-488,MitoTracker-Red,DAPI,,16,LIN6-0C-b1-s1,1,,P16-18,P16,False,6,P16 LIN6-0C-b1-s1 AG1
20241018_rep03,plate_metadata/20241018_rep03_metadata,3,F6,6,6,23,r06c06f23,LAMP1-488,MitoTracker-Red,DAPI,,16,LIN6-0C-b1-s1,1,,P16-18,P16,False,6,P16 LIN6-0C-b1-s1 AG1
20241018_rep03,plate_metadata/20241018_rep03_metadata,3,F6,6,6,24,r06c06f24,LAMP1-488,MitoTracker-Red,DAPI,,16,LIN6-0C-b1-s1,1,,P16-18,P16,False,6,P16 LIN6-0C-b1-s1 AG1
20241018_rep03,plate_metadata/20241018_rep03_metadata,3,F6,6,6,25,r06c06f25,LAMP1-488,MitoTracker-Red,DAPI,,16,LIN6-0C-b1-s1,1,,P16-18,P16,False,6,P16 LIN6-0C-b1-s1 AG1
20241018_rep03,plate_metadata/20241018_rep03_metadata,3,F6,6,6,26,r06c06f26,LAMP1-488,MitoTracker-Red,DAPI,,16,LIN6-0C-b1-s1,1,,P16-18,P16,False,6,P16 LIN6-0C-b1-s1 AG1
20241018_rep03,plate_metadata/20241018_rep03_metadata,3,F6,6,6,27,r06c06f27,LAMP1-488,MitoTracker-Red,DAPI,,16,LIN6-0C-b1-s1,1,,P16-18,P16,False,6,P16 LIN6-0C-b1-s1 AG1
20241018_rep03,plate_metadata/20241018_rep03_metadata,3,F6,6,6,28,r06c06f28,LAMP1-488,MitoTracker-Red,DAPI,,16,LIN6-0C-b1-s1,1,,P16-18,P16,False,6,P16 LIN6-0C-b1-s1 AG1
20241018_rep03,plate_metadata/20241018_rep03_metadata,3,F6,6,6,29,r06c06f29,LAMP1-488,MitoTracker-Red,DAPI,,16,LIN6-0C-b1-s1,1,,P16-18,P16,False,6,P16 LIN6-0C-b1-s1 AG1
20241018_rep03,plate_metadata/20241018_rep03_metadata,3,F6,6,6,30,r06c06f30,LAMP1-488,MitoTracker-Red,DAPI,,16,LIN6-0C-b1-s1,1,,P16-18,P16,False,6,P16 LIN6-0C-b1-s1 AG1
20241018_rep03,plate_metadata/20241018_rep03_metadata,3,F6,6,6,31,r06c06f31,LAMP1-488,MitoTracker-Red,DAPI,,16,LIN6-0C-b1-s1,1,,P16-18,P16,False,6,P16 LIN6-0C-b1-s1 AG1
20241018_rep03,plate_metadata/20241018_rep03_metadata,3,F6,6,6,32,r06c06f32,LAMP1-488,MitoTracker-Red,DAPI,,16,LIN6-0C-b1-s1,1,,P16-18,P16,False,6,P16 LIN6-0C-b1-s1 AG1
20241018_rep03,plate_metadata/20241018_rep03_metadata,3,F6,6,6,33,r06c06f33,LAMP1-488,MitoTracker-Red,DAPI,,16,LIN6-0C-b1-s1,1,,P16-18,P16,False,6,P16 LIN6-0C-b1-s1 AG1
20241018_rep03,plate_metadata/20241018_rep03_metadata,3,F6,6,6,34,r06c06f34,LAMP1-488,MitoTracker-Red,DAPI,,16,LIN6-0C-b1-s1,1,,P16-18,P16,False,6,P16 LIN6-0C-b1-s1 AG1
20241018_rep03,plate_metadata/20241018_rep03_metadata,3,F6,6,6,35,r06c06f35,LAMP1-488,MitoTracker-Red,DAPI,,16,LIN6-0C-b1-s1,1,,P16-18,P16,False,6,P16 LIN6-0C-b1-s1 AG1
20241018_rep03,plate_metadata/20241018_rep03_metadata,3,F6,6,6,36,r06c06f36,LAMP1-488,MitoTracker-Red,DAPI,,16,LIN6-0C-b1-s1,1,,P16-18,P16,False,6,P16 LIN6-0C-b1-s1 AG1
20241018_rep03,plate_metadata/20241018_rep03_metadata,3,F6,6,6,37,r06c06f37,LAMP1-488,MitoTracker-Red,DAPI,,16,LIN6-0C-b1-s1,1,,P16-18,P16,False,6,P16 LIN6-0C-b1-s1 AG1
20241018_rep03,plate_metadata/20241018_rep03_metadata,3,F6,6,6,38,r06c06f38,LAMP1-488,MitoTracker-Red,DAPI,,16,LIN6-0C-b1-s1,1,,P16-18,P16,False,6,P16 LIN6-0C-b1-s1 AG1
20241018_rep03,plate_metadata/20241018_rep03_metadata,3,F6,6,6,39,r06c06f39,LAMP1-488,MitoTracker-Red,DAPI,,16,LIN6-0C-b1-s1,1,,P16-18,P16,False,6,P16 LIN6-0C-b1-s1 AG1
20241018_rep03,plate_metadata/20241018_rep03_metadata,3,F6,6,6,40,r06c06f40,LAMP1-488,MitoTracker-Red,DAPI,,16,LIN6-0C-b1-s1,1,,P16-18,P16,False,6,P16 LIN6-0C-b1-s1 AG1
20241018_rep03,plate_metadata/20241018_rep03_metadata,3,F7,6,7,1,r06c07f01,LAMP1-488,MitoTracker-Red,DAPI,,13,LIN7-0C-b3,0,,P13-15,P13,False,7,P13 LIN7-0C-b3 AG0
20241018_rep03,plate_metadata/20241018_rep03_metadata,3,F7,6,7,2,r06c07f02,LAMP1-488,MitoTracker-Red,DAPI,,13,LIN7-0C-b3,0,,P13-15,P13,False,7,P13 LIN7-0C-b3 AG0
20241018_rep03,plate_metadata/20241018_rep03_metadata,3,F7,6,7,3,r06c07f03,LAMP1-488,MitoTracker-Red,DAPI,,13,LIN7-0C-b3,0,,P13-15,P13,False,7,P13 LIN7-0C-b3 AG0
20241018_rep03,plate_metadata/20241018_rep03_metadata,3,F7,6,7,4,r06c07f04,LAMP1-488,MitoTracker-Red,DAPI,,13,LIN7-0C-b3,0,,P13-15,P13,False,7,P13 LIN7-0C-b3 AG0
20241018_rep03,plate_metadata/20241018_rep03_metadata,3,F7,6,7,5,r06c07f05,LAMP1-488,MitoTracker-Red,DAPI,,13,LIN7-0C-b3,0,,P13-15,P13,False,7,P13 LIN7-0C-b3 AG0
20241018_rep03,plate_metadata/20241018_rep03_metadata,3,F7,6,7,6,r06c07f06,LAMP1-488,MitoTracker-Red,DAPI,,13,LIN7-0C-b3,0,,P13-15,P13,False,7,P13 LIN7-0C-b3 AG0
20241018_rep03,plate_metadata/20241018_rep03_metadata,3,F7,6,7,7,r06c07f07,LAMP1-488,MitoTracker-Red,DAPI,,13,LIN7-0C-b3,0,,P13-15,P13,False,7,P13 LIN7-0C-b3 AG0
20241018_rep03,plate_metadata/20241018_rep03_metadata,3,F7,6,7,8,r06c07f08,LAMP1-488,MitoTracker-Red,DAPI,,13,LIN7-0C-b3,0,,P13-15,P13,False,7,P13 LIN7-0C-b3 AG0
20241018_rep03,plate_metadata/20241018_rep03_metadata,3,F7,6,7,9,r06c07f09,LAMP1-488,MitoTracker-Red,DAPI,,13,LIN7-0C-b3,0,,P13-15,P13,False,7,P13 LIN7-0C-b3 AG0
20241018_rep03,plate_metadata/20241018_rep03_metadata,3,F7,6,7,10,r06c07f10,LAMP1-488,MitoTracker-Red,DAPI,,13,LIN7-0C-b3,0,,P13-15,P13,False,7,P13 LIN7-0C-b3 AG0
20241018_rep03,plate_metadata/20241018_rep03_metadata,3,F7,6,7,11,r06c07f11,LAMP1-488,MitoTracker-Red,DAPI,,13,LIN7-0C-b3,0,,P13-15,P13,False,7,P13 LIN7-0C-b3 AG0
20241018_rep03,plate_metadata/20241018_rep03_metadata,3,F7,6,7,12,r06c07f12,LAMP1-488,MitoTracker-Red,DAPI,,13,LIN7-0C-b3,0,,P13-15,P13,False,7,P13 LIN7-0C-b3 AG0
20241018_rep03,plate_metadata/20241018_rep03_metadata,3,F7,6,7,13,r06c07f13,LAMP1-488,MitoTracker-Red,DAPI,,13,LIN7-0C-b3,0,,P13-15,P13,False,7,P13 LIN7-0C-b3 AG0
20241018_rep03,plate_metadata/20241018_rep03_metadata,3,F7,6,7,14,r06c07f14,LAMP1-488,MitoTracker-Red,DAPI,,13,LIN7-0C-b3,0,,P13-15,P13,False,7,P13 LIN7-0C-b3 AG0
20241018_rep03,plate_metadata/20241018_rep03_metadata,3,F7,6,7,15,r06c07f15,LAMP1-488,MitoTracker-Red,DAPI,,13,LIN7-0C-b3,0,,P13-15,P13,False,7,P13 LIN7-0C-b3 AG0
20241018_rep03,plate_metadata/20241018_rep03_metadata,3,F7,6,7,16,r06c07f16,LAMP1-488,MitoTracker-Red,DAPI,,13,LIN7-0C-b3,0,,P13-15,P13,False,7,P13 LIN7-0C-b3 AG0
20241018_rep03,plate_metadata/20241018_rep03_metadata,3,F7,6,7,17,r06c07f17,LAMP1-488,MitoTracker-Red,DAPI,,13,LIN7-0C-b3,0,,P13-15,P13,False,7,P13 LIN7-0C-b3 AG0
20241018_rep03,plate_metadata/20241018_rep03_metadata,3,F7,6,7,18,r06c07f18,LAMP1-488,MitoTracker-Red,DAPI,,13,LIN7-0C-b3,0,,P13-15,P13,False,7,P13 LIN7-0C-b3 AG0
20241018_rep03,plate_metadata/20241018_rep03_metadata,3,F7,6,7,19,r06c07f19,LAMP1-488,MitoTracker-Red,DAPI,,13,LIN7-0C-b3,0,,P13-15,P13,False,7,P13 LIN7-0C-b3 AG0
20241018_rep03,plate_metadata/20241018_rep03_metadata,3,F7,6,7,20,r06c07f20,LAMP1-488,MitoTracker-Red,DAPI,,13,LIN7-0C-b3,0,,P13-15,P13,False,7,P13 LIN7-0C-b3 AG0
20241018_rep03,plate_metadata/20241018_rep03_metadata,3,F7,6,7,21,r06c07f21,LAMP1-488,MitoTracker-Red,DAPI,,13,LIN7-0C-b3,0,,P13-15,P13,False,7,P13 LIN7-0C-b3 AG0
20241018_rep03,plate_metadata/20241018_rep03_metadata,3,F7,6,7,22,r06c07f22,LAMP1-488,MitoTracker-Red,DAPI,,13,LIN7-0C-b3,0,,P13-15,P13,False,7,P13 LIN7-0C-b3 AG0
20241018_rep03,plate_metadata/20241018_rep03_metadata,3,F7,6,7,23,r06c07f23,LAMP1-488,MitoTracker-Red,DAPI,,13,LIN7-0C-b3,0,,P13-15,P13,False,7,P13 LIN7-0C-b3 AG0
20241018_rep03,plate_metadata/20241018_rep03_metadata,3,F7,6,7,24,r06c07f24,LAMP1-488,MitoTracker-Red,DAPI,,13,LIN7-0C-b3,0,,P13-15,P13,False,7,P13 LIN7-0C-b3 AG0
20241018_rep03,plate_metadata/20241018_rep03_metadata,3,F7,6,7,25,r06c07f25,LAMP1-488,MitoTracker-Red,DAPI,,13,LIN7-0C-b3,0,,P13-15,P13,False,7,P13 LIN7-0C-b3 AG0
20241018_rep03,plate_metadata/20241018_rep03_metadata,3,F7,6,7,26,r06c07f26,LAMP1-488,MitoTracker-Red,DAPI,,13,LIN7-0C-b3,0,,P13-15,P13,False,7,P13 LIN7-0C-b3 AG0
20241018_rep03,plate_metadata/20241018_rep03_metadata,3,F7,6,7,27,r06c07f27,LAMP1-488,MitoTracker-Red,DAPI,,13,LIN7-0C-b3,0,,P13-15,P13,False,7,P13 LIN7-0C-b3 AG0
20241018_rep03,plate_metadata/20241018_rep03_metadata,3,F7,6,7,28,r06c07f28,LAMP1-488,MitoTracker-Red,DAPI,,13,LIN7-0C-b3,0,,P13-15,P13,False,7,P13 LIN7-0C-b3 AG0
20241018_rep03,plate_metadata/20241018_rep03_metadata,3,F7,6,7,29,r06c07f29,LAMP1-488,MitoTracker-Red,DAPI,,13,LIN7-0C-b3,0,,P13-15,P13,False,7,P13 LIN7-0C-b3 AG0
20241018_rep03,plate_metadata/20241018_rep03_metadata,3,F7,6,7,30,r06c07f30,LAMP1-488,MitoTracker-Red,DAPI,,13,LIN7-0C-b3,0,,P13-15,P13,False,7,P13 LIN7-0C-b3 AG0
20241018_rep03,plate_metadata/20241018_rep03_metadata,3,F7,6,7,31,r06c07f31,LAMP1-488,MitoTracker-Red,DAPI,,13,LIN7-0C-b3,0,,P13-15,P13,False,7,P13 LIN7-0C-b3 AG0
20241018_rep03,plate_metadata/20241018_rep03_metadata,3,F7,6,7,32,r06c07f32,LAMP1-488,MitoTracker-Red,DAPI,,13,LIN7-0C-b3,0,,P13-15,P13,False,7,P13 LIN7-0C-b3 AG0
20241018_rep03,plate_metadata/20241018_rep03_metadata,3,F7,6,7,33,r06c07f33,LAMP1-488,MitoTracker-Red,DAPI,,13,LIN7-0C-b3,0,,P13-15,P13,False,7,P13 LIN7-0C-b3 AG0
20241018_rep03,plate_metadata/20241018_rep03_metadata,3,F7,6,7,34,r06c07f34,LAMP1-488,MitoTracker-Red,DAPI,,13,LIN7-0C-b3,0,,P13-15,P13,False,7,P13 LIN7-0C-b3 AG0
20241018_rep03,plate_metadata/20241018_rep03_metadata,3,F7,6,7,35,r06c07f35,LAMP1-488,MitoTracker-Red,DAPI,,13,LIN7-0C-b3,0,,P13-15,P13,False,7,P13 LIN7-0C-b3 AG0
20241018_rep03,plate_metadata/20241018_rep03_metadata,3,F7,6,7,36,r06c07f36,LAMP1-488,MitoTracker-Red,DAPI,,13,LIN7-0C-b3,0,,P13-15,P13,False,7,P13 LIN7-0C-b3 AG0
20241018_rep03,plate_metadata/20241018_rep03_metadata,3,F7,6,7,37,r06c07f37,LAMP1-488,MitoTracker-Red,DAPI,,13,LIN7-0C-b3,0,,P13-15,P13,False,7,P13 LIN7-0C-b3 AG0
20241018_rep03,plate_metadata/20241018_rep03_metadata,3,F7,6,7,38,r06c07f38,LAMP1-488,MitoTracker-Red,DAPI,,13,LIN7-0C-b3,0,,P13-15,P13,False,7,P13 LIN7-0C-b3 AG0
20241018_rep03,plate_metadata/20241018_rep03_metadata,3,F7,6,7,39,r06c07f39,LAMP1-488,MitoTracker-Red,DAPI,,13,LIN7-0C-b3,0,,P13-15,P13,False,7,P13 LIN7-0C-b3 AG0
20241018_rep03,plate_metadata/20241018_rep03_metadata,3,F7,6,7,40,r06c07f40,LAMP1-488,MitoTracker-Red,DAPI,,13,LIN7-0C-b3,0,,P13-15,P13,False,7,P13 LIN7-0C-b3 AG0
20241018_rep03,plate_metadata/20241018_rep03_metadata,3,G2,7,2,1,r07c02f01,LAMP1-488,MitoTracker-Red,DAPI,,25,LIN2-0A-b1-s1,5,,P25-27,P25,False,2,P25 LIN2-0A-b1-s1 AG5
20241018_rep03,plate_metadata/20241018_rep03_metadata,3,G2,7,2,2,r07c02f02,LAMP1-488,MitoTracker-Red,DAPI,,25,LIN2-0A-b1-s1,5,,P25-27,P25,False,2,P25 LIN2-0A-b1-s1 AG5
20241018_rep03,plate_metadata/20241018_rep03_metadata,3,G2,7,2,3,r07c02f03,LAMP1-488,MitoTracker-Red,DAPI,,25,LIN2-0A-b1-s1,5,,P25-27,P25,False,2,P25 LIN2-0A-b1-s1 AG5
20241018_rep03,plate_metadata/20241018_rep03_metadata,3,G2,7,2,4,r07c02f04,LAMP1-488,MitoTracker-Red,DAPI,,25,LIN2-0A-b1-s1,5,,P25-27,P25,False,2,P25 LIN2-0A-b1-s1 AG5
20241018_rep03,plate_metadata/20241018_rep03_metadata,3,G2,7,2,5,r07c02f05,LAMP1-488,MitoTracker-Red,DAPI,,25,LIN2-0A-b1-s1,5,,P25-27,P25,False,2,P25 LIN2-0A-b1-s1 AG5
20241018_rep03,plate_metadata/20241018_rep03_metadata,3,G2,7,2,6,r07c02f06,LAMP1-488,MitoTracker-Red,DAPI,,25,LIN2-0A-b1-s1,5,,P25-27,P25,False,2,P25 LIN2-0A-b1-s1 AG5
20241018_rep03,plate_metadata/20241018_rep03_metadata,3,G2,7,2,7,r07c02f07,LAMP1-488,MitoTracker-Red,DAPI,,25,LIN2-0A-b1-s1,5,,P25-27,P25,False,2,P25 LIN2-0A-b1-s1 AG5
20241018_rep03,plate_metadata/20241018_rep03_metadata,3,G2,7,2,8,r07c02f08,LAMP1-488,MitoTracker-Red,DAPI,,25,LIN2-0A-b1-s1,5,,P25-27,P25,False,2,P25 LIN2-0A-b1-s1 AG5
20241018_rep03,plate_metadata/20241018_rep03_metadata,3,G2,7,2,9,r07c02f09,LAMP1-488,MitoTracker-Red,DAPI,,25,LIN2-0A-b1-s1,5,,P25-27,P25,False,2,P25 LIN2-0A-b1-s1 AG5
20241018_rep03,plate_metadata/20241018_rep03_metadata,3,G2,7,2,10,r07c02f10,LAMP1-488,MitoTracker-Red,DAPI,,25,LIN2-0A-b1-s1,5,,P25-27,P25,False,2,P25 LIN2-0A-b1-s1 AG5
20241018_rep03,plate_metadata/20241018_rep03_metadata,3,G2,7,2,11,r07c02f11,LAMP1-488,MitoTracker-Red,DAPI,,25,LIN2-0A-b1-s1,5,,P25-27,P25,False,2,P25 LIN2-0A-b1-s1 AG5
20241018_rep03,plate_metadata/20241018_rep03_metadata,3,G2,7,2,12,r07c02f12,LAMP1-488,MitoTracker-Red,DAPI,,25,LIN2-0A-b1-s1,5,,P25-27,P25,False,2,P25 LIN2-0A-b1-s1 AG5
20241018_rep03,plate_metadata/20241018_rep03_metadata,3,G2,7,2,13,r07c02f13,LAMP1-488,MitoTracker-Red,DAPI,,25,LIN2-0A-b1-s1,5,,P25-27,P25,False,2,P25 LIN2-0A-b1-s1 AG5
20241018_rep03,plate_metadata/20241018_rep03_metadata,3,G2,7,2,14,r07c02f14,LAMP1-488,MitoTracker-Red,DAPI,,25,LIN2-0A-b1-s1,5,,P25-27,P25,False,2,P25 LIN2-0A-b1-s1 AG5
20241018_rep03,plate_metadata/20241018_rep03_metadata,3,G2,7,2,15,r07c02f15,LAMP1-488,MitoTracker-Red,DAPI,,25,LIN2-0A-b1-s1,5,,P25-27,P25,False,2,P25 LIN2-0A-b1-s1 AG5
20241018_rep03,plate_metadata/20241018_rep03_metadata,3,G2,7,2,16,r07c02f16,LAMP1-488,MitoTracker-Red,DAPI,,25,LIN2-0A-b1-s1,5,,P25-27,P25,False,2,P25 LIN2-0A-b1-s1 AG5
20241018_rep03,plate_metadata/20241018_rep03_metadata,3,G2,7,2,17,r07c02f17,LAMP1-488,MitoTracker-Red,DAPI,,25,LIN2-0A-b1-s1,5,,P25-27,P25,False,2,P25 LIN2-0A-b1-s1 AG5
20241018_rep03,plate_metadata/20241018_rep03_metadata,3,G2,7,2,18,r07c02f18,LAMP1-488,MitoTracker-Red,DAPI,,25,LIN2-0A-b1-s1,5,,P25-27,P25,False,2,P25 LIN2-0A-b1-s1 AG5
20241018_rep03,plate_metadata/20241018_rep03_metadata,3,G2,7,2,19,r07c02f19,LAMP1-488,MitoTracker-Red,DAPI,,25,LIN2-0A-b1-s1,5,,P25-27,P25,False,2,P25 LIN2-0A-b1-s1 AG5
20241018_rep03,plate_metadata/20241018_rep03_metadata,3,G2,7,2,20,r07c02f20,LAMP1-488,MitoTracker-Red,DAPI,,25,LIN2-0A-b1-s1,5,,P25-27,P25,False,2,P25 LIN2-0A-b1-s1 AG5
20241018_rep03,plate_metadata/20241018_rep03_metadata,3,G2,7,2,21,r07c02f21,LAMP1-488,MitoTracker-Red,DAPI,,25,LIN2-0A-b1-s1,5,,P25-27,P25,False,2,P25 LIN2-0A-b1-s1 AG5
20241018_rep03,plate_metadata/20241018_rep03_metadata,3,G2,7,2,22,r07c02f22,LAMP1-488,MitoTracker-Red,DAPI,,25,LIN2-0A-b1-s1,5,,P25-27,P25,False,2,P25 LIN2-0A-b1-s1 AG5
20241018_rep03,plate_metadata/20241018_rep03_metadata,3,G2,7,2,23,r07c02f23,LAMP1-488,MitoTracker-Red,DAPI,,25,LIN2-0A-b1-s1,5,,P25-27,P25,False,2,P25 LIN2-0A-b1-s1 AG5
20241018_rep03,plate_metadata/20241018_rep03_metadata,3,G2,7,2,24,r07c02f24,LAMP1-488,MitoTracker-Red,DAPI,,25,LIN2-0A-b1-s1,5,,P25-27,P25,False,2,P25 LIN2-0A-b1-s1 AG5
20241018_rep03,plate_metadata/20241018_rep03_metadata,3,G2,7,2,25,r07c02f25,LAMP1-488,MitoTracker-Red,DAPI,,25,LIN2-0A-b1-s1,5,,P25-27,P25,False,2,P25 LIN2-0A-b1-s1 AG5
20241018_rep03,plate_metadata/20241018_rep03_metadata,3,G2,7,2,26,r07c02f26,LAMP1-488,MitoTracker-Red,DAPI,,25,LIN2-0A-b1-s1,5,,P25-27,P25,False,2,P25 LIN2-0A-b1-s1 AG5
20241018_rep03,plate_metadata/20241018_rep03_metadata,3,G2,7,2,27,r07c02f27,LAMP1-488,MitoTracker-Red,DAPI,,25,LIN2-0A-b1-s1,5,,P25-27,P25,False,2,P25 LIN2-0A-b1-s1 AG5
20241018_rep03,plate_metadata/20241018_rep03_metadata,3,G2,7,2,28,r07c02f28,LAMP1-488,MitoTracker-Red,DAPI,,25,LIN2-0A-b1-s1,5,,P25-27,P25,False,2,P25 LIN2-0A-b1-s1 AG5
20241018_rep03,plate_metadata/20241018_rep03_metadata,3,G2,7,2,29,r07c02f29,LAMP1-488,MitoTracker-Red,DAPI,,25,LIN2-0A-b1-s1,5,,P25-27,P25,False,2,P25 LIN2-0A-b1-s1 AG5
20241018_rep03,plate_metadata/20241018_rep03_metadata,3,G2,7,2,30,r07c02f30,LAMP1-488,MitoTracker-Red,DAPI,,25,LIN2-0A-b1-s1,5,,P25-27,P25,False,2,P25 LIN2-0A-b1-s1 AG5
20241018_rep03,plate_metadata/20241018_rep03_metadata,3,G2,7,2,31,r07c02f31,LAMP1-488,MitoTracker-Red,DAPI,,25,LIN2-0A-b1-s1,5,,P25-27,P25,False,2,P25 LIN2-0A-b1-s1 AG5
20241018_rep03,plate_metadata/20241018_rep03_metadata,3,G2,7,2,32,r07c02f32,LAMP1-488,MitoTracker-Red,DAPI,,25,LIN2-0A-b1-s1,5,,P25-27,P25,False,2,P25 LIN2-0A-b1-s1 AG5
20241018_rep03,plate_metadata/20241018_rep03_metadata,3,G2,7,2,33,r07c02f33,LAMP1-488,MitoTracker-Red,DAPI,,25,LIN2-0A-b1-s1,5,,P25-27,P25,False,2,P25 LIN2-0A-b1-s1 AG5
20241018_rep03,plate_metadata/20241018_rep03_metadata,3,G2,7,2,34,r07c02f34,LAMP1-488,MitoTracker-Red,DAPI,,25,LIN2-0A-b1-s1,5,,P25-27,P25,False,2,P25 LIN2-0A-b1-s1 AG5
20241018_rep03,plate_metadata/20241018_rep03_metadata,3,G2,7,2,35,r07c02f35,LAMP1-488,MitoTracker-Red,DAPI,,25,LIN2-0A-b1-s1,5,,P25-27,P25,False,2,P25 LIN2-0A-b1-s1 AG5
20241018_rep03,plate_metadata/20241018_rep03_metadata,3,G2,7,2,36,r07c02f36,LAMP1-488,MitoTracker-Red,DAPI,,25,LIN2-0A-b1-s1,5,,P25-27,P25,False,2,P25 LIN2-0A-b1-s1 AG5
20241018_rep03,plate_metadata/20241018_rep03_metadata,3,G2,7,2,37,r07c02f37,LAMP1-488,MitoTracker-Red,DAPI,,25,LIN2-0A-b1-s1,5,,P25-27,P25,False,2,P25 LIN2-0A-b1-s1 AG5
20241018_rep03,plate_metadata/20241018_rep03_metadata,3,G2,7,2,38,r07c02f38,LAMP1-488,MitoTracker-Red,DAPI,,25,LIN2-0A-b1-s1,5,,P25-27,P25,False,2,P25 LIN2-0A-b1-s1 AG5
20241018_rep03,plate_metadata/20241018_rep03_metadata,3,G2,7,2,39,r07c02f39,LAMP1-488,MitoTracker-Red,DAPI,,25,LIN2-0A-b1-s1,5,,P25-27,P25,False,2,P25 LIN2-0A-b1-s1 AG5
20241018_rep03,plate_metadata/20241018_rep03_metadata,3,G2,7,2,40,r07c02f40,LAMP1-488,MitoTracker-Red,DAPI,,25,LIN2-0A-b1-s1,5,,P25-27,P25,False,2,P25 LIN2-0A-b1-s1 AG5
20241018_rep03,plate_metadata/20241018_rep03_metadata,3,G3,7,3,1,r07c03f01,LAMP1-488,MitoTracker-Red,DAPI,,22,LIN3-0A-b2-s1,4,,P22-24,P22,False,3,P22 LIN3-0A-b2-s1 AG4
20241018_rep03,plate_metadata/20241018_rep03_metadata,3,G3,7,3,2,r07c03f02,LAMP1-488,MitoTracker-Red,DAPI,,22,LIN3-0A-b2-s1,4,,P22-24,P22,False,3,P22 LIN3-0A-b2-s1 AG4
20241018_rep03,plate_metadata/20241018_rep03_metadata,3,G3,7,3,3,r07c03f03,LAMP1-488,MitoTracker-Red,DAPI,,22,LIN3-0A-b2-s1,4,,P22-24,P22,False,3,P22 LIN3-0A-b2-s1 AG4
20241018_rep03,plate_metadata/20241018_rep03_metadata,3,G3,7,3,4,r07c03f04,LAMP1-488,MitoTracker-Red,DAPI,,22,LIN3-0A-b2-s1,4,,P22-24,P22,False,3,P22 LIN3-0A-b2-s1 AG4
20241018_rep03,plate_metadata/20241018_rep03_metadata,3,G3,7,3,5,r07c03f05,LAMP1-488,MitoTracker-Red,DAPI,,22,LIN3-0A-b2-s1,4,,P22-24,P22,False,3,P22 LIN3-0A-b2-s1 AG4
20241018_rep03,plate_metadata/20241018_rep03_metadata,3,G3,7,3,6,r07c03f06,LAMP1-488,MitoTracker-Red,DAPI,,22,LIN3-0A-b2-s1,4,,P22-24,P22,False,3,P22 LIN3-0A-b2-s1 AG4
20241018_rep03,plate_metadata/20241018_rep03_metadata,3,G3,7,3,7,r07c03f07,LAMP1-488,MitoTracker-Red,DAPI,,22,LIN3-0A-b2-s1,4,,P22-24,P22,False,3,P22 LIN3-0A-b2-s1 AG4
20241018_rep03,plate_metadata/20241018_rep03_metadata,3,G3,7,3,8,r07c03f08,LAMP1-488,MitoTracker-Red,DAPI,,22,LIN3-0A-b2-s1,4,,P22-24,P22,False,3,P22 LIN3-0A-b2-s1 AG4
20241018_rep03,plate_metadata/20241018_rep03_metadata,3,G3,7,3,9,r07c03f09,LAMP1-488,MitoTracker-Red,DAPI,,22,LIN3-0A-b2-s1,4,,P22-24,P22,False,3,P22 LIN3-0A-b2-s1 AG4
20241018_rep03,plate_metadata/20241018_rep03_metadata,3,G3,7,3,10,r07c03f10,LAMP1-488,MitoTracker-Red,DAPI,,22,LIN3-0A-b2-s1,4,,P22-24,P22,False,3,P22 LIN3-0A-b2-s1 AG4
20241018_rep03,plate_metadata/20241018_rep03_metadata,3,G3,7,3,11,r07c03f11,LAMP1-488,MitoTracker-Red,DAPI,,22,LIN3-0A-b2-s1,4,,P22-24,P22,False,3,P22 LIN3-0A-b2-s1 AG4
20241018_rep03,plate_metadata/20241018_rep03_metadata,3,G3,7,3,12,r07c03f12,LAMP1-488,MitoTracker-Red,DAPI,,22,LIN3-0A-b2-s1,4,,P22-24,P22,False,3,P22 LIN3-0A-b2-s1 AG4
20241018_rep03,plate_metadata/20241018_rep03_metadata,3,G3,7,3,13,r07c03f13,LAMP1-488,MitoTracker-Red,DAPI,,22,LIN3-0A-b2-s1,4,,P22-24,P22,False,3,P22 LIN3-0A-b2-s1 AG4
20241018_rep03,plate_metadata/20241018_rep03_metadata,3,G3,7,3,14,r07c03f14,LAMP1-488,MitoTracker-Red,DAPI,,22,LIN3-0A-b2-s1,4,,P22-24,P22,False,3,P22 LIN3-0A-b2-s1 AG4
20241018_rep03,plate_metadata/20241018_rep03_metadata,3,G3,7,3,15,r07c03f15,LAMP1-488,MitoTracker-Red,DAPI,,22,LIN3-0A-b2-s1,4,,P22-24,P22,False,3,P22 LIN3-0A-b2-s1 AG4
20241018_rep03,plate_metadata/20241018_rep03_metadata,3,G3,7,3,16,r07c03f16,LAMP1-488,MitoTracker-Red,DAPI,,22,LIN3-0A-b2-s1,4,,P22-24,P22,False,3,P22 LIN3-0A-b2-s1 AG4
20241018_rep03,plate_metadata/20241018_rep03_metadata,3,G3,7,3,17,r07c03f17,LAMP1-488,MitoTracker-Red,DAPI,,22,LIN3-0A-b2-s1,4,,P22-24,P22,False,3,P22 LIN3-0A-b2-s1 AG4
20241018_rep03,plate_metadata/20241018_rep03_metadata,3,G3,7,3,18,r07c03f18,LAMP1-488,MitoTracker-Red,DAPI,,22,LIN3-0A-b2-s1,4,,P22-24,P22,False,3,P22 LIN3-0A-b2-s1 AG4
20241018_rep03,plate_metadata/20241018_rep03_metadata,3,G3,7,3,19,r07c03f19,LAMP1-488,MitoTracker-Red,DAPI,,22,LIN3-0A-b2-s1,4,,P22-24,P22,False,3,P22 LIN3-0A-b2-s1 AG4
20241018_rep03,plate_metadata/20241018_rep03_metadata,3,G3,7,3,20,r07c03f20,LAMP1-488,MitoTracker-Red,DAPI,,22,LIN3-0A-b2-s1,4,,P22-24,P22,False,3,P22 LIN3-0A-b2-s1 AG4
20241018_rep03,plate_metadata/20241018_rep03_metadata,3,G3,7,3,21,r07c03f21,LAMP1-488,MitoTracker-Red,DAPI,,22,LIN3-0A-b2-s1,4,,P22-24,P22,False,3,P22 LIN3-0A-b2-s1 AG4
20241018_rep03,plate_metadata/20241018_rep03_metadata,3,G3,7,3,22,r07c03f22,LAMP1-488,MitoTracker-Red,DAPI,,22,LIN3-0A-b2-s1,4,,P22-24,P22,False,3,P22 LIN3-0A-b2-s1 AG4
20241018_rep03,plate_metadata/20241018_rep03_metadata,3,G3,7,3,23,r07c03f23,LAMP1-488,MitoTracker-Red,DAPI,,22,LIN3-0A-b2-s1,4,,P22-24,P22,False,3,P22 LIN3-0A-b2-s1 AG4
20241018_rep03,plate_metadata/20241018_rep03_metadata,3,G3,7,3,24,r07c03f24,LAMP1-488,MitoTracker-Red,DAPI,,22,LIN3-0A-b2-s1,4,,P22-24,P22,False,3,P22 LIN3-0A-b2-s1 AG4
20241018_rep03,plate_metadata/20241018_rep03_metadata,3,G3,7,3,25,r07c03f25,LAMP1-488,MitoTracker-Red,DAPI,,22,LIN3-0A-b2-s1,4,,P22-24,P22,False,3,P22 LIN3-0A-b2-s1 AG4
20241018_rep03,plate_metadata/20241018_rep03_metadata,3,G3,7,3,26,r07c03f26,LAMP1-488,MitoTracker-Red,DAPI,,22,LIN3-0A-b2-s1,4,,P22-24,P22,False,3,P22 LIN3-0A-b2-s1 AG4
20241018_rep03,plate_metadata/20241018_rep03_metadata,3,G3,7,3,27,r07c03f27,LAMP1-488,MitoTracker-Red,DAPI,,22,LIN3-0A-b2-s1,4,,P22-24,P22,False,3,P22 LIN3-0A-b2-s1 AG4
20241018_rep03,plate_metadata/20241018_rep03_metadata,3,G3,7,3,28,r07c03f28,LAMP1-488,MitoTracker-Red,DAPI,,22,LIN3-0A-b2-s1,4,,P22-24,P22,False,3,P22 LIN3-0A-b2-s1 AG4
20241018_rep03,plate_metadata/20241018_rep03_metadata,3,G3,7,3,29,r07c03f29,LAMP1-488,MitoTracker-Red,DAPI,,22,LIN3-0A-b2-s1,4,,P22-24,P22,False,3,P22 LIN3-0A-b2-s1 AG4
20241018_rep03,plate_metadata/20241018_rep03_metadata,3,G3,7,3,30,r07c03f30,LAMP1-488,MitoTracker-Red,DAPI,,22,LIN3-0A-b2-s1,4,,P22-24,P22,False,3,P22 LIN3-0A-b2-s1 AG4
20241018_rep03,plate_metadata/20241018_rep03_metadata,3,G3,7,3,31,r07c03f31,LAMP1-488,MitoTracker-Red,DAPI,,22,LIN3-0A-b2-s1,4,,P22-24,P22,False,3,P22 LIN3-0A-b2-s1 AG4
20241018_rep03,plate_metadata/20241018_rep03_metadata,3,G3,7,3,32,r07c03f32,LAMP1-488,MitoTracker-Red,DAPI,,22,LIN3-0A-b2-s1,4,,P22-24,P22,False,3,P22 LIN3-0A-b2-s1 AG4
20241018_rep03,plate_metadata/20241018_rep03_metadata,3,G3,7,3,33,r07c03f33,LAMP1-488,MitoTracker-Red,DAPI,,22,LIN3-0A-b2-s1,4,,P22-24,P22,False,3,P22 LIN3-0A-b2-s1 AG4
20241018_rep03,plate_metadata/20241018_rep03_metadata,3,G3,7,3,34,r07c03f34,LAMP1-488,MitoTracker-Red,DAPI,,22,LIN3-0A-b2-s1,4,,P22-24,P22,False,3,P22 LIN3-0A-b2-s1 AG4
20241018_rep03,plate_metadata/20241018_rep03_metadata,3,G3,7,3,35,r07c03f35,LAMP1-488,MitoTracker-Red,DAPI,,22,LIN3-0A-b2-s1,4,,P22-24,P22,False,3,P22 LIN3-0A-b2-s1 AG4
20241018_rep03,plate_metadata/20241018_rep03_metadata,3,G3,7,3,36,r07c03f36,LAMP1-488,MitoTracker-Red,DAPI,,22,LIN3-0A-b2-s1,4,,P22-24,P22,False,3,P22 LIN3-0A-b2-s1 AG4
20241018_rep03,plate_metadata/20241018_rep03_metadata,3,G3,7,3,37,r07c03f37,LAMP1-488,MitoTracker-Red,DAPI,,22,LIN3-0A-b2-s1,4,,P22-24,P22,False,3,P22 LIN3-0A-b2-s1 AG4
20241018_rep03,plate_metadata/20241018_rep03_metadata,3,G3,7,3,38,r07c03f38,LAMP1-488,MitoTracker-Red,DAPI,,22,LIN3-0A-b2-s1,4,,P22-24,P22,False,3,P22 LIN3-0A-b2-s1 AG4
20241018_rep03,plate_metadata/20241018_rep03_metadata,3,G3,7,3,39,r07c03f39,LAMP1-488,MitoTracker-Red,DAPI,,22,LIN3-0A-b2-s1,4,,P22-24,P22,False,3,P22 LIN3-0A-b2-s1 AG4
20241018_rep03,plate_metadata/20241018_rep03_metadata,3,G3,7,3,40,r07c03f40,LAMP1-488,MitoTracker-Red,DAPI,,22,LIN3-0A-b2-s1,4,,P22-24,P22,False,3,P22 LIN3-0A-b2-s1 AG4
20241018_rep03,plate_metadata/20241018_rep03_metadata,3,G4,7,4,1,r07c04f01,LAMP1-488,MitoTracker-Red,DAPI,,20,LIN4-0B-b2A-s1,3,,P19-21,P20,False,4,P20 LIN4-0B-b2A-s1 AG3
20241018_rep03,plate_metadata/20241018_rep03_metadata,3,G4,7,4,2,r07c04f02,LAMP1-488,MitoTracker-Red,DAPI,,20,LIN4-0B-b2A-s1,3,,P19-21,P20,False,4,P20 LIN4-0B-b2A-s1 AG3
20241018_rep03,plate_metadata/20241018_rep03_metadata,3,G4,7,4,3,r07c04f03,LAMP1-488,MitoTracker-Red,DAPI,,20,LIN4-0B-b2A-s1,3,,P19-21,P20,False,4,P20 LIN4-0B-b2A-s1 AG3
20241018_rep03,plate_metadata/20241018_rep03_metadata,3,G4,7,4,4,r07c04f04,LAMP1-488,MitoTracker-Red,DAPI,,20,LIN4-0B-b2A-s1,3,,P19-21,P20,False,4,P20 LIN4-0B-b2A-s1 AG3
20241018_rep03,plate_metadata/20241018_rep03_metadata,3,G4,7,4,5,r07c04f05,LAMP1-488,MitoTracker-Red,DAPI,,20,LIN4-0B-b2A-s1,3,,P19-21,P20,False,4,P20 LIN4-0B-b2A-s1 AG3
20241018_rep03,plate_metadata/20241018_rep03_metadata,3,G4,7,4,6,r07c04f06,LAMP1-488,MitoTracker-Red,DAPI,,20,LIN4-0B-b2A-s1,3,,P19-21,P20,False,4,P20 LIN4-0B-b2A-s1 AG3
20241018_rep03,plate_metadata/20241018_rep03_metadata,3,G4,7,4,7,r07c04f07,LAMP1-488,MitoTracker-Red,DAPI,,20,LIN4-0B-b2A-s1,3,,P19-21,P20,False,4,P20 LIN4-0B-b2A-s1 AG3
20241018_rep03,plate_metadata/20241018_rep03_metadata,3,G4,7,4,8,r07c04f08,LAMP1-488,MitoTracker-Red,DAPI,,20,LIN4-0B-b2A-s1,3,,P19-21,P20,False,4,P20 LIN4-0B-b2A-s1 AG3
20241018_rep03,plate_metadata/20241018_rep03_metadata,3,G4,7,4,9,r07c04f09,LAMP1-488,MitoTracker-Red,DAPI,,20,LIN4-0B-b2A-s1,3,,P19-21,P20,False,4,P20 LIN4-0B-b2A-s1 AG3
20241018_rep03,plate_metadata/20241018_rep03_metadata,3,G4,7,4,10,r07c04f10,LAMP1-488,MitoTracker-Red,DAPI,,20,LIN4-0B-b2A-s1,3,,P19-21,P20,False,4,P20 LIN4-0B-b2A-s1 AG3
20241018_rep03,plate_metadata/20241018_rep03_metadata,3,G4,7,4,11,r07c04f11,LAMP1-488,MitoTracker-Red,DAPI,,20,LIN4-0B-b2A-s1,3,,P19-21,P20,False,4,P20 LIN4-0B-b2A-s1 AG3
20241018_rep03,plate_metadata/20241018_rep03_metadata,3,G4,7,4,12,r07c04f12,LAMP1-488,MitoTracker-Red,DAPI,,20,LIN4-0B-b2A-s1,3,,P19-21,P20,False,4,P20 LIN4-0B-b2A-s1 AG3
20241018_rep03,plate_metadata/20241018_rep03_metadata,3,G4,7,4,13,r07c04f13,LAMP1-488,MitoTracker-Red,DAPI,,20,LIN4-0B-b2A-s1,3,,P19-21,P20,False,4,P20 LIN4-0B-b2A-s1 AG3
20241018_rep03,plate_metadata/20241018_rep03_metadata,3,G4,7,4,14,r07c04f14,LAMP1-488,MitoTracker-Red,DAPI,,20,LIN4-0B-b2A-s1,3,,P19-21,P20,False,4,P20 LIN4-0B-b2A-s1 AG3
20241018_rep03,plate_metadata/20241018_rep03_metadata,3,G4,7,4,15,r07c04f15,LAMP1-488,MitoTracker-Red,DAPI,,20,LIN4-0B-b2A-s1,3,,P19-21,P20,False,4,P20 LIN4-0B-b2A-s1 AG3
20241018_rep03,plate_metadata/20241018_rep03_metadata,3,G4,7,4,16,r07c04f16,LAMP1-488,MitoTracker-Red,DAPI,,20,LIN4-0B-b2A-s1,3,,P19-21,P20,False,4,P20 LIN4-0B-b2A-s1 AG3
20241018_rep03,plate_metadata/20241018_rep03_metadata,3,G4,7,4,17,r07c04f17,LAMP1-488,MitoTracker-Red,DAPI,,20,LIN4-0B-b2A-s1,3,,P19-21,P20,False,4,P20 LIN4-0B-b2A-s1 AG3
20241018_rep03,plate_metadata/20241018_rep03_metadata,3,G4,7,4,18,r07c04f18,LAMP1-488,MitoTracker-Red,DAPI,,20,LIN4-0B-b2A-s1,3,,P19-21,P20,False,4,P20 LIN4-0B-b2A-s1 AG3
20241018_rep03,plate_metadata/20241018_rep03_metadata,3,G4,7,4,19,r07c04f19,LAMP1-488,MitoTracker-Red,DAPI,,20,LIN4-0B-b2A-s1,3,,P19-21,P20,False,4,P20 LIN4-0B-b2A-s1 AG3
20241018_rep03,plate_metadata/20241018_rep03_metadata,3,G4,7,4,20,r07c04f20,LAMP1-488,MitoTracker-Red,DAPI,,20,LIN4-0B-b2A-s1,3,,P19-21,P20,False,4,P20 LIN4-0B-b2A-s1 AG3
20241018_rep03,plate_metadata/20241018_rep03_metadata,3,G4,7,4,21,r07c04f21,LAMP1-488,MitoTracker-Red,DAPI,,20,LIN4-0B-b2A-s1,3,,P19-21,P20,False,4,P20 LIN4-0B-b2A-s1 AG3
20241018_rep03,plate_metadata/20241018_rep03_metadata,3,G4,7,4,22,r07c04f22,LAMP1-488,MitoTracker-Red,DAPI,,20,LIN4-0B-b2A-s1,3,,P19-21,P20,False,4,P20 LIN4-0B-b2A-s1 AG3
20241018_rep03,plate_metadata/20241018_rep03_metadata,3,G4,7,4,23,r07c04f23,LAMP1-488,MitoTracker-Red,DAPI,,20,LIN4-0B-b2A-s1,3,,P19-21,P20,False,4,P20 LIN4-0B-b2A-s1 AG3
20241018_rep03,plate_metadata/20241018_rep03_metadata,3,G4,7,4,24,r07c04f24,LAMP1-488,MitoTracker-Red,DAPI,,20,LIN4-0B-b2A-s1,3,,P19-21,P20,False,4,P20 LIN4-0B-b2A-s1 AG3
20241018_rep03,plate_metadata/20241018_rep03_metadata,3,G4,7,4,25,r07c04f25,LAMP1-488,MitoTracker-Red,DAPI,,20,LIN4-0B-b2A-s1,3,,P19-21,P20,False,4,P20 LIN4-0B-b2A-s1 AG3
20241018_rep03,plate_metadata/20241018_rep03_metadata,3,G4,7,4,26,r07c04f26,LAMP1-488,MitoTracker-Red,DAPI,,20,LIN4-0B-b2A-s1,3,,P19-21,P20,False,4,P20 LIN4-0B-b2A-s1 AG3
20241018_rep03,plate_metadata/20241018_rep03_metadata,3,G4,7,4,27,r07c04f27,LAMP1-488,MitoTracker-Red,DAPI,,20,LIN4-0B-b2A-s1,3,,P19-21,P20,False,4,P20 LIN4-0B-b2A-s1 AG3
20241018_rep03,plate_metadata/20241018_rep03_metadata,3,G4,7,4,28,r07c04f28,LAMP1-488,MitoTracker-Red,DAPI,,20,LIN4-0B-b2A-s1,3,,P19-21,P20,False,4,P20 LIN4-0B-b2A-s1 AG3
20241018_rep03,plate_metadata/20241018_rep03_metadata,3,G4,7,4,29,r07c04f29,LAMP1-488,MitoTracker-Red,DAPI,,20,LIN4-0B-b2A-s1,3,,P19-21,P20,False,4,P20 LIN4-0B-b2A-s1 AG3
20241018_rep03,plate_metadata/20241018_rep03_metadata,3,G4,7,4,30,r07c04f30,LAMP1-488,MitoTracker-Red,DAPI,,20,LIN4-0B-b2A-s1,3,,P19-21,P20,False,4,P20 LIN4-0B-b2A-s1 AG3
20241018_rep03,plate_metadata/20241018_rep03_metadata,3,G4,7,4,31,r07c04f31,LAMP1-488,MitoTracker-Red,DAPI,,20,LIN4-0B-b2A-s1,3,,P19-21,P20,False,4,P20 LIN4-0B-b2A-s1 AG3
20241018_rep03,plate_metadata/20241018_rep03_metadata,3,G4,7,4,32,r07c04f32,LAMP1-488,MitoTracker-Red,DAPI,,20,LIN4-0B-b2A-s1,3,,P19-21,P20,False,4,P20 LIN4-0B-b2A-s1 AG3
20241018_rep03,plate_metadata/20241018_rep03_metadata,3,G4,7,4,33,r07c04f33,LAMP1-488,MitoTracker-Red,DAPI,,20,LIN4-0B-b2A-s1,3,,P19-21,P20,False,4,P20 LIN4-0B-b2A-s1 AG3
20241018_rep03,plate_metadata/20241018_rep03_metadata,3,G4,7,4,34,r07c04f34,LAMP1-488,MitoTracker-Red,DAPI,,20,LIN4-0B-b2A-s1,3,,P19-21,P20,False,4,P20 LIN4-0B-b2A-s1 AG3
20241018_rep03,plate_metadata/20241018_rep03_metadata,3,G4,7,4,35,r07c04f35,LAMP1-488,MitoTracker-Red,DAPI,,20,LIN4-0B-b2A-s1,3,,P19-21,P20,False,4,P20 LIN4-0B-b2A-s1 AG3
20241018_rep03,plate_metadata/20241018_rep03_metadata,3,G4,7,4,36,r07c04f36,LAMP1-488,MitoTracker-Red,DAPI,,20,LIN4-0B-b2A-s1,3,,P19-21,P20,False,4,P20 LIN4-0B-b2A-s1 AG3
20241018_rep03,plate_metadata/20241018_rep03_metadata,3,G4,7,4,37,r07c04f37,LAMP1-488,MitoTracker-Red,DAPI,,20,LIN4-0B-b2A-s1,3,,P19-21,P20,False,4,P20 LIN4-0B-b2A-s1 AG3
20241018_rep03,plate_metadata/20241018_rep03_metadata,3,G4,7,4,38,r07c04f38,LAMP1-488,MitoTracker-Red,DAPI,,20,LIN4-0B-b2A-s1,3,,P19-21,P20,False,4,P20 LIN4-0B-b2A-s1 AG3
20241018_rep03,plate_metadata/20241018_rep03_metadata,3,G4,7,4,39,r07c04f39,LAMP1-488,MitoTracker-Red,DAPI,,20,LIN4-0B-b2A-s1,3,,P19-21,P20,False,4,P20 LIN4-0B-b2A-s1 AG3
20241018_rep03,plate_metadata/20241018_rep03_metadata,3,G4,7,4,40,r07c04f40,LAMP1-488,MitoTracker-Red,DAPI,,20,LIN4-0B-b2A-s1,3,,P19-21,P20,False,4,P20 LIN4-0B-b2A-s1 AG3
20241018_rep03,plate_metadata/20241018_rep03_metadata,3,G5,7,5,1,r07c05f01,LAMP1-488,MitoTracker-Red,DAPI,,18,LIN5-0B-b3-s1,2,,P16-18,P18,False,5,P18 LIN5-0B-b3-s1 AG2
20241018_rep03,plate_metadata/20241018_rep03_metadata,3,G5,7,5,2,r07c05f02,LAMP1-488,MitoTracker-Red,DAPI,,18,LIN5-0B-b3-s1,2,,P16-18,P18,False,5,P18 LIN5-0B-b3-s1 AG2
20241018_rep03,plate_metadata/20241018_rep03_metadata,3,G5,7,5,3,r07c05f03,LAMP1-488,MitoTracker-Red,DAPI,,18,LIN5-0B-b3-s1,2,,P16-18,P18,False,5,P18 LIN5-0B-b3-s1 AG2
20241018_rep03,plate_metadata/20241018_rep03_metadata,3,G5,7,5,4,r07c05f04,LAMP1-488,MitoTracker-Red,DAPI,,18,LIN5-0B-b3-s1,2,,P16-18,P18,False,5,P18 LIN5-0B-b3-s1 AG2
20241018_rep03,plate_metadata/20241018_rep03_metadata,3,G5,7,5,5,r07c05f05,LAMP1-488,MitoTracker-Red,DAPI,,18,LIN5-0B-b3-s1,2,,P16-18,P18,False,5,P18 LIN5-0B-b3-s1 AG2
20241018_rep03,plate_metadata/20241018_rep03_metadata,3,G5,7,5,6,r07c05f06,LAMP1-488,MitoTracker-Red,DAPI,,18,LIN5-0B-b3-s1,2,,P16-18,P18,False,5,P18 LIN5-0B-b3-s1 AG2
20241018_rep03,plate_metadata/20241018_rep03_metadata,3,G5,7,5,7,r07c05f07,LAMP1-488,MitoTracker-Red,DAPI,,18,LIN5-0B-b3-s1,2,,P16-18,P18,False,5,P18 LIN5-0B-b3-s1 AG2
20241018_rep03,plate_metadata/20241018_rep03_metadata,3,G5,7,5,8,r07c05f08,LAMP1-488,MitoTracker-Red,DAPI,,18,LIN5-0B-b3-s1,2,,P16-18,P18,False,5,P18 LIN5-0B-b3-s1 AG2
20241018_rep03,plate_metadata/20241018_rep03_metadata,3,G5,7,5,9,r07c05f09,LAMP1-488,MitoTracker-Red,DAPI,,18,LIN5-0B-b3-s1,2,,P16-18,P18,False,5,P18 LIN5-0B-b3-s1 AG2
20241018_rep03,plate_metadata/20241018_rep03_metadata,3,G5,7,5,10,r07c05f10,LAMP1-488,MitoTracker-Red,DAPI,,18,LIN5-0B-b3-s1,2,,P16-18,P18,False,5,P18 LIN5-0B-b3-s1 AG2
20241018_rep03,plate_metadata/20241018_rep03_metadata,3,G5,7,5,11,r07c05f11,LAMP1-488,MitoTracker-Red,DAPI,,18,LIN5-0B-b3-s1,2,,P16-18,P18,False,5,P18 LIN5-0B-b3-s1 AG2
20241018_rep03,plate_metadata/20241018_rep03_metadata,3,G5,7,5,12,r07c05f12,LAMP1-488,MitoTracker-Red,DAPI,,18,LIN5-0B-b3-s1,2,,P16-18,P18,False,5,P18 LIN5-0B-b3-s1 AG2
20241018_rep03,plate_metadata/20241018_rep03_metadata,3,G5,7,5,13,r07c05f13,LAMP1-488,MitoTracker-Red,DAPI,,18,LIN5-0B-b3-s1,2,,P16-18,P18,False,5,P18 LIN5-0B-b3-s1 AG2
20241018_rep03,plate_metadata/20241018_rep03_metadata,3,G5,7,5,14,r07c05f14,LAMP1-488,MitoTracker-Red,DAPI,,18,LIN5-0B-b3-s1,2,,P16-18,P18,False,5,P18 LIN5-0B-b3-s1 AG2
20241018_rep03,plate_metadata/20241018_rep03_metadata,3,G5,7,5,15,r07c05f15,LAMP1-488,MitoTracker-Red,DAPI,,18,LIN5-0B-b3-s1,2,,P16-18,P18,False,5,P18 LIN5-0B-b3-s1 AG2
20241018_rep03,plate_metadata/20241018_rep03_metadata,3,G5,7,5,16,r07c05f16,LAMP1-488,MitoTracker-Red,DAPI,,18,LIN5-0B-b3-s1,2,,P16-18,P18,False,5,P18 LIN5-0B-b3-s1 AG2
20241018_rep03,plate_metadata/20241018_rep03_metadata,3,G5,7,5,17,r07c05f17,LAMP1-488,MitoTracker-Red,DAPI,,18,LIN5-0B-b3-s1,2,,P16-18,P18,False,5,P18 LIN5-0B-b3-s1 AG2
20241018_rep03,plate_metadata/20241018_rep03_metadata,3,G5,7,5,18,r07c05f18,LAMP1-488,MitoTracker-Red,DAPI,,18,LIN5-0B-b3-s1,2,,P16-18,P18,False,5,P18 LIN5-0B-b3-s1 AG2
20241018_rep03,plate_metadata/20241018_rep03_metadata,3,G5,7,5,19,r07c05f19,LAMP1-488,MitoTracker-Red,DAPI,,18,LIN5-0B-b3-s1,2,,P16-18,P18,False,5,P18 LIN5-0B-b3-s1 AG2
20241018_rep03,plate_metadata/20241018_rep03_metadata,3,G5,7,5,20,r07c05f20,LAMP1-488,MitoTracker-Red,DAPI,,18,LIN5-0B-b3-s1,2,,P16-18,P18,False,5,P18 LIN5-0B-b3-s1 AG2
20241018_rep03,plate_metadata/20241018_rep03_metadata,3,G5,7,5,21,r07c05f21,LAMP1-488,MitoTracker-Red,DAPI,,18,LIN5-0B-b3-s1,2,,P16-18,P18,False,5,P18 LIN5-0B-b3-s1 AG2
20241018_rep03,plate_metadata/20241018_rep03_metadata,3,G5,7,5,22,r07c05f22,LAMP1-488,MitoTracker-Red,DAPI,,18,LIN5-0B-b3-s1,2,,P16-18,P18,False,5,P18 LIN5-0B-b3-s1 AG2
20241018_rep03,plate_metadata/20241018_rep03_metadata,3,G5,7,5,23,r07c05f23,LAMP1-488,MitoTracker-Red,DAPI,,18,LIN5-0B-b3-s1,2,,P16-18,P18,False,5,P18 LIN5-0B-b3-s1 AG2
20241018_rep03,plate_metadata/20241018_rep03_metadata,3,G5,7,5,24,r07c05f24,LAMP1-488,MitoTracker-Red,DAPI,,18,LIN5-0B-b3-s1,2,,P16-18,P18,False,5,P18 LIN5-0B-b3-s1 AG2
20241018_rep03,plate_metadata/20241018_rep03_metadata,3,G5,7,5,25,r07c05f25,LAMP1-488,MitoTracker-Red,DAPI,,18,LIN5-0B-b3-s1,2,,P16-18,P18,False,5,P18 LIN5-0B-b3-s1 AG2
20241018_rep03,plate_metadata/20241018_rep03_metadata,3,G5,7,5,26,r07c05f26,LAMP1-488,MitoTracker-Red,DAPI,,18,LIN5-0B-b3-s1,2,,P16-18,P18,False,5,P18 LIN5-0B-b3-s1 AG2
20241018_rep03,plate_metadata/20241018_rep03_metadata,3,G5,7,5,27,r07c05f27,LAMP1-488,MitoTracker-Red,DAPI,,18,LIN5-0B-b3-s1,2,,P16-18,P18,False,5,P18 LIN5-0B-b3-s1 AG2
20241018_rep03,plate_metadata/20241018_rep03_metadata,3,G5,7,5,28,r07c05f28,LAMP1-488,MitoTracker-Red,DAPI,,18,LIN5-0B-b3-s1,2,,P16-18,P18,False,5,P18 LIN5-0B-b3-s1 AG2
20241018_rep03,plate_metadata/20241018_rep03_metadata,3,G5,7,5,29,r07c05f29,LAMP1-488,MitoTracker-Red,DAPI,,18,LIN5-0B-b3-s1,2,,P16-18,P18,False,5,P18 LIN5-0B-b3-s1 AG2
20241018_rep03,plate_metadata/20241018_rep03_metadata,3,G5,7,5,30,r07c05f30,LAMP1-488,MitoTracker-Red,DAPI,,18,LIN5-0B-b3-s1,2,,P16-18,P18,False,5,P18 LIN5-0B-b3-s1 AG2
20241018_rep03,plate_metadata/20241018_rep03_metadata,3,G5,7,5,31,r07c05f31,LAMP1-488,MitoTracker-Red,DAPI,,18,LIN5-0B-b3-s1,2,,P16-18,P18,False,5,P18 LIN5-0B-b3-s1 AG2
20241018_rep03,plate_metadata/20241018_rep03_metadata,3,G5,7,5,32,r07c05f32,LAMP1-488,MitoTracker-Red,DAPI,,18,LIN5-0B-b3-s1,2,,P16-18,P18,False,5,P18 LIN5-0B-b3-s1 AG2
20241018_rep03,plate_metadata/20241018_rep03_metadata,3,G5,7,5,33,r07c05f33,LAMP1-488,MitoTracker-Red,DAPI,,18,LIN5-0B-b3-s1,2,,P16-18,P18,False,5,P18 LIN5-0B-b3-s1 AG2
20241018_rep03,plate_metadata/20241018_rep03_metadata,3,G5,7,5,34,r07c05f34,LAMP1-488,MitoTracker-Red,DAPI,,18,LIN5-0B-b3-s1,2,,P16-18,P18,False,5,P18 LIN5-0B-b3-s1 AG2
20241018_rep03,plate_metadata/20241018_rep03_metadata,3,G5,7,5,35,r07c05f35,LAMP1-488,MitoTracker-Red,DAPI,,18,LIN5-0B-b3-s1,2,,P16-18,P18,False,5,P18 LIN5-0B-b3-s1 AG2
20241018_rep03,plate_metadata/20241018_rep03_metadata,3,G5,7,5,36,r07c05f36,LAMP1-488,MitoTracker-Red,DAPI,,18,LIN5-0B-b3-s1,2,,P16-18,P18,False,5,P18 LIN5-0B-b3-s1 AG2
20241018_rep03,plate_metadata/20241018_rep03_metadata,3,G5,7,5,37,r07c05f37,LAMP1-488,MitoTracker-Red,DAPI,,18,LIN5-0B-b3-s1,2,,P16-18,P18,False,5,P18 LIN5-0B-b3-s1 AG2
20241018_rep03,plate_metadata/20241018_rep03_metadata,3,G5,7,5,38,r07c05f38,LAMP1-488,MitoTracker-Red,DAPI,,18,LIN5-0B-b3-s1,2,,P16-18,P18,False,5,P18 LIN5-0B-b3-s1 AG2
20241018_rep03,plate_metadata/20241018_rep03_metadata,3,G5,7,5,39,r07c05f39,LAMP1-488,MitoTracker-Red,DAPI,,18,LIN5-0B-b3-s1,2,,P16-18,P18,False,5,P18 LIN5-0B-b3-s1 AG2
20241018_rep03,plate_metadata/20241018_rep03_metadata,3,G5,7,5,40,r07c05f40,LAMP1-488,MitoTracker-Red,DAPI,,18,LIN5-0B-b3-s1,2,,P16-18,P18,False,5,P18 LIN5-0B-b3-s1 AG2
20241018_rep03,plate_metadata/20241018_rep03_metadata,3,G6,7,6,1,r07c06f01,LAMP1-488,MitoTracker-Red,DAPI,,16,LIN6-0C-b1-s1,1,,P16-18,P16,False,6,P16 LIN6-0C-b1-s1 AG1
20241018_rep03,plate_metadata/20241018_rep03_metadata,3,G6,7,6,2,r07c06f02,LAMP1-488,MitoTracker-Red,DAPI,,16,LIN6-0C-b1-s1,1,,P16-18,P16,False,6,P16 LIN6-0C-b1-s1 AG1
20241018_rep03,plate_metadata/20241018_rep03_metadata,3,G6,7,6,3,r07c06f03,LAMP1-488,MitoTracker-Red,DAPI,,16,LIN6-0C-b1-s1,1,,P16-18,P16,False,6,P16 LIN6-0C-b1-s1 AG1
20241018_rep03,plate_metadata/20241018_rep03_metadata,3,G6,7,6,4,r07c06f04,LAMP1-488,MitoTracker-Red,DAPI,,16,LIN6-0C-b1-s1,1,,P16-18,P16,False,6,P16 LIN6-0C-b1-s1 AG1
20241018_rep03,plate_metadata/20241018_rep03_metadata,3,G6,7,6,5,r07c06f05,LAMP1-488,MitoTracker-Red,DAPI,,16,LIN6-0C-b1-s1,1,,P16-18,P16,False,6,P16 LIN6-0C-b1-s1 AG1
20241018_rep03,plate_metadata/20241018_rep03_metadata,3,G6,7,6,6,r07c06f06,LAMP1-488,MitoTracker-Red,DAPI,,16,LIN6-0C-b1-s1,1,,P16-18,P16,False,6,P16 LIN6-0C-b1-s1 AG1
20241018_rep03,plate_metadata/20241018_rep03_metadata,3,G6,7,6,7,r07c06f07,LAMP1-488,MitoTracker-Red,DAPI,,16,LIN6-0C-b1-s1,1,,P16-18,P16,False,6,P16 LIN6-0C-b1-s1 AG1
20241018_rep03,plate_metadata/20241018_rep03_metadata,3,G6,7,6,8,r07c06f08,LAMP1-488,MitoTracker-Red,DAPI,,16,LIN6-0C-b1-s1,1,,P16-18,P16,False,6,P16 LIN6-0C-b1-s1 AG1
20241018_rep03,plate_metadata/20241018_rep03_metadata,3,G6,7,6,9,r07c06f09,LAMP1-488,MitoTracker-Red,DAPI,,16,LIN6-0C-b1-s1,1,,P16-18,P16,False,6,P16 LIN6-0C-b1-s1 AG1
20241018_rep03,plate_metadata/20241018_rep03_metadata,3,G6,7,6,10,r07c06f10,LAMP1-488,MitoTracker-Red,DAPI,,16,LIN6-0C-b1-s1,1,,P16-18,P16,False,6,P16 LIN6-0C-b1-s1 AG1
20241018_rep03,plate_metadata/20241018_rep03_metadata,3,G6,7,6,11,r07c06f11,LAMP1-488,MitoTracker-Red,DAPI,,16,LIN6-0C-b1-s1,1,,P16-18,P16,False,6,P16 LIN6-0C-b1-s1 AG1
20241018_rep03,plate_metadata/20241018_rep03_metadata,3,G6,7,6,12,r07c06f12,LAMP1-488,MitoTracker-Red,DAPI,,16,LIN6-0C-b1-s1,1,,P16-18,P16,False,6,P16 LIN6-0C-b1-s1 AG1
20241018_rep03,plate_metadata/20241018_rep03_metadata,3,G6,7,6,13,r07c06f13,LAMP1-488,MitoTracker-Red,DAPI,,16,LIN6-0C-b1-s1,1,,P16-18,P16,False,6,P16 LIN6-0C-b1-s1 AG1
20241018_rep03,plate_metadata/20241018_rep03_metadata,3,G6,7,6,14,r07c06f14,LAMP1-488,MitoTracker-Red,DAPI,,16,LIN6-0C-b1-s1,1,,P16-18,P16,False,6,P16 LIN6-0C-b1-s1 AG1
20241018_rep03,plate_metadata/20241018_rep03_metadata,3,G6,7,6,15,r07c06f15,LAMP1-488,MitoTracker-Red,DAPI,,16,LIN6-0C-b1-s1,1,,P16-18,P16,False,6,P16 LIN6-0C-b1-s1 AG1
20241018_rep03,plate_metadata/20241018_rep03_metadata,3,G6,7,6,16,r07c06f16,LAMP1-488,MitoTracker-Red,DAPI,,16,LIN6-0C-b1-s1,1,,P16-18,P16,False,6,P16 LIN6-0C-b1-s1 AG1
20241018_rep03,plate_metadata/20241018_rep03_metadata,3,G6,7,6,17,r07c06f17,LAMP1-488,MitoTracker-Red,DAPI,,16,LIN6-0C-b1-s1,1,,P16-18,P16,False,6,P16 LIN6-0C-b1-s1 AG1
20241018_rep03,plate_metadata/20241018_rep03_metadata,3,G6,7,6,18,r07c06f18,LAMP1-488,MitoTracker-Red,DAPI,,16,LIN6-0C-b1-s1,1,,P16-18,P16,False,6,P16 LIN6-0C-b1-s1 AG1
20241018_rep03,plate_metadata/20241018_rep03_metadata,3,G6,7,6,19,r07c06f19,LAMP1-488,MitoTracker-Red,DAPI,,16,LIN6-0C-b1-s1,1,,P16-18,P16,False,6,P16 LIN6-0C-b1-s1 AG1
20241018_rep03,plate_metadata/20241018_rep03_metadata,3,G6,7,6,20,r07c06f20,LAMP1-488,MitoTracker-Red,DAPI,,16,LIN6-0C-b1-s1,1,,P16-18,P16,False,6,P16 LIN6-0C-b1-s1 AG1
20241018_rep03,plate_metadata/20241018_rep03_metadata,3,G6,7,6,21,r07c06f21,LAMP1-488,MitoTracker-Red,DAPI,,16,LIN6-0C-b1-s1,1,,P16-18,P16,False,6,P16 LIN6-0C-b1-s1 AG1
20241018_rep03,plate_metadata/20241018_rep03_metadata,3,G6,7,6,22,r07c06f22,LAMP1-488,MitoTracker-Red,DAPI,,16,LIN6-0C-b1-s1,1,,P16-18,P16,False,6,P16 LIN6-0C-b1-s1 AG1
20241018_rep03,plate_metadata/20241018_rep03_metadata,3,G6,7,6,23,r07c06f23,LAMP1-488,MitoTracker-Red,DAPI,,16,LIN6-0C-b1-s1,1,,P16-18,P16,False,6,P16 LIN6-0C-b1-s1 AG1
20241018_rep03,plate_metadata/20241018_rep03_metadata,3,G6,7,6,24,r07c06f24,LAMP1-488,MitoTracker-Red,DAPI,,16,LIN6-0C-b1-s1,1,,P16-18,P16,False,6,P16 LIN6-0C-b1-s1 AG1
20241018_rep03,plate_metadata/20241018_rep03_metadata,3,G6,7,6,25,r07c06f25,LAMP1-488,MitoTracker-Red,DAPI,,16,LIN6-0C-b1-s1,1,,P16-18,P16,False,6,P16 LIN6-0C-b1-s1 AG1
20241018_rep03,plate_metadata/20241018_rep03_metadata,3,G6,7,6,26,r07c06f26,LAMP1-488,MitoTracker-Red,DAPI,,16,LIN6-0C-b1-s1,1,,P16-18,P16,False,6,P16 LIN6-0C-b1-s1 AG1
20241018_rep03,plate_metadata/20241018_rep03_metadata,3,G6,7,6,27,r07c06f27,LAMP1-488,MitoTracker-Red,DAPI,,16,LIN6-0C-b1-s1,1,,P16-18,P16,False,6,P16 LIN6-0C-b1-s1 AG1
20241018_rep03,plate_metadata/20241018_rep03_metadata,3,G6,7,6,28,r07c06f28,LAMP1-488,MitoTracker-Red,DAPI,,16,LIN6-0C-b1-s1,1,,P16-18,P16,False,6,P16 LIN6-0C-b1-s1 AG1
20241018_rep03,plate_metadata/20241018_rep03_metadata,3,G6,7,6,29,r07c06f29,LAMP1-488,MitoTracker-Red,DAPI,,16,LIN6-0C-b1-s1,1,,P16-18,P16,False,6,P16 LIN6-0C-b1-s1 AG1
20241018_rep03,plate_metadata/20241018_rep03_metadata,3,G6,7,6,30,r07c06f30,LAMP1-488,MitoTracker-Red,DAPI,,16,LIN6-0C-b1-s1,1,,P16-18,P16,False,6,P16 LIN6-0C-b1-s1 AG1
20241018_rep03,plate_metadata/20241018_rep03_metadata,3,G6,7,6,31,r07c06f31,LAMP1-488,MitoTracker-Red,DAPI,,16,LIN6-0C-b1-s1,1,,P16-18,P16,False,6,P16 LIN6-0C-b1-s1 AG1
20241018_rep03,plate_metadata/20241018_rep03_metadata,3,G6,7,6,32,r07c06f32,LAMP1-488,MitoTracker-Red,DAPI,,16,LIN6-0C-b1-s1,1,,P16-18,P16,False,6,P16 LIN6-0C-b1-s1 AG1
20241018_rep03,plate_metadata/20241018_rep03_metadata,3,G6,7,6,33,r07c06f33,LAMP1-488,MitoTracker-Red,DAPI,,16,LIN6-0C-b1-s1,1,,P16-18,P16,False,6,P16 LIN6-0C-b1-s1 AG1
20241018_rep03,plate_metadata/20241018_rep03_metadata,3,G6,7,6,34,r07c06f34,LAMP1-488,MitoTracker-Red,DAPI,,16,LIN6-0C-b1-s1,1,,P16-18,P16,False,6,P16 LIN6-0C-b1-s1 AG1
20241018_rep03,plate_metadata/20241018_rep03_metadata,3,G6,7,6,35,r07c06f35,LAMP1-488,MitoTracker-Red,DAPI,,16,LIN6-0C-b1-s1,1,,P16-18,P16,False,6,P16 LIN6-0C-b1-s1 AG1
20241018_rep03,plate_metadata/20241018_rep03_metadata,3,G6,7,6,36,r07c06f36,LAMP1-488,MitoTracker-Red,DAPI,,16,LIN6-0C-b1-s1,1,,P16-18,P16,False,6,P16 LIN6-0C-b1-s1 AG1
20241018_rep03,plate_metadata/20241018_rep03_metadata,3,G6,7,6,37,r07c06f37,LAMP1-488,MitoTracker-Red,DAPI,,16,LIN6-0C-b1-s1,1,,P16-18,P16,False,6,P16 LIN6-0C-b1-s1 AG1
20241018_rep03,plate_metadata/20241018_rep03_metadata,3,G6,7,6,38,r07c06f38,LAMP1-488,MitoTracker-Red,DAPI,,16,LIN6-0C-b1-s1,1,,P16-18,P16,False,6,P16 LIN6-0C-b1-s1 AG1
20241018_rep03,plate_metadata/20241018_rep03_metadata,3,G6,7,6,39,r07c06f39,LAMP1-488,MitoTracker-Red,DAPI,,16,LIN6-0C-b1-s1,1,,P16-18,P16,False,6,P16 LIN6-0C-b1-s1 AG1
20241018_rep03,plate_metadata/20241018_rep03_metadata,3,G6,7,6,40,r07c06f40,LAMP1-488,MitoTracker-Red,DAPI,,16,LIN6-0C-b1-s1,1,,P16-18,P16,False,6,P16 LIN6-0C-b1-s1 AG1
20241018_rep03,plate_metadata/20241018_rep03_metadata,3,G7,7,7,1,r07c07f01,LAMP1-488,MitoTracker-Red,DAPI,,13,LIN7-0C-b3,0,,P13-15,P13,False,7,P13 LIN7-0C-b3 AG0
20241018_rep03,plate_metadata/20241018_rep03_metadata,3,G7,7,7,2,r07c07f02,LAMP1-488,MitoTracker-Red,DAPI,,13,LIN7-0C-b3,0,,P13-15,P13,False,7,P13 LIN7-0C-b3 AG0
20241018_rep03,plate_metadata/20241018_rep03_metadata,3,G7,7,7,3,r07c07f03,LAMP1-488,MitoTracker-Red,DAPI,,13,LIN7-0C-b3,0,,P13-15,P13,False,7,P13 LIN7-0C-b3 AG0
20241018_rep03,plate_metadata/20241018_rep03_metadata,3,G7,7,7,4,r07c07f04,LAMP1-488,MitoTracker-Red,DAPI,,13,LIN7-0C-b3,0,,P13-15,P13,False,7,P13 LIN7-0C-b3 AG0
20241018_rep03,plate_metadata/20241018_rep03_metadata,3,G7,7,7,5,r07c07f05,LAMP1-488,MitoTracker-Red,DAPI,,13,LIN7-0C-b3,0,,P13-15,P13,False,7,P13 LIN7-0C-b3 AG0
20241018_rep03,plate_metadata/20241018_rep03_metadata,3,G7,7,7,6,r07c07f06,LAMP1-488,MitoTracker-Red,DAPI,,13,LIN7-0C-b3,0,,P13-15,P13,False,7,P13 LIN7-0C-b3 AG0
20241018_rep03,plate_metadata/20241018_rep03_metadata,3,G7,7,7,7,r07c07f07,LAMP1-488,MitoTracker-Red,DAPI,,13,LIN7-0C-b3,0,,P13-15,P13,False,7,P13 LIN7-0C-b3 AG0
20241018_rep03,plate_metadata/20241018_rep03_metadata,3,G7,7,7,8,r07c07f08,LAMP1-488,MitoTracker-Red,DAPI,,13,LIN7-0C-b3,0,,P13-15,P13,False,7,P13 LIN7-0C-b3 AG0
20241018_rep03,plate_metadata/20241018_rep03_metadata,3,G7,7,7,9,r07c07f09,LAMP1-488,MitoTracker-Red,DAPI,,13,LIN7-0C-b3,0,,P13-15,P13,False,7,P13 LIN7-0C-b3 AG0
20241018_rep03,plate_metadata/20241018_rep03_metadata,3,G7,7,7,10,r07c07f10,LAMP1-488,MitoTracker-Red,DAPI,,13,LIN7-0C-b3,0,,P13-15,P13,False,7,P13 LIN7-0C-b3 AG0
20241018_rep03,plate_metadata/20241018_rep03_metadata,3,G7,7,7,11,r07c07f11,LAMP1-488,MitoTracker-Red,DAPI,,13,LIN7-0C-b3,0,,P13-15,P13,False,7,P13 LIN7-0C-b3 AG0
20241018_rep03,plate_metadata/20241018_rep03_metadata,3,G7,7,7,12,r07c07f12,LAMP1-488,MitoTracker-Red,DAPI,,13,LIN7-0C-b3,0,,P13-15,P13,False,7,P13 LIN7-0C-b3 AG0
20241018_rep03,plate_metadata/20241018_rep03_metadata,3,G7,7,7,13,r07c07f13,LAMP1-488,MitoTracker-Red,DAPI,,13,LIN7-0C-b3,0,,P13-15,P13,False,7,P13 LIN7-0C-b3 AG0
20241018_rep03,plate_metadata/20241018_rep03_metadata,3,G7,7,7,14,r07c07f14,LAMP1-488,MitoTracker-Red,DAPI,,13,LIN7-0C-b3,0,,P13-15,P13,False,7,P13 LIN7-0C-b3 AG0
20241018_rep03,plate_metadata/20241018_rep03_metadata,3,G7,7,7,15,r07c07f15,LAMP1-488,MitoTracker-Red,DAPI,,13,LIN7-0C-b3,0,,P13-15,P13,False,7,P13 LIN7-0C-b3 AG0
20241018_rep03,plate_metadata/20241018_rep03_metadata,3,G7,7,7,16,r07c07f16,LAMP1-488,MitoTracker-Red,DAPI,,13,LIN7-0C-b3,0,,P13-15,P13,False,7,P13 LIN7-0C-b3 AG0
20241018_rep03,plate_metadata/20241018_rep03_metadata,3,G7,7,7,17,r07c07f17,LAMP1-488,MitoTracker-Red,DAPI,,13,LIN7-0C-b3,0,,P13-15,P13,False,7,P13 LIN7-0C-b3 AG0
20241018_rep03,plate_metadata/20241018_rep03_metadata,3,G7,7,7,18,r07c07f18,LAMP1-488,MitoTracker-Red,DAPI,,13,LIN7-0C-b3,0,,P13-15,P13,False,7,P13 LIN7-0C-b3 AG0
20241018_rep03,plate_metadata/20241018_rep03_metadata,3,G7,7,7,19,r07c07f19,LAMP1-488,MitoTracker-Red,DAPI,,13,LIN7-0C-b3,0,,P13-15,P13,False,7,P13 LIN7-0C-b3 AG0
20241018_rep03,plate_metadata/20241018_rep03_metadata,3,G7,7,7,20,r07c07f20,LAMP1-488,MitoTracker-Red,DAPI,,13,LIN7-0C-b3,0,,P13-15,P13,False,7,P13 LIN7-0C-b3 AG0
20241018_rep03,plate_metadata/20241018_rep03_metadata,3,G7,7,7,21,r07c07f21,LAMP1-488,MitoTracker-Red,DAPI,,13,LIN7-0C-b3,0,,P13-15,P13,False,7,P13 LIN7-0C-b3 AG0
20241018_rep03,plate_metadata/20241018_rep03_metadata,3,G7,7,7,22,r07c07f22,LAMP1-488,MitoTracker-Red,DAPI,,13,LIN7-0C-b3,0,,P13-15,P13,False,7,P13 LIN7-0C-b3 AG0
20241018_rep03,plate_metadata/20241018_rep03_metadata,3,G7,7,7,23,r07c07f23,LAMP1-488,MitoTracker-Red,DAPI,,13,LIN7-0C-b3,0,,P13-15,P13,False,7,P13 LIN7-0C-b3 AG0
20241018_rep03,plate_metadata/20241018_rep03_metadata,3,G7,7,7,24,r07c07f24,LAMP1-488,MitoTracker-Red,DAPI,,13,LIN7-0C-b3,0,,P13-15,P13,False,7,P13 LIN7-0C-b3 AG0
20241018_rep03,plate_metadata/20241018_rep03_metadata,3,G7,7,7,25,r07c07f25,LAMP1-488,MitoTracker-Red,DAPI,,13,LIN7-0C-b3,0,,P13-15,P13,False,7,P13 LIN7-0C-b3 AG0
20241018_rep03,plate_metadata/20241018_rep03_metadata,3,G7,7,7,26,r07c07f26,LAMP1-488,MitoTracker-Red,DAPI,,13,LIN7-0C-b3,0,,P13-15,P13,False,7,P13 LIN7-0C-b3 AG0
20241018_rep03,plate_metadata/20241018_rep03_metadata,3,G7,7,7,27,r07c07f27,LAMP1-488,MitoTracker-Red,DAPI,,13,LIN7-0C-b3,0,,P13-15,P13,False,7,P13 LIN7-0C-b3 AG0
20241018_rep03,plate_metadata/20241018_rep03_metadata,3,G7,7,7,28,r07c07f28,LAMP1-488,MitoTracker-Red,DAPI,,13,LIN7-0C-b3,0,,P13-15,P13,False,7,P13 LIN7-0C-b3 AG0
20241018_rep03,plate_metadata/20241018_rep03_metadata,3,G7,7,7,29,r07c07f29,LAMP1-488,MitoTracker-Red,DAPI,,13,LIN7-0C-b3,0,,P13-15,P13,False,7,P13 LIN7-0C-b3 AG0
20241018_rep03,plate_metadata/20241018_rep03_metadata,3,G7,7,7,30,r07c07f30,LAMP1-488,MitoTracker-Red,DAPI,,13,LIN7-0C-b3,0,,P13-15,P13,False,7,P13 LIN7-0C-b3 AG0
20241018_rep03,plate_metadata/20241018_rep03_metadata,3,G7,7,7,31,r07c07f31,LAMP1-488,MitoTracker-Red,DAPI,,13,LIN7-0C-b3,0,,P13-15,P13,False,7,P13 LIN7-0C-b3 AG0
20241018_rep03,plate_metadata/20241018_rep03_metadata,3,G7,7,7,32,r07c07f32,LAMP1-488,MitoTracker-Red,DAPI,,13,LIN7-0C-b3,0,,P13-15,P13,False,7,P13 LIN7-0C-b3 AG0
20241018_rep03,plate_metadata/20241018_rep03_metadata,3,G7,7,7,33,r07c07f33,LAMP1-488,MitoTracker-Red,DAPI,,13,LIN7-0C-b3,0,,P13-15,P13,False,7,P13 LIN7-0C-b3 AG0
20241018_rep03,plate_metadata/20241018_rep03_metadata,3,G7,7,7,34,r07c07f34,LAMP1-488,MitoTracker-Red,DAPI,,13,LIN7-0C-b3,0,,P13-15,P13,False,7,P13 LIN7-0C-b3 AG0
20241018_rep03,plate_metadata/20241018_rep03_metadata,3,G7,7,7,35,r07c07f35,LAMP1-488,MitoTracker-Red,DAPI,,13,LIN7-0C-b3,0,,P13-15,P13,False,7,P13 LIN7-0C-b3 AG0
20241018_rep03,plate_metadata/20241018_rep03_metadata,3,G7,7,7,36,r07c07f36,LAMP1-488,MitoTracker-Red,DAPI,,13,LIN7-0C-b3,0,,P13-15,P13,False,7,P13 LIN7-0C-b3 AG0
20241018_rep03,plate_metadata/20241018_rep03_metadata,3,G7,7,7,37,r07c07f37,LAMP1-488,MitoTracker-Red,DAPI,,13,LIN7-0C-b3,0,,P13-15,P13,False,7,P13 LIN7-0C-b3 AG0
20241018_rep03,plate_metadata/20241018_rep03_metadata,3,G7,7,7,38,r07c07f38,LAMP1-488,MitoTracker-Red,DAPI,,13,LIN7-0C-b3,0,,P13-15,P13,False,7,P13 LIN7-0C-b3 AG0
20241018_rep03,plate_metadata/20241018_rep03_metadata,3,G7,7,7,39,r07c07f39,LAMP1-488,MitoTracker-Red,DAPI,,13,LIN7-0C-b3,0,,P13-15,P13,False,7,P13 LIN7-0C-b3 AG0
20241018_rep03,plate_metadata/20241018_rep03_metadata,3,G7,7,7,40,r07c07f40,LAMP1-488,MitoTracker-Red,DAPI,,13,LIN7-0C-b3,0,,P13-15,P13,False,7,P13 LIN7-0C-b3 AG0
20241018_rep03,plate_metadata/20241018_rep03_metadata,3,H2,8,2,1,r08c02f01,Phalloidin-647,WGA-647,ConA-594,DAPI,25,LIN2-0A-b1-s1,5,,P25-27,P25,False,2,P25 LIN2-0A-b1-s1 AG5
20241018_rep03,plate_metadata/20241018_rep03_metadata,3,H2,8,2,2,r08c02f02,Phalloidin-647,WGA-647,ConA-594,DAPI,25,LIN2-0A-b1-s1,5,,P25-27,P25,False,2,P25 LIN2-0A-b1-s1 AG5
20241018_rep03,plate_metadata/20241018_rep03_metadata,3,H2,8,2,3,r08c02f03,Phalloidin-647,WGA-647,ConA-594,DAPI,25,LIN2-0A-b1-s1,5,,P25-27,P25,False,2,P25 LIN2-0A-b1-s1 AG5
20241018_rep03,plate_metadata/20241018_rep03_metadata,3,H2,8,2,4,r08c02f04,Phalloidin-647,WGA-647,ConA-594,DAPI,25,LIN2-0A-b1-s1,5,,P25-27,P25,False,2,P25 LIN2-0A-b1-s1 AG5
20241018_rep03,plate_metadata/20241018_rep03_metadata,3,H2,8,2,5,r08c02f05,Phalloidin-647,WGA-647,ConA-594,DAPI,25,LIN2-0A-b1-s1,5,,P25-27,P25,False,2,P25 LIN2-0A-b1-s1 AG5
20241018_rep03,plate_metadata/20241018_rep03_metadata,3,H2,8,2,6,r08c02f06,Phalloidin-647,WGA-647,ConA-594,DAPI,25,LIN2-0A-b1-s1,5,,P25-27,P25,False,2,P25 LIN2-0A-b1-s1 AG5
20241018_rep03,plate_metadata/20241018_rep03_metadata,3,H2,8,2,7,r08c02f07,Phalloidin-647,WGA-647,ConA-594,DAPI,25,LIN2-0A-b1-s1,5,,P25-27,P25,False,2,P25 LIN2-0A-b1-s1 AG5
20241018_rep03,plate_metadata/20241018_rep03_metadata,3,H2,8,2,8,r08c02f08,Phalloidin-647,WGA-647,ConA-594,DAPI,25,LIN2-0A-b1-s1,5,,P25-27,P25,False,2,P25 LIN2-0A-b1-s1 AG5
20241018_rep03,plate_metadata/20241018_rep03_metadata,3,H2,8,2,9,r08c02f09,Phalloidin-647,WGA-647,ConA-594,DAPI,25,LIN2-0A-b1-s1,5,,P25-27,P25,False,2,P25 LIN2-0A-b1-s1 AG5
20241018_rep03,plate_metadata/20241018_rep03_metadata,3,H2,8,2,10,r08c02f10,Phalloidin-647,WGA-647,ConA-594,DAPI,25,LIN2-0A-b1-s1,5,,P25-27,P25,False,2,P25 LIN2-0A-b1-s1 AG5
20241018_rep03,plate_metadata/20241018_rep03_metadata,3,H2,8,2,11,r08c02f11,Phalloidin-647,WGA-647,ConA-594,DAPI,25,LIN2-0A-b1-s1,5,,P25-27,P25,False,2,P25 LIN2-0A-b1-s1 AG5
20241018_rep03,plate_metadata/20241018_rep03_metadata,3,H2,8,2,12,r08c02f12,Phalloidin-647,WGA-647,ConA-594,DAPI,25,LIN2-0A-b1-s1,5,,P25-27,P25,False,2,P25 LIN2-0A-b1-s1 AG5
20241018_rep03,plate_metadata/20241018_rep03_metadata,3,H2,8,2,13,r08c02f13,Phalloidin-647,WGA-647,ConA-594,DAPI,25,LIN2-0A-b1-s1,5,,P25-27,P25,False,2,P25 LIN2-0A-b1-s1 AG5
20241018_rep03,plate_metadata/20241018_rep03_metadata,3,H2,8,2,14,r08c02f14,Phalloidin-647,WGA-647,ConA-594,DAPI,25,LIN2-0A-b1-s1,5,,P25-27,P25,False,2,P25 LIN2-0A-b1-s1 AG5
20241018_rep03,plate_metadata/20241018_rep03_metadata,3,H2,8,2,15,r08c02f15,Phalloidin-647,WGA-647,ConA-594,DAPI,25,LIN2-0A-b1-s1,5,,P25-27,P25,False,2,P25 LIN2-0A-b1-s1 AG5
20241018_rep03,plate_metadata/20241018_rep03_metadata,3,H2,8,2,16,r08c02f16,Phalloidin-647,WGA-647,ConA-594,DAPI,25,LIN2-0A-b1-s1,5,,P25-27,P25,False,2,P25 LIN2-0A-b1-s1 AG5
20241018_rep03,plate_metadata/20241018_rep03_metadata,3,H2,8,2,17,r08c02f17,Phalloidin-647,WGA-647,ConA-594,DAPI,25,LIN2-0A-b1-s1,5,,P25-27,P25,False,2,P25 LIN2-0A-b1-s1 AG5
20241018_rep03,plate_metadata/20241018_rep03_metadata,3,H2,8,2,18,r08c02f18,Phalloidin-647,WGA-647,ConA-594,DAPI,25,LIN2-0A-b1-s1,5,,P25-27,P25,False,2,P25 LIN2-0A-b1-s1 AG5
20241018_rep03,plate_metadata/20241018_rep03_metadata,3,H2,8,2,19,r08c02f19,Phalloidin-647,WGA-647,ConA-594,DAPI,25,LIN2-0A-b1-s1,5,,P25-27,P25,False,2,P25 LIN2-0A-b1-s1 AG5
20241018_rep03,plate_metadata/20241018_rep03_metadata,3,H2,8,2,20,r08c02f20,Phalloidin-647,WGA-647,ConA-594,DAPI,25,LIN2-0A-b1-s1,5,,P25-27,P25,False,2,P25 LIN2-0A-b1-s1 AG5
20241018_rep03,plate_metadata/20241018_rep03_metadata,3,H2,8,2,21,r08c02f21,Phalloidin-647,WGA-647,ConA-594,DAPI,25,LIN2-0A-b1-s1,5,,P25-27,P25,False,2,P25 LIN2-0A-b1-s1 AG5
20241018_rep03,plate_metadata/20241018_rep03_metadata,3,H2,8,2,22,r08c02f22,Phalloidin-647,WGA-647,ConA-594,DAPI,25,LIN2-0A-b1-s1,5,,P25-27,P25,False,2,P25 LIN2-0A-b1-s1 AG5
20241018_rep03,plate_metadata/20241018_rep03_metadata,3,H2,8,2,23,r08c02f23,Phalloidin-647,WGA-647,ConA-594,DAPI,25,LIN2-0A-b1-s1,5,,P25-27,P25,False,2,P25 LIN2-0A-b1-s1 AG5
20241018_rep03,plate_metadata/20241018_rep03_metadata,3,H2,8,2,24,r08c02f24,Phalloidin-647,WGA-647,ConA-594,DAPI,25,LIN2-0A-b1-s1,5,,P25-27,P25,False,2,P25 LIN2-0A-b1-s1 AG5
20241018_rep03,plate_metadata/20241018_rep03_metadata,3,H2,8,2,25,r08c02f25,Phalloidin-647,WGA-647,ConA-594,DAPI,25,LIN2-0A-b1-s1,5,,P25-27,P25,False,2,P25 LIN2-0A-b1-s1 AG5
20241018_rep03,plate_metadata/20241018_rep03_metadata,3,H2,8,2,26,r08c02f26,Phalloidin-647,WGA-647,ConA-594,DAPI,25,LIN2-0A-b1-s1,5,,P25-27,P25,False,2,P25 LIN2-0A-b1-s1 AG5
20241018_rep03,plate_metadata/20241018_rep03_metadata,3,H2,8,2,27,r08c02f27,Phalloidin-647,WGA-647,ConA-594,DAPI,25,LIN2-0A-b1-s1,5,,P25-27,P25,False,2,P25 LIN2-0A-b1-s1 AG5
20241018_rep03,plate_metadata/20241018_rep03_metadata,3,H2,8,2,28,r08c02f28,Phalloidin-647,WGA-647,ConA-594,DAPI,25,LIN2-0A-b1-s1,5,,P25-27,P25,False,2,P25 LIN2-0A-b1-s1 AG5
20241018_rep03,plate_metadata/20241018_rep03_metadata,3,H2,8,2,29,r08c02f29,Phalloidin-647,WGA-647,ConA-594,DAPI,25,LIN2-0A-b1-s1,5,,P25-27,P25,False,2,P25 LIN2-0A-b1-s1 AG5
20241018_rep03,plate_metadata/20241018_rep03_metadata,3,H2,8,2,30,r08c02f30,Phalloidin-647,WGA-647,ConA-594,DAPI,25,LIN2-0A-b1-s1,5,,P25-27,P25,False,2,P25 LIN2-0A-b1-s1 AG5
20241018_rep03,plate_metadata/20241018_rep03_metadata,3,H2,8,2,31,r08c02f31,Phalloidin-647,WGA-647,ConA-594,DAPI,25,LIN2-0A-b1-s1,5,,P25-27,P25,False,2,P25 LIN2-0A-b1-s1 AG5
20241018_rep03,plate_metadata/20241018_rep03_metadata,3,H2,8,2,32,r08c02f32,Phalloidin-647,WGA-647,ConA-594,DAPI,25,LIN2-0A-b1-s1,5,,P25-27,P25,False,2,P25 LIN2-0A-b1-s1 AG5
20241018_rep03,plate_metadata/20241018_rep03_metadata,3,H2,8,2,33,r08c02f33,Phalloidin-647,WGA-647,ConA-594,DAPI,25,LIN2-0A-b1-s1,5,,P25-27,P25,False,2,P25 LIN2-0A-b1-s1 AG5
20241018_rep03,plate_metadata/20241018_rep03_metadata,3,H2,8,2,34,r08c02f34,Phalloidin-647,WGA-647,ConA-594,DAPI,25,LIN2-0A-b1-s1,5,,P25-27,P25,False,2,P25 LIN2-0A-b1-s1 AG5
20241018_rep03,plate_metadata/20241018_rep03_metadata,3,H2,8,2,35,r08c02f35,Phalloidin-647,WGA-647,ConA-594,DAPI,25,LIN2-0A-b1-s1,5,,P25-27,P25,False,2,P25 LIN2-0A-b1-s1 AG5
20241018_rep03,plate_metadata/20241018_rep03_metadata,3,H2,8,2,36,r08c02f36,Phalloidin-647,WGA-647,ConA-594,DAPI,25,LIN2-0A-b1-s1,5,,P25-27,P25,False,2,P25 LIN2-0A-b1-s1 AG5
20241018_rep03,plate_metadata/20241018_rep03_metadata,3,H2,8,2,37,r08c02f37,Phalloidin-647,WGA-647,ConA-594,DAPI,25,LIN2-0A-b1-s1,5,,P25-27,P25,False,2,P25 LIN2-0A-b1-s1 AG5
20241018_rep03,plate_metadata/20241018_rep03_metadata,3,H2,8,2,38,r08c02f38,Phalloidin-647,WGA-647,ConA-594,DAPI,25,LIN2-0A-b1-s1,5,,P25-27,P25,False,2,P25 LIN2-0A-b1-s1 AG5
20241018_rep03,plate_metadata/20241018_rep03_metadata,3,H2,8,2,39,r08c02f39,Phalloidin-647,WGA-647,ConA-594,DAPI,25,LIN2-0A-b1-s1,5,,P25-27,P25,False,2,P25 LIN2-0A-b1-s1 AG5
20241018_rep03,plate_metadata/20241018_rep03_metadata,3,H2,8,2,40,r08c02f40,Phalloidin-647,WGA-647,ConA-594,DAPI,25,LIN2-0A-b1-s1,5,,P25-27,P25,False,2,P25 LIN2-0A-b1-s1 AG5
20241018_rep03,plate_metadata/20241018_rep03_metadata,3,H3,8,3,1,r08c03f01,Phalloidin-647,WGA-647,ConA-594,DAPI,22,LIN3-0A-b2-s1,4,,P22-24,P22,False,3,P22 LIN3-0A-b2-s1 AG4
20241018_rep03,plate_metadata/20241018_rep03_metadata,3,H3,8,3,2,r08c03f02,Phalloidin-647,WGA-647,ConA-594,DAPI,22,LIN3-0A-b2-s1,4,,P22-24,P22,False,3,P22 LIN3-0A-b2-s1 AG4
20241018_rep03,plate_metadata/20241018_rep03_metadata,3,H3,8,3,3,r08c03f03,Phalloidin-647,WGA-647,ConA-594,DAPI,22,LIN3-0A-b2-s1,4,,P22-24,P22,False,3,P22 LIN3-0A-b2-s1 AG4
20241018_rep03,plate_metadata/20241018_rep03_metadata,3,H3,8,3,4,r08c03f04,Phalloidin-647,WGA-647,ConA-594,DAPI,22,LIN3-0A-b2-s1,4,,P22-24,P22,False,3,P22 LIN3-0A-b2-s1 AG4
20241018_rep03,plate_metadata/20241018_rep03_metadata,3,H3,8,3,5,r08c03f05,Phalloidin-647,WGA-647,ConA-594,DAPI,22,LIN3-0A-b2-s1,4,,P22-24,P22,False,3,P22 LIN3-0A-b2-s1 AG4
20241018_rep03,plate_metadata/20241018_rep03_metadata,3,H3,8,3,6,r08c03f06,Phalloidin-647,WGA-647,ConA-594,DAPI,22,LIN3-0A-b2-s1,4,,P22-24,P22,False,3,P22 LIN3-0A-b2-s1 AG4
20241018_rep03,plate_metadata/20241018_rep03_metadata,3,H3,8,3,7,r08c03f07,Phalloidin-647,WGA-647,ConA-594,DAPI,22,LIN3-0A-b2-s1,4,,P22-24,P22,False,3,P22 LIN3-0A-b2-s1 AG4
20241018_rep03,plate_metadata/20241018_rep03_metadata,3,H3,8,3,8,r08c03f08,Phalloidin-647,WGA-647,ConA-594,DAPI,22,LIN3-0A-b2-s1,4,,P22-24,P22,False,3,P22 LIN3-0A-b2-s1 AG4
20241018_rep03,plate_metadata/20241018_rep03_metadata,3,H3,8,3,9,r08c03f09,Phalloidin-647,WGA-647,ConA-594,DAPI,22,LIN3-0A-b2-s1,4,,P22-24,P22,False,3,P22 LIN3-0A-b2-s1 AG4
20241018_rep03,plate_metadata/20241018_rep03_metadata,3,H3,8,3,10,r08c03f10,Phalloidin-647,WGA-647,ConA-594,DAPI,22,LIN3-0A-b2-s1,4,,P22-24,P22,False,3,P22 LIN3-0A-b2-s1 AG4
20241018_rep03,plate_metadata/20241018_rep03_metadata,3,H3,8,3,11,r08c03f11,Phalloidin-647,WGA-647,ConA-594,DAPI,22,LIN3-0A-b2-s1,4,,P22-24,P22,False,3,P22 LIN3-0A-b2-s1 AG4
20241018_rep03,plate_metadata/20241018_rep03_metadata,3,H3,8,3,12,r08c03f12,Phalloidin-647,WGA-647,ConA-594,DAPI,22,LIN3-0A-b2-s1,4,,P22-24,P22,False,3,P22 LIN3-0A-b2-s1 AG4
20241018_rep03,plate_metadata/20241018_rep03_metadata,3,H3,8,3,13,r08c03f13,Phalloidin-647,WGA-647,ConA-594,DAPI,22,LIN3-0A-b2-s1,4,,P22-24,P22,False,3,P22 LIN3-0A-b2-s1 AG4
20241018_rep03,plate_metadata/20241018_rep03_metadata,3,H3,8,3,14,r08c03f14,Phalloidin-647,WGA-647,ConA-594,DAPI,22,LIN3-0A-b2-s1,4,,P22-24,P22,False,3,P22 LIN3-0A-b2-s1 AG4
20241018_rep03,plate_metadata/20241018_rep03_metadata,3,H3,8,3,15,r08c03f15,Phalloidin-647,WGA-647,ConA-594,DAPI,22,LIN3-0A-b2-s1,4,,P22-24,P22,False,3,P22 LIN3-0A-b2-s1 AG4
20241018_rep03,plate_metadata/20241018_rep03_metadata,3,H3,8,3,16,r08c03f16,Phalloidin-647,WGA-647,ConA-594,DAPI,22,LIN3-0A-b2-s1,4,,P22-24,P22,False,3,P22 LIN3-0A-b2-s1 AG4
20241018_rep03,plate_metadata/20241018_rep03_metadata,3,H3,8,3,17,r08c03f17,Phalloidin-647,WGA-647,ConA-594,DAPI,22,LIN3-0A-b2-s1,4,,P22-24,P22,False,3,P22 LIN3-0A-b2-s1 AG4
20241018_rep03,plate_metadata/20241018_rep03_metadata,3,H3,8,3,18,r08c03f18,Phalloidin-647,WGA-647,ConA-594,DAPI,22,LIN3-0A-b2-s1,4,,P22-24,P22,False,3,P22 LIN3-0A-b2-s1 AG4
20241018_rep03,plate_metadata/20241018_rep03_metadata,3,H3,8,3,19,r08c03f19,Phalloidin-647,WGA-647,ConA-594,DAPI,22,LIN3-0A-b2-s1,4,,P22-24,P22,False,3,P22 LIN3-0A-b2-s1 AG4
20241018_rep03,plate_metadata/20241018_rep03_metadata,3,H3,8,3,20,r08c03f20,Phalloidin-647,WGA-647,ConA-594,DAPI,22,LIN3-0A-b2-s1,4,,P22-24,P22,False,3,P22 LIN3-0A-b2-s1 AG4
20241018_rep03,plate_metadata/20241018_rep03_metadata,3,H3,8,3,21,r08c03f21,Phalloidin-647,WGA-647,ConA-594,DAPI,22,LIN3-0A-b2-s1,4,,P22-24,P22,False,3,P22 LIN3-0A-b2-s1 AG4
20241018_rep03,plate_metadata/20241018_rep03_metadata,3,H3,8,3,22,r08c03f22,Phalloidin-647,WGA-647,ConA-594,DAPI,22,LIN3-0A-b2-s1,4,,P22-24,P22,False,3,P22 LIN3-0A-b2-s1 AG4
20241018_rep03,plate_metadata/20241018_rep03_metadata,3,H3,8,3,23,r08c03f23,Phalloidin-647,WGA-647,ConA-594,DAPI,22,LIN3-0A-b2-s1,4,,P22-24,P22,False,3,P22 LIN3-0A-b2-s1 AG4
20241018_rep03,plate_metadata/20241018_rep03_metadata,3,H3,8,3,24,r08c03f24,Phalloidin-647,WGA-647,ConA-594,DAPI,22,LIN3-0A-b2-s1,4,,P22-24,P22,False,3,P22 LIN3-0A-b2-s1 AG4
20241018_rep03,plate_metadata/20241018_rep03_metadata,3,H3,8,3,25,r08c03f25,Phalloidin-647,WGA-647,ConA-594,DAPI,22,LIN3-0A-b2-s1,4,,P22-24,P22,False,3,P22 LIN3-0A-b2-s1 AG4
20241018_rep03,plate_metadata/20241018_rep03_metadata,3,H3,8,3,26,r08c03f26,Phalloidin-647,WGA-647,ConA-594,DAPI,22,LIN3-0A-b2-s1,4,,P22-24,P22,False,3,P22 LIN3-0A-b2-s1 AG4
20241018_rep03,plate_metadata/20241018_rep03_metadata,3,H3,8,3,27,r08c03f27,Phalloidin-647,WGA-647,ConA-594,DAPI,22,LIN3-0A-b2-s1,4,,P22-24,P22,False,3,P22 LIN3-0A-b2-s1 AG4
20241018_rep03,plate_metadata/20241018_rep03_metadata,3,H3,8,3,28,r08c03f28,Phalloidin-647,WGA-647,ConA-594,DAPI,22,LIN3-0A-b2-s1,4,,P22-24,P22,False,3,P22 LIN3-0A-b2-s1 AG4
20241018_rep03,plate_metadata/20241018_rep03_metadata,3,H3,8,3,29,r08c03f29,Phalloidin-647,WGA-647,ConA-594,DAPI,22,LIN3-0A-b2-s1,4,,P22-24,P22,False,3,P22 LIN3-0A-b2-s1 AG4
20241018_rep03,plate_metadata/20241018_rep03_metadata,3,H3,8,3,30,r08c03f30,Phalloidin-647,WGA-647,ConA-594,DAPI,22,LIN3-0A-b2-s1,4,,P22-24,P22,False,3,P22 LIN3-0A-b2-s1 AG4
20241018_rep03,plate_metadata/20241018_rep03_metadata,3,H3,8,3,31,r08c03f31,Phalloidin-647,WGA-647,ConA-594,DAPI,22,LIN3-0A-b2-s1,4,,P22-24,P22,False,3,P22 LIN3-0A-b2-s1 AG4
20241018_rep03,plate_metadata/20241018_rep03_metadata,3,H3,8,3,32,r08c03f32,Phalloidin-647,WGA-647,ConA-594,DAPI,22,LIN3-0A-b2-s1,4,,P22-24,P22,False,3,P22 LIN3-0A-b2-s1 AG4
20241018_rep03,plate_metadata/20241018_rep03_metadata,3,H3,8,3,33,r08c03f33,Phalloidin-647,WGA-647,ConA-594,DAPI,22,LIN3-0A-b2-s1,4,,P22-24,P22,False,3,P22 LIN3-0A-b2-s1 AG4
20241018_rep03,plate_metadata/20241018_rep03_metadata,3,H3,8,3,34,r08c03f34,Phalloidin-647,WGA-647,ConA-594,DAPI,22,LIN3-0A-b2-s1,4,,P22-24,P22,False,3,P22 LIN3-0A-b2-s1 AG4
20241018_rep03,plate_metadata/20241018_rep03_metadata,3,H3,8,3,35,r08c03f35,Phalloidin-647,WGA-647,ConA-594,DAPI,22,LIN3-0A-b2-s1,4,,P22-24,P22,False,3,P22 LIN3-0A-b2-s1 AG4
20241018_rep03,plate_metadata/20241018_rep03_metadata,3,H3,8,3,36,r08c03f36,Phalloidin-647,WGA-647,ConA-594,DAPI,22,LIN3-0A-b2-s1,4,,P22-24,P22,False,3,P22 LIN3-0A-b2-s1 AG4
20241018_rep03,plate_metadata/20241018_rep03_metadata,3,H3,8,3,37,r08c03f37,Phalloidin-647,WGA-647,ConA-594,DAPI,22,LIN3-0A-b2-s1,4,,P22-24,P22,False,3,P22 LIN3-0A-b2-s1 AG4
20241018_rep03,plate_metadata/20241018_rep03_metadata,3,H3,8,3,38,r08c03f38,Phalloidin-647,WGA-647,ConA-594,DAPI,22,LIN3-0A-b2-s1,4,,P22-24,P22,False,3,P22 LIN3-0A-b2-s1 AG4
20241018_rep03,plate_metadata/20241018_rep03_metadata,3,H3,8,3,39,r08c03f39,Phalloidin-647,WGA-647,ConA-594,DAPI,22,LIN3-0A-b2-s1,4,,P22-24,P22,False,3,P22 LIN3-0A-b2-s1 AG4
20241018_rep03,plate_metadata/20241018_rep03_metadata,3,H3,8,3,40,r08c03f40,Phalloidin-647,WGA-647,ConA-594,DAPI,22,LIN3-0A-b2-s1,4,,P22-24,P22,False,3,P22 LIN3-0A-b2-s1 AG4
20241018_rep03,plate_metadata/20241018_rep03_metadata,3,H4,8,4,1,r08c04f01,Phalloidin-647,WGA-647,ConA-594,DAPI,20,LIN4-0B-b2A-s1,3,,P19-21,P20,False,4,P20 LIN4-0B-b2A-s1 AG3
20241018_rep03,plate_metadata/20241018_rep03_metadata,3,H4,8,4,2,r08c04f02,Phalloidin-647,WGA-647,ConA-594,DAPI,20,LIN4-0B-b2A-s1,3,,P19-21,P20,False,4,P20 LIN4-0B-b2A-s1 AG3
20241018_rep03,plate_metadata/20241018_rep03_metadata,3,H4,8,4,3,r08c04f03,Phalloidin-647,WGA-647,ConA-594,DAPI,20,LIN4-0B-b2A-s1,3,,P19-21,P20,False,4,P20 LIN4-0B-b2A-s1 AG3
20241018_rep03,plate_metadata/20241018_rep03_metadata,3,H4,8,4,4,r08c04f04,Phalloidin-647,WGA-647,ConA-594,DAPI,20,LIN4-0B-b2A-s1,3,,P19-21,P20,False,4,P20 LIN4-0B-b2A-s1 AG3
20241018_rep03,plate_metadata/20241018_rep03_metadata,3,H4,8,4,5,r08c04f05,Phalloidin-647,WGA-647,ConA-594,DAPI,20,LIN4-0B-b2A-s1,3,,P19-21,P20,False,4,P20 LIN4-0B-b2A-s1 AG3
20241018_rep03,plate_metadata/20241018_rep03_metadata,3,H4,8,4,6,r08c04f06,Phalloidin-647,WGA-647,ConA-594,DAPI,20,LIN4-0B-b2A-s1,3,,P19-21,P20,False,4,P20 LIN4-0B-b2A-s1 AG3
20241018_rep03,plate_metadata/20241018_rep03_metadata,3,H4,8,4,7,r08c04f07,Phalloidin-647,WGA-647,ConA-594,DAPI,20,LIN4-0B-b2A-s1,3,,P19-21,P20,False,4,P20 LIN4-0B-b2A-s1 AG3
20241018_rep03,plate_metadata/20241018_rep03_metadata,3,H4,8,4,8,r08c04f08,Phalloidin-647,WGA-647,ConA-594,DAPI,20,LIN4-0B-b2A-s1,3,,P19-21,P20,False,4,P20 LIN4-0B-b2A-s1 AG3
20241018_rep03,plate_metadata/20241018_rep03_metadata,3,H4,8,4,9,r08c04f09,Phalloidin-647,WGA-647,ConA-594,DAPI,20,LIN4-0B-b2A-s1,3,,P19-21,P20,False,4,P20 LIN4-0B-b2A-s1 AG3
20241018_rep03,plate_metadata/20241018_rep03_metadata,3,H4,8,4,10,r08c04f10,Phalloidin-647,WGA-647,ConA-594,DAPI,20,LIN4-0B-b2A-s1,3,,P19-21,P20,False,4,P20 LIN4-0B-b2A-s1 AG3
20241018_rep03,plate_metadata/20241018_rep03_metadata,3,H4,8,4,11,r08c04f11,Phalloidin-647,WGA-647,ConA-594,DAPI,20,LIN4-0B-b2A-s1,3,,P19-21,P20,False,4,P20 LIN4-0B-b2A-s1 AG3
20241018_rep03,plate_metadata/20241018_rep03_metadata,3,H4,8,4,12,r08c04f12,Phalloidin-647,WGA-647,ConA-594,DAPI,20,LIN4-0B-b2A-s1,3,,P19-21,P20,False,4,P20 LIN4-0B-b2A-s1 AG3
20241018_rep03,plate_metadata/20241018_rep03_metadata,3,H4,8,4,13,r08c04f13,Phalloidin-647,WGA-647,ConA-594,DAPI,20,LIN4-0B-b2A-s1,3,,P19-21,P20,False,4,P20 LIN4-0B-b2A-s1 AG3
20241018_rep03,plate_metadata/20241018_rep03_metadata,3,H4,8,4,14,r08c04f14,Phalloidin-647,WGA-647,ConA-594,DAPI,20,LIN4-0B-b2A-s1,3,,P19-21,P20,False,4,P20 LIN4-0B-b2A-s1 AG3
20241018_rep03,plate_metadata/20241018_rep03_metadata,3,H4,8,4,15,r08c04f15,Phalloidin-647,WGA-647,ConA-594,DAPI,20,LIN4-0B-b2A-s1,3,,P19-21,P20,False,4,P20 LIN4-0B-b2A-s1 AG3
20241018_rep03,plate_metadata/20241018_rep03_metadata,3,H4,8,4,16,r08c04f16,Phalloidin-647,WGA-647,ConA-594,DAPI,20,LIN4-0B-b2A-s1,3,,P19-21,P20,False,4,P20 LIN4-0B-b2A-s1 AG3
20241018_rep03,plate_metadata/20241018_rep03_metadata,3,H4,8,4,17,r08c04f17,Phalloidin-647,WGA-647,ConA-594,DAPI,20,LIN4-0B-b2A-s1,3,,P19-21,P20,False,4,P20 LIN4-0B-b2A-s1 AG3
20241018_rep03,plate_metadata/20241018_rep03_metadata,3,H4,8,4,18,r08c04f18,Phalloidin-647,WGA-647,ConA-594,DAPI,20,LIN4-0B-b2A-s1,3,,P19-21,P20,False,4,P20 LIN4-0B-b2A-s1 AG3
20241018_rep03,plate_metadata/20241018_rep03_metadata,3,H4,8,4,19,r08c04f19,Phalloidin-647,WGA-647,ConA-594,DAPI,20,LIN4-0B-b2A-s1,3,,P19-21,P20,False,4,P20 LIN4-0B-b2A-s1 AG3
20241018_rep03,plate_metadata/20241018_rep03_metadata,3,H4,8,4,20,r08c04f20,Phalloidin-647,WGA-647,ConA-594,DAPI,20,LIN4-0B-b2A-s1,3,,P19-21,P20,False,4,P20 LIN4-0B-b2A-s1 AG3
20241018_rep03,plate_metadata/20241018_rep03_metadata,3,H4,8,4,21,r08c04f21,Phalloidin-647,WGA-647,ConA-594,DAPI,20,LIN4-0B-b2A-s1,3,,P19-21,P20,False,4,P20 LIN4-0B-b2A-s1 AG3
20241018_rep03,plate_metadata/20241018_rep03_metadata,3,H4,8,4,22,r08c04f22,Phalloidin-647,WGA-647,ConA-594,DAPI,20,LIN4-0B-b2A-s1,3,,P19-21,P20,False,4,P20 LIN4-0B-b2A-s1 AG3
20241018_rep03,plate_metadata/20241018_rep03_metadata,3,H4,8,4,23,r08c04f23,Phalloidin-647,WGA-647,ConA-594,DAPI,20,LIN4-0B-b2A-s1,3,,P19-21,P20,False,4,P20 LIN4-0B-b2A-s1 AG3
20241018_rep03,plate_metadata/20241018_rep03_metadata,3,H4,8,4,24,r08c04f24,Phalloidin-647,WGA-647,ConA-594,DAPI,20,LIN4-0B-b2A-s1,3,,P19-21,P20,False,4,P20 LIN4-0B-b2A-s1 AG3
20241018_rep03,plate_metadata/20241018_rep03_metadata,3,H4,8,4,25,r08c04f25,Phalloidin-647,WGA-647,ConA-594,DAPI,20,LIN4-0B-b2A-s1,3,,P19-21,P20,False,4,P20 LIN4-0B-b2A-s1 AG3
20241018_rep03,plate_metadata/20241018_rep03_metadata,3,H4,8,4,26,r08c04f26,Phalloidin-647,WGA-647,ConA-594,DAPI,20,LIN4-0B-b2A-s1,3,,P19-21,P20,False,4,P20 LIN4-0B-b2A-s1 AG3
20241018_rep03,plate_metadata/20241018_rep03_metadata,3,H4,8,4,27,r08c04f27,Phalloidin-647,WGA-647,ConA-594,DAPI,20,LIN4-0B-b2A-s1,3,,P19-21,P20,False,4,P20 LIN4-0B-b2A-s1 AG3
20241018_rep03,plate_metadata/20241018_rep03_metadata,3,H4,8,4,28,r08c04f28,Phalloidin-647,WGA-647,ConA-594,DAPI,20,LIN4-0B-b2A-s1,3,,P19-21,P20,False,4,P20 LIN4-0B-b2A-s1 AG3
20241018_rep03,plate_metadata/20241018_rep03_metadata,3,H4,8,4,29,r08c04f29,Phalloidin-647,WGA-647,ConA-594,DAPI,20,LIN4-0B-b2A-s1,3,,P19-21,P20,False,4,P20 LIN4-0B-b2A-s1 AG3
20241018_rep03,plate_metadata/20241018_rep03_metadata,3,H4,8,4,30,r08c04f30,Phalloidin-647,WGA-647,ConA-594,DAPI,20,LIN4-0B-b2A-s1,3,,P19-21,P20,False,4,P20 LIN4-0B-b2A-s1 AG3
20241018_rep03,plate_metadata/20241018_rep03_metadata,3,H4,8,4,31,r08c04f31,Phalloidin-647,WGA-647,ConA-594,DAPI,20,LIN4-0B-b2A-s1,3,,P19-21,P20,False,4,P20 LIN4-0B-b2A-s1 AG3
20241018_rep03,plate_metadata/20241018_rep03_metadata,3,H4,8,4,32,r08c04f32,Phalloidin-647,WGA-647,ConA-594,DAPI,20,LIN4-0B-b2A-s1,3,,P19-21,P20,False,4,P20 LIN4-0B-b2A-s1 AG3
20241018_rep03,plate_metadata/20241018_rep03_metadata,3,H4,8,4,33,r08c04f33,Phalloidin-647,WGA-647,ConA-594,DAPI,20,LIN4-0B-b2A-s1,3,,P19-21,P20,False,4,P20 LIN4-0B-b2A-s1 AG3
20241018_rep03,plate_metadata/20241018_rep03_metadata,3,H4,8,4,34,r08c04f34,Phalloidin-647,WGA-647,ConA-594,DAPI,20,LIN4-0B-b2A-s1,3,,P19-21,P20,False,4,P20 LIN4-0B-b2A-s1 AG3
20241018_rep03,plate_metadata/20241018_rep03_metadata,3,H4,8,4,35,r08c04f35,Phalloidin-647,WGA-647,ConA-594,DAPI,20,LIN4-0B-b2A-s1,3,,P19-21,P20,False,4,P20 LIN4-0B-b2A-s1 AG3
20241018_rep03,plate_metadata/20241018_rep03_metadata,3,H4,8,4,36,r08c04f36,Phalloidin-647,WGA-647,ConA-594,DAPI,20,LIN4-0B-b2A-s1,3,,P19-21,P20,False,4,P20 LIN4-0B-b2A-s1 AG3
20241018_rep03,plate_metadata/20241018_rep03_metadata,3,H4,8,4,37,r08c04f37,Phalloidin-647,WGA-647,ConA-594,DAPI,20,LIN4-0B-b2A-s1,3,,P19-21,P20,False,4,P20 LIN4-0B-b2A-s1 AG3
20241018_rep03,plate_metadata/20241018_rep03_metadata,3,H4,8,4,38,r08c04f38,Phalloidin-647,WGA-647,ConA-594,DAPI,20,LIN4-0B-b2A-s1,3,,P19-21,P20,False,4,P20 LIN4-0B-b2A-s1 AG3
20241018_rep03,plate_metadata/20241018_rep03_metadata,3,H4,8,4,39,r08c04f39,Phalloidin-647,WGA-647,ConA-594,DAPI,20,LIN4-0B-b2A-s1,3,,P19-21,P20,False,4,P20 LIN4-0B-b2A-s1 AG3
20241018_rep03,plate_metadata/20241018_rep03_metadata,3,H4,8,4,40,r08c04f40,Phalloidin-647,WGA-647,ConA-594,DAPI,20,LIN4-0B-b2A-s1,3,,P19-21,P20,False,4,P20 LIN4-0B-b2A-s1 AG3
20241018_rep03,plate_metadata/20241018_rep03_metadata,3,H5,8,5,1,r08c05f01,Phalloidin-647,WGA-647,ConA-594,DAPI,18,LIN5-0B-b3-s1,2,,P16-18,P18,False,5,P18 LIN5-0B-b3-s1 AG2
20241018_rep03,plate_metadata/20241018_rep03_metadata,3,H5,8,5,2,r08c05f02,Phalloidin-647,WGA-647,ConA-594,DAPI,18,LIN5-0B-b3-s1,2,,P16-18,P18,False,5,P18 LIN5-0B-b3-s1 AG2
20241018_rep03,plate_metadata/20241018_rep03_metadata,3,H5,8,5,3,r08c05f03,Phalloidin-647,WGA-647,ConA-594,DAPI,18,LIN5-0B-b3-s1,2,,P16-18,P18,False,5,P18 LIN5-0B-b3-s1 AG2
20241018_rep03,plate_metadata/20241018_rep03_metadata,3,H5,8,5,4,r08c05f04,Phalloidin-647,WGA-647,ConA-594,DAPI,18,LIN5-0B-b3-s1,2,,P16-18,P18,False,5,P18 LIN5-0B-b3-s1 AG2
20241018_rep03,plate_metadata/20241018_rep03_metadata,3,H5,8,5,5,r08c05f05,Phalloidin-647,WGA-647,ConA-594,DAPI,18,LIN5-0B-b3-s1,2,,P16-18,P18,False,5,P18 LIN5-0B-b3-s1 AG2
20241018_rep03,plate_metadata/20241018_rep03_metadata,3,H5,8,5,6,r08c05f06,Phalloidin-647,WGA-647,ConA-594,DAPI,18,LIN5-0B-b3-s1,2,,P16-18,P18,False,5,P18 LIN5-0B-b3-s1 AG2
20241018_rep03,plate_metadata/20241018_rep03_metadata,3,H5,8,5,7,r08c05f07,Phalloidin-647,WGA-647,ConA-594,DAPI,18,LIN5-0B-b3-s1,2,,P16-18,P18,False,5,P18 LIN5-0B-b3-s1 AG2
20241018_rep03,plate_metadata/20241018_rep03_metadata,3,H5,8,5,8,r08c05f08,Phalloidin-647,WGA-647,ConA-594,DAPI,18,LIN5-0B-b3-s1,2,,P16-18,P18,False,5,P18 LIN5-0B-b3-s1 AG2
20241018_rep03,plate_metadata/20241018_rep03_metadata,3,H5,8,5,9,r08c05f09,Phalloidin-647,WGA-647,ConA-594,DAPI,18,LIN5-0B-b3-s1,2,,P16-18,P18,False,5,P18 LIN5-0B-b3-s1 AG2
20241018_rep03,plate_metadata/20241018_rep03_metadata,3,H5,8,5,10,r08c05f10,Phalloidin-647,WGA-647,ConA-594,DAPI,18,LIN5-0B-b3-s1,2,,P16-18,P18,False,5,P18 LIN5-0B-b3-s1 AG2
20241018_rep03,plate_metadata/20241018_rep03_metadata,3,H5,8,5,11,r08c05f11,Phalloidin-647,WGA-647,ConA-594,DAPI,18,LIN5-0B-b3-s1,2,,P16-18,P18,False,5,P18 LIN5-0B-b3-s1 AG2
20241018_rep03,plate_metadata/20241018_rep03_metadata,3,H5,8,5,12,r08c05f12,Phalloidin-647,WGA-647,ConA-594,DAPI,18,LIN5-0B-b3-s1,2,,P16-18,P18,False,5,P18 LIN5-0B-b3-s1 AG2
20241018_rep03,plate_metadata/20241018_rep03_metadata,3,H5,8,5,13,r08c05f13,Phalloidin-647,WGA-647,ConA-594,DAPI,18,LIN5-0B-b3-s1,2,,P16-18,P18,False,5,P18 LIN5-0B-b3-s1 AG2
20241018_rep03,plate_metadata/20241018_rep03_metadata,3,H5,8,5,14,r08c05f14,Phalloidin-647,WGA-647,ConA-594,DAPI,18,LIN5-0B-b3-s1,2,,P16-18,P18,False,5,P18 LIN5-0B-b3-s1 AG2
20241018_rep03,plate_metadata/20241018_rep03_metadata,3,H5,8,5,15,r08c05f15,Phalloidin-647,WGA-647,ConA-594,DAPI,18,LIN5-0B-b3-s1,2,,P16-18,P18,False,5,P18 LIN5-0B-b3-s1 AG2
20241018_rep03,plate_metadata/20241018_rep03_metadata,3,H5,8,5,16,r08c05f16,Phalloidin-647,WGA-647,ConA-594,DAPI,18,LIN5-0B-b3-s1,2,,P16-18,P18,False,5,P18 LIN5-0B-b3-s1 AG2
20241018_rep03,plate_metadata/20241018_rep03_metadata,3,H5,8,5,17,r08c05f17,Phalloidin-647,WGA-647,ConA-594,DAPI,18,LIN5-0B-b3-s1,2,,P16-18,P18,False,5,P18 LIN5-0B-b3-s1 AG2
20241018_rep03,plate_metadata/20241018_rep03_metadata,3,H5,8,5,18,r08c05f18,Phalloidin-647,WGA-647,ConA-594,DAPI,18,LIN5-0B-b3-s1,2,,P16-18,P18,False,5,P18 LIN5-0B-b3-s1 AG2
20241018_rep03,plate_metadata/20241018_rep03_metadata,3,H5,8,5,19,r08c05f19,Phalloidin-647,WGA-647,ConA-594,DAPI,18,LIN5-0B-b3-s1,2,,P16-18,P18,False,5,P18 LIN5-0B-b3-s1 AG2
20241018_rep03,plate_metadata/20241018_rep03_metadata,3,H5,8,5,20,r08c05f20,Phalloidin-647,WGA-647,ConA-594,DAPI,18,LIN5-0B-b3-s1,2,,P16-18,P18,False,5,P18 LIN5-0B-b3-s1 AG2
20241018_rep03,plate_metadata/20241018_rep03_metadata,3,H5,8,5,21,r08c05f21,Phalloidin-647,WGA-647,ConA-594,DAPI,18,LIN5-0B-b3-s1,2,,P16-18,P18,False,5,P18 LIN5-0B-b3-s1 AG2
20241018_rep03,plate_metadata/20241018_rep03_metadata,3,H5,8,5,22,r08c05f22,Phalloidin-647,WGA-647,ConA-594,DAPI,18,LIN5-0B-b3-s1,2,,P16-18,P18,False,5,P18 LIN5-0B-b3-s1 AG2
20241018_rep03,plate_metadata/20241018_rep03_metadata,3,H5,8,5,23,r08c05f23,Phalloidin-647,WGA-647,ConA-594,DAPI,18,LIN5-0B-b3-s1,2,,P16-18,P18,False,5,P18 LIN5-0B-b3-s1 AG2
20241018_rep03,plate_metadata/20241018_rep03_metadata,3,H5,8,5,24,r08c05f24,Phalloidin-647,WGA-647,ConA-594,DAPI,18,LIN5-0B-b3-s1,2,,P16-18,P18,False,5,P18 LIN5-0B-b3-s1 AG2
20241018_rep03,plate_metadata/20241018_rep03_metadata,3,H5,8,5,25,r08c05f25,Phalloidin-647,WGA-647,ConA-594,DAPI,18,LIN5-0B-b3-s1,2,,P16-18,P18,False,5,P18 LIN5-0B-b3-s1 AG2
20241018_rep03,plate_metadata/20241018_rep03_metadata,3,H5,8,5,26,r08c05f26,Phalloidin-647,WGA-647,ConA-594,DAPI,18,LIN5-0B-b3-s1,2,,P16-18,P18,False,5,P18 LIN5-0B-b3-s1 AG2
20241018_rep03,plate_metadata/20241018_rep03_metadata,3,H5,8,5,27,r08c05f27,Phalloidin-647,WGA-647,ConA-594,DAPI,18,LIN5-0B-b3-s1,2,,P16-18,P18,False,5,P18 LIN5-0B-b3-s1 AG2
20241018_rep03,plate_metadata/20241018_rep03_metadata,3,H5,8,5,28,r08c05f28,Phalloidin-647,WGA-647,ConA-594,DAPI,18,LIN5-0B-b3-s1,2,,P16-18,P18,False,5,P18 LIN5-0B-b3-s1 AG2
20241018_rep03,plate_metadata/20241018_rep03_metadata,3,H5,8,5,29,r08c05f29,Phalloidin-647,WGA-647,ConA-594,DAPI,18,LIN5-0B-b3-s1,2,,P16-18,P18,False,5,P18 LIN5-0B-b3-s1 AG2
20241018_rep03,plate_metadata/20241018_rep03_metadata,3,H5,8,5,30,r08c05f30,Phalloidin-647,WGA-647,ConA-594,DAPI,18,LIN5-0B-b3-s1,2,,P16-18,P18,False,5,P18 LIN5-0B-b3-s1 AG2
20241018_rep03,plate_metadata/20241018_rep03_metadata,3,H5,8,5,31,r08c05f31,Phalloidin-647,WGA-647,ConA-594,DAPI,18,LIN5-0B-b3-s1,2,,P16-18,P18,False,5,P18 LIN5-0B-b3-s1 AG2
20241018_rep03,plate_metadata/20241018_rep03_metadata,3,H5,8,5,32,r08c05f32,Phalloidin-647,WGA-647,ConA-594,DAPI,18,LIN5-0B-b3-s1,2,,P16-18,P18,False,5,P18 LIN5-0B-b3-s1 AG2
20241018_rep03,plate_metadata/20241018_rep03_metadata,3,H5,8,5,33,r08c05f33,Phalloidin-647,WGA-647,ConA-594,DAPI,18,LIN5-0B-b3-s1,2,,P16-18,P18,False,5,P18 LIN5-0B-b3-s1 AG2
20241018_rep03,plate_metadata/20241018_rep03_metadata,3,H5,8,5,34,r08c05f34,Phalloidin-647,WGA-647,ConA-594,DAPI,18,LIN5-0B-b3-s1,2,,P16-18,P18,False,5,P18 LIN5-0B-b3-s1 AG2
20241018_rep03,plate_metadata/20241018_rep03_metadata,3,H5,8,5,35,r08c05f35,Phalloidin-647,WGA-647,ConA-594,DAPI,18,LIN5-0B-b3-s1,2,,P16-18,P18,False,5,P18 LIN5-0B-b3-s1 AG2
20241018_rep03,plate_metadata/20241018_rep03_metadata,3,H5,8,5,36,r08c05f36,Phalloidin-647,WGA-647,ConA-594,DAPI,18,LIN5-0B-b3-s1,2,,P16-18,P18,False,5,P18 LIN5-0B-b3-s1 AG2
20241018_rep03,plate_metadata/20241018_rep03_metadata,3,H5,8,5,37,r08c05f37,Phalloidin-647,WGA-647,ConA-594,DAPI,18,LIN5-0B-b3-s1,2,,P16-18,P18,False,5,P18 LIN5-0B-b3-s1 AG2
20241018_rep03,plate_metadata/20241018_rep03_metadata,3,H5,8,5,38,r08c05f38,Phalloidin-647,WGA-647,ConA-594,DAPI,18,LIN5-0B-b3-s1,2,,P16-18,P18,False,5,P18 LIN5-0B-b3-s1 AG2
20241018_rep03,plate_metadata/20241018_rep03_metadata,3,H5,8,5,39,r08c05f39,Phalloidin-647,WGA-647,ConA-594,DAPI,18,LIN5-0B-b3-s1,2,,P16-18,P18,False,5,P18 LIN5-0B-b3-s1 AG2
20241018_rep03,plate_metadata/20241018_rep03_metadata,3,H5,8,5,40,r08c05f40,Phalloidin-647,WGA-647,ConA-594,DAPI,18,LIN5-0B-b3-s1,2,,P16-18,P18,False,5,P18 LIN5-0B-b3-s1 AG2
20241018_rep03,plate_metadata/20241018_rep03_metadata,3,H6,8,6,1,r08c06f01,Phalloidin-647,WGA-647,ConA-594,DAPI,16,LIN6-0C-b1-s1,1,,P16-18,P16,False,6,P16 LIN6-0C-b1-s1 AG1
20241018_rep03,plate_metadata/20241018_rep03_metadata,3,H6,8,6,2,r08c06f02,Phalloidin-647,WGA-647,ConA-594,DAPI,16,LIN6-0C-b1-s1,1,,P16-18,P16,False,6,P16 LIN6-0C-b1-s1 AG1
20241018_rep03,plate_metadata/20241018_rep03_metadata,3,H6,8,6,3,r08c06f03,Phalloidin-647,WGA-647,ConA-594,DAPI,16,LIN6-0C-b1-s1,1,,P16-18,P16,False,6,P16 LIN6-0C-b1-s1 AG1
20241018_rep03,plate_metadata/20241018_rep03_metadata,3,H6,8,6,4,r08c06f04,Phalloidin-647,WGA-647,ConA-594,DAPI,16,LIN6-0C-b1-s1,1,,P16-18,P16,False,6,P16 LIN6-0C-b1-s1 AG1
20241018_rep03,plate_metadata/20241018_rep03_metadata,3,H6,8,6,5,r08c06f05,Phalloidin-647,WGA-647,ConA-594,DAPI,16,LIN6-0C-b1-s1,1,,P16-18,P16,False,6,P16 LIN6-0C-b1-s1 AG1
20241018_rep03,plate_metadata/20241018_rep03_metadata,3,H6,8,6,6,r08c06f06,Phalloidin-647,WGA-647,ConA-594,DAPI,16,LIN6-0C-b1-s1,1,,P16-18,P16,False,6,P16 LIN6-0C-b1-s1 AG1
20241018_rep03,plate_metadata/20241018_rep03_metadata,3,H6,8,6,7,r08c06f07,Phalloidin-647,WGA-647,ConA-594,DAPI,16,LIN6-0C-b1-s1,1,,P16-18,P16,False,6,P16 LIN6-0C-b1-s1 AG1
20241018_rep03,plate_metadata/20241018_rep03_metadata,3,H6,8,6,8,r08c06f08,Phalloidin-647,WGA-647,ConA-594,DAPI,16,LIN6-0C-b1-s1,1,,P16-18,P16,False,6,P16 LIN6-0C-b1-s1 AG1
20241018_rep03,plate_metadata/20241018_rep03_metadata,3,H6,8,6,9,r08c06f09,Phalloidin-647,WGA-647,ConA-594,DAPI,16,LIN6-0C-b1-s1,1,,P16-18,P16,False,6,P16 LIN6-0C-b1-s1 AG1
20241018_rep03,plate_metadata/20241018_rep03_metadata,3,H6,8,6,10,r08c06f10,Phalloidin-647,WGA-647,ConA-594,DAPI,16,LIN6-0C-b1-s1,1,,P16-18,P16,False,6,P16 LIN6-0C-b1-s1 AG1
20241018_rep03,plate_metadata/20241018_rep03_metadata,3,H6,8,6,11,r08c06f11,Phalloidin-647,WGA-647,ConA-594,DAPI,16,LIN6-0C-b1-s1,1,,P16-18,P16,False,6,P16 LIN6-0C-b1-s1 AG1
20241018_rep03,plate_metadata/20241018_rep03_metadata,3,H6,8,6,12,r08c06f12,Phalloidin-647,WGA-647,ConA-594,DAPI,16,LIN6-0C-b1-s1,1,,P16-18,P16,False,6,P16 LIN6-0C-b1-s1 AG1
20241018_rep03,plate_metadata/20241018_rep03_metadata,3,H6,8,6,13,r08c06f13,Phalloidin-647,WGA-647,ConA-594,DAPI,16,LIN6-0C-b1-s1,1,,P16-18,P16,False,6,P16 LIN6-0C-b1-s1 AG1
20241018_rep03,plate_metadata/20241018_rep03_metadata,3,H6,8,6,14,r08c06f14,Phalloidin-647,WGA-647,ConA-594,DAPI,16,LIN6-0C-b1-s1,1,,P16-18,P16,False,6,P16 LIN6-0C-b1-s1 AG1
20241018_rep03,plate_metadata/20241018_rep03_metadata,3,H6,8,6,15,r08c06f15,Phalloidin-647,WGA-647,ConA-594,DAPI,16,LIN6-0C-b1-s1,1,,P16-18,P16,False,6,P16 LIN6-0C-b1-s1 AG1
20241018_rep03,plate_metadata/20241018_rep03_metadata,3,H6,8,6,16,r08c06f16,Phalloidin-647,WGA-647,ConA-594,DAPI,16,LIN6-0C-b1-s1,1,,P16-18,P16,False,6,P16 LIN6-0C-b1-s1 AG1
20241018_rep03,plate_metadata/20241018_rep03_metadata,3,H6,8,6,17,r08c06f17,Phalloidin-647,WGA-647,ConA-594,DAPI,16,LIN6-0C-b1-s1,1,,P16-18,P16,False,6,P16 LIN6-0C-b1-s1 AG1
20241018_rep03,plate_metadata/20241018_rep03_metadata,3,H6,8,6,18,r08c06f18,Phalloidin-647,WGA-647,ConA-594,DAPI,16,LIN6-0C-b1-s1,1,,P16-18,P16,False,6,P16 LIN6-0C-b1-s1 AG1
20241018_rep03,plate_metadata/20241018_rep03_metadata,3,H6,8,6,19,r08c06f19,Phalloidin-647,WGA-647,ConA-594,DAPI,16,LIN6-0C-b1-s1,1,,P16-18,P16,False,6,P16 LIN6-0C-b1-s1 AG1
20241018_rep03,plate_metadata/20241018_rep03_metadata,3,H6,8,6,20,r08c06f20,Phalloidin-647,WGA-647,ConA-594,DAPI,16,LIN6-0C-b1-s1,1,,P16-18,P16,False,6,P16 LIN6-0C-b1-s1 AG1
20241018_rep03,plate_metadata/20241018_rep03_metadata,3,H6,8,6,21,r08c06f21,Phalloidin-647,WGA-647,ConA-594,DAPI,16,LIN6-0C-b1-s1,1,,P16-18,P16,False,6,P16 LIN6-0C-b1-s1 AG1
20241018_rep03,plate_metadata/20241018_rep03_metadata,3,H6,8,6,22,r08c06f22,Phalloidin-647,WGA-647,ConA-594,DAPI,16,LIN6-0C-b1-s1,1,,P16-18,P16,False,6,P16 LIN6-0C-b1-s1 AG1
20241018_rep03,plate_metadata/20241018_rep03_metadata,3,H6,8,6,23,r08c06f23,Phalloidin-647,WGA-647,ConA-594,DAPI,16,LIN6-0C-b1-s1,1,,P16-18,P16,False,6,P16 LIN6-0C-b1-s1 AG1
20241018_rep03,plate_metadata/20241018_rep03_metadata,3,H6,8,6,24,r08c06f24,Phalloidin-647,WGA-647,ConA-594,DAPI,16,LIN6-0C-b1-s1,1,,P16-18,P16,False,6,P16 LIN6-0C-b1-s1 AG1
20241018_rep03,plate_metadata/20241018_rep03_metadata,3,H6,8,6,25,r08c06f25,Phalloidin-647,WGA-647,ConA-594,DAPI,16,LIN6-0C-b1-s1,1,,P16-18,P16,False,6,P16 LIN6-0C-b1-s1 AG1
20241018_rep03,plate_metadata/20241018_rep03_metadata,3,H6,8,6,26,r08c06f26,Phalloidin-647,WGA-647,ConA-594,DAPI,16,LIN6-0C-b1-s1,1,,P16-18,P16,False,6,P16 LIN6-0C-b1-s1 AG1
20241018_rep03,plate_metadata/20241018_rep03_metadata,3,H6,8,6,27,r08c06f27,Phalloidin-647,WGA-647,ConA-594,DAPI,16,LIN6-0C-b1-s1,1,,P16-18,P16,False,6,P16 LIN6-0C-b1-s1 AG1
20241018_rep03,plate_metadata/20241018_rep03_metadata,3,H6,8,6,28,r08c06f28,Phalloidin-647,WGA-647,ConA-594,DAPI,16,LIN6-0C-b1-s1,1,,P16-18,P16,False,6,P16 LIN6-0C-b1-s1 AG1
20241018_rep03,plate_metadata/20241018_rep03_metadata,3,H6,8,6,29,r08c06f29,Phalloidin-647,WGA-647,ConA-594,DAPI,16,LIN6-0C-b1-s1,1,,P16-18,P16,False,6,P16 LIN6-0C-b1-s1 AG1
20241018_rep03,plate_metadata/20241018_rep03_metadata,3,H6,8,6,30,r08c06f30,Phalloidin-647,WGA-647,ConA-594,DAPI,16,LIN6-0C-b1-s1,1,,P16-18,P16,False,6,P16 LIN6-0C-b1-s1 AG1
20241018_rep03,plate_metadata/20241018_rep03_metadata,3,H6,8,6,31,r08c06f31,Phalloidin-647,WGA-647,ConA-594,DAPI,16,LIN6-0C-b1-s1,1,,P16-18,P16,False,6,P16 LIN6-0C-b1-s1 AG1
20241018_rep03,plate_metadata/20241018_rep03_metadata,3,H6,8,6,32,r08c06f32,Phalloidin-647,WGA-647,ConA-594,DAPI,16,LIN6-0C-b1-s1,1,,P16-18,P16,False,6,P16 LIN6-0C-b1-s1 AG1
20241018_rep03,plate_metadata/20241018_rep03_metadata,3,H6,8,6,33,r08c06f33,Phalloidin-647,WGA-647,ConA-594,DAPI,16,LIN6-0C-b1-s1,1,,P16-18,P16,False,6,P16 LIN6-0C-b1-s1 AG1
20241018_rep03,plate_metadata/20241018_rep03_metadata,3,H6,8,6,34,r08c06f34,Phalloidin-647,WGA-647,ConA-594,DAPI,16,LIN6-0C-b1-s1,1,,P16-18,P16,False,6,P16 LIN6-0C-b1-s1 AG1
20241018_rep03,plate_metadata/20241018_rep03_metadata,3,H6,8,6,35,r08c06f35,Phalloidin-647,WGA-647,ConA-594,DAPI,16,LIN6-0C-b1-s1,1,,P16-18,P16,False,6,P16 LIN6-0C-b1-s1 AG1
20241018_rep03,plate_metadata/20241018_rep03_metadata,3,H6,8,6,36,r08c06f36,Phalloidin-647,WGA-647,ConA-594,DAPI,16,LIN6-0C-b1-s1,1,,P16-18,P16,False,6,P16 LIN6-0C-b1-s1 AG1
20241018_rep03,plate_metadata/20241018_rep03_metadata,3,H6,8,6,37,r08c06f37,Phalloidin-647,WGA-647,ConA-594,DAPI,16,LIN6-0C-b1-s1,1,,P16-18,P16,False,6,P16 LIN6-0C-b1-s1 AG1
20241018_rep03,plate_metadata/20241018_rep03_metadata,3,H6,8,6,38,r08c06f38,Phalloidin-647,WGA-647,ConA-594,DAPI,16,LIN6-0C-b1-s1,1,,P16-18,P16,False,6,P16 LIN6-0C-b1-s1 AG1
20241018_rep03,plate_metadata/20241018_rep03_metadata,3,H6,8,6,39,r08c06f39,Phalloidin-647,WGA-647,ConA-594,DAPI,16,LIN6-0C-b1-s1,1,,P16-18,P16,False,6,P16 LIN6-0C-b1-s1 AG1
20241018_rep03,plate_metadata/20241018_rep03_metadata,3,H6,8,6,40,r08c06f40,Phalloidin-647,WGA-647,ConA-594,DAPI,16,LIN6-0C-b1-s1,1,,P16-18,P16,False,6,P16 LIN6-0C-b1-s1 AG1
20241018_rep03,plate_metadata/20241018_rep03_metadata,3,H7,8,7,1,r08c07f01,Phalloidin-647,WGA-647,ConA-594,DAPI,13,LIN7-0C-b3,0,,P13-15,P13,False,7,P13 LIN7-0C-b3 AG0
20241018_rep03,plate_metadata/20241018_rep03_metadata,3,H7,8,7,2,r08c07f02,Phalloidin-647,WGA-647,ConA-594,DAPI,13,LIN7-0C-b3,0,,P13-15,P13,False,7,P13 LIN7-0C-b3 AG0
20241018_rep03,plate_metadata/20241018_rep03_metadata,3,H7,8,7,3,r08c07f03,Phalloidin-647,WGA-647,ConA-594,DAPI,13,LIN7-0C-b3,0,,P13-15,P13,False,7,P13 LIN7-0C-b3 AG0
20241018_rep03,plate_metadata/20241018_rep03_metadata,3,H7,8,7,4,r08c07f04,Phalloidin-647,WGA-647,ConA-594,DAPI,13,LIN7-0C-b3,0,,P13-15,P13,False,7,P13 LIN7-0C-b3 AG0
20241018_rep03,plate_metadata/20241018_rep03_metadata,3,H7,8,7,5,r08c07f05,Phalloidin-647,WGA-647,ConA-594,DAPI,13,LIN7-0C-b3,0,,P13-15,P13,False,7,P13 LIN7-0C-b3 AG0
20241018_rep03,plate_metadata/20241018_rep03_metadata,3,H7,8,7,6,r08c07f06,Phalloidin-647,WGA-647,ConA-594,DAPI,13,LIN7-0C-b3,0,,P13-15,P13,False,7,P13 LIN7-0C-b3 AG0
20241018_rep03,plate_metadata/20241018_rep03_metadata,3,H7,8,7,7,r08c07f07,Phalloidin-647,WGA-647,ConA-594,DAPI,13,LIN7-0C-b3,0,,P13-15,P13,False,7,P13 LIN7-0C-b3 AG0
20241018_rep03,plate_metadata/20241018_rep03_metadata,3,H7,8,7,8,r08c07f08,Phalloidin-647,WGA-647,ConA-594,DAPI,13,LIN7-0C-b3,0,,P13-15,P13,False,7,P13 LIN7-0C-b3 AG0
20241018_rep03,plate_metadata/20241018_rep03_metadata,3,H7,8,7,9,r08c07f09,Phalloidin-647,WGA-647,ConA-594,DAPI,13,LIN7-0C-b3,0,,P13-15,P13,False,7,P13 LIN7-0C-b3 AG0
20241018_rep03,plate_metadata/20241018_rep03_metadata,3,H7,8,7,10,r08c07f10,Phalloidin-647,WGA-647,ConA-594,DAPI,13,LIN7-0C-b3,0,,P13-15,P13,False,7,P13 LIN7-0C-b3 AG0
20241018_rep03,plate_metadata/20241018_rep03_metadata,3,H7,8,7,11,r08c07f11,Phalloidin-647,WGA-647,ConA-594,DAPI,13,LIN7-0C-b3,0,,P13-15,P13,False,7,P13 LIN7-0C-b3 AG0
20241018_rep03,plate_metadata/20241018_rep03_metadata,3,H7,8,7,12,r08c07f12,Phalloidin-647,WGA-647,ConA-594,DAPI,13,LIN7-0C-b3,0,,P13-15,P13,False,7,P13 LIN7-0C-b3 AG0
20241018_rep03,plate_metadata/20241018_rep03_metadata,3,H7,8,7,13,r08c07f13,Phalloidin-647,WGA-647,ConA-594,DAPI,13,LIN7-0C-b3,0,,P13-15,P13,False,7,P13 LIN7-0C-b3 AG0
20241018_rep03,plate_metadata/20241018_rep03_metadata,3,H7,8,7,14,r08c07f14,Phalloidin-647,WGA-647,ConA-594,DAPI,13,LIN7-0C-b3,0,,P13-15,P13,False,7,P13 LIN7-0C-b3 AG0
20241018_rep03,plate_metadata/20241018_rep03_metadata,3,H7,8,7,15,r08c07f15,Phalloidin-647,WGA-647,ConA-594,DAPI,13,LIN7-0C-b3,0,,P13-15,P13,False,7,P13 LIN7-0C-b3 AG0
20241018_rep03,plate_metadata/20241018_rep03_metadata,3,H7,8,7,16,r08c07f16,Phalloidin-647,WGA-647,ConA-594,DAPI,13,LIN7-0C-b3,0,,P13-15,P13,False,7,P13 LIN7-0C-b3 AG0
20241018_rep03,plate_metadata/20241018_rep03_metadata,3,H7,8,7,17,r08c07f17,Phalloidin-647,WGA-647,ConA-594,DAPI,13,LIN7-0C-b3,0,,P13-15,P13,False,7,P13 LIN7-0C-b3 AG0
20241018_rep03,plate_metadata/20241018_rep03_metadata,3,H7,8,7,18,r08c07f18,Phalloidin-647,WGA-647,ConA-594,DAPI,13,LIN7-0C-b3,0,,P13-15,P13,False,7,P13 LIN7-0C-b3 AG0
20241018_rep03,plate_metadata/20241018_rep03_metadata,3,H7,8,7,19,r08c07f19,Phalloidin-647,WGA-647,ConA-594,DAPI,13,LIN7-0C-b3,0,,P13-15,P13,False,7,P13 LIN7-0C-b3 AG0
20241018_rep03,plate_metadata/20241018_rep03_metadata,3,H7,8,7,20,r08c07f20,Phalloidin-647,WGA-647,ConA-594,DAPI,13,LIN7-0C-b3,0,,P13-15,P13,False,7,P13 LIN7-0C-b3 AG0
20241018_rep03,plate_metadata/20241018_rep03_metadata,3,H7,8,7,21,r08c07f21,Phalloidin-647,WGA-647,ConA-594,DAPI,13,LIN7-0C-b3,0,,P13-15,P13,False,7,P13 LIN7-0C-b3 AG0
20241018_rep03,plate_metadata/20241018_rep03_metadata,3,H7,8,7,22,r08c07f22,Phalloidin-647,WGA-647,ConA-594,DAPI,13,LIN7-0C-b3,0,,P13-15,P13,False,7,P13 LIN7-0C-b3 AG0
20241018_rep03,plate_metadata/20241018_rep03_metadata,3,H7,8,7,23,r08c07f23,Phalloidin-647,WGA-647,ConA-594,DAPI,13,LIN7-0C-b3,0,,P13-15,P13,False,7,P13 LIN7-0C-b3 AG0
20241018_rep03,plate_metadata/20241018_rep03_metadata,3,H7,8,7,24,r08c07f24,Phalloidin-647,WGA-647,ConA-594,DAPI,13,LIN7-0C-b3,0,,P13-15,P13,False,7,P13 LIN7-0C-b3 AG0
20241018_rep03,plate_metadata/20241018_rep03_metadata,3,H7,8,7,25,r08c07f25,Phalloidin-647,WGA-647,ConA-594,DAPI,13,LIN7-0C-b3,0,,P13-15,P13,False,7,P13 LIN7-0C-b3 AG0
20241018_rep03,plate_metadata/20241018_rep03_metadata,3,H7,8,7,26,r08c07f26,Phalloidin-647,WGA-647,ConA-594,DAPI,13,LIN7-0C-b3,0,,P13-15,P13,False,7,P13 LIN7-0C-b3 AG0
20241018_rep03,plate_metadata/20241018_rep03_metadata,3,H7,8,7,27,r08c07f27,Phalloidin-647,WGA-647,ConA-594,DAPI,13,LIN7-0C-b3,0,,P13-15,P13,False,7,P13 LIN7-0C-b3 AG0
20241018_rep03,plate_metadata/20241018_rep03_metadata,3,H7,8,7,28,r08c07f28,Phalloidin-647,WGA-647,ConA-594,DAPI,13,LIN7-0C-b3,0,,P13-15,P13,False,7,P13 LIN7-0C-b3 AG0
20241018_rep03,plate_metadata/20241018_rep03_metadata,3,H7,8,7,29,r08c07f29,Phalloidin-647,WGA-647,ConA-594,DAPI,13,LIN7-0C-b3,0,,P13-15,P13,False,7,P13 LIN7-0C-b3 AG0
20241018_rep03,plate_metadata/20241018_rep03_metadata,3,H7,8,7,30,r08c07f30,Phalloidin-647,WGA-647,ConA-594,DAPI,13,LIN7-0C-b3,0,,P13-15,P13,False,7,P13 LIN7-0C-b3 AG0
20241018_rep03,plate_metadata/20241018_rep03_metadata,3,H7,8,7,31,r08c07f31,Phalloidin-647,WGA-647,ConA-594,DAPI,13,LIN7-0C-b3,0,,P13-15,P13,False,7,P13 LIN7-0C-b3 AG0
20241018_rep03,plate_metadata/20241018_rep03_metadata,3,H7,8,7,32,r08c07f32,Phalloidin-647,WGA-647,ConA-594,DAPI,13,LIN7-0C-b3,0,,P13-15,P13,False,7,P13 LIN7-0C-b3 AG0
20241018_rep03,plate_metadata/20241018_rep03_metadata,3,H7,8,7,33,r08c07f33,Phalloidin-647,WGA-647,ConA-594,DAPI,13,LIN7-0C-b3,0,,P13-15,P13,False,7,P13 LIN7-0C-b3 AG0
20241018_rep03,plate_metadata/20241018_rep03_metadata,3,H7,8,7,34,r08c07f34,Phalloidin-647,WGA-647,ConA-594,DAPI,13,LIN7-0C-b3,0,,P13-15,P13,False,7,P13 LIN7-0C-b3 AG0
20241018_rep03,plate_metadata/20241018_rep03_metadata,3,H7,8,7,35,r08c07f35,Phalloidin-647,WGA-647,ConA-594,DAPI,13,LIN7-0C-b3,0,,P13-15,P13,False,7,P13 LIN7-0C-b3 AG0
20241018_rep03,plate_metadata/20241018_rep03_metadata,3,H7,8,7,36,r08c07f36,Phalloidin-647,WGA-647,ConA-594,DAPI,13,LIN7-0C-b3,0,,P13-15,P13,False,7,P13 LIN7-0C-b3 AG0
20241018_rep03,plate_metadata/20241018_rep03_metadata,3,H7,8,7,37,r08c07f37,Phalloidin-647,WGA-647,ConA-594,DAPI,13,LIN7-0C-b3,0,,P13-15,P13,False,7,P13 LIN7-0C-b3 AG0
20241018_rep03,plate_metadata/20241018_rep03_metadata,3,H7,8,7,38,r08c07f38,Phalloidin-647,WGA-647,ConA-594,DAPI,13,LIN7-0C-b3,0,,P13-15,P13,False,7,P13 LIN7-0C-b3 AG0
20241018_rep03,plate_metadata/20241018_rep03_metadata,3,H7,8,7,39,r08c07f39,Phalloidin-647,WGA-647,ConA-594,DAPI,13,LIN7-0C-b3,0,,P13-15,P13,False,7,P13 LIN7-0C-b3 AG0
20241018_rep03,plate_metadata/20241018_rep03_metadata,3,H7,8,7,40,r08c07f40,Phalloidin-647,WGA-647,ConA-594,DAPI,13,LIN7-0C-b3,0,,P13-15,P13,False,7,P13 LIN7-0C-b3 AG0
