,filter_type,columns,rows_initial,rows_removed,threshold,rows,PlateNumber,AllGroups
Initial_Dataset,Initial Dataset,3045,3068,0,"None,None",,Plate 1,P6-12
Number_of_Mitochondria_Filter,Min Number of Mitochondria Filter,3045,3068,0,min_compartments=0,3068.0,Plate 1,P6-12
Number_of_Lysosomes_Filter,Min Number of Lysosomes Filter,3045,3068,0,min_compartments=0,3068.0,Plate 1,P6-12
AreaShape_Area_Filter_Bottom,Cell Size Filter Bottom Band,3045,3068,29,Bottom threshold: 14673.4,3039.0,Plate 1,P6-12
AreaShape_Area_Filter_Top,Cell Size Filter Top Band,3045,3068,0,Top threshold: 1154459.7999999977,3039.0,Plate 1,P6-12
Nuclei_AreaShape_Area_Filter_Bottom,Nuclear Size Filter Bottom Band,3045,3068,29,Bottom threshold: 7067.3,3039.0,Plate 1,P6-12
Nuclei_AreaShape_Area_Filter_Top,Nuclear Size Filter Top Band,3045,3068,0,Top threshold: 89616.59999999995,3039.0,Plate 1,P6-12
Cell_Nuclei_Area_Ratio_Filter_Bottom,Cell:Nuclear Area Ratio Filter Bottom Band,3045,3068,58,Bottom threshold: 1.6164851817503756,3010.0,Plate 1,P6-12
Cell_Nuclei_Area_Ratio_Filter_Top,Cell:Nuclear Area Ratio Filter Top Band,3045,3068,58,Top threshold: 22.160058147992746,3010.0,Plate 1,P6-12
Nuclei_Intensity_MedianIntensity_DAPI_MAX_WellNormalized_Filter_Bottom,Nuclei Intensity MedianIntensity DAPI MAX WellNormalized Filter Bottom Band,3045,3068,1,Bottom threshold: 0.017490560535990362,3067.0,Plate 1,P6-12
Nuclei_Intensity_MedianIntensity_DAPI_MAX_WellNormalized_Filter_Top,Nuclei Intensity MedianIntensity DAPI MAX WellNormalized Filter Top Band,3045,3068,5,Top threshold: 2.5,3063.0,Plate 1,P6-12
Cell_Neighbours_Filter,First Closest Neighbour distance < 0.025th percentile (97.5th closest distance) or == 0 (no neighbours),3045,3068,62,Min closest neighbour distance: 134.65146537199365,3006.0,Plate 1,P6-12
Cell_Neighbours_PercentTouchingOnlyFilter,Percent of Cell Touching Neighbours < 97.5th Percentile,3045,3068,3068,Max Percent Touching: 0.0,0.0,Plate 1,P6-12
Cell_Neighbours_NumberOfOnlyFilter,Number Of Neighbours < 97.5th Percentile,3045,3068,3068,Max Number Of Neighbours: 0.0,0.0,Plate 1,P6-12
Nuc_Neighbours_Filter,Number Of Nuclei Neighbours < 97.5th Percentile,3045,3068,0,Max Number Of Nuclei Neighbours: 0.0,3068.0,Plate 1,P6-12
Initial_Dataset,Initial Dataset,3045,1495,0,"None,None",,Plate 2,P6-12
Number_of_Mitochondria_Filter,Min Number of Mitochondria Filter,3045,1495,0,min_compartments=0,1495.0,Plate 2,P6-12
Number_of_Lysosomes_Filter,Min Number of Lysosomes Filter,3045,1495,0,min_compartments=0,1495.0,Plate 2,P6-12
AreaShape_Area_Filter_Bottom,Cell Size Filter Bottom Band,3045,1495,1,Bottom threshold: 14673.4,1494.0,Plate 2,P6-12
AreaShape_Area_Filter_Top,Cell Size Filter Top Band,3045,1495,0,Top threshold: 1154459.7999999977,1494.0,Plate 2,P6-12
Nuclei_AreaShape_Area_Filter_Bottom,Nuclear Size Filter Bottom Band,3045,1495,3,Bottom threshold: 7067.3,1492.0,Plate 2,P6-12
Nuclei_AreaShape_Area_Filter_Top,Nuclear Size Filter Top Band,3045,1495,0,Top threshold: 89616.59999999995,1492.0,Plate 2,P6-12
Cell_Nuclei_Area_Ratio_Filter_Bottom,Cell:Nuclear Area Ratio Filter Bottom Band,3045,1495,8,Bottom threshold: 1.6164851817503756,1487.0,Plate 2,P6-12
Cell_Nuclei_Area_Ratio_Filter_Top,Cell:Nuclear Area Ratio Filter Top Band,3045,1495,9,Top threshold: 22.160058147992746,1486.0,Plate 2,P6-12
Nuclei_Intensity_MedianIntensity_DAPI_MAX_WellNormalized_Filter_Bottom,Nuclei Intensity MedianIntensity DAPI MAX WellNormalized Filter Bottom Band,3045,1495,1,Bottom threshold: 0.02953807865024872,1494.0,Plate 2,P6-12
Nuclei_Intensity_MedianIntensity_DAPI_MAX_WellNormalized_Filter_Top,Nuclei Intensity MedianIntensity DAPI MAX WellNormalized Filter Top Band,3045,1495,1,Top threshold: 2.5,1494.0,Plate 2,P6-12
Cell_Neighbours_Filter,First Closest Neighbour distance < 0.025th percentile (97.5th closest distance) or == 0 (no neighbours),3045,1495,8,Min closest neighbour distance: 134.65146537199365,1487.0,Plate 2,P6-12
Cell_Neighbours_PercentTouchingOnlyFilter,Percent of Cell Touching Neighbours < 97.5th Percentile,3045,1495,1495,Max Percent Touching: 0.0,0.0,Plate 2,P6-12
Cell_Neighbours_NumberOfOnlyFilter,Number Of Neighbours < 97.5th Percentile,3045,1495,1495,Max Number Of Neighbours: 0.0,0.0,Plate 2,P6-12
Nuc_Neighbours_Filter,Number Of Nuclei Neighbours < 97.5th Percentile,3045,1495,0,Max Number Of Nuclei Neighbours: 0.0,1495.0,Plate 2,P6-12
Initial_Dataset,Initial Dataset,3045,0,0,"None,None",,Plate 3,P6-12
Number_of_Mitochondria_Filter,Min Number of Mitochondria Filter,3045,0,0,min_compartments=0,0.0,Plate 3,P6-12
Number_of_Lysosomes_Filter,Min Number of Lysosomes Filter,3045,0,0,min_compartments=0,0.0,Plate 3,P6-12
AreaShape_Area_Filter_Bottom,Cell Size Filter Bottom Band,3045,0,0,Bottom threshold: 14673.4,0.0,Plate 3,P6-12
AreaShape_Area_Filter_Top,Cell Size Filter Top Band,3045,0,0,Top threshold: 1154459.7999999977,0.0,Plate 3,P6-12
Nuclei_AreaShape_Area_Filter_Bottom,Nuclear Size Filter Bottom Band,3045,0,0,Bottom threshold: 7067.3,0.0,Plate 3,P6-12
Nuclei_AreaShape_Area_Filter_Top,Nuclear Size Filter Top Band,3045,0,0,Top threshold: 89616.59999999995,0.0,Plate 3,P6-12
Cell_Nuclei_Area_Ratio_Filter_Bottom,Cell:Nuclear Area Ratio Filter Bottom Band,3045,0,0,Bottom threshold: 1.6164851817503756,0.0,Plate 3,P6-12
Cell_Nuclei_Area_Ratio_Filter_Top,Cell:Nuclear Area Ratio Filter Top Band,3045,0,0,Top threshold: 22.160058147992746,0.0,Plate 3,P6-12
Nuclei_Intensity_MedianIntensity_DAPI_MAX_WellNormalized_Filter_Bottom,Nuclei Intensity MedianIntensity DAPI MAX WellNormalized Filter Bottom Band,3045,0,0,Bottom threshold: nan,0.0,Plate 3,P6-12
Nuclei_Intensity_MedianIntensity_DAPI_MAX_WellNormalized_Filter_Top,Nuclei Intensity MedianIntensity DAPI MAX WellNormalized Filter Top Band,3045,0,0,Top threshold: 2.5,0.0,Plate 3,P6-12
Cell_Neighbours_Filter,First Closest Neighbour distance < 0.025th percentile (97.5th closest distance) or == 0 (no neighbours),3045,0,0,Min closest neighbour distance: 134.65146537199365,0.0,Plate 3,P6-12
Cell_Neighbours_PercentTouchingOnlyFilter,Percent of Cell Touching Neighbours < 97.5th Percentile,3045,0,0,Max Percent Touching: 0.0,0.0,Plate 3,P6-12
Cell_Neighbours_NumberOfOnlyFilter,Number Of Neighbours < 97.5th Percentile,3045,0,0,Max Number Of Neighbours: 0.0,0.0,Plate 3,P6-12
Nuc_Neighbours_Filter,Number Of Nuclei Neighbours < 97.5th Percentile,3045,0,0,Max Number Of Nuclei Neighbours: 0.0,0.0,Plate 3,P6-12
Initial_Dataset,Initial Dataset,3045,2244,0,"None,None",,Plate 4,P6-12
Number_of_Mitochondria_Filter,Min Number of Mitochondria Filter,3045,2244,0,min_compartments=0,2244.0,Plate 4,P6-12
Number_of_Lysosomes_Filter,Min Number of Lysosomes Filter,3045,2244,0,min_compartments=0,2244.0,Plate 4,P6-12
AreaShape_Area_Filter_Bottom,Cell Size Filter Bottom Band,3045,2244,120,Bottom threshold: 14673.4,2124.0,Plate 4,P6-12
AreaShape_Area_Filter_Top,Cell Size Filter Top Band,3045,2244,0,Top threshold: 1154459.7999999977,2124.0,Plate 4,P6-12
Nuclei_AreaShape_Area_Filter_Bottom,Nuclear Size Filter Bottom Band,3045,2244,117,Bottom threshold: 7067.3,2127.0,Plate 4,P6-12
Nuclei_AreaShape_Area_Filter_Top,Nuclear Size Filter Top Band,3045,2244,0,Top threshold: 89616.59999999995,2127.0,Plate 4,P6-12
Cell_Nuclei_Area_Ratio_Filter_Bottom,Cell:Nuclear Area Ratio Filter Bottom Band,3045,2244,88,Bottom threshold: 1.6164851817503756,2156.0,Plate 4,P6-12
Cell_Nuclei_Area_Ratio_Filter_Top,Cell:Nuclear Area Ratio Filter Top Band,3045,2244,88,Top threshold: 22.160058147992746,2156.0,Plate 4,P6-12
Nuclei_Intensity_MedianIntensity_DAPI_MAX_WellNormalized_Filter_Bottom,Nuclei Intensity MedianIntensity DAPI MAX WellNormalized Filter Bottom Band,3045,2244,1,Bottom threshold: 0.2085010288423046,2243.0,Plate 4,P6-12
Nuclei_Intensity_MedianIntensity_DAPI_MAX_WellNormalized_Filter_Top,Nuclei Intensity MedianIntensity DAPI MAX WellNormalized Filter Top Band,3045,2244,8,Top threshold: 2.5,2236.0,Plate 4,P6-12
Cell_Neighbours_Filter,First Closest Neighbour distance < 0.025th percentile (97.5th closest distance) or == 0 (no neighbours),3045,2244,116,Min closest neighbour distance: 134.65146537199365,2128.0,Plate 4,P6-12
Cell_Neighbours_PercentTouchingOnlyFilter,Percent of Cell Touching Neighbours < 97.5th Percentile,3045,2244,2244,Max Percent Touching: 0.0,0.0,Plate 4,P6-12
Cell_Neighbours_NumberOfOnlyFilter,Number Of Neighbours < 97.5th Percentile,3045,2244,2244,Max Number Of Neighbours: 0.0,0.0,Plate 4,P6-12
Nuc_Neighbours_Filter,Number Of Nuclei Neighbours < 97.5th Percentile,3045,2244,0,Max Number Of Nuclei Neighbours: 0.0,2244.0,Plate 4,P6-12
Initial_Dataset,Initial Dataset,3045,3278,0,"None,None",,Plate 5,P6-12
Number_of_Mitochondria_Filter,Min Number of Mitochondria Filter,3045,3278,0,min_compartments=0,3278.0,Plate 5,P6-12
Number_of_Lysosomes_Filter,Min Number of Lysosomes Filter,3045,3278,0,min_compartments=0,3278.0,Plate 5,P6-12
AreaShape_Area_Filter_Bottom,Cell Size Filter Bottom Band,3045,3278,103,Bottom threshold: 14673.4,3175.0,Plate 5,P6-12
AreaShape_Area_Filter_Top,Cell Size Filter Top Band,3045,3278,0,Top threshold: 1154459.7999999977,3175.0,Plate 5,P6-12
Nuclei_AreaShape_Area_Filter_Bottom,Nuclear Size Filter Bottom Band,3045,3278,104,Bottom threshold: 7067.3,3173.0,Plate 5,P6-12
Nuclei_AreaShape_Area_Filter_Top,Nuclear Size Filter Top Band,3045,3278,1,Top threshold: 89616.59999999995,3173.0,Plate 5,P6-12
Cell_Nuclei_Area_Ratio_Filter_Bottom,Cell:Nuclear Area Ratio Filter Bottom Band,3045,3278,99,Bottom threshold: 1.6164851817503756,3179.0,Plate 5,P6-12
Cell_Nuclei_Area_Ratio_Filter_Top,Cell:Nuclear Area Ratio Filter Top Band,3045,3278,101,Top threshold: 22.160058147992746,3177.0,Plate 5,P6-12
Nuclei_Intensity_MedianIntensity_DAPI_MAX_WellNormalized_Filter_Bottom,Nuclei Intensity MedianIntensity DAPI MAX WellNormalized Filter Bottom Band,3045,3278,1,Bottom threshold: 0.25281636009742364,3277.0,Plate 5,P6-12
Nuclei_Intensity_MedianIntensity_DAPI_MAX_WellNormalized_Filter_Top,Nuclei Intensity MedianIntensity DAPI MAX WellNormalized Filter Top Band,3045,3278,22,Top threshold: 2.5,3256.0,Plate 5,P6-12
Cell_Neighbours_Filter,First Closest Neighbour distance < 0.025th percentile (97.5th closest distance) or == 0 (no neighbours),3045,3278,144,Min closest neighbour distance: 134.65146537199365,3134.0,Plate 5,P6-12
Cell_Neighbours_PercentTouchingOnlyFilter,Percent of Cell Touching Neighbours < 97.5th Percentile,3045,3278,3278,Max Percent Touching: 0.0,0.0,Plate 5,P6-12
Cell_Neighbours_NumberOfOnlyFilter,Number Of Neighbours < 97.5th Percentile,3045,3278,3278,Max Number Of Neighbours: 0.0,0.0,Plate 5,P6-12
Nuc_Neighbours_Filter,Number Of Nuclei Neighbours < 97.5th Percentile,3045,3278,0,Max Number Of Nuclei Neighbours: 0.0,3278.0,Plate 5,P6-12
Initial_Dataset,Initial Dataset,3045,0,0,"None,None",,Plate 6,P6-12
Number_of_Mitochondria_Filter,Min Number of Mitochondria Filter,3045,0,0,min_compartments=0,0.0,Plate 6,P6-12
Number_of_Lysosomes_Filter,Min Number of Lysosomes Filter,3045,0,0,min_compartments=0,0.0,Plate 6,P6-12
AreaShape_Area_Filter_Bottom,Cell Size Filter Bottom Band,3045,0,0,Bottom threshold: 14673.4,0.0,Plate 6,P6-12
AreaShape_Area_Filter_Top,Cell Size Filter Top Band,3045,0,0,Top threshold: 1154459.7999999977,0.0,Plate 6,P6-12
Nuclei_AreaShape_Area_Filter_Bottom,Nuclear Size Filter Bottom Band,3045,0,0,Bottom threshold: 7067.3,0.0,Plate 6,P6-12
Nuclei_AreaShape_Area_Filter_Top,Nuclear Size Filter Top Band,3045,0,0,Top threshold: 89616.59999999995,0.0,Plate 6,P6-12
Cell_Nuclei_Area_Ratio_Filter_Bottom,Cell:Nuclear Area Ratio Filter Bottom Band,3045,0,0,Bottom threshold: 1.6164851817503756,0.0,Plate 6,P6-12
Cell_Nuclei_Area_Ratio_Filter_Top,Cell:Nuclear Area Ratio Filter Top Band,3045,0,0,Top threshold: 22.160058147992746,0.0,Plate 6,P6-12
Nuclei_Intensity_MedianIntensity_DAPI_MAX_WellNormalized_Filter_Bottom,Nuclei Intensity MedianIntensity DAPI MAX WellNormalized Filter Bottom Band,3045,0,0,Bottom threshold: nan,0.0,Plate 6,P6-12
Nuclei_Intensity_MedianIntensity_DAPI_MAX_WellNormalized_Filter_Top,Nuclei Intensity MedianIntensity DAPI MAX WellNormalized Filter Top Band,3045,0,0,Top threshold: 2.5,0.0,Plate 6,P6-12
Cell_Neighbours_Filter,First Closest Neighbour distance < 0.025th percentile (97.5th closest distance) or == 0 (no neighbours),3045,0,0,Min closest neighbour distance: 134.65146537199365,0.0,Plate 6,P6-12
Cell_Neighbours_PercentTouchingOnlyFilter,Percent of Cell Touching Neighbours < 97.5th Percentile,3045,0,0,Max Percent Touching: 0.0,0.0,Plate 6,P6-12
Cell_Neighbours_NumberOfOnlyFilter,Number Of Neighbours < 97.5th Percentile,3045,0,0,Max Number Of Neighbours: 0.0,0.0,Plate 6,P6-12
Nuc_Neighbours_Filter,Number Of Nuclei Neighbours < 97.5th Percentile,3045,0,0,Max Number Of Nuclei Neighbours: 0.0,0.0,Plate 6,P6-12
Initial_Dataset,Initial Dataset,3045,0,0,"None,None",,Plate 7,P6-12
Number_of_Mitochondria_Filter,Min Number of Mitochondria Filter,3045,0,0,min_compartments=0,0.0,Plate 7,P6-12
Number_of_Lysosomes_Filter,Min Number of Lysosomes Filter,3045,0,0,min_compartments=0,0.0,Plate 7,P6-12
AreaShape_Area_Filter_Bottom,Cell Size Filter Bottom Band,3045,0,0,Bottom threshold: 14673.4,0.0,Plate 7,P6-12
AreaShape_Area_Filter_Top,Cell Size Filter Top Band,3045,0,0,Top threshold: 1154459.7999999977,0.0,Plate 7,P6-12
Nuclei_AreaShape_Area_Filter_Bottom,Nuclear Size Filter Bottom Band,3045,0,0,Bottom threshold: 7067.3,0.0,Plate 7,P6-12
Nuclei_AreaShape_Area_Filter_Top,Nuclear Size Filter Top Band,3045,0,0,Top threshold: 89616.59999999995,0.0,Plate 7,P6-12
Cell_Nuclei_Area_Ratio_Filter_Bottom,Cell:Nuclear Area Ratio Filter Bottom Band,3045,0,0,Bottom threshold: 1.6164851817503756,0.0,Plate 7,P6-12
Cell_Nuclei_Area_Ratio_Filter_Top,Cell:Nuclear Area Ratio Filter Top Band,3045,0,0,Top threshold: 22.160058147992746,0.0,Plate 7,P6-12
Nuclei_Intensity_MedianIntensity_DAPI_MAX_WellNormalized_Filter_Bottom,Nuclei Intensity MedianIntensity DAPI MAX WellNormalized Filter Bottom Band,3045,0,0,Bottom threshold: nan,0.0,Plate 7,P6-12
Nuclei_Intensity_MedianIntensity_DAPI_MAX_WellNormalized_Filter_Top,Nuclei Intensity MedianIntensity DAPI MAX WellNormalized Filter Top Band,3045,0,0,Top threshold: 2.5,0.0,Plate 7,P6-12
Cell_Neighbours_Filter,First Closest Neighbour distance < 0.025th percentile (97.5th closest distance) or == 0 (no neighbours),3045,0,0,Min closest neighbour distance: 134.65146537199365,0.0,Plate 7,P6-12
Cell_Neighbours_PercentTouchingOnlyFilter,Percent of Cell Touching Neighbours < 97.5th Percentile,3045,0,0,Max Percent Touching: 0.0,0.0,Plate 7,P6-12
Cell_Neighbours_NumberOfOnlyFilter,Number Of Neighbours < 97.5th Percentile,3045,0,0,Max Number Of Neighbours: 0.0,0.0,Plate 7,P6-12
Nuc_Neighbours_Filter,Number Of Nuclei Neighbours < 97.5th Percentile,3045,0,0,Max Number Of Nuclei Neighbours: 0.0,0.0,Plate 7,P6-12
Initial_Dataset,Initial Dataset,3045,1896,0,"None,None",,Plate 1,P13-15
Number_of_Mitochondria_Filter,Min Number of Mitochondria Filter,3045,1896,0,min_compartments=0,1896.0,Plate 1,P13-15
Number_of_Lysosomes_Filter,Min Number of Lysosomes Filter,3045,1896,0,min_compartments=0,1896.0,Plate 1,P13-15
AreaShape_Area_Filter_Bottom,Cell Size Filter Bottom Band,3045,1896,10,Bottom threshold: 14673.4,1886.0,Plate 1,P13-15
AreaShape_Area_Filter_Top,Cell Size Filter Top Band,3045,1896,0,Top threshold: 1154459.7999999977,1886.0,Plate 1,P13-15
Nuclei_AreaShape_Area_Filter_Bottom,Nuclear Size Filter Bottom Band,3045,1896,13,Bottom threshold: 7067.3,1882.0,Plate 1,P13-15
Nuclei_AreaShape_Area_Filter_Top,Nuclear Size Filter Top Band,3045,1896,1,Top threshold: 89616.59999999995,1882.0,Plate 1,P13-15
Cell_Nuclei_Area_Ratio_Filter_Bottom,Cell:Nuclear Area Ratio Filter Bottom Band,3045,1896,34,Bottom threshold: 1.6164851817503756,1862.0,Plate 1,P13-15
Cell_Nuclei_Area_Ratio_Filter_Top,Cell:Nuclear Area Ratio Filter Top Band,3045,1896,35,Top threshold: 22.160058147992746,1861.0,Plate 1,P13-15
Nuclei_Intensity_MedianIntensity_DAPI_MAX_WellNormalized_Filter_Bottom,Nuclei Intensity MedianIntensity DAPI MAX WellNormalized Filter Bottom Band,3045,1896,1,Bottom threshold: 0.08724207817338483,1895.0,Plate 1,P13-15
Nuclei_Intensity_MedianIntensity_DAPI_MAX_WellNormalized_Filter_Top,Nuclei Intensity MedianIntensity DAPI MAX WellNormalized Filter Top Band,3045,1896,4,Top threshold: 2.5,1892.0,Plate 1,P13-15
Cell_Neighbours_Filter,First Closest Neighbour distance < 0.025th percentile (97.5th closest distance) or == 0 (no neighbours),3045,1896,47,Min closest neighbour distance: 134.65146537199365,1849.0,Plate 1,P13-15
Cell_Neighbours_PercentTouchingOnlyFilter,Percent of Cell Touching Neighbours < 97.5th Percentile,3045,1896,1896,Max Percent Touching: 0.0,0.0,Plate 1,P13-15
Cell_Neighbours_NumberOfOnlyFilter,Number Of Neighbours < 97.5th Percentile,3045,1896,1896,Max Number Of Neighbours: 0.0,0.0,Plate 1,P13-15
Nuc_Neighbours_Filter,Number Of Nuclei Neighbours < 97.5th Percentile,3045,1896,0,Max Number Of Nuclei Neighbours: 0.0,1896.0,Plate 1,P13-15
Initial_Dataset,Initial Dataset,3045,3831,0,"None,None",,Plate 2,P13-15
Number_of_Mitochondria_Filter,Min Number of Mitochondria Filter,3045,3831,0,min_compartments=0,3831.0,Plate 2,P13-15
Number_of_Lysosomes_Filter,Min Number of Lysosomes Filter,3045,3831,0,min_compartments=0,3831.0,Plate 2,P13-15
AreaShape_Area_Filter_Bottom,Cell Size Filter Bottom Band,3045,3831,7,Bottom threshold: 14673.4,3823.0,Plate 2,P13-15
AreaShape_Area_Filter_Top,Cell Size Filter Top Band,3045,3831,1,Top threshold: 1154459.7999999977,3823.0,Plate 2,P13-15
Nuclei_AreaShape_Area_Filter_Bottom,Nuclear Size Filter Bottom Band,3045,3831,17,Bottom threshold: 7067.3,3812.0,Plate 2,P13-15
Nuclei_AreaShape_Area_Filter_Top,Nuclear Size Filter Top Band,3045,3831,2,Top threshold: 89616.59999999995,3812.0,Plate 2,P13-15
Cell_Nuclei_Area_Ratio_Filter_Bottom,Cell:Nuclear Area Ratio Filter Bottom Band,3045,3831,49,Bottom threshold: 1.6164851817503756,3782.0,Plate 2,P13-15
Cell_Nuclei_Area_Ratio_Filter_Top,Cell:Nuclear Area Ratio Filter Top Band,3045,3831,51,Top threshold: 22.160058147992746,3780.0,Plate 2,P13-15
Nuclei_Intensity_MedianIntensity_DAPI_MAX_WellNormalized_Filter_Bottom,Nuclei Intensity MedianIntensity DAPI MAX WellNormalized Filter Bottom Band,3045,3831,1,Bottom threshold: 0.06276430353543477,3830.0,Plate 2,P13-15
Nuclei_Intensity_MedianIntensity_DAPI_MAX_WellNormalized_Filter_Top,Nuclei Intensity MedianIntensity DAPI MAX WellNormalized Filter Top Band,3045,3831,1,Top threshold: 2.5,3830.0,Plate 2,P13-15
Cell_Neighbours_Filter,First Closest Neighbour distance < 0.025th percentile (97.5th closest distance) or == 0 (no neighbours),3045,3831,28,Min closest neighbour distance: 134.65146537199365,3803.0,Plate 2,P13-15
Cell_Neighbours_PercentTouchingOnlyFilter,Percent of Cell Touching Neighbours < 97.5th Percentile,3045,3831,3831,Max Percent Touching: 0.0,0.0,Plate 2,P13-15
Cell_Neighbours_NumberOfOnlyFilter,Number Of Neighbours < 97.5th Percentile,3045,3831,3831,Max Number Of Neighbours: 0.0,0.0,Plate 2,P13-15
Nuc_Neighbours_Filter,Number Of Nuclei Neighbours < 97.5th Percentile,3045,3831,0,Max Number Of Nuclei Neighbours: 0.0,3831.0,Plate 2,P13-15
Initial_Dataset,Initial Dataset,3045,1435,0,"None,None",,Plate 3,P13-15
Number_of_Mitochondria_Filter,Min Number of Mitochondria Filter,3045,1435,0,min_compartments=0,1435.0,Plate 3,P13-15
Number_of_Lysosomes_Filter,Min Number of Lysosomes Filter,3045,1435,0,min_compartments=0,1435.0,Plate 3,P13-15
AreaShape_Area_Filter_Bottom,Cell Size Filter Bottom Band,3045,1435,34,Bottom threshold: 14673.4,1401.0,Plate 3,P13-15
AreaShape_Area_Filter_Top,Cell Size Filter Top Band,3045,1435,0,Top threshold: 1154459.7999999977,1401.0,Plate 3,P13-15
Nuclei_AreaShape_Area_Filter_Bottom,Nuclear Size Filter Bottom Band,3045,1435,49,Bottom threshold: 7067.3,1386.0,Plate 3,P13-15
Nuclei_AreaShape_Area_Filter_Top,Nuclear Size Filter Top Band,3045,1435,0,Top threshold: 89616.59999999995,1386.0,Plate 3,P13-15
Cell_Nuclei_Area_Ratio_Filter_Bottom,Cell:Nuclear Area Ratio Filter Bottom Band,3045,1435,33,Bottom threshold: 1.6164851817503756,1402.0,Plate 3,P13-15
Cell_Nuclei_Area_Ratio_Filter_Top,Cell:Nuclear Area Ratio Filter Top Band,3045,1435,35,Top threshold: 22.160058147992746,1400.0,Plate 3,P13-15
Nuclei_Intensity_MedianIntensity_DAPI_MAX_WellNormalized_Filter_Bottom,Nuclei Intensity MedianIntensity DAPI MAX WellNormalized Filter Bottom Band,3045,1435,1,Bottom threshold: 0.06488606782265127,1434.0,Plate 3,P13-15
Nuclei_Intensity_MedianIntensity_DAPI_MAX_WellNormalized_Filter_Top,Nuclei Intensity MedianIntensity DAPI MAX WellNormalized Filter Top Band,3045,1435,4,Top threshold: 2.5,1431.0,Plate 3,P13-15
Cell_Neighbours_Filter,First Closest Neighbour distance < 0.025th percentile (97.5th closest distance) or == 0 (no neighbours),3045,1435,70,Min closest neighbour distance: 134.65146537199365,1365.0,Plate 3,P13-15
Cell_Neighbours_PercentTouchingOnlyFilter,Percent of Cell Touching Neighbours < 97.5th Percentile,3045,1435,1435,Max Percent Touching: 0.0,0.0,Plate 3,P13-15
Cell_Neighbours_NumberOfOnlyFilter,Number Of Neighbours < 97.5th Percentile,3045,1435,1435,Max Number Of Neighbours: 0.0,0.0,Plate 3,P13-15
Nuc_Neighbours_Filter,Number Of Nuclei Neighbours < 97.5th Percentile,3045,1435,0,Max Number Of Nuclei Neighbours: 0.0,1435.0,Plate 3,P13-15
Initial_Dataset,Initial Dataset,3045,1611,0,"None,None",,Plate 4,P13-15
Number_of_Mitochondria_Filter,Min Number of Mitochondria Filter,3045,1611,0,min_compartments=0,1611.0,Plate 4,P13-15
Number_of_Lysosomes_Filter,Min Number of Lysosomes Filter,3045,1611,0,min_compartments=0,1611.0,Plate 4,P13-15
AreaShape_Area_Filter_Bottom,Cell Size Filter Bottom Band,3045,1611,51,Bottom threshold: 14673.4,1560.0,Plate 4,P13-15
AreaShape_Area_Filter_Top,Cell Size Filter Top Band,3045,1611,0,Top threshold: 1154459.7999999977,1560.0,Plate 4,P13-15
Nuclei_AreaShape_Area_Filter_Bottom,Nuclear Size Filter Bottom Band,3045,1611,40,Bottom threshold: 7067.3,1571.0,Plate 4,P13-15
Nuclei_AreaShape_Area_Filter_Top,Nuclear Size Filter Top Band,3045,1611,0,Top threshold: 89616.59999999995,1571.0,Plate 4,P13-15
Cell_Nuclei_Area_Ratio_Filter_Bottom,Cell:Nuclear Area Ratio Filter Bottom Band,3045,1611,68,Bottom threshold: 1.6164851817503756,1543.0,Plate 4,P13-15
Cell_Nuclei_Area_Ratio_Filter_Top,Cell:Nuclear Area Ratio Filter Top Band,3045,1611,68,Top threshold: 22.160058147992746,1543.0,Plate 4,P13-15
Nuclei_Intensity_MedianIntensity_DAPI_MAX_WellNormalized_Filter_Bottom,Nuclei Intensity MedianIntensity DAPI MAX WellNormalized Filter Bottom Band,3045,1611,1,Bottom threshold: 0.09122583239361272,1610.0,Plate 4,P13-15
Nuclei_Intensity_MedianIntensity_DAPI_MAX_WellNormalized_Filter_Top,Nuclei Intensity MedianIntensity DAPI MAX WellNormalized Filter Top Band,3045,1611,2,Top threshold: 2.5,1609.0,Plate 4,P13-15
Cell_Neighbours_Filter,First Closest Neighbour distance < 0.025th percentile (97.5th closest distance) or == 0 (no neighbours),3045,1611,72,Min closest neighbour distance: 134.65146537199365,1539.0,Plate 4,P13-15
Cell_Neighbours_PercentTouchingOnlyFilter,Percent of Cell Touching Neighbours < 97.5th Percentile,3045,1611,1611,Max Percent Touching: 0.0,0.0,Plate 4,P13-15
Cell_Neighbours_NumberOfOnlyFilter,Number Of Neighbours < 97.5th Percentile,3045,1611,1611,Max Number Of Neighbours: 0.0,0.0,Plate 4,P13-15
Nuc_Neighbours_Filter,Number Of Nuclei Neighbours < 97.5th Percentile,3045,1611,0,Max Number Of Nuclei Neighbours: 0.0,1611.0,Plate 4,P13-15
Initial_Dataset,Initial Dataset,3045,2311,0,"None,None",,Plate 5,P13-15
Number_of_Mitochondria_Filter,Min Number of Mitochondria Filter,3045,2311,0,min_compartments=0,2311.0,Plate 5,P13-15
Number_of_Lysosomes_Filter,Min Number of Lysosomes Filter,3045,2311,0,min_compartments=0,2311.0,Plate 5,P13-15
AreaShape_Area_Filter_Bottom,Cell Size Filter Bottom Band,3045,2311,145,Bottom threshold: 14673.4,2165.0,Plate 5,P13-15
AreaShape_Area_Filter_Top,Cell Size Filter Top Band,3045,2311,1,Top threshold: 1154459.7999999977,2165.0,Plate 5,P13-15
Nuclei_AreaShape_Area_Filter_Bottom,Nuclear Size Filter Bottom Band,3045,2311,128,Bottom threshold: 7067.3,2181.0,Plate 5,P13-15
Nuclei_AreaShape_Area_Filter_Top,Nuclear Size Filter Top Band,3045,2311,2,Top threshold: 89616.59999999995,2181.0,Plate 5,P13-15
Cell_Nuclei_Area_Ratio_Filter_Bottom,Cell:Nuclear Area Ratio Filter Bottom Band,3045,2311,143,Bottom threshold: 1.6164851817503756,2168.0,Plate 5,P13-15
Cell_Nuclei_Area_Ratio_Filter_Top,Cell:Nuclear Area Ratio Filter Top Band,3045,2311,144,Top threshold: 22.160058147992746,2167.0,Plate 5,P13-15
Nuclei_Intensity_MedianIntensity_DAPI_MAX_WellNormalized_Filter_Bottom,Nuclei Intensity MedianIntensity DAPI MAX WellNormalized Filter Bottom Band,3045,2311,1,Bottom threshold: 0.3263209546449885,2310.0,Plate 5,P13-15
Nuclei_Intensity_MedianIntensity_DAPI_MAX_WellNormalized_Filter_Top,Nuclei Intensity MedianIntensity DAPI MAX WellNormalized Filter Top Band,3045,2311,10,Top threshold: 2.5,2301.0,Plate 5,P13-15
Cell_Neighbours_Filter,First Closest Neighbour distance < 0.025th percentile (97.5th closest distance) or == 0 (no neighbours),3045,2311,182,Min closest neighbour distance: 134.65146537199365,2129.0,Plate 5,P13-15
Cell_Neighbours_PercentTouchingOnlyFilter,Percent of Cell Touching Neighbours < 97.5th Percentile,3045,2311,2311,Max Percent Touching: 0.0,0.0,Plate 5,P13-15
Cell_Neighbours_NumberOfOnlyFilter,Number Of Neighbours < 97.5th Percentile,3045,2311,2311,Max Number Of Neighbours: 0.0,0.0,Plate 5,P13-15
Nuc_Neighbours_Filter,Number Of Nuclei Neighbours < 97.5th Percentile,3045,2311,0,Max Number Of Nuclei Neighbours: 0.0,2311.0,Plate 5,P13-15
Initial_Dataset,Initial Dataset,3045,5969,0,"None,None",,Plate 6,P13-15
Number_of_Mitochondria_Filter,Min Number of Mitochondria Filter,3045,5969,0,min_compartments=0,5969.0,Plate 6,P13-15
Number_of_Lysosomes_Filter,Min Number of Lysosomes Filter,3045,5969,0,min_compartments=0,5969.0,Plate 6,P13-15
AreaShape_Area_Filter_Bottom,Cell Size Filter Bottom Band,3045,5969,151,Bottom threshold: 14673.4,5818.0,Plate 6,P13-15
AreaShape_Area_Filter_Top,Cell Size Filter Top Band,3045,5969,0,Top threshold: 1154459.7999999977,5818.0,Plate 6,P13-15
Nuclei_AreaShape_Area_Filter_Bottom,Nuclear Size Filter Bottom Band,3045,5969,118,Bottom threshold: 7067.3,5850.0,Plate 6,P13-15
Nuclei_AreaShape_Area_Filter_Top,Nuclear Size Filter Top Band,3045,5969,1,Top threshold: 89616.59999999995,5850.0,Plate 6,P13-15
Cell_Nuclei_Area_Ratio_Filter_Bottom,Cell:Nuclear Area Ratio Filter Bottom Band,3045,5969,296,Bottom threshold: 1.6164851817503756,5673.0,Plate 6,P13-15
Cell_Nuclei_Area_Ratio_Filter_Top,Cell:Nuclear Area Ratio Filter Top Band,3045,5969,301,Top threshold: 22.160058147992746,5668.0,Plate 6,P13-15
Nuclei_Intensity_MedianIntensity_DAPI_MAX_WellNormalized_Filter_Bottom,Nuclei Intensity MedianIntensity DAPI MAX WellNormalized Filter Bottom Band,3045,5969,1,Bottom threshold: 0.11236468117938947,5968.0,Plate 6,P13-15
Nuclei_Intensity_MedianIntensity_DAPI_MAX_WellNormalized_Filter_Top,Nuclei Intensity MedianIntensity DAPI MAX WellNormalized Filter Top Band,3045,5969,8,Top threshold: 2.5,5961.0,Plate 6,P13-15
Cell_Neighbours_Filter,First Closest Neighbour distance < 0.025th percentile (97.5th closest distance) or == 0 (no neighbours),3045,5969,215,Min closest neighbour distance: 134.65146537199365,5754.0,Plate 6,P13-15
Cell_Neighbours_PercentTouchingOnlyFilter,Percent of Cell Touching Neighbours < 97.5th Percentile,3045,5969,5969,Max Percent Touching: 0.0,0.0,Plate 6,P13-15
Cell_Neighbours_NumberOfOnlyFilter,Number Of Neighbours < 97.5th Percentile,3045,5969,5969,Max Number Of Neighbours: 0.0,0.0,Plate 6,P13-15
Nuc_Neighbours_Filter,Number Of Nuclei Neighbours < 97.5th Percentile,3045,5969,0,Max Number Of Nuclei Neighbours: 0.0,5969.0,Plate 6,P13-15
Initial_Dataset,Initial Dataset,3045,1713,0,"None,None",,Plate 7,P13-15
Number_of_Mitochondria_Filter,Min Number of Mitochondria Filter,3045,1713,0,min_compartments=0,1713.0,Plate 7,P13-15
Number_of_Lysosomes_Filter,Min Number of Lysosomes Filter,3045,1713,0,min_compartments=0,1713.0,Plate 7,P13-15
AreaShape_Area_Filter_Bottom,Cell Size Filter Bottom Band,3045,1713,23,Bottom threshold: 14673.4,1690.0,Plate 7,P13-15
AreaShape_Area_Filter_Top,Cell Size Filter Top Band,3045,1713,0,Top threshold: 1154459.7999999977,1690.0,Plate 7,P13-15
Nuclei_AreaShape_Area_Filter_Bottom,Nuclear Size Filter Bottom Band,3045,1713,48,Bottom threshold: 7067.3,1665.0,Plate 7,P13-15
Nuclei_AreaShape_Area_Filter_Top,Nuclear Size Filter Top Band,3045,1713,0,Top threshold: 89616.59999999995,1665.0,Plate 7,P13-15
Cell_Nuclei_Area_Ratio_Filter_Bottom,Cell:Nuclear Area Ratio Filter Bottom Band,3045,1713,14,Bottom threshold: 1.6164851817503756,1699.0,Plate 7,P13-15
Cell_Nuclei_Area_Ratio_Filter_Top,Cell:Nuclear Area Ratio Filter Top Band,3045,1713,14,Top threshold: 22.160058147992746,1699.0,Plate 7,P13-15
Nuclei_Intensity_MedianIntensity_DAPI_MAX_WellNormalized_Filter_Bottom,Nuclei Intensity MedianIntensity DAPI MAX WellNormalized Filter Bottom Band,3045,1713,1,Bottom threshold: 0.034938722352945054,1712.0,Plate 7,P13-15
Nuclei_Intensity_MedianIntensity_DAPI_MAX_WellNormalized_Filter_Top,Nuclei Intensity MedianIntensity DAPI MAX WellNormalized Filter Top Band,3045,1713,23,Top threshold: 2.5,1690.0,Plate 7,P13-15
Cell_Neighbours_Filter,First Closest Neighbour distance < 0.025th percentile (97.5th closest distance) or == 0 (no neighbours),3045,1713,34,Min closest neighbour distance: 134.65146537199365,1679.0,Plate 7,P13-15
Cell_Neighbours_PercentTouchingOnlyFilter,Percent of Cell Touching Neighbours < 97.5th Percentile,3045,1713,1713,Max Percent Touching: 0.0,0.0,Plate 7,P13-15
Cell_Neighbours_NumberOfOnlyFilter,Number Of Neighbours < 97.5th Percentile,3045,1713,1713,Max Number Of Neighbours: 0.0,0.0,Plate 7,P13-15
Nuc_Neighbours_Filter,Number Of Nuclei Neighbours < 97.5th Percentile,3045,1713,0,Max Number Of Nuclei Neighbours: 0.0,1713.0,Plate 7,P13-15
Initial_Dataset,Initial Dataset,3045,1312,0,"None,None",,Plate 1,P16-18
Number_of_Mitochondria_Filter,Min Number of Mitochondria Filter,3045,1312,0,min_compartments=0,1312.0,Plate 1,P16-18
Number_of_Lysosomes_Filter,Min Number of Lysosomes Filter,3045,1312,0,min_compartments=0,1312.0,Plate 1,P16-18
AreaShape_Area_Filter_Bottom,Cell Size Filter Bottom Band,3045,1312,16,Bottom threshold: 14673.4,1296.0,Plate 1,P16-18
AreaShape_Area_Filter_Top,Cell Size Filter Top Band,3045,1312,0,Top threshold: 1154459.7999999977,1296.0,Plate 1,P16-18
Nuclei_AreaShape_Area_Filter_Bottom,Nuclear Size Filter Bottom Band,3045,1312,22,Bottom threshold: 7067.3,1288.0,Plate 1,P16-18
Nuclei_AreaShape_Area_Filter_Top,Nuclear Size Filter Top Band,3045,1312,2,Top threshold: 89616.59999999995,1288.0,Plate 1,P16-18
Cell_Nuclei_Area_Ratio_Filter_Bottom,Cell:Nuclear Area Ratio Filter Bottom Band,3045,1312,30,Bottom threshold: 1.6164851817503756,1282.0,Plate 1,P16-18
Cell_Nuclei_Area_Ratio_Filter_Top,Cell:Nuclear Area Ratio Filter Top Band,3045,1312,31,Top threshold: 22.160058147992746,1281.0,Plate 1,P16-18
Nuclei_Intensity_MedianIntensity_DAPI_MAX_WellNormalized_Filter_Bottom,Nuclei Intensity MedianIntensity DAPI MAX WellNormalized Filter Bottom Band,3045,1312,1,Bottom threshold: 0.03640318342995195,1311.0,Plate 1,P16-18
Nuclei_Intensity_MedianIntensity_DAPI_MAX_WellNormalized_Filter_Top,Nuclei Intensity MedianIntensity DAPI MAX WellNormalized Filter Top Band,3045,1312,3,Top threshold: 2.5,1309.0,Plate 1,P16-18
Cell_Neighbours_Filter,First Closest Neighbour distance < 0.025th percentile (97.5th closest distance) or == 0 (no neighbours),3045,1312,16,Min closest neighbour distance: 134.65146537199365,1296.0,Plate 1,P16-18
Cell_Neighbours_PercentTouchingOnlyFilter,Percent of Cell Touching Neighbours < 97.5th Percentile,3045,1312,1312,Max Percent Touching: 0.0,0.0,Plate 1,P16-18
Cell_Neighbours_NumberOfOnlyFilter,Number Of Neighbours < 97.5th Percentile,3045,1312,1312,Max Number Of Neighbours: 0.0,0.0,Plate 1,P16-18
Nuc_Neighbours_Filter,Number Of Nuclei Neighbours < 97.5th Percentile,3045,1312,0,Max Number Of Nuclei Neighbours: 0.0,1312.0,Plate 1,P16-18
Initial_Dataset,Initial Dataset,3045,1920,0,"None,None",,Plate 2,P16-18
Number_of_Mitochondria_Filter,Min Number of Mitochondria Filter,3045,1920,0,min_compartments=0,1920.0,Plate 2,P16-18
Number_of_Lysosomes_Filter,Min Number of Lysosomes Filter,3045,1920,0,min_compartments=0,1920.0,Plate 2,P16-18
AreaShape_Area_Filter_Bottom,Cell Size Filter Bottom Band,3045,1920,0,Bottom threshold: 14673.4,1918.0,Plate 2,P16-18
AreaShape_Area_Filter_Top,Cell Size Filter Top Band,3045,1920,2,Top threshold: 1154459.7999999977,1918.0,Plate 2,P16-18
Nuclei_AreaShape_Area_Filter_Bottom,Nuclear Size Filter Bottom Band,3045,1920,8,Bottom threshold: 7067.3,1912.0,Plate 2,P16-18
Nuclei_AreaShape_Area_Filter_Top,Nuclear Size Filter Top Band,3045,1920,0,Top threshold: 89616.59999999995,1912.0,Plate 2,P16-18
Cell_Nuclei_Area_Ratio_Filter_Bottom,Cell:Nuclear Area Ratio Filter Bottom Band,3045,1920,3,Bottom threshold: 1.6164851817503756,1917.0,Plate 2,P16-18
Cell_Nuclei_Area_Ratio_Filter_Top,Cell:Nuclear Area Ratio Filter Top Band,3045,1920,7,Top threshold: 22.160058147992746,1913.0,Plate 2,P16-18
Nuclei_Intensity_MedianIntensity_DAPI_MAX_WellNormalized_Filter_Bottom,Nuclei Intensity MedianIntensity DAPI MAX WellNormalized Filter Bottom Band,3045,1920,1,Bottom threshold: 0.1524689447271201,1919.0,Plate 2,P16-18
Nuclei_Intensity_MedianIntensity_DAPI_MAX_WellNormalized_Filter_Top,Nuclei Intensity MedianIntensity DAPI MAX WellNormalized Filter Top Band,3045,1920,2,Top threshold: 2.5,1918.0,Plate 2,P16-18
Cell_Neighbours_Filter,First Closest Neighbour distance < 0.025th percentile (97.5th closest distance) or == 0 (no neighbours),3045,1920,12,Min closest neighbour distance: 134.65146537199365,1908.0,Plate 2,P16-18
Cell_Neighbours_PercentTouchingOnlyFilter,Percent of Cell Touching Neighbours < 97.5th Percentile,3045,1920,1920,Max Percent Touching: 0.0,0.0,Plate 2,P16-18
Cell_Neighbours_NumberOfOnlyFilter,Number Of Neighbours < 97.5th Percentile,3045,1920,1920,Max Number Of Neighbours: 0.0,0.0,Plate 2,P16-18
Nuc_Neighbours_Filter,Number Of Nuclei Neighbours < 97.5th Percentile,3045,1920,0,Max Number Of Nuclei Neighbours: 0.0,1920.0,Plate 2,P16-18
Initial_Dataset,Initial Dataset,3045,5523,0,"None,None",,Plate 3,P16-18
Number_of_Mitochondria_Filter,Min Number of Mitochondria Filter,3045,5523,0,min_compartments=0,5523.0,Plate 3,P16-18
Number_of_Lysosomes_Filter,Min Number of Lysosomes Filter,3045,5523,0,min_compartments=0,5523.0,Plate 3,P16-18
AreaShape_Area_Filter_Bottom,Cell Size Filter Bottom Band,3045,5523,63,Bottom threshold: 14673.4,5460.0,Plate 3,P16-18
AreaShape_Area_Filter_Top,Cell Size Filter Top Band,3045,5523,0,Top threshold: 1154459.7999999977,5460.0,Plate 3,P16-18
Nuclei_AreaShape_Area_Filter_Bottom,Nuclear Size Filter Bottom Band,3045,5523,102,Bottom threshold: 7067.3,5419.0,Plate 3,P16-18
Nuclei_AreaShape_Area_Filter_Top,Nuclear Size Filter Top Band,3045,5523,2,Top threshold: 89616.59999999995,5419.0,Plate 3,P16-18
Cell_Nuclei_Area_Ratio_Filter_Bottom,Cell:Nuclear Area Ratio Filter Bottom Band,3045,5523,96,Bottom threshold: 1.6164851817503756,5427.0,Plate 3,P16-18
Cell_Nuclei_Area_Ratio_Filter_Top,Cell:Nuclear Area Ratio Filter Top Band,3045,5523,101,Top threshold: 22.160058147992746,5422.0,Plate 3,P16-18
Nuclei_Intensity_MedianIntensity_DAPI_MAX_WellNormalized_Filter_Bottom,Nuclei Intensity MedianIntensity DAPI MAX WellNormalized Filter Bottom Band,3045,5523,1,Bottom threshold: 0.06727035098849386,5522.0,Plate 3,P16-18
Nuclei_Intensity_MedianIntensity_DAPI_MAX_WellNormalized_Filter_Top,Nuclei Intensity MedianIntensity DAPI MAX WellNormalized Filter Top Band,3045,5523,12,Top threshold: 2.5,5511.0,Plate 3,P16-18
Cell_Neighbours_Filter,First Closest Neighbour distance < 0.025th percentile (97.5th closest distance) or == 0 (no neighbours),3045,5523,137,Min closest neighbour distance: 134.65146537199365,5386.0,Plate 3,P16-18
Cell_Neighbours_PercentTouchingOnlyFilter,Percent of Cell Touching Neighbours < 97.5th Percentile,3045,5523,5523,Max Percent Touching: 0.0,0.0,Plate 3,P16-18
Cell_Neighbours_NumberOfOnlyFilter,Number Of Neighbours < 97.5th Percentile,3045,5523,5523,Max Number Of Neighbours: 0.0,0.0,Plate 3,P16-18
Nuc_Neighbours_Filter,Number Of Nuclei Neighbours < 97.5th Percentile,3045,5523,0,Max Number Of Nuclei Neighbours: 0.0,5523.0,Plate 3,P16-18
Initial_Dataset,Initial Dataset,3045,1455,0,"None,None",,Plate 4,P16-18
Number_of_Mitochondria_Filter,Min Number of Mitochondria Filter,3045,1455,0,min_compartments=0,1455.0,Plate 4,P16-18
Number_of_Lysosomes_Filter,Min Number of Lysosomes Filter,3045,1455,0,min_compartments=0,1455.0,Plate 4,P16-18
AreaShape_Area_Filter_Bottom,Cell Size Filter Bottom Band,3045,1455,38,Bottom threshold: 14673.4,1417.0,Plate 4,P16-18
AreaShape_Area_Filter_Top,Cell Size Filter Top Band,3045,1455,0,Top threshold: 1154459.7999999977,1417.0,Plate 4,P16-18
Nuclei_AreaShape_Area_Filter_Bottom,Nuclear Size Filter Bottom Band,3045,1455,48,Bottom threshold: 7067.3,1407.0,Plate 4,P16-18
Nuclei_AreaShape_Area_Filter_Top,Nuclear Size Filter Top Band,3045,1455,0,Top threshold: 89616.59999999995,1407.0,Plate 4,P16-18
Cell_Nuclei_Area_Ratio_Filter_Bottom,Cell:Nuclear Area Ratio Filter Bottom Band,3045,1455,59,Bottom threshold: 1.6164851817503756,1396.0,Plate 4,P16-18
Cell_Nuclei_Area_Ratio_Filter_Top,Cell:Nuclear Area Ratio Filter Top Band,3045,1455,61,Top threshold: 22.160058147992746,1394.0,Plate 4,P16-18
Nuclei_Intensity_MedianIntensity_DAPI_MAX_WellNormalized_Filter_Bottom,Nuclei Intensity MedianIntensity DAPI MAX WellNormalized Filter Bottom Band,3045,1455,1,Bottom threshold: 0.031650092897977725,1454.0,Plate 4,P16-18
Nuclei_Intensity_MedianIntensity_DAPI_MAX_WellNormalized_Filter_Top,Nuclei Intensity MedianIntensity DAPI MAX WellNormalized Filter Top Band,3045,1455,3,Top threshold: 2.5,1452.0,Plate 4,P16-18
Cell_Neighbours_Filter,First Closest Neighbour distance < 0.025th percentile (97.5th closest distance) or == 0 (no neighbours),3045,1455,61,Min closest neighbour distance: 134.65146537199365,1394.0,Plate 4,P16-18
Cell_Neighbours_PercentTouchingOnlyFilter,Percent of Cell Touching Neighbours < 97.5th Percentile,3045,1455,1455,Max Percent Touching: 0.0,0.0,Plate 4,P16-18
Cell_Neighbours_NumberOfOnlyFilter,Number Of Neighbours < 97.5th Percentile,3045,1455,1455,Max Number Of Neighbours: 0.0,0.0,Plate 4,P16-18
Nuc_Neighbours_Filter,Number Of Nuclei Neighbours < 97.5th Percentile,3045,1455,0,Max Number Of Nuclei Neighbours: 0.0,1455.0,Plate 4,P16-18
Initial_Dataset,Initial Dataset,3045,0,0,"None,None",,Plate 5,P16-18
Number_of_Mitochondria_Filter,Min Number of Mitochondria Filter,3045,0,0,min_compartments=0,0.0,Plate 5,P16-18
Number_of_Lysosomes_Filter,Min Number of Lysosomes Filter,3045,0,0,min_compartments=0,0.0,Plate 5,P16-18
AreaShape_Area_Filter_Bottom,Cell Size Filter Bottom Band,3045,0,0,Bottom threshold: 14673.4,0.0,Plate 5,P16-18
AreaShape_Area_Filter_Top,Cell Size Filter Top Band,3045,0,0,Top threshold: 1154459.7999999977,0.0,Plate 5,P16-18
Nuclei_AreaShape_Area_Filter_Bottom,Nuclear Size Filter Bottom Band,3045,0,0,Bottom threshold: 7067.3,0.0,Plate 5,P16-18
Nuclei_AreaShape_Area_Filter_Top,Nuclear Size Filter Top Band,3045,0,0,Top threshold: 89616.59999999995,0.0,Plate 5,P16-18
Cell_Nuclei_Area_Ratio_Filter_Bottom,Cell:Nuclear Area Ratio Filter Bottom Band,3045,0,0,Bottom threshold: 1.6164851817503756,0.0,Plate 5,P16-18
Cell_Nuclei_Area_Ratio_Filter_Top,Cell:Nuclear Area Ratio Filter Top Band,3045,0,0,Top threshold: 22.160058147992746,0.0,Plate 5,P16-18
Nuclei_Intensity_MedianIntensity_DAPI_MAX_WellNormalized_Filter_Bottom,Nuclei Intensity MedianIntensity DAPI MAX WellNormalized Filter Bottom Band,3045,0,0,Bottom threshold: nan,0.0,Plate 5,P16-18
Nuclei_Intensity_MedianIntensity_DAPI_MAX_WellNormalized_Filter_Top,Nuclei Intensity MedianIntensity DAPI MAX WellNormalized Filter Top Band,3045,0,0,Top threshold: 2.5,0.0,Plate 5,P16-18
Cell_Neighbours_Filter,First Closest Neighbour distance < 0.025th percentile (97.5th closest distance) or == 0 (no neighbours),3045,0,0,Min closest neighbour distance: 134.65146537199365,0.0,Plate 5,P16-18
Cell_Neighbours_PercentTouchingOnlyFilter,Percent of Cell Touching Neighbours < 97.5th Percentile,3045,0,0,Max Percent Touching: 0.0,0.0,Plate 5,P16-18
Cell_Neighbours_NumberOfOnlyFilter,Number Of Neighbours < 97.5th Percentile,3045,0,0,Max Number Of Neighbours: 0.0,0.0,Plate 5,P16-18
Nuc_Neighbours_Filter,Number Of Nuclei Neighbours < 97.5th Percentile,3045,0,0,Max Number Of Nuclei Neighbours: 0.0,0.0,Plate 5,P16-18
Initial_Dataset,Initial Dataset,3045,1764,0,"None,None",,Plate 6,P16-18
Number_of_Mitochondria_Filter,Min Number of Mitochondria Filter,3045,1764,0,min_compartments=0,1764.0,Plate 6,P16-18
Number_of_Lysosomes_Filter,Min Number of Lysosomes Filter,3045,1764,0,min_compartments=0,1764.0,Plate 6,P16-18
AreaShape_Area_Filter_Bottom,Cell Size Filter Bottom Band,3045,1764,44,Bottom threshold: 14673.4,1720.0,Plate 6,P16-18
AreaShape_Area_Filter_Top,Cell Size Filter Top Band,3045,1764,0,Top threshold: 1154459.7999999977,1720.0,Plate 6,P16-18
Nuclei_AreaShape_Area_Filter_Bottom,Nuclear Size Filter Bottom Band,3045,1764,37,Bottom threshold: 7067.3,1727.0,Plate 6,P16-18
Nuclei_AreaShape_Area_Filter_Top,Nuclear Size Filter Top Band,3045,1764,0,Top threshold: 89616.59999999995,1727.0,Plate 6,P16-18
Cell_Nuclei_Area_Ratio_Filter_Bottom,Cell:Nuclear Area Ratio Filter Bottom Band,3045,1764,57,Bottom threshold: 1.6164851817503756,1707.0,Plate 6,P16-18
Cell_Nuclei_Area_Ratio_Filter_Top,Cell:Nuclear Area Ratio Filter Top Band,3045,1764,59,Top threshold: 22.160058147992746,1705.0,Plate 6,P16-18
Nuclei_Intensity_MedianIntensity_DAPI_MAX_WellNormalized_Filter_Bottom,Nuclei Intensity MedianIntensity DAPI MAX WellNormalized Filter Bottom Band,3045,1764,1,Bottom threshold: 0.0341946799015547,1763.0,Plate 6,P16-18
Nuclei_Intensity_MedianIntensity_DAPI_MAX_WellNormalized_Filter_Top,Nuclei Intensity MedianIntensity DAPI MAX WellNormalized Filter Top Band,3045,1764,5,Top threshold: 2.5,1759.0,Plate 6,P16-18
Cell_Neighbours_Filter,First Closest Neighbour distance < 0.025th percentile (97.5th closest distance) or == 0 (no neighbours),3045,1764,54,Min closest neighbour distance: 134.65146537199365,1710.0,Plate 6,P16-18
Cell_Neighbours_PercentTouchingOnlyFilter,Percent of Cell Touching Neighbours < 97.5th Percentile,3045,1764,1764,Max Percent Touching: 0.0,0.0,Plate 6,P16-18
Cell_Neighbours_NumberOfOnlyFilter,Number Of Neighbours < 97.5th Percentile,3045,1764,1764,Max Number Of Neighbours: 0.0,0.0,Plate 6,P16-18
Nuc_Neighbours_Filter,Number Of Nuclei Neighbours < 97.5th Percentile,3045,1764,0,Max Number Of Nuclei Neighbours: 0.0,1764.0,Plate 6,P16-18
Initial_Dataset,Initial Dataset,3045,0,0,"None,None",,Plate 7,P16-18
Number_of_Mitochondria_Filter,Min Number of Mitochondria Filter,3045,0,0,min_compartments=0,0.0,Plate 7,P16-18
Number_of_Lysosomes_Filter,Min Number of Lysosomes Filter,3045,0,0,min_compartments=0,0.0,Plate 7,P16-18
AreaShape_Area_Filter_Bottom,Cell Size Filter Bottom Band,3045,0,0,Bottom threshold: 14673.4,0.0,Plate 7,P16-18
AreaShape_Area_Filter_Top,Cell Size Filter Top Band,3045,0,0,Top threshold: 1154459.7999999977,0.0,Plate 7,P16-18
Nuclei_AreaShape_Area_Filter_Bottom,Nuclear Size Filter Bottom Band,3045,0,0,Bottom threshold: 7067.3,0.0,Plate 7,P16-18
Nuclei_AreaShape_Area_Filter_Top,Nuclear Size Filter Top Band,3045,0,0,Top threshold: 89616.59999999995,0.0,Plate 7,P16-18
Cell_Nuclei_Area_Ratio_Filter_Bottom,Cell:Nuclear Area Ratio Filter Bottom Band,3045,0,0,Bottom threshold: 1.6164851817503756,0.0,Plate 7,P16-18
Cell_Nuclei_Area_Ratio_Filter_Top,Cell:Nuclear Area Ratio Filter Top Band,3045,0,0,Top threshold: 22.160058147992746,0.0,Plate 7,P16-18
Nuclei_Intensity_MedianIntensity_DAPI_MAX_WellNormalized_Filter_Bottom,Nuclei Intensity MedianIntensity DAPI MAX WellNormalized Filter Bottom Band,3045,0,0,Bottom threshold: nan,0.0,Plate 7,P16-18
Nuclei_Intensity_MedianIntensity_DAPI_MAX_WellNormalized_Filter_Top,Nuclei Intensity MedianIntensity DAPI MAX WellNormalized Filter Top Band,3045,0,0,Top threshold: 2.5,0.0,Plate 7,P16-18
Cell_Neighbours_Filter,First Closest Neighbour distance < 0.025th percentile (97.5th closest distance) or == 0 (no neighbours),3045,0,0,Min closest neighbour distance: 134.65146537199365,0.0,Plate 7,P16-18
Cell_Neighbours_PercentTouchingOnlyFilter,Percent of Cell Touching Neighbours < 97.5th Percentile,3045,0,0,Max Percent Touching: 0.0,0.0,Plate 7,P16-18
Cell_Neighbours_NumberOfOnlyFilter,Number Of Neighbours < 97.5th Percentile,3045,0,0,Max Number Of Neighbours: 0.0,0.0,Plate 7,P16-18
Nuc_Neighbours_Filter,Number Of Nuclei Neighbours < 97.5th Percentile,3045,0,0,Max Number Of Nuclei Neighbours: 0.0,0.0,Plate 7,P16-18
Initial_Dataset,Initial Dataset,3045,729,0,"None,None",,Plate 1,P19-21
Number_of_Mitochondria_Filter,Min Number of Mitochondria Filter,3045,729,0,min_compartments=0,729.0,Plate 1,P19-21
Number_of_Lysosomes_Filter,Min Number of Lysosomes Filter,3045,729,0,min_compartments=0,729.0,Plate 1,P19-21
AreaShape_Area_Filter_Bottom,Cell Size Filter Bottom Band,3045,729,6,Bottom threshold: 14673.4,722.0,Plate 1,P19-21
AreaShape_Area_Filter_Top,Cell Size Filter Top Band,3045,729,1,Top threshold: 1154459.7999999977,722.0,Plate 1,P19-21
Nuclei_AreaShape_Area_Filter_Bottom,Nuclear Size Filter Bottom Band,3045,729,11,Bottom threshold: 7067.3,717.0,Plate 1,P19-21
Nuclei_AreaShape_Area_Filter_Top,Nuclear Size Filter Top Band,3045,729,1,Top threshold: 89616.59999999995,717.0,Plate 1,P19-21
Cell_Nuclei_Area_Ratio_Filter_Bottom,Cell:Nuclear Area Ratio Filter Bottom Band,3045,729,10,Bottom threshold: 1.6164851817503756,719.0,Plate 1,P19-21
Cell_Nuclei_Area_Ratio_Filter_Top,Cell:Nuclear Area Ratio Filter Top Band,3045,729,10,Top threshold: 22.160058147992746,719.0,Plate 1,P19-21
Nuclei_Intensity_MedianIntensity_DAPI_MAX_WellNormalized_Filter_Bottom,Nuclei Intensity MedianIntensity DAPI MAX WellNormalized Filter Bottom Band,3045,729,1,Bottom threshold: 0.0293289527406074,728.0,Plate 1,P19-21
Nuclei_Intensity_MedianIntensity_DAPI_MAX_WellNormalized_Filter_Top,Nuclei Intensity MedianIntensity DAPI MAX WellNormalized Filter Top Band,3045,729,2,Top threshold: 2.5,727.0,Plate 1,P19-21
Cell_Neighbours_Filter,First Closest Neighbour distance < 0.025th percentile (97.5th closest distance) or == 0 (no neighbours),3045,729,4,Min closest neighbour distance: 134.65146537199365,725.0,Plate 1,P19-21
Cell_Neighbours_PercentTouchingOnlyFilter,Percent of Cell Touching Neighbours < 97.5th Percentile,3045,729,729,Max Percent Touching: 0.0,0.0,Plate 1,P19-21
Cell_Neighbours_NumberOfOnlyFilter,Number Of Neighbours < 97.5th Percentile,3045,729,729,Max Number Of Neighbours: 0.0,0.0,Plate 1,P19-21
Nuc_Neighbours_Filter,Number Of Nuclei Neighbours < 97.5th Percentile,3045,729,0,Max Number Of Nuclei Neighbours: 0.0,729.0,Plate 1,P19-21
Initial_Dataset,Initial Dataset,3045,1342,0,"None,None",,Plate 2,P19-21
Number_of_Mitochondria_Filter,Min Number of Mitochondria Filter,3045,1342,0,min_compartments=0,1342.0,Plate 2,P19-21
Number_of_Lysosomes_Filter,Min Number of Lysosomes Filter,3045,1342,0,min_compartments=0,1342.0,Plate 2,P19-21
AreaShape_Area_Filter_Bottom,Cell Size Filter Bottom Band,3045,1342,4,Bottom threshold: 14673.4,1338.0,Plate 2,P19-21
AreaShape_Area_Filter_Top,Cell Size Filter Top Band,3045,1342,0,Top threshold: 1154459.7999999977,1338.0,Plate 2,P19-21
Nuclei_AreaShape_Area_Filter_Bottom,Nuclear Size Filter Bottom Band,3045,1342,12,Bottom threshold: 7067.3,1329.0,Plate 2,P19-21
Nuclei_AreaShape_Area_Filter_Top,Nuclear Size Filter Top Band,3045,1342,1,Top threshold: 89616.59999999995,1329.0,Plate 2,P19-21
Cell_Nuclei_Area_Ratio_Filter_Bottom,Cell:Nuclear Area Ratio Filter Bottom Band,3045,1342,17,Bottom threshold: 1.6164851817503756,1325.0,Plate 2,P19-21
Cell_Nuclei_Area_Ratio_Filter_Top,Cell:Nuclear Area Ratio Filter Top Band,3045,1342,21,Top threshold: 22.160058147992746,1321.0,Plate 2,P19-21
Nuclei_Intensity_MedianIntensity_DAPI_MAX_WellNormalized_Filter_Bottom,Nuclei Intensity MedianIntensity DAPI MAX WellNormalized Filter Bottom Band,3045,1342,1,Bottom threshold: 0.05110645837852966,1341.0,Plate 2,P19-21
Nuclei_Intensity_MedianIntensity_DAPI_MAX_WellNormalized_Filter_Top,Nuclei Intensity MedianIntensity DAPI MAX WellNormalized Filter Top Band,3045,1342,3,Top threshold: 2.5,1339.0,Plate 2,P19-21
Cell_Neighbours_Filter,First Closest Neighbour distance < 0.025th percentile (97.5th closest distance) or == 0 (no neighbours),3045,1342,6,Min closest neighbour distance: 134.65146537199365,1336.0,Plate 2,P19-21
Cell_Neighbours_PercentTouchingOnlyFilter,Percent of Cell Touching Neighbours < 97.5th Percentile,3045,1342,1342,Max Percent Touching: 0.0,0.0,Plate 2,P19-21
Cell_Neighbours_NumberOfOnlyFilter,Number Of Neighbours < 97.5th Percentile,3045,1342,1342,Max Number Of Neighbours: 0.0,0.0,Plate 2,P19-21
Nuc_Neighbours_Filter,Number Of Nuclei Neighbours < 97.5th Percentile,3045,1342,0,Max Number Of Nuclei Neighbours: 0.0,1342.0,Plate 2,P19-21
Initial_Dataset,Initial Dataset,3045,3587,0,"None,None",,Plate 3,P19-21
Number_of_Mitochondria_Filter,Min Number of Mitochondria Filter,3045,3587,0,min_compartments=0,3587.0,Plate 3,P19-21
Number_of_Lysosomes_Filter,Min Number of Lysosomes Filter,3045,3587,0,min_compartments=0,3587.0,Plate 3,P19-21
AreaShape_Area_Filter_Bottom,Cell Size Filter Bottom Band,3045,3587,59,Bottom threshold: 14673.4,3527.0,Plate 3,P19-21
AreaShape_Area_Filter_Top,Cell Size Filter Top Band,3045,3587,1,Top threshold: 1154459.7999999977,3527.0,Plate 3,P19-21
Nuclei_AreaShape_Area_Filter_Bottom,Nuclear Size Filter Bottom Band,3045,3587,71,Bottom threshold: 7067.3,3511.0,Plate 3,P19-21
Nuclei_AreaShape_Area_Filter_Top,Nuclear Size Filter Top Band,3045,3587,5,Top threshold: 89616.59999999995,3511.0,Plate 3,P19-21
Cell_Nuclei_Area_Ratio_Filter_Bottom,Cell:Nuclear Area Ratio Filter Bottom Band,3045,3587,65,Bottom threshold: 1.6164851817503756,3522.0,Plate 3,P19-21
Cell_Nuclei_Area_Ratio_Filter_Top,Cell:Nuclear Area Ratio Filter Top Band,3045,3587,70,Top threshold: 22.160058147992746,3517.0,Plate 3,P19-21
Nuclei_Intensity_MedianIntensity_DAPI_MAX_WellNormalized_Filter_Bottom,Nuclei Intensity MedianIntensity DAPI MAX WellNormalized Filter Bottom Band,3045,3587,1,Bottom threshold: 0.09674397822333158,3586.0,Plate 3,P19-21
Nuclei_Intensity_MedianIntensity_DAPI_MAX_WellNormalized_Filter_Top,Nuclei Intensity MedianIntensity DAPI MAX WellNormalized Filter Top Band,3045,3587,9,Top threshold: 2.5,3578.0,Plate 3,P19-21
Cell_Neighbours_Filter,First Closest Neighbour distance < 0.025th percentile (97.5th closest distance) or == 0 (no neighbours),3045,3587,107,Min closest neighbour distance: 134.65146537199365,3480.0,Plate 3,P19-21
Cell_Neighbours_PercentTouchingOnlyFilter,Percent of Cell Touching Neighbours < 97.5th Percentile,3045,3587,3587,Max Percent Touching: 0.0,0.0,Plate 3,P19-21
Cell_Neighbours_NumberOfOnlyFilter,Number Of Neighbours < 97.5th Percentile,3045,3587,3587,Max Number Of Neighbours: 0.0,0.0,Plate 3,P19-21
Nuc_Neighbours_Filter,Number Of Nuclei Neighbours < 97.5th Percentile,3045,3587,0,Max Number Of Nuclei Neighbours: 0.0,3587.0,Plate 3,P19-21
Initial_Dataset,Initial Dataset,3045,1469,0,"None,None",,Plate 4,P19-21
Number_of_Mitochondria_Filter,Min Number of Mitochondria Filter,3045,1469,0,min_compartments=0,1469.0,Plate 4,P19-21
Number_of_Lysosomes_Filter,Min Number of Lysosomes Filter,3045,1469,0,min_compartments=0,1469.0,Plate 4,P19-21
AreaShape_Area_Filter_Bottom,Cell Size Filter Bottom Band,3045,1469,30,Bottom threshold: 14673.4,1439.0,Plate 4,P19-21
AreaShape_Area_Filter_Top,Cell Size Filter Top Band,3045,1469,0,Top threshold: 1154459.7999999977,1439.0,Plate 4,P19-21
Nuclei_AreaShape_Area_Filter_Bottom,Nuclear Size Filter Bottom Band,3045,1469,41,Bottom threshold: 7067.3,1428.0,Plate 4,P19-21
Nuclei_AreaShape_Area_Filter_Top,Nuclear Size Filter Top Band,3045,1469,0,Top threshold: 89616.59999999995,1428.0,Plate 4,P19-21
Cell_Nuclei_Area_Ratio_Filter_Bottom,Cell:Nuclear Area Ratio Filter Bottom Band,3045,1469,40,Bottom threshold: 1.6164851817503756,1429.0,Plate 4,P19-21
Cell_Nuclei_Area_Ratio_Filter_Top,Cell:Nuclear Area Ratio Filter Top Band,3045,1469,42,Top threshold: 22.160058147992746,1427.0,Plate 4,P19-21
Nuclei_Intensity_MedianIntensity_DAPI_MAX_WellNormalized_Filter_Bottom,Nuclei Intensity MedianIntensity DAPI MAX WellNormalized Filter Bottom Band,3045,1469,1,Bottom threshold: 0.05125488401876894,1468.0,Plate 4,P19-21
Nuclei_Intensity_MedianIntensity_DAPI_MAX_WellNormalized_Filter_Top,Nuclei Intensity MedianIntensity DAPI MAX WellNormalized Filter Top Band,3045,1469,2,Top threshold: 2.5,1467.0,Plate 4,P19-21
Cell_Neighbours_Filter,First Closest Neighbour distance < 0.025th percentile (97.5th closest distance) or == 0 (no neighbours),3045,1469,47,Min closest neighbour distance: 134.65146537199365,1422.0,Plate 4,P19-21
Cell_Neighbours_PercentTouchingOnlyFilter,Percent of Cell Touching Neighbours < 97.5th Percentile,3045,1469,1469,Max Percent Touching: 0.0,0.0,Plate 4,P19-21
Cell_Neighbours_NumberOfOnlyFilter,Number Of Neighbours < 97.5th Percentile,3045,1469,1469,Max Number Of Neighbours: 0.0,0.0,Plate 4,P19-21
Nuc_Neighbours_Filter,Number Of Nuclei Neighbours < 97.5th Percentile,3045,1469,0,Max Number Of Nuclei Neighbours: 0.0,1469.0,Plate 4,P19-21
Initial_Dataset,Initial Dataset,3045,2606,0,"None,None",,Plate 5,P19-21
Number_of_Mitochondria_Filter,Min Number of Mitochondria Filter,3045,2606,0,min_compartments=0,2606.0,Plate 5,P19-21
Number_of_Lysosomes_Filter,Min Number of Lysosomes Filter,3045,2606,0,min_compartments=0,2606.0,Plate 5,P19-21
AreaShape_Area_Filter_Bottom,Cell Size Filter Bottom Band,3045,2606,81,Bottom threshold: 14673.4,2525.0,Plate 5,P19-21
AreaShape_Area_Filter_Top,Cell Size Filter Top Band,3045,2606,0,Top threshold: 1154459.7999999977,2525.0,Plate 5,P19-21
Nuclei_AreaShape_Area_Filter_Bottom,Nuclear Size Filter Bottom Band,3045,2606,79,Bottom threshold: 7067.3,2527.0,Plate 5,P19-21
Nuclei_AreaShape_Area_Filter_Top,Nuclear Size Filter Top Band,3045,2606,0,Top threshold: 89616.59999999995,2527.0,Plate 5,P19-21
Cell_Nuclei_Area_Ratio_Filter_Bottom,Cell:Nuclear Area Ratio Filter Bottom Band,3045,2606,90,Bottom threshold: 1.6164851817503756,2516.0,Plate 5,P19-21
Cell_Nuclei_Area_Ratio_Filter_Top,Cell:Nuclear Area Ratio Filter Top Band,3045,2606,92,Top threshold: 22.160058147992746,2514.0,Plate 5,P19-21
Nuclei_Intensity_MedianIntensity_DAPI_MAX_WellNormalized_Filter_Bottom,Nuclei Intensity MedianIntensity DAPI MAX WellNormalized Filter Bottom Band,3045,2606,1,Bottom threshold: 0.09205640202290397,2605.0,Plate 5,P19-21
Nuclei_Intensity_MedianIntensity_DAPI_MAX_WellNormalized_Filter_Top,Nuclei Intensity MedianIntensity DAPI MAX WellNormalized Filter Top Band,3045,2606,5,Top threshold: 2.5,2601.0,Plate 5,P19-21
Cell_Neighbours_Filter,First Closest Neighbour distance < 0.025th percentile (97.5th closest distance) or == 0 (no neighbours),3045,2606,100,Min closest neighbour distance: 134.65146537199365,2506.0,Plate 5,P19-21
Cell_Neighbours_PercentTouchingOnlyFilter,Percent of Cell Touching Neighbours < 97.5th Percentile,3045,2606,2606,Max Percent Touching: 0.0,0.0,Plate 5,P19-21
Cell_Neighbours_NumberOfOnlyFilter,Number Of Neighbours < 97.5th Percentile,3045,2606,2606,Max Number Of Neighbours: 0.0,0.0,Plate 5,P19-21
Nuc_Neighbours_Filter,Number Of Nuclei Neighbours < 97.5th Percentile,3045,2606,0,Max Number Of Nuclei Neighbours: 0.0,2606.0,Plate 5,P19-21
Initial_Dataset,Initial Dataset,3045,0,0,"None,None",,Plate 6,P19-21
Number_of_Mitochondria_Filter,Min Number of Mitochondria Filter,3045,0,0,min_compartments=0,0.0,Plate 6,P19-21
Number_of_Lysosomes_Filter,Min Number of Lysosomes Filter,3045,0,0,min_compartments=0,0.0,Plate 6,P19-21
AreaShape_Area_Filter_Bottom,Cell Size Filter Bottom Band,3045,0,0,Bottom threshold: 14673.4,0.0,Plate 6,P19-21
AreaShape_Area_Filter_Top,Cell Size Filter Top Band,3045,0,0,Top threshold: 1154459.7999999977,0.0,Plate 6,P19-21
Nuclei_AreaShape_Area_Filter_Bottom,Nuclear Size Filter Bottom Band,3045,0,0,Bottom threshold: 7067.3,0.0,Plate 6,P19-21
Nuclei_AreaShape_Area_Filter_Top,Nuclear Size Filter Top Band,3045,0,0,Top threshold: 89616.59999999995,0.0,Plate 6,P19-21
Cell_Nuclei_Area_Ratio_Filter_Bottom,Cell:Nuclear Area Ratio Filter Bottom Band,3045,0,0,Bottom threshold: 1.6164851817503756,0.0,Plate 6,P19-21
Cell_Nuclei_Area_Ratio_Filter_Top,Cell:Nuclear Area Ratio Filter Top Band,3045,0,0,Top threshold: 22.160058147992746,0.0,Plate 6,P19-21
Nuclei_Intensity_MedianIntensity_DAPI_MAX_WellNormalized_Filter_Bottom,Nuclei Intensity MedianIntensity DAPI MAX WellNormalized Filter Bottom Band,3045,0,0,Bottom threshold: nan,0.0,Plate 6,P19-21
Nuclei_Intensity_MedianIntensity_DAPI_MAX_WellNormalized_Filter_Top,Nuclei Intensity MedianIntensity DAPI MAX WellNormalized Filter Top Band,3045,0,0,Top threshold: 2.5,0.0,Plate 6,P19-21
Cell_Neighbours_Filter,First Closest Neighbour distance < 0.025th percentile (97.5th closest distance) or == 0 (no neighbours),3045,0,0,Min closest neighbour distance: 134.65146537199365,0.0,Plate 6,P19-21
Cell_Neighbours_PercentTouchingOnlyFilter,Percent of Cell Touching Neighbours < 97.5th Percentile,3045,0,0,Max Percent Touching: 0.0,0.0,Plate 6,P19-21
Cell_Neighbours_NumberOfOnlyFilter,Number Of Neighbours < 97.5th Percentile,3045,0,0,Max Number Of Neighbours: 0.0,0.0,Plate 6,P19-21
Nuc_Neighbours_Filter,Number Of Nuclei Neighbours < 97.5th Percentile,3045,0,0,Max Number Of Nuclei Neighbours: 0.0,0.0,Plate 6,P19-21
Initial_Dataset,Initial Dataset,3045,3799,0,"None,None",,Plate 7,P19-21
Number_of_Mitochondria_Filter,Min Number of Mitochondria Filter,3045,3799,0,min_compartments=0,3799.0,Plate 7,P19-21
Number_of_Lysosomes_Filter,Min Number of Lysosomes Filter,3045,3799,0,min_compartments=0,3799.0,Plate 7,P19-21
AreaShape_Area_Filter_Bottom,Cell Size Filter Bottom Band,3045,3799,10,Bottom threshold: 14673.4,3788.0,Plate 7,P19-21
AreaShape_Area_Filter_Top,Cell Size Filter Top Band,3045,3799,1,Top threshold: 1154459.7999999977,3788.0,Plate 7,P19-21
Nuclei_AreaShape_Area_Filter_Bottom,Nuclear Size Filter Bottom Band,3045,3799,35,Bottom threshold: 7067.3,3757.0,Plate 7,P19-21
Nuclei_AreaShape_Area_Filter_Top,Nuclear Size Filter Top Band,3045,3799,7,Top threshold: 89616.59999999995,3757.0,Plate 7,P19-21
Cell_Nuclei_Area_Ratio_Filter_Bottom,Cell:Nuclear Area Ratio Filter Bottom Band,3045,3799,28,Bottom threshold: 1.6164851817503756,3771.0,Plate 7,P19-21
Cell_Nuclei_Area_Ratio_Filter_Top,Cell:Nuclear Area Ratio Filter Top Band,3045,3799,40,Top threshold: 22.160058147992746,3759.0,Plate 7,P19-21
Nuclei_Intensity_MedianIntensity_DAPI_MAX_WellNormalized_Filter_Bottom,Nuclei Intensity MedianIntensity DAPI MAX WellNormalized Filter Bottom Band,3045,3799,1,Bottom threshold: 0.10791379264099481,3798.0,Plate 7,P19-21
Nuclei_Intensity_MedianIntensity_DAPI_MAX_WellNormalized_Filter_Top,Nuclei Intensity MedianIntensity DAPI MAX WellNormalized Filter Top Band,3045,3799,20,Top threshold: 2.5,3779.0,Plate 7,P19-21
Cell_Neighbours_Filter,First Closest Neighbour distance < 0.025th percentile (97.5th closest distance) or == 0 (no neighbours),3045,3799,28,Min closest neighbour distance: 134.65146537199365,3771.0,Plate 7,P19-21
Cell_Neighbours_PercentTouchingOnlyFilter,Percent of Cell Touching Neighbours < 97.5th Percentile,3045,3799,3799,Max Percent Touching: 0.0,0.0,Plate 7,P19-21
Cell_Neighbours_NumberOfOnlyFilter,Number Of Neighbours < 97.5th Percentile,3045,3799,3799,Max Number Of Neighbours: 0.0,0.0,Plate 7,P19-21
Nuc_Neighbours_Filter,Number Of Nuclei Neighbours < 97.5th Percentile,3045,3799,0,Max Number Of Nuclei Neighbours: 0.0,3799.0,Plate 7,P19-21
Initial_Dataset,Initial Dataset,3045,0,0,"None,None",,Plate 1,P22-24
Number_of_Mitochondria_Filter,Min Number of Mitochondria Filter,3045,0,0,min_compartments=0,0.0,Plate 1,P22-24
Number_of_Lysosomes_Filter,Min Number of Lysosomes Filter,3045,0,0,min_compartments=0,0.0,Plate 1,P22-24
AreaShape_Area_Filter_Bottom,Cell Size Filter Bottom Band,3045,0,0,Bottom threshold: 14673.4,0.0,Plate 1,P22-24
AreaShape_Area_Filter_Top,Cell Size Filter Top Band,3045,0,0,Top threshold: 1154459.7999999977,0.0,Plate 1,P22-24
Nuclei_AreaShape_Area_Filter_Bottom,Nuclear Size Filter Bottom Band,3045,0,0,Bottom threshold: 7067.3,0.0,Plate 1,P22-24
Nuclei_AreaShape_Area_Filter_Top,Nuclear Size Filter Top Band,3045,0,0,Top threshold: 89616.59999999995,0.0,Plate 1,P22-24
Cell_Nuclei_Area_Ratio_Filter_Bottom,Cell:Nuclear Area Ratio Filter Bottom Band,3045,0,0,Bottom threshold: 1.6164851817503756,0.0,Plate 1,P22-24
Cell_Nuclei_Area_Ratio_Filter_Top,Cell:Nuclear Area Ratio Filter Top Band,3045,0,0,Top threshold: 22.160058147992746,0.0,Plate 1,P22-24
Nuclei_Intensity_MedianIntensity_DAPI_MAX_WellNormalized_Filter_Bottom,Nuclei Intensity MedianIntensity DAPI MAX WellNormalized Filter Bottom Band,3045,0,0,Bottom threshold: nan,0.0,Plate 1,P22-24
Nuclei_Intensity_MedianIntensity_DAPI_MAX_WellNormalized_Filter_Top,Nuclei Intensity MedianIntensity DAPI MAX WellNormalized Filter Top Band,3045,0,0,Top threshold: 2.5,0.0,Plate 1,P22-24
Cell_Neighbours_Filter,First Closest Neighbour distance < 0.025th percentile (97.5th closest distance) or == 0 (no neighbours),3045,0,0,Min closest neighbour distance: 134.65146537199365,0.0,Plate 1,P22-24
Cell_Neighbours_PercentTouchingOnlyFilter,Percent of Cell Touching Neighbours < 97.5th Percentile,3045,0,0,Max Percent Touching: 0.0,0.0,Plate 1,P22-24
Cell_Neighbours_NumberOfOnlyFilter,Number Of Neighbours < 97.5th Percentile,3045,0,0,Max Number Of Neighbours: 0.0,0.0,Plate 1,P22-24
Nuc_Neighbours_Filter,Number Of Nuclei Neighbours < 97.5th Percentile,3045,0,0,Max Number Of Nuclei Neighbours: 0.0,0.0,Plate 1,P22-24
Initial_Dataset,Initial Dataset,3045,772,0,"None,None",,Plate 2,P22-24
Number_of_Mitochondria_Filter,Min Number of Mitochondria Filter,3045,772,0,min_compartments=0,772.0,Plate 2,P22-24
Number_of_Lysosomes_Filter,Min Number of Lysosomes Filter,3045,772,0,min_compartments=0,772.0,Plate 2,P22-24
AreaShape_Area_Filter_Bottom,Cell Size Filter Bottom Band,3045,772,5,Bottom threshold: 14673.4,764.0,Plate 2,P22-24
AreaShape_Area_Filter_Top,Cell Size Filter Top Band,3045,772,3,Top threshold: 1154459.7999999977,764.0,Plate 2,P22-24
Nuclei_AreaShape_Area_Filter_Bottom,Nuclear Size Filter Bottom Band,3045,772,7,Bottom threshold: 7067.3,763.0,Plate 2,P22-24
Nuclei_AreaShape_Area_Filter_Top,Nuclear Size Filter Top Band,3045,772,2,Top threshold: 89616.59999999995,763.0,Plate 2,P22-24
Cell_Nuclei_Area_Ratio_Filter_Bottom,Cell:Nuclear Area Ratio Filter Bottom Band,3045,772,11,Bottom threshold: 1.6164851817503756,761.0,Plate 2,P22-24
Cell_Nuclei_Area_Ratio_Filter_Top,Cell:Nuclear Area Ratio Filter Top Band,3045,772,15,Top threshold: 22.160058147992746,757.0,Plate 2,P22-24
Nuclei_Intensity_MedianIntensity_DAPI_MAX_WellNormalized_Filter_Bottom,Nuclei Intensity MedianIntensity DAPI MAX WellNormalized Filter Bottom Band,3045,772,1,Bottom threshold: 0.04144168753461109,771.0,Plate 2,P22-24
Nuclei_Intensity_MedianIntensity_DAPI_MAX_WellNormalized_Filter_Top,Nuclei Intensity MedianIntensity DAPI MAX WellNormalized Filter Top Band,3045,772,2,Top threshold: 2.5,770.0,Plate 2,P22-24
Cell_Neighbours_Filter,First Closest Neighbour distance < 0.025th percentile (97.5th closest distance) or == 0 (no neighbours),3045,772,2,Min closest neighbour distance: 134.65146537199365,770.0,Plate 2,P22-24
Cell_Neighbours_PercentTouchingOnlyFilter,Percent of Cell Touching Neighbours < 97.5th Percentile,3045,772,772,Max Percent Touching: 0.0,0.0,Plate 2,P22-24
Cell_Neighbours_NumberOfOnlyFilter,Number Of Neighbours < 97.5th Percentile,3045,772,772,Max Number Of Neighbours: 0.0,0.0,Plate 2,P22-24
Nuc_Neighbours_Filter,Number Of Nuclei Neighbours < 97.5th Percentile,3045,772,0,Max Number Of Nuclei Neighbours: 0.0,772.0,Plate 2,P22-24
Initial_Dataset,Initial Dataset,3045,2539,0,"None,None",,Plate 3,P22-24
Number_of_Mitochondria_Filter,Min Number of Mitochondria Filter,3045,2539,0,min_compartments=0,2539.0,Plate 3,P22-24
Number_of_Lysosomes_Filter,Min Number of Lysosomes Filter,3045,2539,0,min_compartments=0,2539.0,Plate 3,P22-24
AreaShape_Area_Filter_Bottom,Cell Size Filter Bottom Band,3045,2539,13,Bottom threshold: 14673.4,2524.0,Plate 3,P22-24
AreaShape_Area_Filter_Top,Cell Size Filter Top Band,3045,2539,2,Top threshold: 1154459.7999999977,2524.0,Plate 3,P22-24
Nuclei_AreaShape_Area_Filter_Bottom,Nuclear Size Filter Bottom Band,3045,2539,30,Bottom threshold: 7067.3,2508.0,Plate 3,P22-24
Nuclei_AreaShape_Area_Filter_Top,Nuclear Size Filter Top Band,3045,2539,1,Top threshold: 89616.59999999995,2508.0,Plate 3,P22-24
Cell_Nuclei_Area_Ratio_Filter_Bottom,Cell:Nuclear Area Ratio Filter Bottom Band,3045,2539,11,Bottom threshold: 1.6164851817503756,2528.0,Plate 3,P22-24
Cell_Nuclei_Area_Ratio_Filter_Top,Cell:Nuclear Area Ratio Filter Top Band,3045,2539,23,Top threshold: 22.160058147992746,2516.0,Plate 3,P22-24
Nuclei_Intensity_MedianIntensity_DAPI_MAX_WellNormalized_Filter_Bottom,Nuclei Intensity MedianIntensity DAPI MAX WellNormalized Filter Bottom Band,3045,2539,1,Bottom threshold: 0.035989307401509546,2538.0,Plate 3,P22-24
Nuclei_Intensity_MedianIntensity_DAPI_MAX_WellNormalized_Filter_Top,Nuclei Intensity MedianIntensity DAPI MAX WellNormalized Filter Top Band,3045,2539,8,Top threshold: 2.5,2531.0,Plate 3,P22-24
Cell_Neighbours_Filter,First Closest Neighbour distance < 0.025th percentile (97.5th closest distance) or == 0 (no neighbours),3045,2539,26,Min closest neighbour distance: 134.65146537199365,2513.0,Plate 3,P22-24
Cell_Neighbours_PercentTouchingOnlyFilter,Percent of Cell Touching Neighbours < 97.5th Percentile,3045,2539,2539,Max Percent Touching: 0.0,0.0,Plate 3,P22-24
Cell_Neighbours_NumberOfOnlyFilter,Number Of Neighbours < 97.5th Percentile,3045,2539,2539,Max Number Of Neighbours: 0.0,0.0,Plate 3,P22-24
Nuc_Neighbours_Filter,Number Of Nuclei Neighbours < 97.5th Percentile,3045,2539,0,Max Number Of Nuclei Neighbours: 0.0,2539.0,Plate 3,P22-24
Initial_Dataset,Initial Dataset,3045,3426,0,"None,None",,Plate 4,P22-24
Number_of_Mitochondria_Filter,Min Number of Mitochondria Filter,3045,3426,0,min_compartments=0,3426.0,Plate 4,P22-24
Number_of_Lysosomes_Filter,Min Number of Lysosomes Filter,3045,3426,0,min_compartments=0,3426.0,Plate 4,P22-24
AreaShape_Area_Filter_Bottom,Cell Size Filter Bottom Band,3045,3426,106,Bottom threshold: 14673.4,3320.0,Plate 4,P22-24
AreaShape_Area_Filter_Top,Cell Size Filter Top Band,3045,3426,0,Top threshold: 1154459.7999999977,3320.0,Plate 4,P22-24
Nuclei_AreaShape_Area_Filter_Bottom,Nuclear Size Filter Bottom Band,3045,3426,137,Bottom threshold: 7067.3,3286.0,Plate 4,P22-24
Nuclei_AreaShape_Area_Filter_Top,Nuclear Size Filter Top Band,3045,3426,3,Top threshold: 89616.59999999995,3286.0,Plate 4,P22-24
Cell_Nuclei_Area_Ratio_Filter_Bottom,Cell:Nuclear Area Ratio Filter Bottom Band,3045,3426,127,Bottom threshold: 1.6164851817503756,3299.0,Plate 4,P22-24
Cell_Nuclei_Area_Ratio_Filter_Top,Cell:Nuclear Area Ratio Filter Top Band,3045,3426,129,Top threshold: 22.160058147992746,3297.0,Plate 4,P22-24
Nuclei_Intensity_MedianIntensity_DAPI_MAX_WellNormalized_Filter_Bottom,Nuclei Intensity MedianIntensity DAPI MAX WellNormalized Filter Bottom Band,3045,3426,1,Bottom threshold: 0.02199682003117582,3425.0,Plate 4,P22-24
Nuclei_Intensity_MedianIntensity_DAPI_MAX_WellNormalized_Filter_Top,Nuclei Intensity MedianIntensity DAPI MAX WellNormalized Filter Top Band,3045,3426,4,Top threshold: 2.5,3422.0,Plate 4,P22-24
Cell_Neighbours_Filter,First Closest Neighbour distance < 0.025th percentile (97.5th closest distance) or == 0 (no neighbours),3045,3426,93,Min closest neighbour distance: 134.65146537199365,3333.0,Plate 4,P22-24
Cell_Neighbours_PercentTouchingOnlyFilter,Percent of Cell Touching Neighbours < 97.5th Percentile,3045,3426,3426,Max Percent Touching: 0.0,0.0,Plate 4,P22-24
Cell_Neighbours_NumberOfOnlyFilter,Number Of Neighbours < 97.5th Percentile,3045,3426,3426,Max Number Of Neighbours: 0.0,0.0,Plate 4,P22-24
Nuc_Neighbours_Filter,Number Of Nuclei Neighbours < 97.5th Percentile,3045,3426,0,Max Number Of Nuclei Neighbours: 0.0,3426.0,Plate 4,P22-24
Initial_Dataset,Initial Dataset,3045,1083,0,"None,None",,Plate 5,P22-24
Number_of_Mitochondria_Filter,Min Number of Mitochondria Filter,3045,1083,0,min_compartments=0,1083.0,Plate 5,P22-24
Number_of_Lysosomes_Filter,Min Number of Lysosomes Filter,3045,1083,0,min_compartments=0,1083.0,Plate 5,P22-24
AreaShape_Area_Filter_Bottom,Cell Size Filter Bottom Band,3045,1083,1,Bottom threshold: 14673.4,1082.0,Plate 5,P22-24
AreaShape_Area_Filter_Top,Cell Size Filter Top Band,3045,1083,0,Top threshold: 1154459.7999999977,1082.0,Plate 5,P22-24
Nuclei_AreaShape_Area_Filter_Bottom,Nuclear Size Filter Bottom Band,3045,1083,9,Bottom threshold: 7067.3,1070.0,Plate 5,P22-24
Nuclei_AreaShape_Area_Filter_Top,Nuclear Size Filter Top Band,3045,1083,4,Top threshold: 89616.59999999995,1070.0,Plate 5,P22-24
Cell_Nuclei_Area_Ratio_Filter_Bottom,Cell:Nuclear Area Ratio Filter Bottom Band,3045,1083,7,Bottom threshold: 1.6164851817503756,1076.0,Plate 5,P22-24
Cell_Nuclei_Area_Ratio_Filter_Top,Cell:Nuclear Area Ratio Filter Top Band,3045,1083,13,Top threshold: 22.160058147992746,1070.0,Plate 5,P22-24
Nuclei_Intensity_MedianIntensity_DAPI_MAX_WellNormalized_Filter_Bottom,Nuclei Intensity MedianIntensity DAPI MAX WellNormalized Filter Bottom Band,3045,1083,1,Bottom threshold: 0.05690273249944419,1082.0,Plate 5,P22-24
Nuclei_Intensity_MedianIntensity_DAPI_MAX_WellNormalized_Filter_Top,Nuclei Intensity MedianIntensity DAPI MAX WellNormalized Filter Top Band,3045,1083,5,Top threshold: 2.5,1078.0,Plate 5,P22-24
Cell_Neighbours_Filter,First Closest Neighbour distance < 0.025th percentile (97.5th closest distance) or == 0 (no neighbours),3045,1083,2,Min closest neighbour distance: 134.65146537199365,1081.0,Plate 5,P22-24
Cell_Neighbours_PercentTouchingOnlyFilter,Percent of Cell Touching Neighbours < 97.5th Percentile,3045,1083,1083,Max Percent Touching: 0.0,0.0,Plate 5,P22-24
Cell_Neighbours_NumberOfOnlyFilter,Number Of Neighbours < 97.5th Percentile,3045,1083,1083,Max Number Of Neighbours: 0.0,0.0,Plate 5,P22-24
Nuc_Neighbours_Filter,Number Of Nuclei Neighbours < 97.5th Percentile,3045,1083,0,Max Number Of Nuclei Neighbours: 0.0,1083.0,Plate 5,P22-24
Initial_Dataset,Initial Dataset,3045,3256,0,"None,None",,Plate 6,P22-24
Number_of_Mitochondria_Filter,Min Number of Mitochondria Filter,3045,3256,0,min_compartments=0,3256.0,Plate 6,P22-24
Number_of_Lysosomes_Filter,Min Number of Lysosomes Filter,3045,3256,0,min_compartments=0,3256.0,Plate 6,P22-24
AreaShape_Area_Filter_Bottom,Cell Size Filter Bottom Band,3045,3256,43,Bottom threshold: 14673.4,3212.0,Plate 6,P22-24
AreaShape_Area_Filter_Top,Cell Size Filter Top Band,3045,3256,1,Top threshold: 1154459.7999999977,3212.0,Plate 6,P22-24
Nuclei_AreaShape_Area_Filter_Bottom,Nuclear Size Filter Bottom Band,3045,3256,60,Bottom threshold: 7067.3,3189.0,Plate 6,P22-24
Nuclei_AreaShape_Area_Filter_Top,Nuclear Size Filter Top Band,3045,3256,7,Top threshold: 89616.59999999995,3189.0,Plate 6,P22-24
Cell_Nuclei_Area_Ratio_Filter_Bottom,Cell:Nuclear Area Ratio Filter Bottom Band,3045,3256,62,Bottom threshold: 1.6164851817503756,3194.0,Plate 6,P22-24
Cell_Nuclei_Area_Ratio_Filter_Top,Cell:Nuclear Area Ratio Filter Top Band,3045,3256,74,Top threshold: 22.160058147992746,3182.0,Plate 6,P22-24
Nuclei_Intensity_MedianIntensity_DAPI_MAX_WellNormalized_Filter_Bottom,Nuclei Intensity MedianIntensity DAPI MAX WellNormalized Filter Bottom Band,3045,3256,1,Bottom threshold: 0.03820176264614879,3255.0,Plate 6,P22-24
Nuclei_Intensity_MedianIntensity_DAPI_MAX_WellNormalized_Filter_Top,Nuclei Intensity MedianIntensity DAPI MAX WellNormalized Filter Top Band,3045,3256,6,Top threshold: 2.5,3250.0,Plate 6,P22-24
Cell_Neighbours_Filter,First Closest Neighbour distance < 0.025th percentile (97.5th closest distance) or == 0 (no neighbours),3045,3256,34,Min closest neighbour distance: 134.65146537199365,3222.0,Plate 6,P22-24
Cell_Neighbours_PercentTouchingOnlyFilter,Percent of Cell Touching Neighbours < 97.5th Percentile,3045,3256,3256,Max Percent Touching: 0.0,0.0,Plate 6,P22-24
Cell_Neighbours_NumberOfOnlyFilter,Number Of Neighbours < 97.5th Percentile,3045,3256,3256,Max Number Of Neighbours: 0.0,0.0,Plate 6,P22-24
Nuc_Neighbours_Filter,Number Of Nuclei Neighbours < 97.5th Percentile,3045,3256,0,Max Number Of Nuclei Neighbours: 0.0,3256.0,Plate 6,P22-24
Initial_Dataset,Initial Dataset,3045,1486,0,"None,None",,Plate 7,P22-24
Number_of_Mitochondria_Filter,Min Number of Mitochondria Filter,3045,1486,0,min_compartments=0,1486.0,Plate 7,P22-24
Number_of_Lysosomes_Filter,Min Number of Lysosomes Filter,3045,1486,0,min_compartments=0,1486.0,Plate 7,P22-24
AreaShape_Area_Filter_Bottom,Cell Size Filter Bottom Band,3045,1486,2,Bottom threshold: 14673.4,1478.0,Plate 7,P22-24
AreaShape_Area_Filter_Top,Cell Size Filter Top Band,3045,1486,6,Top threshold: 1154459.7999999977,1478.0,Plate 7,P22-24
Nuclei_AreaShape_Area_Filter_Bottom,Nuclear Size Filter Bottom Band,3045,1486,9,Bottom threshold: 7067.3,1472.0,Plate 7,P22-24
Nuclei_AreaShape_Area_Filter_Top,Nuclear Size Filter Top Band,3045,1486,5,Top threshold: 89616.59999999995,1472.0,Plate 7,P22-24
Cell_Nuclei_Area_Ratio_Filter_Bottom,Cell:Nuclear Area Ratio Filter Bottom Band,3045,1486,5,Bottom threshold: 1.6164851817503756,1481.0,Plate 7,P22-24
Cell_Nuclei_Area_Ratio_Filter_Top,Cell:Nuclear Area Ratio Filter Top Band,3045,1486,14,Top threshold: 22.160058147992746,1472.0,Plate 7,P22-24
Nuclei_Intensity_MedianIntensity_DAPI_MAX_WellNormalized_Filter_Bottom,Nuclei Intensity MedianIntensity DAPI MAX WellNormalized Filter Bottom Band,3045,1486,1,Bottom threshold: 0.02565103458205232,1485.0,Plate 7,P22-24
Nuclei_Intensity_MedianIntensity_DAPI_MAX_WellNormalized_Filter_Top,Nuclei Intensity MedianIntensity DAPI MAX WellNormalized Filter Top Band,3045,1486,5,Top threshold: 2.5,1481.0,Plate 7,P22-24
Cell_Neighbours_Filter,First Closest Neighbour distance < 0.025th percentile (97.5th closest distance) or == 0 (no neighbours),3045,1486,10,Min closest neighbour distance: 134.65146537199365,1476.0,Plate 7,P22-24
Cell_Neighbours_PercentTouchingOnlyFilter,Percent of Cell Touching Neighbours < 97.5th Percentile,3045,1486,1486,Max Percent Touching: 0.0,0.0,Plate 7,P22-24
Cell_Neighbours_NumberOfOnlyFilter,Number Of Neighbours < 97.5th Percentile,3045,1486,1486,Max Number Of Neighbours: 0.0,0.0,Plate 7,P22-24
Nuc_Neighbours_Filter,Number Of Nuclei Neighbours < 97.5th Percentile,3045,1486,0,Max Number Of Nuclei Neighbours: 0.0,1486.0,Plate 7,P22-24
Initial_Dataset,Initial Dataset,3045,0,0,"None,None",,Plate 1,P25-27
Number_of_Mitochondria_Filter,Min Number of Mitochondria Filter,3045,0,0,min_compartments=0,0.0,Plate 1,P25-27
Number_of_Lysosomes_Filter,Min Number of Lysosomes Filter,3045,0,0,min_compartments=0,0.0,Plate 1,P25-27
AreaShape_Area_Filter_Bottom,Cell Size Filter Bottom Band,3045,0,0,Bottom threshold: 14673.4,0.0,Plate 1,P25-27
AreaShape_Area_Filter_Top,Cell Size Filter Top Band,3045,0,0,Top threshold: 1154459.7999999977,0.0,Plate 1,P25-27
Nuclei_AreaShape_Area_Filter_Bottom,Nuclear Size Filter Bottom Band,3045,0,0,Bottom threshold: 7067.3,0.0,Plate 1,P25-27
Nuclei_AreaShape_Area_Filter_Top,Nuclear Size Filter Top Band,3045,0,0,Top threshold: 89616.59999999995,0.0,Plate 1,P25-27
Cell_Nuclei_Area_Ratio_Filter_Bottom,Cell:Nuclear Area Ratio Filter Bottom Band,3045,0,0,Bottom threshold: 1.6164851817503756,0.0,Plate 1,P25-27
Cell_Nuclei_Area_Ratio_Filter_Top,Cell:Nuclear Area Ratio Filter Top Band,3045,0,0,Top threshold: 22.160058147992746,0.0,Plate 1,P25-27
Nuclei_Intensity_MedianIntensity_DAPI_MAX_WellNormalized_Filter_Bottom,Nuclei Intensity MedianIntensity DAPI MAX WellNormalized Filter Bottom Band,3045,0,0,Bottom threshold: nan,0.0,Plate 1,P25-27
Nuclei_Intensity_MedianIntensity_DAPI_MAX_WellNormalized_Filter_Top,Nuclei Intensity MedianIntensity DAPI MAX WellNormalized Filter Top Band,3045,0,0,Top threshold: 2.5,0.0,Plate 1,P25-27
Cell_Neighbours_Filter,First Closest Neighbour distance < 0.025th percentile (97.5th closest distance) or == 0 (no neighbours),3045,0,0,Min closest neighbour distance: 134.65146537199365,0.0,Plate 1,P25-27
Cell_Neighbours_PercentTouchingOnlyFilter,Percent of Cell Touching Neighbours < 97.5th Percentile,3045,0,0,Max Percent Touching: 0.0,0.0,Plate 1,P25-27
Cell_Neighbours_NumberOfOnlyFilter,Number Of Neighbours < 97.5th Percentile,3045,0,0,Max Number Of Neighbours: 0.0,0.0,Plate 1,P25-27
Nuc_Neighbours_Filter,Number Of Nuclei Neighbours < 97.5th Percentile,3045,0,0,Max Number Of Nuclei Neighbours: 0.0,0.0,Plate 1,P25-27
Initial_Dataset,Initial Dataset,3045,0,0,"None,None",,Plate 2,P25-27
Number_of_Mitochondria_Filter,Min Number of Mitochondria Filter,3045,0,0,min_compartments=0,0.0,Plate 2,P25-27
Number_of_Lysosomes_Filter,Min Number of Lysosomes Filter,3045,0,0,min_compartments=0,0.0,Plate 2,P25-27
AreaShape_Area_Filter_Bottom,Cell Size Filter Bottom Band,3045,0,0,Bottom threshold: 14673.4,0.0,Plate 2,P25-27
AreaShape_Area_Filter_Top,Cell Size Filter Top Band,3045,0,0,Top threshold: 1154459.7999999977,0.0,Plate 2,P25-27
Nuclei_AreaShape_Area_Filter_Bottom,Nuclear Size Filter Bottom Band,3045,0,0,Bottom threshold: 7067.3,0.0,Plate 2,P25-27
Nuclei_AreaShape_Area_Filter_Top,Nuclear Size Filter Top Band,3045,0,0,Top threshold: 89616.59999999995,0.0,Plate 2,P25-27
Cell_Nuclei_Area_Ratio_Filter_Bottom,Cell:Nuclear Area Ratio Filter Bottom Band,3045,0,0,Bottom threshold: 1.6164851817503756,0.0,Plate 2,P25-27
Cell_Nuclei_Area_Ratio_Filter_Top,Cell:Nuclear Area Ratio Filter Top Band,3045,0,0,Top threshold: 22.160058147992746,0.0,Plate 2,P25-27
Nuclei_Intensity_MedianIntensity_DAPI_MAX_WellNormalized_Filter_Bottom,Nuclei Intensity MedianIntensity DAPI MAX WellNormalized Filter Bottom Band,3045,0,0,Bottom threshold: nan,0.0,Plate 2,P25-27
Nuclei_Intensity_MedianIntensity_DAPI_MAX_WellNormalized_Filter_Top,Nuclei Intensity MedianIntensity DAPI MAX WellNormalized Filter Top Band,3045,0,0,Top threshold: 2.5,0.0,Plate 2,P25-27
Cell_Neighbours_Filter,First Closest Neighbour distance < 0.025th percentile (97.5th closest distance) or == 0 (no neighbours),3045,0,0,Min closest neighbour distance: 134.65146537199365,0.0,Plate 2,P25-27
Cell_Neighbours_PercentTouchingOnlyFilter,Percent of Cell Touching Neighbours < 97.5th Percentile,3045,0,0,Max Percent Touching: 0.0,0.0,Plate 2,P25-27
Cell_Neighbours_NumberOfOnlyFilter,Number Of Neighbours < 97.5th Percentile,3045,0,0,Max Number Of Neighbours: 0.0,0.0,Plate 2,P25-27
Nuc_Neighbours_Filter,Number Of Nuclei Neighbours < 97.5th Percentile,3045,0,0,Max Number Of Nuclei Neighbours: 0.0,0.0,Plate 2,P25-27
Initial_Dataset,Initial Dataset,3045,1253,0,"None,None",,Plate 3,P25-27
Number_of_Mitochondria_Filter,Min Number of Mitochondria Filter,3045,1253,0,min_compartments=0,1253.0,Plate 3,P25-27
Number_of_Lysosomes_Filter,Min Number of Lysosomes Filter,3045,1253,0,min_compartments=0,1253.0,Plate 3,P25-27
AreaShape_Area_Filter_Bottom,Cell Size Filter Bottom Band,3045,1253,2,Bottom threshold: 14673.4,1250.0,Plate 3,P25-27
AreaShape_Area_Filter_Top,Cell Size Filter Top Band,3045,1253,1,Top threshold: 1154459.7999999977,1250.0,Plate 3,P25-27
Nuclei_AreaShape_Area_Filter_Bottom,Nuclear Size Filter Bottom Band,3045,1253,7,Bottom threshold: 7067.3,1243.0,Plate 3,P25-27
Nuclei_AreaShape_Area_Filter_Top,Nuclear Size Filter Top Band,3045,1253,3,Top threshold: 89616.59999999995,1243.0,Plate 3,P25-27
Cell_Nuclei_Area_Ratio_Filter_Bottom,Cell:Nuclear Area Ratio Filter Bottom Band,3045,1253,3,Bottom threshold: 1.6164851817503756,1250.0,Plate 3,P25-27
Cell_Nuclei_Area_Ratio_Filter_Top,Cell:Nuclear Area Ratio Filter Top Band,3045,1253,11,Top threshold: 22.160058147992746,1242.0,Plate 3,P25-27
Nuclei_Intensity_MedianIntensity_DAPI_MAX_WellNormalized_Filter_Bottom,Nuclei Intensity MedianIntensity DAPI MAX WellNormalized Filter Bottom Band,3045,1253,1,Bottom threshold: 0.03962576290341625,1252.0,Plate 3,P25-27
Nuclei_Intensity_MedianIntensity_DAPI_MAX_WellNormalized_Filter_Top,Nuclei Intensity MedianIntensity DAPI MAX WellNormalized Filter Top Band,3045,1253,3,Top threshold: 2.5,1250.0,Plate 3,P25-27
Cell_Neighbours_Filter,First Closest Neighbour distance < 0.025th percentile (97.5th closest distance) or == 0 (no neighbours),3045,1253,2,Min closest neighbour distance: 134.65146537199365,1251.0,Plate 3,P25-27
Cell_Neighbours_PercentTouchingOnlyFilter,Percent of Cell Touching Neighbours < 97.5th Percentile,3045,1253,1253,Max Percent Touching: 0.0,0.0,Plate 3,P25-27
Cell_Neighbours_NumberOfOnlyFilter,Number Of Neighbours < 97.5th Percentile,3045,1253,1253,Max Number Of Neighbours: 0.0,0.0,Plate 3,P25-27
Nuc_Neighbours_Filter,Number Of Nuclei Neighbours < 97.5th Percentile,3045,1253,0,Max Number Of Nuclei Neighbours: 0.0,1253.0,Plate 3,P25-27
Initial_Dataset,Initial Dataset,3045,2434,0,"None,None",,Plate 4,P25-27
Number_of_Mitochondria_Filter,Min Number of Mitochondria Filter,3045,2434,0,min_compartments=0,2434.0,Plate 4,P25-27
Number_of_Lysosomes_Filter,Min Number of Lysosomes Filter,3045,2434,0,min_compartments=0,2434.0,Plate 4,P25-27
AreaShape_Area_Filter_Bottom,Cell Size Filter Bottom Band,3045,2434,62,Bottom threshold: 14673.4,2372.0,Plate 4,P25-27
AreaShape_Area_Filter_Top,Cell Size Filter Top Band,3045,2434,0,Top threshold: 1154459.7999999977,2372.0,Plate 4,P25-27
Nuclei_AreaShape_Area_Filter_Bottom,Nuclear Size Filter Bottom Band,3045,2434,115,Bottom threshold: 7067.3,2319.0,Plate 4,P25-27
Nuclei_AreaShape_Area_Filter_Top,Nuclear Size Filter Top Band,3045,2434,0,Top threshold: 89616.59999999995,2319.0,Plate 4,P25-27
Cell_Nuclei_Area_Ratio_Filter_Bottom,Cell:Nuclear Area Ratio Filter Bottom Band,3045,2434,78,Bottom threshold: 1.6164851817503756,2356.0,Plate 4,P25-27
Cell_Nuclei_Area_Ratio_Filter_Top,Cell:Nuclear Area Ratio Filter Top Band,3045,2434,82,Top threshold: 22.160058147992746,2352.0,Plate 4,P25-27
Nuclei_Intensity_MedianIntensity_DAPI_MAX_WellNormalized_Filter_Bottom,Nuclei Intensity MedianIntensity DAPI MAX WellNormalized Filter Bottom Band,3045,2434,1,Bottom threshold: 0.03722158838761072,2433.0,Plate 4,P25-27
Nuclei_Intensity_MedianIntensity_DAPI_MAX_WellNormalized_Filter_Top,Nuclei Intensity MedianIntensity DAPI MAX WellNormalized Filter Top Band,3045,2434,3,Top threshold: 2.5,2431.0,Plate 4,P25-27
Cell_Neighbours_Filter,First Closest Neighbour distance < 0.025th percentile (97.5th closest distance) or == 0 (no neighbours),3045,2434,86,Min closest neighbour distance: 134.65146537199365,2348.0,Plate 4,P25-27
Cell_Neighbours_PercentTouchingOnlyFilter,Percent of Cell Touching Neighbours < 97.5th Percentile,3045,2434,2434,Max Percent Touching: 0.0,0.0,Plate 4,P25-27
Cell_Neighbours_NumberOfOnlyFilter,Number Of Neighbours < 97.5th Percentile,3045,2434,2434,Max Number Of Neighbours: 0.0,0.0,Plate 4,P25-27
Nuc_Neighbours_Filter,Number Of Nuclei Neighbours < 97.5th Percentile,3045,2434,0,Max Number Of Nuclei Neighbours: 0.0,2434.0,Plate 4,P25-27
Initial_Dataset,Initial Dataset,3045,2837,0,"None,None",,Plate 5,P25-27
Number_of_Mitochondria_Filter,Min Number of Mitochondria Filter,3045,2837,0,min_compartments=0,2837.0,Plate 5,P25-27
Number_of_Lysosomes_Filter,Min Number of Lysosomes Filter,3045,2837,0,min_compartments=0,2837.0,Plate 5,P25-27
AreaShape_Area_Filter_Bottom,Cell Size Filter Bottom Band,3045,2837,39,Bottom threshold: 14673.4,2798.0,Plate 5,P25-27
AreaShape_Area_Filter_Top,Cell Size Filter Top Band,3045,2837,0,Top threshold: 1154459.7999999977,2798.0,Plate 5,P25-27
Nuclei_AreaShape_Area_Filter_Bottom,Nuclear Size Filter Bottom Band,3045,2837,49,Bottom threshold: 7067.3,2785.0,Plate 5,P25-27
Nuclei_AreaShape_Area_Filter_Top,Nuclear Size Filter Top Band,3045,2837,3,Top threshold: 89616.59999999995,2785.0,Plate 5,P25-27
Cell_Nuclei_Area_Ratio_Filter_Bottom,Cell:Nuclear Area Ratio Filter Bottom Band,3045,2837,67,Bottom threshold: 1.6164851817503756,2770.0,Plate 5,P25-27
Cell_Nuclei_Area_Ratio_Filter_Top,Cell:Nuclear Area Ratio Filter Top Band,3045,2837,67,Top threshold: 22.160058147992746,2770.0,Plate 5,P25-27
Nuclei_Intensity_MedianIntensity_DAPI_MAX_WellNormalized_Filter_Bottom,Nuclei Intensity MedianIntensity DAPI MAX WellNormalized Filter Bottom Band,3045,2837,1,Bottom threshold: 0.21896605032867897,2836.0,Plate 5,P25-27
Nuclei_Intensity_MedianIntensity_DAPI_MAX_WellNormalized_Filter_Top,Nuclei Intensity MedianIntensity DAPI MAX WellNormalized Filter Top Band,3045,2837,7,Top threshold: 2.5,2830.0,Plate 5,P25-27
Cell_Neighbours_Filter,First Closest Neighbour distance < 0.025th percentile (97.5th closest distance) or == 0 (no neighbours),3045,2837,74,Min closest neighbour distance: 134.65146537199365,2763.0,Plate 5,P25-27
Cell_Neighbours_PercentTouchingOnlyFilter,Percent of Cell Touching Neighbours < 97.5th Percentile,3045,2837,2837,Max Percent Touching: 0.0,0.0,Plate 5,P25-27
Cell_Neighbours_NumberOfOnlyFilter,Number Of Neighbours < 97.5th Percentile,3045,2837,2837,Max Number Of Neighbours: 0.0,0.0,Plate 5,P25-27
Nuc_Neighbours_Filter,Number Of Nuclei Neighbours < 97.5th Percentile,3045,2837,0,Max Number Of Nuclei Neighbours: 0.0,2837.0,Plate 5,P25-27
Initial_Dataset,Initial Dataset,3045,274,0,"None,None",,Plate 6,P25-27
Number_of_Mitochondria_Filter,Min Number of Mitochondria Filter,3045,274,0,min_compartments=0,274.0,Plate 6,P25-27
Number_of_Lysosomes_Filter,Min Number of Lysosomes Filter,3045,274,0,min_compartments=0,274.0,Plate 6,P25-27
AreaShape_Area_Filter_Bottom,Cell Size Filter Bottom Band,3045,274,7,Bottom threshold: 14673.4,267.0,Plate 6,P25-27
AreaShape_Area_Filter_Top,Cell Size Filter Top Band,3045,274,0,Top threshold: 1154459.7999999977,267.0,Plate 6,P25-27
Nuclei_AreaShape_Area_Filter_Bottom,Nuclear Size Filter Bottom Band,3045,274,10,Bottom threshold: 7067.3,261.0,Plate 6,P25-27
Nuclei_AreaShape_Area_Filter_Top,Nuclear Size Filter Top Band,3045,274,3,Top threshold: 89616.59999999995,261.0,Plate 6,P25-27
Cell_Nuclei_Area_Ratio_Filter_Bottom,Cell:Nuclear Area Ratio Filter Bottom Band,3045,274,9,Bottom threshold: 1.6164851817503756,265.0,Plate 6,P25-27
Cell_Nuclei_Area_Ratio_Filter_Top,Cell:Nuclear Area Ratio Filter Top Band,3045,274,10,Top threshold: 22.160058147992746,264.0,Plate 6,P25-27
Nuclei_Intensity_MedianIntensity_DAPI_MAX_WellNormalized_Filter_Bottom,Nuclei Intensity MedianIntensity DAPI MAX WellNormalized Filter Bottom Band,3045,274,1,Bottom threshold: 0.04892253898303551,273.0,Plate 6,P25-27
Nuclei_Intensity_MedianIntensity_DAPI_MAX_WellNormalized_Filter_Top,Nuclei Intensity MedianIntensity DAPI MAX WellNormalized Filter Top Band,3045,274,1,Top threshold: 2.5,273.0,Plate 6,P25-27
Cell_Neighbours_Filter,First Closest Neighbour distance < 0.025th percentile (97.5th closest distance) or == 0 (no neighbours),3045,274,2,Min closest neighbour distance: 134.65146537199365,272.0,Plate 6,P25-27
Cell_Neighbours_PercentTouchingOnlyFilter,Percent of Cell Touching Neighbours < 97.5th Percentile,3045,274,274,Max Percent Touching: 0.0,0.0,Plate 6,P25-27
Cell_Neighbours_NumberOfOnlyFilter,Number Of Neighbours < 97.5th Percentile,3045,274,274,Max Number Of Neighbours: 0.0,0.0,Plate 6,P25-27
Nuc_Neighbours_Filter,Number Of Nuclei Neighbours < 97.5th Percentile,3045,274,0,Max Number Of Nuclei Neighbours: 0.0,274.0,Plate 6,P25-27
Initial_Dataset,Initial Dataset,3045,1547,0,"None,None",,Plate 7,P25-27
Number_of_Mitochondria_Filter,Min Number of Mitochondria Filter,3045,1547,0,min_compartments=0,1547.0,Plate 7,P25-27
Number_of_Lysosomes_Filter,Min Number of Lysosomes Filter,3045,1547,0,min_compartments=0,1547.0,Plate 7,P25-27
AreaShape_Area_Filter_Bottom,Cell Size Filter Bottom Band,3045,1547,5,Bottom threshold: 14673.4,1539.0,Plate 7,P25-27
AreaShape_Area_Filter_Top,Cell Size Filter Top Band,3045,1547,3,Top threshold: 1154459.7999999977,1539.0,Plate 7,P25-27
Nuclei_AreaShape_Area_Filter_Bottom,Nuclear Size Filter Bottom Band,3045,1547,25,Bottom threshold: 7067.3,1519.0,Plate 7,P25-27
Nuclei_AreaShape_Area_Filter_Top,Nuclear Size Filter Top Band,3045,1547,3,Top threshold: 89616.59999999995,1519.0,Plate 7,P25-27
Cell_Nuclei_Area_Ratio_Filter_Bottom,Cell:Nuclear Area Ratio Filter Bottom Band,3045,1547,4,Bottom threshold: 1.6164851817503756,1543.0,Plate 7,P25-27
Cell_Nuclei_Area_Ratio_Filter_Top,Cell:Nuclear Area Ratio Filter Top Band,3045,1547,13,Top threshold: 22.160058147992746,1534.0,Plate 7,P25-27
Nuclei_Intensity_MedianIntensity_DAPI_MAX_WellNormalized_Filter_Bottom,Nuclei Intensity MedianIntensity DAPI MAX WellNormalized Filter Bottom Band,3045,1547,1,Bottom threshold: 0.03286893861258349,1546.0,Plate 7,P25-27
Nuclei_Intensity_MedianIntensity_DAPI_MAX_WellNormalized_Filter_Top,Nuclei Intensity MedianIntensity DAPI MAX WellNormalized Filter Top Band,3045,1547,3,Top threshold: 2.5,1544.0,Plate 7,P25-27
Cell_Neighbours_Filter,First Closest Neighbour distance < 0.025th percentile (97.5th closest distance) or == 0 (no neighbours),3045,1547,8,Min closest neighbour distance: 134.65146537199365,1539.0,Plate 7,P25-27
Cell_Neighbours_PercentTouchingOnlyFilter,Percent of Cell Touching Neighbours < 97.5th Percentile,3045,1547,1547,Max Percent Touching: 0.0,0.0,Plate 7,P25-27
Cell_Neighbours_NumberOfOnlyFilter,Number Of Neighbours < 97.5th Percentile,3045,1547,1547,Max Number Of Neighbours: 0.0,0.0,Plate 7,P25-27
Nuc_Neighbours_Filter,Number Of Nuclei Neighbours < 97.5th Percentile,3045,1547,0,Max Number Of Nuclei Neighbours: 0.0,1547.0,Plate 7,P25-27
Initial_Dataset,Initial Dataset,3045,0,0,"None,None",,Plate 1,P28-31
Number_of_Mitochondria_Filter,Min Number of Mitochondria Filter,3045,0,0,min_compartments=0,0.0,Plate 1,P28-31
Number_of_Lysosomes_Filter,Min Number of Lysosomes Filter,3045,0,0,min_compartments=0,0.0,Plate 1,P28-31
AreaShape_Area_Filter_Bottom,Cell Size Filter Bottom Band,3045,0,0,Bottom threshold: 14673.4,0.0,Plate 1,P28-31
AreaShape_Area_Filter_Top,Cell Size Filter Top Band,3045,0,0,Top threshold: 1154459.7999999977,0.0,Plate 1,P28-31
Nuclei_AreaShape_Area_Filter_Bottom,Nuclear Size Filter Bottom Band,3045,0,0,Bottom threshold: 7067.3,0.0,Plate 1,P28-31
Nuclei_AreaShape_Area_Filter_Top,Nuclear Size Filter Top Band,3045,0,0,Top threshold: 89616.59999999995,0.0,Plate 1,P28-31
Cell_Nuclei_Area_Ratio_Filter_Bottom,Cell:Nuclear Area Ratio Filter Bottom Band,3045,0,0,Bottom threshold: 1.6164851817503756,0.0,Plate 1,P28-31
Cell_Nuclei_Area_Ratio_Filter_Top,Cell:Nuclear Area Ratio Filter Top Band,3045,0,0,Top threshold: 22.160058147992746,0.0,Plate 1,P28-31
Nuclei_Intensity_MedianIntensity_DAPI_MAX_WellNormalized_Filter_Bottom,Nuclei Intensity MedianIntensity DAPI MAX WellNormalized Filter Bottom Band,3045,0,0,Bottom threshold: nan,0.0,Plate 1,P28-31
Nuclei_Intensity_MedianIntensity_DAPI_MAX_WellNormalized_Filter_Top,Nuclei Intensity MedianIntensity DAPI MAX WellNormalized Filter Top Band,3045,0,0,Top threshold: 2.5,0.0,Plate 1,P28-31
Cell_Neighbours_Filter,First Closest Neighbour distance < 0.025th percentile (97.5th closest distance) or == 0 (no neighbours),3045,0,0,Min closest neighbour distance: 134.65146537199365,0.0,Plate 1,P28-31
Cell_Neighbours_PercentTouchingOnlyFilter,Percent of Cell Touching Neighbours < 97.5th Percentile,3045,0,0,Max Percent Touching: 0.0,0.0,Plate 1,P28-31
Cell_Neighbours_NumberOfOnlyFilter,Number Of Neighbours < 97.5th Percentile,3045,0,0,Max Number Of Neighbours: 0.0,0.0,Plate 1,P28-31
Nuc_Neighbours_Filter,Number Of Nuclei Neighbours < 97.5th Percentile,3045,0,0,Max Number Of Nuclei Neighbours: 0.0,0.0,Plate 1,P28-31
Initial_Dataset,Initial Dataset,3045,0,0,"None,None",,Plate 2,P28-31
Number_of_Mitochondria_Filter,Min Number of Mitochondria Filter,3045,0,0,min_compartments=0,0.0,Plate 2,P28-31
Number_of_Lysosomes_Filter,Min Number of Lysosomes Filter,3045,0,0,min_compartments=0,0.0,Plate 2,P28-31
AreaShape_Area_Filter_Bottom,Cell Size Filter Bottom Band,3045,0,0,Bottom threshold: 14673.4,0.0,Plate 2,P28-31
AreaShape_Area_Filter_Top,Cell Size Filter Top Band,3045,0,0,Top threshold: 1154459.7999999977,0.0,Plate 2,P28-31
Nuclei_AreaShape_Area_Filter_Bottom,Nuclear Size Filter Bottom Band,3045,0,0,Bottom threshold: 7067.3,0.0,Plate 2,P28-31
Nuclei_AreaShape_Area_Filter_Top,Nuclear Size Filter Top Band,3045,0,0,Top threshold: 89616.59999999995,0.0,Plate 2,P28-31
Cell_Nuclei_Area_Ratio_Filter_Bottom,Cell:Nuclear Area Ratio Filter Bottom Band,3045,0,0,Bottom threshold: 1.6164851817503756,0.0,Plate 2,P28-31
Cell_Nuclei_Area_Ratio_Filter_Top,Cell:Nuclear Area Ratio Filter Top Band,3045,0,0,Top threshold: 22.160058147992746,0.0,Plate 2,P28-31
Nuclei_Intensity_MedianIntensity_DAPI_MAX_WellNormalized_Filter_Bottom,Nuclei Intensity MedianIntensity DAPI MAX WellNormalized Filter Bottom Band,3045,0,0,Bottom threshold: nan,0.0,Plate 2,P28-31
Nuclei_Intensity_MedianIntensity_DAPI_MAX_WellNormalized_Filter_Top,Nuclei Intensity MedianIntensity DAPI MAX WellNormalized Filter Top Band,3045,0,0,Top threshold: 2.5,0.0,Plate 2,P28-31
Cell_Neighbours_Filter,First Closest Neighbour distance < 0.025th percentile (97.5th closest distance) or == 0 (no neighbours),3045,0,0,Min closest neighbour distance: 134.65146537199365,0.0,Plate 2,P28-31
Cell_Neighbours_PercentTouchingOnlyFilter,Percent of Cell Touching Neighbours < 97.5th Percentile,3045,0,0,Max Percent Touching: 0.0,0.0,Plate 2,P28-31
Cell_Neighbours_NumberOfOnlyFilter,Number Of Neighbours < 97.5th Percentile,3045,0,0,Max Number Of Neighbours: 0.0,0.0,Plate 2,P28-31
Nuc_Neighbours_Filter,Number Of Nuclei Neighbours < 97.5th Percentile,3045,0,0,Max Number Of Nuclei Neighbours: 0.0,0.0,Plate 2,P28-31
Initial_Dataset,Initial Dataset,3045,0,0,"None,None",,Plate 3,P28-31
Number_of_Mitochondria_Filter,Min Number of Mitochondria Filter,3045,0,0,min_compartments=0,0.0,Plate 3,P28-31
Number_of_Lysosomes_Filter,Min Number of Lysosomes Filter,3045,0,0,min_compartments=0,0.0,Plate 3,P28-31
AreaShape_Area_Filter_Bottom,Cell Size Filter Bottom Band,3045,0,0,Bottom threshold: 14673.4,0.0,Plate 3,P28-31
AreaShape_Area_Filter_Top,Cell Size Filter Top Band,3045,0,0,Top threshold: 1154459.7999999977,0.0,Plate 3,P28-31
Nuclei_AreaShape_Area_Filter_Bottom,Nuclear Size Filter Bottom Band,3045,0,0,Bottom threshold: 7067.3,0.0,Plate 3,P28-31
Nuclei_AreaShape_Area_Filter_Top,Nuclear Size Filter Top Band,3045,0,0,Top threshold: 89616.59999999995,0.0,Plate 3,P28-31
Cell_Nuclei_Area_Ratio_Filter_Bottom,Cell:Nuclear Area Ratio Filter Bottom Band,3045,0,0,Bottom threshold: 1.6164851817503756,0.0,Plate 3,P28-31
Cell_Nuclei_Area_Ratio_Filter_Top,Cell:Nuclear Area Ratio Filter Top Band,3045,0,0,Top threshold: 22.160058147992746,0.0,Plate 3,P28-31
Nuclei_Intensity_MedianIntensity_DAPI_MAX_WellNormalized_Filter_Bottom,Nuclei Intensity MedianIntensity DAPI MAX WellNormalized Filter Bottom Band,3045,0,0,Bottom threshold: nan,0.0,Plate 3,P28-31
Nuclei_Intensity_MedianIntensity_DAPI_MAX_WellNormalized_Filter_Top,Nuclei Intensity MedianIntensity DAPI MAX WellNormalized Filter Top Band,3045,0,0,Top threshold: 2.5,0.0,Plate 3,P28-31
Cell_Neighbours_Filter,First Closest Neighbour distance < 0.025th percentile (97.5th closest distance) or == 0 (no neighbours),3045,0,0,Min closest neighbour distance: 134.65146537199365,0.0,Plate 3,P28-31
Cell_Neighbours_PercentTouchingOnlyFilter,Percent of Cell Touching Neighbours < 97.5th Percentile,3045,0,0,Max Percent Touching: 0.0,0.0,Plate 3,P28-31
Cell_Neighbours_NumberOfOnlyFilter,Number Of Neighbours < 97.5th Percentile,3045,0,0,Max Number Of Neighbours: 0.0,0.0,Plate 3,P28-31
Nuc_Neighbours_Filter,Number Of Nuclei Neighbours < 97.5th Percentile,3045,0,0,Max Number Of Nuclei Neighbours: 0.0,0.0,Plate 3,P28-31
Initial_Dataset,Initial Dataset,3045,0,0,"None,None",,Plate 4,P28-31
Number_of_Mitochondria_Filter,Min Number of Mitochondria Filter,3045,0,0,min_compartments=0,0.0,Plate 4,P28-31
Number_of_Lysosomes_Filter,Min Number of Lysosomes Filter,3045,0,0,min_compartments=0,0.0,Plate 4,P28-31
AreaShape_Area_Filter_Bottom,Cell Size Filter Bottom Band,3045,0,0,Bottom threshold: 14673.4,0.0,Plate 4,P28-31
AreaShape_Area_Filter_Top,Cell Size Filter Top Band,3045,0,0,Top threshold: 1154459.7999999977,0.0,Plate 4,P28-31
Nuclei_AreaShape_Area_Filter_Bottom,Nuclear Size Filter Bottom Band,3045,0,0,Bottom threshold: 7067.3,0.0,Plate 4,P28-31
Nuclei_AreaShape_Area_Filter_Top,Nuclear Size Filter Top Band,3045,0,0,Top threshold: 89616.59999999995,0.0,Plate 4,P28-31
Cell_Nuclei_Area_Ratio_Filter_Bottom,Cell:Nuclear Area Ratio Filter Bottom Band,3045,0,0,Bottom threshold: 1.6164851817503756,0.0,Plate 4,P28-31
Cell_Nuclei_Area_Ratio_Filter_Top,Cell:Nuclear Area Ratio Filter Top Band,3045,0,0,Top threshold: 22.160058147992746,0.0,Plate 4,P28-31
Nuclei_Intensity_MedianIntensity_DAPI_MAX_WellNormalized_Filter_Bottom,Nuclei Intensity MedianIntensity DAPI MAX WellNormalized Filter Bottom Band,3045,0,0,Bottom threshold: nan,0.0,Plate 4,P28-31
Nuclei_Intensity_MedianIntensity_DAPI_MAX_WellNormalized_Filter_Top,Nuclei Intensity MedianIntensity DAPI MAX WellNormalized Filter Top Band,3045,0,0,Top threshold: 2.5,0.0,Plate 4,P28-31
Cell_Neighbours_Filter,First Closest Neighbour distance < 0.025th percentile (97.5th closest distance) or == 0 (no neighbours),3045,0,0,Min closest neighbour distance: 134.65146537199365,0.0,Plate 4,P28-31
Cell_Neighbours_PercentTouchingOnlyFilter,Percent of Cell Touching Neighbours < 97.5th Percentile,3045,0,0,Max Percent Touching: 0.0,0.0,Plate 4,P28-31
Cell_Neighbours_NumberOfOnlyFilter,Number Of Neighbours < 97.5th Percentile,3045,0,0,Max Number Of Neighbours: 0.0,0.0,Plate 4,P28-31
Nuc_Neighbours_Filter,Number Of Nuclei Neighbours < 97.5th Percentile,3045,0,0,Max Number Of Nuclei Neighbours: 0.0,0.0,Plate 4,P28-31
Initial_Dataset,Initial Dataset,3045,5432,0,"None,None",,Plate 5,P28-31
Number_of_Mitochondria_Filter,Min Number of Mitochondria Filter,3045,5432,0,min_compartments=0,5432.0,Plate 5,P28-31
Number_of_Lysosomes_Filter,Min Number of Lysosomes Filter,3045,5432,0,min_compartments=0,5432.0,Plate 5,P28-31
AreaShape_Area_Filter_Bottom,Cell Size Filter Bottom Band,3045,5432,92,Bottom threshold: 14673.4,5340.0,Plate 5,P28-31
AreaShape_Area_Filter_Top,Cell Size Filter Top Band,3045,5432,0,Top threshold: 1154459.7999999977,5340.0,Plate 5,P28-31
Nuclei_AreaShape_Area_Filter_Bottom,Nuclear Size Filter Bottom Band,3045,5432,101,Bottom threshold: 7067.3,5328.0,Plate 5,P28-31
Nuclei_AreaShape_Area_Filter_Top,Nuclear Size Filter Top Band,3045,5432,3,Top threshold: 89616.59999999995,5328.0,Plate 5,P28-31
Cell_Nuclei_Area_Ratio_Filter_Bottom,Cell:Nuclear Area Ratio Filter Bottom Band,3045,5432,463,Bottom threshold: 1.6164851817503756,4969.0,Plate 5,P28-31
Cell_Nuclei_Area_Ratio_Filter_Top,Cell:Nuclear Area Ratio Filter Top Band,3045,5432,472,Top threshold: 22.160058147992746,4960.0,Plate 5,P28-31
Nuclei_Intensity_MedianIntensity_DAPI_MAX_WellNormalized_Filter_Bottom,Nuclei Intensity MedianIntensity DAPI MAX WellNormalized Filter Bottom Band,3045,5432,1,Bottom threshold: 0.1532101623128928,5431.0,Plate 5,P28-31
Nuclei_Intensity_MedianIntensity_DAPI_MAX_WellNormalized_Filter_Top,Nuclei Intensity MedianIntensity DAPI MAX WellNormalized Filter Top Band,3045,5432,11,Top threshold: 2.5,5421.0,Plate 5,P28-31
Cell_Neighbours_Filter,First Closest Neighbour distance < 0.025th percentile (97.5th closest distance) or == 0 (no neighbours),3045,5432,219,Min closest neighbour distance: 134.65146537199365,5213.0,Plate 5,P28-31
Cell_Neighbours_PercentTouchingOnlyFilter,Percent of Cell Touching Neighbours < 97.5th Percentile,3045,5432,5432,Max Percent Touching: 0.0,0.0,Plate 5,P28-31
Cell_Neighbours_NumberOfOnlyFilter,Number Of Neighbours < 97.5th Percentile,3045,5432,5432,Max Number Of Neighbours: 0.0,0.0,Plate 5,P28-31
Nuc_Neighbours_Filter,Number Of Nuclei Neighbours < 97.5th Percentile,3045,5432,0,Max Number Of Nuclei Neighbours: 0.0,5432.0,Plate 5,P28-31
Initial_Dataset,Initial Dataset,3045,2597,0,"None,None",,Plate 6,P28-31
Number_of_Mitochondria_Filter,Min Number of Mitochondria Filter,3045,2597,0,min_compartments=0,2597.0,Plate 6,P28-31
Number_of_Lysosomes_Filter,Min Number of Lysosomes Filter,3045,2597,0,min_compartments=0,2597.0,Plate 6,P28-31
AreaShape_Area_Filter_Bottom,Cell Size Filter Bottom Band,3045,2597,20,Bottom threshold: 14673.4,2577.0,Plate 6,P28-31
AreaShape_Area_Filter_Top,Cell Size Filter Top Band,3045,2597,0,Top threshold: 1154459.7999999977,2577.0,Plate 6,P28-31
Nuclei_AreaShape_Area_Filter_Bottom,Nuclear Size Filter Bottom Band,3045,2597,25,Bottom threshold: 7067.3,2568.0,Plate 6,P28-31
Nuclei_AreaShape_Area_Filter_Top,Nuclear Size Filter Top Band,3045,2597,4,Top threshold: 89616.59999999995,2568.0,Plate 6,P28-31
Cell_Nuclei_Area_Ratio_Filter_Bottom,Cell:Nuclear Area Ratio Filter Bottom Band,3045,2597,75,Bottom threshold: 1.6164851817503756,2522.0,Plate 6,P28-31
Cell_Nuclei_Area_Ratio_Filter_Top,Cell:Nuclear Area Ratio Filter Top Band,3045,2597,83,Top threshold: 22.160058147992746,2514.0,Plate 6,P28-31
Nuclei_Intensity_MedianIntensity_DAPI_MAX_WellNormalized_Filter_Bottom,Nuclei Intensity MedianIntensity DAPI MAX WellNormalized Filter Bottom Band,3045,2597,1,Bottom threshold: 0.0392391212204954,2596.0,Plate 6,P28-31
Nuclei_Intensity_MedianIntensity_DAPI_MAX_WellNormalized_Filter_Top,Nuclei Intensity MedianIntensity DAPI MAX WellNormalized Filter Top Band,3045,2597,4,Top threshold: 2.5,2593.0,Plate 6,P28-31
Cell_Neighbours_Filter,First Closest Neighbour distance < 0.025th percentile (97.5th closest distance) or == 0 (no neighbours),3045,2597,26,Min closest neighbour distance: 134.65146537199365,2571.0,Plate 6,P28-31
Cell_Neighbours_PercentTouchingOnlyFilter,Percent of Cell Touching Neighbours < 97.5th Percentile,3045,2597,2597,Max Percent Touching: 0.0,0.0,Plate 6,P28-31
Cell_Neighbours_NumberOfOnlyFilter,Number Of Neighbours < 97.5th Percentile,3045,2597,2597,Max Number Of Neighbours: 0.0,0.0,Plate 6,P28-31
Nuc_Neighbours_Filter,Number Of Nuclei Neighbours < 97.5th Percentile,3045,2597,0,Max Number Of Nuclei Neighbours: 0.0,2597.0,Plate 6,P28-31
Initial_Dataset,Initial Dataset,3045,912,0,"None,None",,Plate 7,P28-31
Number_of_Mitochondria_Filter,Min Number of Mitochondria Filter,3045,912,0,min_compartments=0,912.0,Plate 7,P28-31
Number_of_Lysosomes_Filter,Min Number of Lysosomes Filter,3045,912,0,min_compartments=0,912.0,Plate 7,P28-31
AreaShape_Area_Filter_Bottom,Cell Size Filter Bottom Band,3045,912,8,Bottom threshold: 14673.4,902.0,Plate 7,P28-31
AreaShape_Area_Filter_Top,Cell Size Filter Top Band,3045,912,2,Top threshold: 1154459.7999999977,902.0,Plate 7,P28-31
Nuclei_AreaShape_Area_Filter_Bottom,Nuclear Size Filter Bottom Band,3045,912,16,Bottom threshold: 7067.3,895.0,Plate 7,P28-31
Nuclei_AreaShape_Area_Filter_Top,Nuclear Size Filter Top Band,3045,912,1,Top threshold: 89616.59999999995,895.0,Plate 7,P28-31
Cell_Nuclei_Area_Ratio_Filter_Bottom,Cell:Nuclear Area Ratio Filter Bottom Band,3045,912,5,Bottom threshold: 1.6164851817503756,907.0,Plate 7,P28-31
Cell_Nuclei_Area_Ratio_Filter_Top,Cell:Nuclear Area Ratio Filter Top Band,3045,912,10,Top threshold: 22.160058147992746,902.0,Plate 7,P28-31
Nuclei_Intensity_MedianIntensity_DAPI_MAX_WellNormalized_Filter_Bottom,Nuclei Intensity MedianIntensity DAPI MAX WellNormalized Filter Bottom Band,3045,912,1,Bottom threshold: 0.07208074874123048,911.0,Plate 7,P28-31
Nuclei_Intensity_MedianIntensity_DAPI_MAX_WellNormalized_Filter_Top,Nuclei Intensity MedianIntensity DAPI MAX WellNormalized Filter Top Band,3045,912,11,Top threshold: 2.5,901.0,Plate 7,P28-31
Cell_Neighbours_Filter,First Closest Neighbour distance < 0.025th percentile (97.5th closest distance) or == 0 (no neighbours),3045,912,10,Min closest neighbour distance: 134.65146537199365,902.0,Plate 7,P28-31
Cell_Neighbours_PercentTouchingOnlyFilter,Percent of Cell Touching Neighbours < 97.5th Percentile,3045,912,912,Max Percent Touching: 0.0,0.0,Plate 7,P28-31
Cell_Neighbours_NumberOfOnlyFilter,Number Of Neighbours < 97.5th Percentile,3045,912,912,Max Number Of Neighbours: 0.0,0.0,Plate 7,P28-31
Nuc_Neighbours_Filter,Number Of Nuclei Neighbours < 97.5th Percentile,3045,912,0,Max Number Of Nuclei Neighbours: 0.0,912.0,Plate 7,P28-31
Initial_Dataset,Initial Dataset,3045,0,0,"None,None",,Plate 1,P32-35
Number_of_Mitochondria_Filter,Min Number of Mitochondria Filter,3045,0,0,min_compartments=0,0.0,Plate 1,P32-35
Number_of_Lysosomes_Filter,Min Number of Lysosomes Filter,3045,0,0,min_compartments=0,0.0,Plate 1,P32-35
AreaShape_Area_Filter_Bottom,Cell Size Filter Bottom Band,3045,0,0,Bottom threshold: 14673.4,0.0,Plate 1,P32-35
AreaShape_Area_Filter_Top,Cell Size Filter Top Band,3045,0,0,Top threshold: 1154459.7999999977,0.0,Plate 1,P32-35
Nuclei_AreaShape_Area_Filter_Bottom,Nuclear Size Filter Bottom Band,3045,0,0,Bottom threshold: 7067.3,0.0,Plate 1,P32-35
Nuclei_AreaShape_Area_Filter_Top,Nuclear Size Filter Top Band,3045,0,0,Top threshold: 89616.59999999995,0.0,Plate 1,P32-35
Cell_Nuclei_Area_Ratio_Filter_Bottom,Cell:Nuclear Area Ratio Filter Bottom Band,3045,0,0,Bottom threshold: 1.6164851817503756,0.0,Plate 1,P32-35
Cell_Nuclei_Area_Ratio_Filter_Top,Cell:Nuclear Area Ratio Filter Top Band,3045,0,0,Top threshold: 22.160058147992746,0.0,Plate 1,P32-35
Nuclei_Intensity_MedianIntensity_DAPI_MAX_WellNormalized_Filter_Bottom,Nuclei Intensity MedianIntensity DAPI MAX WellNormalized Filter Bottom Band,3045,0,0,Bottom threshold: nan,0.0,Plate 1,P32-35
Nuclei_Intensity_MedianIntensity_DAPI_MAX_WellNormalized_Filter_Top,Nuclei Intensity MedianIntensity DAPI MAX WellNormalized Filter Top Band,3045,0,0,Top threshold: 2.5,0.0,Plate 1,P32-35
Cell_Neighbours_Filter,First Closest Neighbour distance < 0.025th percentile (97.5th closest distance) or == 0 (no neighbours),3045,0,0,Min closest neighbour distance: 134.65146537199365,0.0,Plate 1,P32-35
Cell_Neighbours_PercentTouchingOnlyFilter,Percent of Cell Touching Neighbours < 97.5th Percentile,3045,0,0,Max Percent Touching: 0.0,0.0,Plate 1,P32-35
Cell_Neighbours_NumberOfOnlyFilter,Number Of Neighbours < 97.5th Percentile,3045,0,0,Max Number Of Neighbours: 0.0,0.0,Plate 1,P32-35
Nuc_Neighbours_Filter,Number Of Nuclei Neighbours < 97.5th Percentile,3045,0,0,Max Number Of Nuclei Neighbours: 0.0,0.0,Plate 1,P32-35
Initial_Dataset,Initial Dataset,3045,0,0,"None,None",,Plate 2,P32-35
Number_of_Mitochondria_Filter,Min Number of Mitochondria Filter,3045,0,0,min_compartments=0,0.0,Plate 2,P32-35
Number_of_Lysosomes_Filter,Min Number of Lysosomes Filter,3045,0,0,min_compartments=0,0.0,Plate 2,P32-35
AreaShape_Area_Filter_Bottom,Cell Size Filter Bottom Band,3045,0,0,Bottom threshold: 14673.4,0.0,Plate 2,P32-35
AreaShape_Area_Filter_Top,Cell Size Filter Top Band,3045,0,0,Top threshold: 1154459.7999999977,0.0,Plate 2,P32-35
Nuclei_AreaShape_Area_Filter_Bottom,Nuclear Size Filter Bottom Band,3045,0,0,Bottom threshold: 7067.3,0.0,Plate 2,P32-35
Nuclei_AreaShape_Area_Filter_Top,Nuclear Size Filter Top Band,3045,0,0,Top threshold: 89616.59999999995,0.0,Plate 2,P32-35
Cell_Nuclei_Area_Ratio_Filter_Bottom,Cell:Nuclear Area Ratio Filter Bottom Band,3045,0,0,Bottom threshold: 1.6164851817503756,0.0,Plate 2,P32-35
Cell_Nuclei_Area_Ratio_Filter_Top,Cell:Nuclear Area Ratio Filter Top Band,3045,0,0,Top threshold: 22.160058147992746,0.0,Plate 2,P32-35
Nuclei_Intensity_MedianIntensity_DAPI_MAX_WellNormalized_Filter_Bottom,Nuclei Intensity MedianIntensity DAPI MAX WellNormalized Filter Bottom Band,3045,0,0,Bottom threshold: nan,0.0,Plate 2,P32-35
Nuclei_Intensity_MedianIntensity_DAPI_MAX_WellNormalized_Filter_Top,Nuclei Intensity MedianIntensity DAPI MAX WellNormalized Filter Top Band,3045,0,0,Top threshold: 2.5,0.0,Plate 2,P32-35
Cell_Neighbours_Filter,First Closest Neighbour distance < 0.025th percentile (97.5th closest distance) or == 0 (no neighbours),3045,0,0,Min closest neighbour distance: 134.65146537199365,0.0,Plate 2,P32-35
Cell_Neighbours_PercentTouchingOnlyFilter,Percent of Cell Touching Neighbours < 97.5th Percentile,3045,0,0,Max Percent Touching: 0.0,0.0,Plate 2,P32-35
Cell_Neighbours_NumberOfOnlyFilter,Number Of Neighbours < 97.5th Percentile,3045,0,0,Max Number Of Neighbours: 0.0,0.0,Plate 2,P32-35
Nuc_Neighbours_Filter,Number Of Nuclei Neighbours < 97.5th Percentile,3045,0,0,Max Number Of Nuclei Neighbours: 0.0,0.0,Plate 2,P32-35
Initial_Dataset,Initial Dataset,3045,0,0,"None,None",,Plate 3,P32-35
Number_of_Mitochondria_Filter,Min Number of Mitochondria Filter,3045,0,0,min_compartments=0,0.0,Plate 3,P32-35
Number_of_Lysosomes_Filter,Min Number of Lysosomes Filter,3045,0,0,min_compartments=0,0.0,Plate 3,P32-35
AreaShape_Area_Filter_Bottom,Cell Size Filter Bottom Band,3045,0,0,Bottom threshold: 14673.4,0.0,Plate 3,P32-35
AreaShape_Area_Filter_Top,Cell Size Filter Top Band,3045,0,0,Top threshold: 1154459.7999999977,0.0,Plate 3,P32-35
Nuclei_AreaShape_Area_Filter_Bottom,Nuclear Size Filter Bottom Band,3045,0,0,Bottom threshold: 7067.3,0.0,Plate 3,P32-35
Nuclei_AreaShape_Area_Filter_Top,Nuclear Size Filter Top Band,3045,0,0,Top threshold: 89616.59999999995,0.0,Plate 3,P32-35
Cell_Nuclei_Area_Ratio_Filter_Bottom,Cell:Nuclear Area Ratio Filter Bottom Band,3045,0,0,Bottom threshold: 1.6164851817503756,0.0,Plate 3,P32-35
Cell_Nuclei_Area_Ratio_Filter_Top,Cell:Nuclear Area Ratio Filter Top Band,3045,0,0,Top threshold: 22.160058147992746,0.0,Plate 3,P32-35
Nuclei_Intensity_MedianIntensity_DAPI_MAX_WellNormalized_Filter_Bottom,Nuclei Intensity MedianIntensity DAPI MAX WellNormalized Filter Bottom Band,3045,0,0,Bottom threshold: nan,0.0,Plate 3,P32-35
Nuclei_Intensity_MedianIntensity_DAPI_MAX_WellNormalized_Filter_Top,Nuclei Intensity MedianIntensity DAPI MAX WellNormalized Filter Top Band,3045,0,0,Top threshold: 2.5,0.0,Plate 3,P32-35
Cell_Neighbours_Filter,First Closest Neighbour distance < 0.025th percentile (97.5th closest distance) or == 0 (no neighbours),3045,0,0,Min closest neighbour distance: 134.65146537199365,0.0,Plate 3,P32-35
Cell_Neighbours_PercentTouchingOnlyFilter,Percent of Cell Touching Neighbours < 97.5th Percentile,3045,0,0,Max Percent Touching: 0.0,0.0,Plate 3,P32-35
Cell_Neighbours_NumberOfOnlyFilter,Number Of Neighbours < 97.5th Percentile,3045,0,0,Max Number Of Neighbours: 0.0,0.0,Plate 3,P32-35
Nuc_Neighbours_Filter,Number Of Nuclei Neighbours < 97.5th Percentile,3045,0,0,Max Number Of Nuclei Neighbours: 0.0,0.0,Plate 3,P32-35
Initial_Dataset,Initial Dataset,3045,0,0,"None,None",,Plate 4,P32-35
Number_of_Mitochondria_Filter,Min Number of Mitochondria Filter,3045,0,0,min_compartments=0,0.0,Plate 4,P32-35
Number_of_Lysosomes_Filter,Min Number of Lysosomes Filter,3045,0,0,min_compartments=0,0.0,Plate 4,P32-35
AreaShape_Area_Filter_Bottom,Cell Size Filter Bottom Band,3045,0,0,Bottom threshold: 14673.4,0.0,Plate 4,P32-35
AreaShape_Area_Filter_Top,Cell Size Filter Top Band,3045,0,0,Top threshold: 1154459.7999999977,0.0,Plate 4,P32-35
Nuclei_AreaShape_Area_Filter_Bottom,Nuclear Size Filter Bottom Band,3045,0,0,Bottom threshold: 7067.3,0.0,Plate 4,P32-35
Nuclei_AreaShape_Area_Filter_Top,Nuclear Size Filter Top Band,3045,0,0,Top threshold: 89616.59999999995,0.0,Plate 4,P32-35
Cell_Nuclei_Area_Ratio_Filter_Bottom,Cell:Nuclear Area Ratio Filter Bottom Band,3045,0,0,Bottom threshold: 1.6164851817503756,0.0,Plate 4,P32-35
Cell_Nuclei_Area_Ratio_Filter_Top,Cell:Nuclear Area Ratio Filter Top Band,3045,0,0,Top threshold: 22.160058147992746,0.0,Plate 4,P32-35
Nuclei_Intensity_MedianIntensity_DAPI_MAX_WellNormalized_Filter_Bottom,Nuclei Intensity MedianIntensity DAPI MAX WellNormalized Filter Bottom Band,3045,0,0,Bottom threshold: nan,0.0,Plate 4,P32-35
Nuclei_Intensity_MedianIntensity_DAPI_MAX_WellNormalized_Filter_Top,Nuclei Intensity MedianIntensity DAPI MAX WellNormalized Filter Top Band,3045,0,0,Top threshold: 2.5,0.0,Plate 4,P32-35
Cell_Neighbours_Filter,First Closest Neighbour distance < 0.025th percentile (97.5th closest distance) or == 0 (no neighbours),3045,0,0,Min closest neighbour distance: 134.65146537199365,0.0,Plate 4,P32-35
Cell_Neighbours_PercentTouchingOnlyFilter,Percent of Cell Touching Neighbours < 97.5th Percentile,3045,0,0,Max Percent Touching: 0.0,0.0,Plate 4,P32-35
Cell_Neighbours_NumberOfOnlyFilter,Number Of Neighbours < 97.5th Percentile,3045,0,0,Max Number Of Neighbours: 0.0,0.0,Plate 4,P32-35
Nuc_Neighbours_Filter,Number Of Nuclei Neighbours < 97.5th Percentile,3045,0,0,Max Number Of Nuclei Neighbours: 0.0,0.0,Plate 4,P32-35
Initial_Dataset,Initial Dataset,3045,585,0,"None,None",,Plate 5,P32-35
Number_of_Mitochondria_Filter,Min Number of Mitochondria Filter,3045,585,0,min_compartments=0,585.0,Plate 5,P32-35
Number_of_Lysosomes_Filter,Min Number of Lysosomes Filter,3045,585,0,min_compartments=0,585.0,Plate 5,P32-35
AreaShape_Area_Filter_Bottom,Cell Size Filter Bottom Band,3045,585,4,Bottom threshold: 14673.4,578.0,Plate 5,P32-35
AreaShape_Area_Filter_Top,Cell Size Filter Top Band,3045,585,3,Top threshold: 1154459.7999999977,578.0,Plate 5,P32-35
Nuclei_AreaShape_Area_Filter_Bottom,Nuclear Size Filter Bottom Band,3045,585,11,Bottom threshold: 7067.3,560.0,Plate 5,P32-35
Nuclei_AreaShape_Area_Filter_Top,Nuclear Size Filter Top Band,3045,585,14,Top threshold: 89616.59999999995,560.0,Plate 5,P32-35
Cell_Nuclei_Area_Ratio_Filter_Bottom,Cell:Nuclear Area Ratio Filter Bottom Band,3045,585,19,Bottom threshold: 1.6164851817503756,566.0,Plate 5,P32-35
Cell_Nuclei_Area_Ratio_Filter_Top,Cell:Nuclear Area Ratio Filter Top Band,3045,585,26,Top threshold: 22.160058147992746,559.0,Plate 5,P32-35
Nuclei_Intensity_MedianIntensity_DAPI_MAX_WellNormalized_Filter_Bottom,Nuclei Intensity MedianIntensity DAPI MAX WellNormalized Filter Bottom Band,3045,585,1,Bottom threshold: 0.04441714922940737,584.0,Plate 5,P32-35
Nuclei_Intensity_MedianIntensity_DAPI_MAX_WellNormalized_Filter_Top,Nuclei Intensity MedianIntensity DAPI MAX WellNormalized Filter Top Band,3045,585,7,Top threshold: 2.5,578.0,Plate 5,P32-35
Cell_Neighbours_Filter,First Closest Neighbour distance < 0.025th percentile (97.5th closest distance) or == 0 (no neighbours),3045,585,0,Min closest neighbour distance: 134.65146537199365,585.0,Plate 5,P32-35
Cell_Neighbours_PercentTouchingOnlyFilter,Percent of Cell Touching Neighbours < 97.5th Percentile,3045,585,585,Max Percent Touching: 0.0,0.0,Plate 5,P32-35
Cell_Neighbours_NumberOfOnlyFilter,Number Of Neighbours < 97.5th Percentile,3045,585,585,Max Number Of Neighbours: 0.0,0.0,Plate 5,P32-35
Nuc_Neighbours_Filter,Number Of Nuclei Neighbours < 97.5th Percentile,3045,585,0,Max Number Of Nuclei Neighbours: 0.0,585.0,Plate 5,P32-35
Initial_Dataset,Initial Dataset,3045,61,0,"None,None",,Plate 6,P32-35
Number_of_Mitochondria_Filter,Min Number of Mitochondria Filter,3045,61,0,min_compartments=0,61.0,Plate 6,P32-35
Number_of_Lysosomes_Filter,Min Number of Lysosomes Filter,3045,61,0,min_compartments=0,61.0,Plate 6,P32-35
AreaShape_Area_Filter_Bottom,Cell Size Filter Bottom Band,3045,61,7,Bottom threshold: 14673.4,53.0,Plate 6,P32-35
AreaShape_Area_Filter_Top,Cell Size Filter Top Band,3045,61,1,Top threshold: 1154459.7999999977,53.0,Plate 6,P32-35
Nuclei_AreaShape_Area_Filter_Bottom,Nuclear Size Filter Bottom Band,3045,61,4,Bottom threshold: 7067.3,55.0,Plate 6,P32-35
Nuclei_AreaShape_Area_Filter_Top,Nuclear Size Filter Top Band,3045,61,2,Top threshold: 89616.59999999995,55.0,Plate 6,P32-35
Cell_Nuclei_Area_Ratio_Filter_Bottom,Cell:Nuclear Area Ratio Filter Bottom Band,3045,61,11,Bottom threshold: 1.6164851817503756,50.0,Plate 6,P32-35
Cell_Nuclei_Area_Ratio_Filter_Top,Cell:Nuclear Area Ratio Filter Top Band,3045,61,11,Top threshold: 22.160058147992746,50.0,Plate 6,P32-35
Nuclei_Intensity_MedianIntensity_DAPI_MAX_WellNormalized_Filter_Bottom,Nuclei Intensity MedianIntensity DAPI MAX WellNormalized Filter Bottom Band,3045,61,2,Bottom threshold: 0.0701480900368561,59.0,Plate 6,P32-35
Nuclei_Intensity_MedianIntensity_DAPI_MAX_WellNormalized_Filter_Top,Nuclei Intensity MedianIntensity DAPI MAX WellNormalized Filter Top Band,3045,61,4,Top threshold: 2.5,57.0,Plate 6,P32-35
Cell_Neighbours_Filter,First Closest Neighbour distance < 0.025th percentile (97.5th closest distance) or == 0 (no neighbours),3045,61,0,Min closest neighbour distance: 134.65146537199365,61.0,Plate 6,P32-35
Cell_Neighbours_PercentTouchingOnlyFilter,Percent of Cell Touching Neighbours < 97.5th Percentile,3045,61,61,Max Percent Touching: 0.0,0.0,Plate 6,P32-35
Cell_Neighbours_NumberOfOnlyFilter,Number Of Neighbours < 97.5th Percentile,3045,61,61,Max Number Of Neighbours: 0.0,0.0,Plate 6,P32-35
Nuc_Neighbours_Filter,Number Of Nuclei Neighbours < 97.5th Percentile,3045,61,0,Max Number Of Nuclei Neighbours: 0.0,61.0,Plate 6,P32-35
Initial_Dataset,Initial Dataset,3045,902,0,"None,None",,Plate 7,P32-35
Number_of_Mitochondria_Filter,Min Number of Mitochondria Filter,3045,902,0,min_compartments=0,902.0,Plate 7,P32-35
Number_of_Lysosomes_Filter,Min Number of Lysosomes Filter,3045,902,0,min_compartments=0,902.0,Plate 7,P32-35
AreaShape_Area_Filter_Bottom,Cell Size Filter Bottom Band,3045,902,1,Bottom threshold: 14673.4,890.0,Plate 7,P32-35
AreaShape_Area_Filter_Top,Cell Size Filter Top Band,3045,902,11,Top threshold: 1154459.7999999977,890.0,Plate 7,P32-35
Nuclei_AreaShape_Area_Filter_Bottom,Nuclear Size Filter Bottom Band,3045,902,8,Bottom threshold: 7067.3,875.0,Plate 7,P32-35
Nuclei_AreaShape_Area_Filter_Top,Nuclear Size Filter Top Band,3045,902,19,Top threshold: 89616.59999999995,875.0,Plate 7,P32-35
Cell_Nuclei_Area_Ratio_Filter_Bottom,Cell:Nuclear Area Ratio Filter Bottom Band,3045,902,3,Bottom threshold: 1.6164851817503756,899.0,Plate 7,P32-35
Cell_Nuclei_Area_Ratio_Filter_Top,Cell:Nuclear Area Ratio Filter Top Band,3045,902,21,Top threshold: 22.160058147992746,881.0,Plate 7,P32-35
Nuclei_Intensity_MedianIntensity_DAPI_MAX_WellNormalized_Filter_Bottom,Nuclei Intensity MedianIntensity DAPI MAX WellNormalized Filter Bottom Band,3045,902,1,Bottom threshold: 0.03254856006138897,901.0,Plate 7,P32-35
Nuclei_Intensity_MedianIntensity_DAPI_MAX_WellNormalized_Filter_Top,Nuclei Intensity MedianIntensity DAPI MAX WellNormalized Filter Top Band,3045,902,2,Top threshold: 2.5,900.0,Plate 7,P32-35
Cell_Neighbours_Filter,First Closest Neighbour distance < 0.025th percentile (97.5th closest distance) or == 0 (no neighbours),3045,902,0,Min closest neighbour distance: 134.65146537199365,902.0,Plate 7,P32-35
Cell_Neighbours_PercentTouchingOnlyFilter,Percent of Cell Touching Neighbours < 97.5th Percentile,3045,902,902,Max Percent Touching: 0.0,0.0,Plate 7,P32-35
Cell_Neighbours_NumberOfOnlyFilter,Number Of Neighbours < 97.5th Percentile,3045,902,902,Max Number Of Neighbours: 0.0,0.0,Plate 7,P32-35
Nuc_Neighbours_Filter,Number Of Nuclei Neighbours < 97.5th Percentile,3045,902,0,Max Number Of Nuclei Neighbours: 0.0,902.0,Plate 7,P32-35
Initial_Dataset,Initial Dataset,3045,0,0,"None,None",,Plate 1,Doxo
Number_of_Mitochondria_Filter,Min Number of Mitochondria Filter,3045,0,0,min_compartments=0,0.0,Plate 1,Doxo
Number_of_Lysosomes_Filter,Min Number of Lysosomes Filter,3045,0,0,min_compartments=0,0.0,Plate 1,Doxo
AreaShape_Area_Filter_Bottom,Cell Size Filter Bottom Band,3045,0,0,Bottom threshold: 14673.4,0.0,Plate 1,Doxo
AreaShape_Area_Filter_Top,Cell Size Filter Top Band,3045,0,0,Top threshold: 1154459.7999999977,0.0,Plate 1,Doxo
Nuclei_AreaShape_Area_Filter_Bottom,Nuclear Size Filter Bottom Band,3045,0,0,Bottom threshold: 7067.3,0.0,Plate 1,Doxo
Nuclei_AreaShape_Area_Filter_Top,Nuclear Size Filter Top Band,3045,0,0,Top threshold: 89616.59999999995,0.0,Plate 1,Doxo
Cell_Nuclei_Area_Ratio_Filter_Bottom,Cell:Nuclear Area Ratio Filter Bottom Band,3045,0,0,Bottom threshold: 1.6164851817503756,0.0,Plate 1,Doxo
Cell_Nuclei_Area_Ratio_Filter_Top,Cell:Nuclear Area Ratio Filter Top Band,3045,0,0,Top threshold: 22.160058147992746,0.0,Plate 1,Doxo
Nuclei_Intensity_MedianIntensity_DAPI_MAX_WellNormalized_Filter_Bottom,Nuclei Intensity MedianIntensity DAPI MAX WellNormalized Filter Bottom Band,3045,0,0,Bottom threshold: nan,0.0,Plate 1,Doxo
Nuclei_Intensity_MedianIntensity_DAPI_MAX_WellNormalized_Filter_Top,Nuclei Intensity MedianIntensity DAPI MAX WellNormalized Filter Top Band,3045,0,0,Top threshold: 2.5,0.0,Plate 1,Doxo
Cell_Neighbours_Filter,First Closest Neighbour distance < 0.025th percentile (97.5th closest distance) or == 0 (no neighbours),3045,0,0,Min closest neighbour distance: 134.65146537199365,0.0,Plate 1,Doxo
Cell_Neighbours_PercentTouchingOnlyFilter,Percent of Cell Touching Neighbours < 97.5th Percentile,3045,0,0,Max Percent Touching: 0.0,0.0,Plate 1,Doxo
Cell_Neighbours_NumberOfOnlyFilter,Number Of Neighbours < 97.5th Percentile,3045,0,0,Max Number Of Neighbours: 0.0,0.0,Plate 1,Doxo
Nuc_Neighbours_Filter,Number Of Nuclei Neighbours < 97.5th Percentile,3045,0,0,Max Number Of Nuclei Neighbours: 0.0,0.0,Plate 1,Doxo
Initial_Dataset,Initial Dataset,3045,0,0,"None,None",,Plate 2,Doxo
Number_of_Mitochondria_Filter,Min Number of Mitochondria Filter,3045,0,0,min_compartments=0,0.0,Plate 2,Doxo
Number_of_Lysosomes_Filter,Min Number of Lysosomes Filter,3045,0,0,min_compartments=0,0.0,Plate 2,Doxo
AreaShape_Area_Filter_Bottom,Cell Size Filter Bottom Band,3045,0,0,Bottom threshold: 14673.4,0.0,Plate 2,Doxo
AreaShape_Area_Filter_Top,Cell Size Filter Top Band,3045,0,0,Top threshold: 1154459.7999999977,0.0,Plate 2,Doxo
Nuclei_AreaShape_Area_Filter_Bottom,Nuclear Size Filter Bottom Band,3045,0,0,Bottom threshold: 7067.3,0.0,Plate 2,Doxo
Nuclei_AreaShape_Area_Filter_Top,Nuclear Size Filter Top Band,3045,0,0,Top threshold: 89616.59999999995,0.0,Plate 2,Doxo
Cell_Nuclei_Area_Ratio_Filter_Bottom,Cell:Nuclear Area Ratio Filter Bottom Band,3045,0,0,Bottom threshold: 1.6164851817503756,0.0,Plate 2,Doxo
Cell_Nuclei_Area_Ratio_Filter_Top,Cell:Nuclear Area Ratio Filter Top Band,3045,0,0,Top threshold: 22.160058147992746,0.0,Plate 2,Doxo
Nuclei_Intensity_MedianIntensity_DAPI_MAX_WellNormalized_Filter_Bottom,Nuclei Intensity MedianIntensity DAPI MAX WellNormalized Filter Bottom Band,3045,0,0,Bottom threshold: nan,0.0,Plate 2,Doxo
Nuclei_Intensity_MedianIntensity_DAPI_MAX_WellNormalized_Filter_Top,Nuclei Intensity MedianIntensity DAPI MAX WellNormalized Filter Top Band,3045,0,0,Top threshold: 2.5,0.0,Plate 2,Doxo
Cell_Neighbours_Filter,First Closest Neighbour distance < 0.025th percentile (97.5th closest distance) or == 0 (no neighbours),3045,0,0,Min closest neighbour distance: 134.65146537199365,0.0,Plate 2,Doxo
Cell_Neighbours_PercentTouchingOnlyFilter,Percent of Cell Touching Neighbours < 97.5th Percentile,3045,0,0,Max Percent Touching: 0.0,0.0,Plate 2,Doxo
Cell_Neighbours_NumberOfOnlyFilter,Number Of Neighbours < 97.5th Percentile,3045,0,0,Max Number Of Neighbours: 0.0,0.0,Plate 2,Doxo
Nuc_Neighbours_Filter,Number Of Nuclei Neighbours < 97.5th Percentile,3045,0,0,Max Number Of Nuclei Neighbours: 0.0,0.0,Plate 2,Doxo
Initial_Dataset,Initial Dataset,3045,0,0,"None,None",,Plate 3,Doxo
Number_of_Mitochondria_Filter,Min Number of Mitochondria Filter,3045,0,0,min_compartments=0,0.0,Plate 3,Doxo
Number_of_Lysosomes_Filter,Min Number of Lysosomes Filter,3045,0,0,min_compartments=0,0.0,Plate 3,Doxo
AreaShape_Area_Filter_Bottom,Cell Size Filter Bottom Band,3045,0,0,Bottom threshold: 14673.4,0.0,Plate 3,Doxo
AreaShape_Area_Filter_Top,Cell Size Filter Top Band,3045,0,0,Top threshold: 1154459.7999999977,0.0,Plate 3,Doxo
Nuclei_AreaShape_Area_Filter_Bottom,Nuclear Size Filter Bottom Band,3045,0,0,Bottom threshold: 7067.3,0.0,Plate 3,Doxo
Nuclei_AreaShape_Area_Filter_Top,Nuclear Size Filter Top Band,3045,0,0,Top threshold: 89616.59999999995,0.0,Plate 3,Doxo
Cell_Nuclei_Area_Ratio_Filter_Bottom,Cell:Nuclear Area Ratio Filter Bottom Band,3045,0,0,Bottom threshold: 1.6164851817503756,0.0,Plate 3,Doxo
Cell_Nuclei_Area_Ratio_Filter_Top,Cell:Nuclear Area Ratio Filter Top Band,3045,0,0,Top threshold: 22.160058147992746,0.0,Plate 3,Doxo
Nuclei_Intensity_MedianIntensity_DAPI_MAX_WellNormalized_Filter_Bottom,Nuclei Intensity MedianIntensity DAPI MAX WellNormalized Filter Bottom Band,3045,0,0,Bottom threshold: nan,0.0,Plate 3,Doxo
Nuclei_Intensity_MedianIntensity_DAPI_MAX_WellNormalized_Filter_Top,Nuclei Intensity MedianIntensity DAPI MAX WellNormalized Filter Top Band,3045,0,0,Top threshold: 2.5,0.0,Plate 3,Doxo
Cell_Neighbours_Filter,First Closest Neighbour distance < 0.025th percentile (97.5th closest distance) or == 0 (no neighbours),3045,0,0,Min closest neighbour distance: 134.65146537199365,0.0,Plate 3,Doxo
Cell_Neighbours_PercentTouchingOnlyFilter,Percent of Cell Touching Neighbours < 97.5th Percentile,3045,0,0,Max Percent Touching: 0.0,0.0,Plate 3,Doxo
Cell_Neighbours_NumberOfOnlyFilter,Number Of Neighbours < 97.5th Percentile,3045,0,0,Max Number Of Neighbours: 0.0,0.0,Plate 3,Doxo
Nuc_Neighbours_Filter,Number Of Nuclei Neighbours < 97.5th Percentile,3045,0,0,Max Number Of Nuclei Neighbours: 0.0,0.0,Plate 3,Doxo
Initial_Dataset,Initial Dataset,3045,0,0,"None,None",,Plate 4,Doxo
Number_of_Mitochondria_Filter,Min Number of Mitochondria Filter,3045,0,0,min_compartments=0,0.0,Plate 4,Doxo
Number_of_Lysosomes_Filter,Min Number of Lysosomes Filter,3045,0,0,min_compartments=0,0.0,Plate 4,Doxo
AreaShape_Area_Filter_Bottom,Cell Size Filter Bottom Band,3045,0,0,Bottom threshold: 14673.4,0.0,Plate 4,Doxo
AreaShape_Area_Filter_Top,Cell Size Filter Top Band,3045,0,0,Top threshold: 1154459.7999999977,0.0,Plate 4,Doxo
Nuclei_AreaShape_Area_Filter_Bottom,Nuclear Size Filter Bottom Band,3045,0,0,Bottom threshold: 7067.3,0.0,Plate 4,Doxo
Nuclei_AreaShape_Area_Filter_Top,Nuclear Size Filter Top Band,3045,0,0,Top threshold: 89616.59999999995,0.0,Plate 4,Doxo
Cell_Nuclei_Area_Ratio_Filter_Bottom,Cell:Nuclear Area Ratio Filter Bottom Band,3045,0,0,Bottom threshold: 1.6164851817503756,0.0,Plate 4,Doxo
Cell_Nuclei_Area_Ratio_Filter_Top,Cell:Nuclear Area Ratio Filter Top Band,3045,0,0,Top threshold: 22.160058147992746,0.0,Plate 4,Doxo
Nuclei_Intensity_MedianIntensity_DAPI_MAX_WellNormalized_Filter_Bottom,Nuclei Intensity MedianIntensity DAPI MAX WellNormalized Filter Bottom Band,3045,0,0,Bottom threshold: nan,0.0,Plate 4,Doxo
Nuclei_Intensity_MedianIntensity_DAPI_MAX_WellNormalized_Filter_Top,Nuclei Intensity MedianIntensity DAPI MAX WellNormalized Filter Top Band,3045,0,0,Top threshold: 2.5,0.0,Plate 4,Doxo
Cell_Neighbours_Filter,First Closest Neighbour distance < 0.025th percentile (97.5th closest distance) or == 0 (no neighbours),3045,0,0,Min closest neighbour distance: 134.65146537199365,0.0,Plate 4,Doxo
Cell_Neighbours_PercentTouchingOnlyFilter,Percent of Cell Touching Neighbours < 97.5th Percentile,3045,0,0,Max Percent Touching: 0.0,0.0,Plate 4,Doxo
Cell_Neighbours_NumberOfOnlyFilter,Number Of Neighbours < 97.5th Percentile,3045,0,0,Max Number Of Neighbours: 0.0,0.0,Plate 4,Doxo
Nuc_Neighbours_Filter,Number Of Nuclei Neighbours < 97.5th Percentile,3045,0,0,Max Number Of Nuclei Neighbours: 0.0,0.0,Plate 4,Doxo
Initial_Dataset,Initial Dataset,3045,205,0,"None,None",,Plate 5,Doxo
Number_of_Mitochondria_Filter,Min Number of Mitochondria Filter,3045,205,0,min_compartments=0,205.0,Plate 5,Doxo
Number_of_Lysosomes_Filter,Min Number of Lysosomes Filter,3045,205,0,min_compartments=0,205.0,Plate 5,Doxo
AreaShape_Area_Filter_Bottom,Cell Size Filter Bottom Band,3045,205,2,Bottom threshold: 14673.4,202.0,Plate 5,Doxo
AreaShape_Area_Filter_Top,Cell Size Filter Top Band,3045,205,1,Top threshold: 1154459.7999999977,202.0,Plate 5,Doxo
Nuclei_AreaShape_Area_Filter_Bottom,Nuclear Size Filter Bottom Band,3045,205,2,Bottom threshold: 7067.3,200.0,Plate 5,Doxo
Nuclei_AreaShape_Area_Filter_Top,Nuclear Size Filter Top Band,3045,205,3,Top threshold: 89616.59999999995,200.0,Plate 5,Doxo
Cell_Nuclei_Area_Ratio_Filter_Bottom,Cell:Nuclear Area Ratio Filter Bottom Band,3045,205,13,Bottom threshold: 1.6164851817503756,192.0,Plate 5,Doxo
Cell_Nuclei_Area_Ratio_Filter_Top,Cell:Nuclear Area Ratio Filter Top Band,3045,205,15,Top threshold: 22.160058147992746,190.0,Plate 5,Doxo
Nuclei_Intensity_MedianIntensity_DAPI_MAX_WellNormalized_Filter_Bottom,Nuclei Intensity MedianIntensity DAPI MAX WellNormalized Filter Bottom Band,3045,205,1,Bottom threshold: 0.05400923030884425,204.0,Plate 5,Doxo
Nuclei_Intensity_MedianIntensity_DAPI_MAX_WellNormalized_Filter_Top,Nuclei Intensity MedianIntensity DAPI MAX WellNormalized Filter Top Band,3045,205,5,Top threshold: 2.5,200.0,Plate 5,Doxo
Cell_Neighbours_Filter,First Closest Neighbour distance < 0.025th percentile (97.5th closest distance) or == 0 (no neighbours),3045,205,0,Min closest neighbour distance: 134.65146537199365,205.0,Plate 5,Doxo
Cell_Neighbours_PercentTouchingOnlyFilter,Percent of Cell Touching Neighbours < 97.5th Percentile,3045,205,205,Max Percent Touching: 0.0,0.0,Plate 5,Doxo
Cell_Neighbours_NumberOfOnlyFilter,Number Of Neighbours < 97.5th Percentile,3045,205,205,Max Number Of Neighbours: 0.0,0.0,Plate 5,Doxo
Nuc_Neighbours_Filter,Number Of Nuclei Neighbours < 97.5th Percentile,3045,205,0,Max Number Of Nuclei Neighbours: 0.0,205.0,Plate 5,Doxo
Initial_Dataset,Initial Dataset,3045,652,0,"None,None",,Plate 6,Doxo
Number_of_Mitochondria_Filter,Min Number of Mitochondria Filter,3045,652,0,min_compartments=0,652.0,Plate 6,Doxo
Number_of_Lysosomes_Filter,Min Number of Lysosomes Filter,3045,652,0,min_compartments=0,652.0,Plate 6,Doxo
AreaShape_Area_Filter_Bottom,Cell Size Filter Bottom Band,3045,652,2,Bottom threshold: 14673.4,636.0,Plate 6,Doxo
AreaShape_Area_Filter_Top,Cell Size Filter Top Band,3045,652,14,Top threshold: 1154459.7999999977,636.0,Plate 6,Doxo
Nuclei_AreaShape_Area_Filter_Bottom,Nuclear Size Filter Bottom Band,3045,652,9,Bottom threshold: 7067.3,629.0,Plate 6,Doxo
Nuclei_AreaShape_Area_Filter_Top,Nuclear Size Filter Top Band,3045,652,14,Top threshold: 89616.59999999995,629.0,Plate 6,Doxo
Cell_Nuclei_Area_Ratio_Filter_Bottom,Cell:Nuclear Area Ratio Filter Bottom Band,3045,652,23,Bottom threshold: 1.6164851817503756,629.0,Plate 6,Doxo
Cell_Nuclei_Area_Ratio_Filter_Top,Cell:Nuclear Area Ratio Filter Top Band,3045,652,41,Top threshold: 22.160058147992746,611.0,Plate 6,Doxo
Nuclei_Intensity_MedianIntensity_DAPI_MAX_WellNormalized_Filter_Bottom,Nuclei Intensity MedianIntensity DAPI MAX WellNormalized Filter Bottom Band,3045,652,1,Bottom threshold: 0.04940846260652745,651.0,Plate 6,Doxo
Nuclei_Intensity_MedianIntensity_DAPI_MAX_WellNormalized_Filter_Top,Nuclei Intensity MedianIntensity DAPI MAX WellNormalized Filter Top Band,3045,652,4,Top threshold: 2.5,648.0,Plate 6,Doxo
Cell_Neighbours_Filter,First Closest Neighbour distance < 0.025th percentile (97.5th closest distance) or == 0 (no neighbours),3045,652,0,Min closest neighbour distance: 134.65146537199365,652.0,Plate 6,Doxo
Cell_Neighbours_PercentTouchingOnlyFilter,Percent of Cell Touching Neighbours < 97.5th Percentile,3045,652,652,Max Percent Touching: 0.0,0.0,Plate 6,Doxo
Cell_Neighbours_NumberOfOnlyFilter,Number Of Neighbours < 97.5th Percentile,3045,652,652,Max Number Of Neighbours: 0.0,0.0,Plate 6,Doxo
Nuc_Neighbours_Filter,Number Of Nuclei Neighbours < 97.5th Percentile,3045,652,0,Max Number Of Nuclei Neighbours: 0.0,652.0,Plate 6,Doxo
Initial_Dataset,Initial Dataset,3045,258,0,"None,None",,Plate 7,Doxo
Number_of_Mitochondria_Filter,Min Number of Mitochondria Filter,3045,258,0,min_compartments=0,258.0,Plate 7,Doxo
Number_of_Lysosomes_Filter,Min Number of Lysosomes Filter,3045,258,0,min_compartments=0,258.0,Plate 7,Doxo
AreaShape_Area_Filter_Bottom,Cell Size Filter Bottom Band,3045,258,2,Bottom threshold: 14673.4,243.0,Plate 7,Doxo
AreaShape_Area_Filter_Top,Cell Size Filter Top Band,3045,258,13,Top threshold: 1154459.7999999977,243.0,Plate 7,Doxo
Nuclei_AreaShape_Area_Filter_Bottom,Nuclear Size Filter Bottom Band,3045,258,3,Bottom threshold: 7067.3,244.0,Plate 7,Doxo
Nuclei_AreaShape_Area_Filter_Top,Nuclear Size Filter Top Band,3045,258,11,Top threshold: 89616.59999999995,244.0,Plate 7,Doxo
Cell_Nuclei_Area_Ratio_Filter_Bottom,Cell:Nuclear Area Ratio Filter Bottom Band,3045,258,11,Bottom threshold: 1.6164851817503756,247.0,Plate 7,Doxo
Cell_Nuclei_Area_Ratio_Filter_Top,Cell:Nuclear Area Ratio Filter Top Band,3045,258,19,Top threshold: 22.160058147992746,239.0,Plate 7,Doxo
Nuclei_Intensity_MedianIntensity_DAPI_MAX_WellNormalized_Filter_Bottom,Nuclei Intensity MedianIntensity DAPI MAX WellNormalized Filter Bottom Band,3045,258,1,Bottom threshold: 0.03638638562706309,257.0,Plate 7,Doxo
Nuclei_Intensity_MedianIntensity_DAPI_MAX_WellNormalized_Filter_Top,Nuclei Intensity MedianIntensity DAPI MAX WellNormalized Filter Top Band,3045,258,4,Top threshold: 2.5,254.0,Plate 7,Doxo
Cell_Neighbours_Filter,First Closest Neighbour distance < 0.025th percentile (97.5th closest distance) or == 0 (no neighbours),3045,258,2,Min closest neighbour distance: 134.65146537199365,256.0,Plate 7,Doxo
Cell_Neighbours_PercentTouchingOnlyFilter,Percent of Cell Touching Neighbours < 97.5th Percentile,3045,258,258,Max Percent Touching: 0.0,0.0,Plate 7,Doxo
Cell_Neighbours_NumberOfOnlyFilter,Number Of Neighbours < 97.5th Percentile,3045,258,258,Max Number Of Neighbours: 0.0,0.0,Plate 7,Doxo
Nuc_Neighbours_Filter,Number Of Nuclei Neighbours < 97.5th Percentile,3045,258,0,Max Number Of Nuclei Neighbours: 0.0,258.0,Plate 7,Doxo
