Metadata_Well,Metadata_WellRow,Metadata_WellColumn,Metadata_Field,TimepointName,SerialPassage_BatchNumber,AgeGroup,PassageNumber,Staining,Drug
B01,2,1,1,SPB12 AG2_Doxo P12,12,2,12,LAMP1-488 + MitoRed + Phalloidin-647,Doxo
B01,2,1,2,SPB12 AG2_Doxo P12,12,2,12,LAMP1-488 + MitoRed + Phalloidin-647,Doxo
B01,2,1,3,SPB12 AG2_Doxo P12,12,2,12,LAMP1-488 + MitoRed + Phalloidin-647,Doxo
B01,2,1,4,SPB12 AG2_Doxo P12,12,2,12,LAMP1-488 + MitoRed + Phalloidin-647,Doxo
B01,2,1,5,SPB12 AG2_Doxo P12,12,2,12,LAMP1-488 + MitoRed + Phalloidin-647,Doxo
B01,2,1,6,SPB12 AG2_Doxo P12,12,2,12,LAMP1-488 + MitoRed + Phalloidin-647,Doxo
B01,2,1,7,SPB12 AG2_Doxo P12,12,2,12,LAMP1-488 + MitoRed + Phalloidin-647,Doxo
B01,2,1,8,SPB12 AG2_Doxo P12,12,2,12,LAMP1-488 + MitoRed + Phalloidin-647,Doxo
B01,2,1,9,SPB12 AG2_Doxo P12,12,2,12,LAMP1-488 + MitoRed + Phalloidin-647,Doxo
B01,2,1,10,SPB12 AG2_Doxo P12,12,2,12,LAMP1-488 + MitoRed + Phalloidin-647,Doxo
B01,2,1,11,SPB12 AG2_Doxo P12,12,2,12,LAMP1-488 + MitoRed + Phalloidin-647,Doxo
B01,2,1,12,SPB12 AG2_Doxo P12,12,2,12,LAMP1-488 + MitoRed + Phalloidin-647,Doxo
B01,2,1,13,SPB12 AG2_Doxo P12,12,2,12,LAMP1-488 + MitoRed + Phalloidin-647,Doxo
B01,2,1,14,SPB12 AG2_Doxo P12,12,2,12,LAMP1-488 + MitoRed + Phalloidin-647,Doxo
B01,2,1,15,SPB12 AG2_Doxo P12,12,2,12,LAMP1-488 + MitoRed + Phalloidin-647,Doxo
B01,2,1,16,SPB12 AG2_Doxo P12,12,2,12,LAMP1-488 + MitoRed + Phalloidin-647,Doxo
B01,2,1,17,SPB12 AG2_Doxo P12,12,2,12,LAMP1-488 + MitoRed + Phalloidin-647,Doxo
B01,2,1,18,SPB12 AG2_Doxo P12,12,2,12,LAMP1-488 + MitoRed + Phalloidin-647,Doxo
B01,2,1,19,SPB12 AG2_Doxo P12,12,2,12,LAMP1-488 + MitoRed + Phalloidin-647,Doxo
B01,2,1,20,SPB12 AG2_Doxo P12,12,2,12,LAMP1-488 + MitoRed + Phalloidin-647,Doxo
B01,2,1,21,SPB12 AG2_Doxo P12,12,2,12,LAMP1-488 + MitoRed + Phalloidin-647,Doxo
B01,2,1,22,SPB12 AG2_Doxo P12,12,2,12,LAMP1-488 + MitoRed + Phalloidin-647,Doxo
B01,2,1,23,SPB12 AG2_Doxo P12,12,2,12,LAMP1-488 + MitoRed + Phalloidin-647,Doxo
B01,2,1,24,SPB12 AG2_Doxo P12,12,2,12,LAMP1-488 + MitoRed + Phalloidin-647,Doxo
B01,2,1,25,SPB12 AG2_Doxo P12,12,2,12,LAMP1-488 + MitoRed + Phalloidin-647,Doxo
B01,2,1,26,SPB12 AG2_Doxo P12,12,2,12,LAMP1-488 + MitoRed + Phalloidin-647,Doxo
B01,2,1,27,SPB12 AG2_Doxo P12,12,2,12,LAMP1-488 + MitoRed + Phalloidin-647,Doxo
B01,2,1,28,SPB12 AG2_Doxo P12,12,2,12,LAMP1-488 + MitoRed + Phalloidin-647,Doxo
B01,2,1,29,SPB12 AG2_Doxo P12,12,2,12,LAMP1-488 + MitoRed + Phalloidin-647,Doxo
B01,2,1,30,SPB12 AG2_Doxo P12,12,2,12,LAMP1-488 + MitoRed + Phalloidin-647,Doxo
B01,2,1,31,SPB12 AG2_Doxo P12,12,2,12,LAMP1-488 + MitoRed + Phalloidin-647,Doxo
B01,2,1,32,SPB12 AG2_Doxo P12,12,2,12,LAMP1-488 + MitoRed + Phalloidin-647,Doxo
B01,2,1,33,SPB12 AG2_Doxo P12,12,2,12,LAMP1-488 + MitoRed + Phalloidin-647,Doxo
B01,2,1,34,SPB12 AG2_Doxo P12,12,2,12,LAMP1-488 + MitoRed + Phalloidin-647,Doxo
B01,2,1,35,SPB12 AG2_Doxo P12,12,2,12,LAMP1-488 + MitoRed + Phalloidin-647,Doxo
B01,2,1,36,SPB12 AG2_Doxo P12,12,2,12,LAMP1-488 + MitoRed + Phalloidin-647,Doxo
B01,2,1,37,SPB12 AG2_Doxo P12,12,2,12,LAMP1-488 + MitoRed + Phalloidin-647,Doxo
B01,2,1,38,SPB12 AG2_Doxo P12,12,2,12,LAMP1-488 + MitoRed + Phalloidin-647,Doxo
B01,2,1,39,SPB12 AG2_Doxo P12,12,2,12,LAMP1-488 + MitoRed + Phalloidin-647,Doxo
B01,2,1,40,SPB12 AG2_Doxo P12,12,2,12,LAMP1-488 + MitoRed + Phalloidin-647,Doxo
B02,2,2,1,SPB3 AG9 P29,3,9,29,LAMP1-488 + MitoRed + Phalloidin-647,None
B02,2,2,2,SPB3 AG9 P29,3,9,29,LAMP1-488 + MitoRed + Phalloidin-647,None
B02,2,2,3,SPB3 AG9 P29,3,9,29,LAMP1-488 + MitoRed + Phalloidin-647,None
B02,2,2,4,SPB3 AG9 P29,3,9,29,LAMP1-488 + MitoRed + Phalloidin-647,None
B02,2,2,5,SPB3 AG9 P29,3,9,29,LAMP1-488 + MitoRed + Phalloidin-647,None
B02,2,2,6,SPB3 AG9 P29,3,9,29,LAMP1-488 + MitoRed + Phalloidin-647,None
B02,2,2,7,SPB3 AG9 P29,3,9,29,LAMP1-488 + MitoRed + Phalloidin-647,None
B02,2,2,8,SPB3 AG9 P29,3,9,29,LAMP1-488 + MitoRed + Phalloidin-647,None
B02,2,2,9,SPB3 AG9 P29,3,9,29,LAMP1-488 + MitoRed + Phalloidin-647,None
B02,2,2,10,SPB3 AG9 P29,3,9,29,LAMP1-488 + MitoRed + Phalloidin-647,None
B02,2,2,11,SPB3 AG9 P29,3,9,29,LAMP1-488 + MitoRed + Phalloidin-647,None
B02,2,2,12,SPB3 AG9 P29,3,9,29,LAMP1-488 + MitoRed + Phalloidin-647,None
B02,2,2,13,SPB3 AG9 P29,3,9,29,LAMP1-488 + MitoRed + Phalloidin-647,None
B02,2,2,14,SPB3 AG9 P29,3,9,29,LAMP1-488 + MitoRed + Phalloidin-647,None
B02,2,2,15,SPB3 AG9 P29,3,9,29,LAMP1-488 + MitoRed + Phalloidin-647,None
B02,2,2,16,SPB3 AG9 P29,3,9,29,LAMP1-488 + MitoRed + Phalloidin-647,None
B02,2,2,17,SPB3 AG9 P29,3,9,29,LAMP1-488 + MitoRed + Phalloidin-647,None
B02,2,2,18,SPB3 AG9 P29,3,9,29,LAMP1-488 + MitoRed + Phalloidin-647,None
B02,2,2,19,SPB3 AG9 P29,3,9,29,LAMP1-488 + MitoRed + Phalloidin-647,None
B02,2,2,20,SPB3 AG9 P29,3,9,29,LAMP1-488 + MitoRed + Phalloidin-647,None
B02,2,2,21,SPB3 AG9 P29,3,9,29,LAMP1-488 + MitoRed + Phalloidin-647,None
B02,2,2,22,SPB3 AG9 P29,3,9,29,LAMP1-488 + MitoRed + Phalloidin-647,None
B02,2,2,23,SPB3 AG9 P29,3,9,29,LAMP1-488 + MitoRed + Phalloidin-647,None
B02,2,2,24,SPB3 AG9 P29,3,9,29,LAMP1-488 + MitoRed + Phalloidin-647,None
B02,2,2,25,SPB3 AG9 P29,3,9,29,LAMP1-488 + MitoRed + Phalloidin-647,None
B02,2,2,26,SPB3 AG9 P29,3,9,29,LAMP1-488 + MitoRed + Phalloidin-647,None
B02,2,2,27,SPB3 AG9 P29,3,9,29,LAMP1-488 + MitoRed + Phalloidin-647,None
B02,2,2,28,SPB3 AG9 P29,3,9,29,LAMP1-488 + MitoRed + Phalloidin-647,None
B02,2,2,29,SPB3 AG9 P29,3,9,29,LAMP1-488 + MitoRed + Phalloidin-647,None
B02,2,2,30,SPB3 AG9 P29,3,9,29,LAMP1-488 + MitoRed + Phalloidin-647,None
B02,2,2,31,SPB3 AG9 P29,3,9,29,LAMP1-488 + MitoRed + Phalloidin-647,None
B02,2,2,32,SPB3 AG9 P29,3,9,29,LAMP1-488 + MitoRed + Phalloidin-647,None
B02,2,2,33,SPB3 AG9 P29,3,9,29,LAMP1-488 + MitoRed + Phalloidin-647,None
B02,2,2,34,SPB3 AG9 P29,3,9,29,LAMP1-488 + MitoRed + Phalloidin-647,None
B02,2,2,35,SPB3 AG9 P29,3,9,29,LAMP1-488 + MitoRed + Phalloidin-647,None
B02,2,2,36,SPB3 AG9 P29,3,9,29,LAMP1-488 + MitoRed + Phalloidin-647,None
B02,2,2,37,SPB3 AG9 P29,3,9,29,LAMP1-488 + MitoRed + Phalloidin-647,None
B02,2,2,38,SPB3 AG9 P29,3,9,29,LAMP1-488 + MitoRed + Phalloidin-647,None
B02,2,2,39,SPB3 AG9 P29,3,9,29,LAMP1-488 + MitoRed + Phalloidin-647,None
B02,2,2,40,SPB3 AG9 P29,3,9,29,LAMP1-488 + MitoRed + Phalloidin-647,None
B03,2,3,1,SPB4 AG8 P27,4,8,27,LAMP1-488 + MitoRed + Phalloidin-647,None
B03,2,3,2,SPB4 AG8 P27,4,8,27,LAMP1-488 + MitoRed + Phalloidin-647,None
B03,2,3,3,SPB4 AG8 P27,4,8,27,LAMP1-488 + MitoRed + Phalloidin-647,None
B03,2,3,4,SPB4 AG8 P27,4,8,27,LAMP1-488 + MitoRed + Phalloidin-647,None
B03,2,3,5,SPB4 AG8 P27,4,8,27,LAMP1-488 + MitoRed + Phalloidin-647,None
B03,2,3,6,SPB4 AG8 P27,4,8,27,LAMP1-488 + MitoRed + Phalloidin-647,None
B03,2,3,7,SPB4 AG8 P27,4,8,27,LAMP1-488 + MitoRed + Phalloidin-647,None
B03,2,3,8,SPB4 AG8 P27,4,8,27,LAMP1-488 + MitoRed + Phalloidin-647,None
B03,2,3,9,SPB4 AG8 P27,4,8,27,LAMP1-488 + MitoRed + Phalloidin-647,None
B03,2,3,10,SPB4 AG8 P27,4,8,27,LAMP1-488 + MitoRed + Phalloidin-647,None
B03,2,3,11,SPB4 AG8 P27,4,8,27,LAMP1-488 + MitoRed + Phalloidin-647,None
B03,2,3,12,SPB4 AG8 P27,4,8,27,LAMP1-488 + MitoRed + Phalloidin-647,None
B03,2,3,13,SPB4 AG8 P27,4,8,27,LAMP1-488 + MitoRed + Phalloidin-647,None
B03,2,3,14,SPB4 AG8 P27,4,8,27,LAMP1-488 + MitoRed + Phalloidin-647,None
B03,2,3,15,SPB4 AG8 P27,4,8,27,LAMP1-488 + MitoRed + Phalloidin-647,None
B03,2,3,16,SPB4 AG8 P27,4,8,27,LAMP1-488 + MitoRed + Phalloidin-647,None
B03,2,3,17,SPB4 AG8 P27,4,8,27,LAMP1-488 + MitoRed + Phalloidin-647,None
B03,2,3,18,SPB4 AG8 P27,4,8,27,LAMP1-488 + MitoRed + Phalloidin-647,None
B03,2,3,19,SPB4 AG8 P27,4,8,27,LAMP1-488 + MitoRed + Phalloidin-647,None
B03,2,3,20,SPB4 AG8 P27,4,8,27,LAMP1-488 + MitoRed + Phalloidin-647,None
B03,2,3,21,SPB4 AG8 P27,4,8,27,LAMP1-488 + MitoRed + Phalloidin-647,None
B03,2,3,22,SPB4 AG8 P27,4,8,27,LAMP1-488 + MitoRed + Phalloidin-647,None
B03,2,3,23,SPB4 AG8 P27,4,8,27,LAMP1-488 + MitoRed + Phalloidin-647,None
B03,2,3,24,SPB4 AG8 P27,4,8,27,LAMP1-488 + MitoRed + Phalloidin-647,None
B03,2,3,25,SPB4 AG8 P27,4,8,27,LAMP1-488 + MitoRed + Phalloidin-647,None
B03,2,3,26,SPB4 AG8 P27,4,8,27,LAMP1-488 + MitoRed + Phalloidin-647,None
B03,2,3,27,SPB4 AG8 P27,4,8,27,LAMP1-488 + MitoRed + Phalloidin-647,None
B03,2,3,28,SPB4 AG8 P27,4,8,27,LAMP1-488 + MitoRed + Phalloidin-647,None
B03,2,3,29,SPB4 AG8 P27,4,8,27,LAMP1-488 + MitoRed + Phalloidin-647,None
B03,2,3,30,SPB4 AG8 P27,4,8,27,LAMP1-488 + MitoRed + Phalloidin-647,None
B03,2,3,31,SPB4 AG8 P27,4,8,27,LAMP1-488 + MitoRed + Phalloidin-647,None
B03,2,3,32,SPB4 AG8 P27,4,8,27,LAMP1-488 + MitoRed + Phalloidin-647,None
B03,2,3,33,SPB4 AG8 P27,4,8,27,LAMP1-488 + MitoRed + Phalloidin-647,None
B03,2,3,34,SPB4 AG8 P27,4,8,27,LAMP1-488 + MitoRed + Phalloidin-647,None
B03,2,3,35,SPB4 AG8 P27,4,8,27,LAMP1-488 + MitoRed + Phalloidin-647,None
B03,2,3,36,SPB4 AG8 P27,4,8,27,LAMP1-488 + MitoRed + Phalloidin-647,None
B03,2,3,37,SPB4 AG8 P27,4,8,27,LAMP1-488 + MitoRed + Phalloidin-647,None
B03,2,3,38,SPB4 AG8 P27,4,8,27,LAMP1-488 + MitoRed + Phalloidin-647,None
B03,2,3,39,SPB4 AG8 P27,4,8,27,LAMP1-488 + MitoRed + Phalloidin-647,None
B03,2,3,40,SPB4 AG8 P27,4,8,27,LAMP1-488 + MitoRed + Phalloidin-647,None
B04,2,4,1,SPB2 AG7 P24,2,7,24,LAMP1-488 + MitoRed + Phalloidin-647,None
B04,2,4,2,SPB2 AG7 P24,2,7,24,LAMP1-488 + MitoRed + Phalloidin-647,None
B04,2,4,3,SPB2 AG7 P24,2,7,24,LAMP1-488 + MitoRed + Phalloidin-647,None
B04,2,4,4,SPB2 AG7 P24,2,7,24,LAMP1-488 + MitoRed + Phalloidin-647,None
B04,2,4,5,SPB2 AG7 P24,2,7,24,LAMP1-488 + MitoRed + Phalloidin-647,None
B04,2,4,6,SPB2 AG7 P24,2,7,24,LAMP1-488 + MitoRed + Phalloidin-647,None
B04,2,4,7,SPB2 AG7 P24,2,7,24,LAMP1-488 + MitoRed + Phalloidin-647,None
B04,2,4,8,SPB2 AG7 P24,2,7,24,LAMP1-488 + MitoRed + Phalloidin-647,None
B04,2,4,9,SPB2 AG7 P24,2,7,24,LAMP1-488 + MitoRed + Phalloidin-647,None
B04,2,4,10,SPB2 AG7 P24,2,7,24,LAMP1-488 + MitoRed + Phalloidin-647,None
B04,2,4,11,SPB2 AG7 P24,2,7,24,LAMP1-488 + MitoRed + Phalloidin-647,None
B04,2,4,12,SPB2 AG7 P24,2,7,24,LAMP1-488 + MitoRed + Phalloidin-647,None
B04,2,4,13,SPB2 AG7 P24,2,7,24,LAMP1-488 + MitoRed + Phalloidin-647,None
B04,2,4,14,SPB2 AG7 P24,2,7,24,LAMP1-488 + MitoRed + Phalloidin-647,None
B04,2,4,15,SPB2 AG7 P24,2,7,24,LAMP1-488 + MitoRed + Phalloidin-647,None
B04,2,4,16,SPB2 AG7 P24,2,7,24,LAMP1-488 + MitoRed + Phalloidin-647,None
B04,2,4,17,SPB2 AG7 P24,2,7,24,LAMP1-488 + MitoRed + Phalloidin-647,None
B04,2,4,18,SPB2 AG7 P24,2,7,24,LAMP1-488 + MitoRed + Phalloidin-647,None
B04,2,4,19,SPB2 AG7 P24,2,7,24,LAMP1-488 + MitoRed + Phalloidin-647,None
B04,2,4,20,SPB2 AG7 P24,2,7,24,LAMP1-488 + MitoRed + Phalloidin-647,None
B04,2,4,21,SPB2 AG7 P24,2,7,24,LAMP1-488 + MitoRed + Phalloidin-647,None
B04,2,4,22,SPB2 AG7 P24,2,7,24,LAMP1-488 + MitoRed + Phalloidin-647,None
B04,2,4,23,SPB2 AG7 P24,2,7,24,LAMP1-488 + MitoRed + Phalloidin-647,None
B04,2,4,24,SPB2 AG7 P24,2,7,24,LAMP1-488 + MitoRed + Phalloidin-647,None
B04,2,4,25,SPB2 AG7 P24,2,7,24,LAMP1-488 + MitoRed + Phalloidin-647,None
B04,2,4,26,SPB2 AG7 P24,2,7,24,LAMP1-488 + MitoRed + Phalloidin-647,None
B04,2,4,27,SPB2 AG7 P24,2,7,24,LAMP1-488 + MitoRed + Phalloidin-647,None
B04,2,4,28,SPB2 AG7 P24,2,7,24,LAMP1-488 + MitoRed + Phalloidin-647,None
B04,2,4,29,SPB2 AG7 P24,2,7,24,LAMP1-488 + MitoRed + Phalloidin-647,None
B04,2,4,30,SPB2 AG7 P24,2,7,24,LAMP1-488 + MitoRed + Phalloidin-647,None
B04,2,4,31,SPB2 AG7 P24,2,7,24,LAMP1-488 + MitoRed + Phalloidin-647,None
B04,2,4,32,SPB2 AG7 P24,2,7,24,LAMP1-488 + MitoRed + Phalloidin-647,None
B04,2,4,33,SPB2 AG7 P24,2,7,24,LAMP1-488 + MitoRed + Phalloidin-647,None
B04,2,4,34,SPB2 AG7 P24,2,7,24,LAMP1-488 + MitoRed + Phalloidin-647,None
B04,2,4,35,SPB2 AG7 P24,2,7,24,LAMP1-488 + MitoRed + Phalloidin-647,None
B04,2,4,36,SPB2 AG7 P24,2,7,24,LAMP1-488 + MitoRed + Phalloidin-647,None
B04,2,4,37,SPB2 AG7 P24,2,7,24,LAMP1-488 + MitoRed + Phalloidin-647,None
B04,2,4,38,SPB2 AG7 P24,2,7,24,LAMP1-488 + MitoRed + Phalloidin-647,None
B04,2,4,39,SPB2 AG7 P24,2,7,24,LAMP1-488 + MitoRed + Phalloidin-647,None
B04,2,4,40,SPB2 AG7 P24,2,7,24,LAMP1-488 + MitoRed + Phalloidin-647,None
B05,2,5,1,SPB8 AG6 P22,8,6,22,LAMP1-488 + MitoRed + Phalloidin-647,None
B05,2,5,2,SPB8 AG6 P22,8,6,22,LAMP1-488 + MitoRed + Phalloidin-647,None
B05,2,5,3,SPB8 AG6 P22,8,6,22,LAMP1-488 + MitoRed + Phalloidin-647,None
B05,2,5,4,SPB8 AG6 P22,8,6,22,LAMP1-488 + MitoRed + Phalloidin-647,None
B05,2,5,5,SPB8 AG6 P22,8,6,22,LAMP1-488 + MitoRed + Phalloidin-647,None
B05,2,5,6,SPB8 AG6 P22,8,6,22,LAMP1-488 + MitoRed + Phalloidin-647,None
B05,2,5,7,SPB8 AG6 P22,8,6,22,LAMP1-488 + MitoRed + Phalloidin-647,None
B05,2,5,8,SPB8 AG6 P22,8,6,22,LAMP1-488 + MitoRed + Phalloidin-647,None
B05,2,5,9,SPB8 AG6 P22,8,6,22,LAMP1-488 + MitoRed + Phalloidin-647,None
B05,2,5,10,SPB8 AG6 P22,8,6,22,LAMP1-488 + MitoRed + Phalloidin-647,None
B05,2,5,11,SPB8 AG6 P22,8,6,22,LAMP1-488 + MitoRed + Phalloidin-647,None
B05,2,5,12,SPB8 AG6 P22,8,6,22,LAMP1-488 + MitoRed + Phalloidin-647,None
B05,2,5,13,SPB8 AG6 P22,8,6,22,LAMP1-488 + MitoRed + Phalloidin-647,None
B05,2,5,14,SPB8 AG6 P22,8,6,22,LAMP1-488 + MitoRed + Phalloidin-647,None
B05,2,5,15,SPB8 AG6 P22,8,6,22,LAMP1-488 + MitoRed + Phalloidin-647,None
B05,2,5,16,SPB8 AG6 P22,8,6,22,LAMP1-488 + MitoRed + Phalloidin-647,None
B05,2,5,17,SPB8 AG6 P22,8,6,22,LAMP1-488 + MitoRed + Phalloidin-647,None
B05,2,5,18,SPB8 AG6 P22,8,6,22,LAMP1-488 + MitoRed + Phalloidin-647,None
B05,2,5,19,SPB8 AG6 P22,8,6,22,LAMP1-488 + MitoRed + Phalloidin-647,None
B05,2,5,20,SPB8 AG6 P22,8,6,22,LAMP1-488 + MitoRed + Phalloidin-647,None
B05,2,5,21,SPB8 AG6 P22,8,6,22,LAMP1-488 + MitoRed + Phalloidin-647,None
B05,2,5,22,SPB8 AG6 P22,8,6,22,LAMP1-488 + MitoRed + Phalloidin-647,None
B05,2,5,23,SPB8 AG6 P22,8,6,22,LAMP1-488 + MitoRed + Phalloidin-647,None
B05,2,5,24,SPB8 AG6 P22,8,6,22,LAMP1-488 + MitoRed + Phalloidin-647,None
B05,2,5,25,SPB8 AG6 P22,8,6,22,LAMP1-488 + MitoRed + Phalloidin-647,None
B05,2,5,26,SPB8 AG6 P22,8,6,22,LAMP1-488 + MitoRed + Phalloidin-647,None
B05,2,5,27,SPB8 AG6 P22,8,6,22,LAMP1-488 + MitoRed + Phalloidin-647,None
B05,2,5,28,SPB8 AG6 P22,8,6,22,LAMP1-488 + MitoRed + Phalloidin-647,None
B05,2,5,29,SPB8 AG6 P22,8,6,22,LAMP1-488 + MitoRed + Phalloidin-647,None
B05,2,5,30,SPB8 AG6 P22,8,6,22,LAMP1-488 + MitoRed + Phalloidin-647,None
B05,2,5,31,SPB8 AG6 P22,8,6,22,LAMP1-488 + MitoRed + Phalloidin-647,None
B05,2,5,32,SPB8 AG6 P22,8,6,22,LAMP1-488 + MitoRed + Phalloidin-647,None
B05,2,5,33,SPB8 AG6 P22,8,6,22,LAMP1-488 + MitoRed + Phalloidin-647,None
B05,2,5,34,SPB8 AG6 P22,8,6,22,LAMP1-488 + MitoRed + Phalloidin-647,None
B05,2,5,35,SPB8 AG6 P22,8,6,22,LAMP1-488 + MitoRed + Phalloidin-647,None
B05,2,5,36,SPB8 AG6 P22,8,6,22,LAMP1-488 + MitoRed + Phalloidin-647,None
B05,2,5,37,SPB8 AG6 P22,8,6,22,LAMP1-488 + MitoRed + Phalloidin-647,None
B05,2,5,38,SPB8 AG6 P22,8,6,22,LAMP1-488 + MitoRed + Phalloidin-647,None
B05,2,5,39,SPB8 AG6 P22,8,6,22,LAMP1-488 + MitoRed + Phalloidin-647,None
B05,2,5,40,SPB8 AG6 P22,8,6,22,LAMP1-488 + MitoRed + Phalloidin-647,None
B06,2,6,1,SPB9 AG5 P20,9,5,20,LAMP1-488 + MitoRed + Phalloidin-647,None
B06,2,6,2,SPB9 AG5 P20,9,5,20,LAMP1-488 + MitoRed + Phalloidin-647,None
B06,2,6,3,SPB9 AG5 P20,9,5,20,LAMP1-488 + MitoRed + Phalloidin-647,None
B06,2,6,4,SPB9 AG5 P20,9,5,20,LAMP1-488 + MitoRed + Phalloidin-647,None
B06,2,6,5,SPB9 AG5 P20,9,5,20,LAMP1-488 + MitoRed + Phalloidin-647,None
B06,2,6,6,SPB9 AG5 P20,9,5,20,LAMP1-488 + MitoRed + Phalloidin-647,None
B06,2,6,7,SPB9 AG5 P20,9,5,20,LAMP1-488 + MitoRed + Phalloidin-647,None
B06,2,6,8,SPB9 AG5 P20,9,5,20,LAMP1-488 + MitoRed + Phalloidin-647,None
B06,2,6,9,SPB9 AG5 P20,9,5,20,LAMP1-488 + MitoRed + Phalloidin-647,None
B06,2,6,10,SPB9 AG5 P20,9,5,20,LAMP1-488 + MitoRed + Phalloidin-647,None
B06,2,6,11,SPB9 AG5 P20,9,5,20,LAMP1-488 + MitoRed + Phalloidin-647,None
B06,2,6,12,SPB9 AG5 P20,9,5,20,LAMP1-488 + MitoRed + Phalloidin-647,None
B06,2,6,13,SPB9 AG5 P20,9,5,20,LAMP1-488 + MitoRed + Phalloidin-647,None
B06,2,6,14,SPB9 AG5 P20,9,5,20,LAMP1-488 + MitoRed + Phalloidin-647,None
B06,2,6,15,SPB9 AG5 P20,9,5,20,LAMP1-488 + MitoRed + Phalloidin-647,None
B06,2,6,16,SPB9 AG5 P20,9,5,20,LAMP1-488 + MitoRed + Phalloidin-647,None
B06,2,6,17,SPB9 AG5 P20,9,5,20,LAMP1-488 + MitoRed + Phalloidin-647,None
B06,2,6,18,SPB9 AG5 P20,9,5,20,LAMP1-488 + MitoRed + Phalloidin-647,None
B06,2,6,19,SPB9 AG5 P20,9,5,20,LAMP1-488 + MitoRed + Phalloidin-647,None
B06,2,6,20,SPB9 AG5 P20,9,5,20,LAMP1-488 + MitoRed + Phalloidin-647,None
B06,2,6,21,SPB9 AG5 P20,9,5,20,LAMP1-488 + MitoRed + Phalloidin-647,None
B06,2,6,22,SPB9 AG5 P20,9,5,20,LAMP1-488 + MitoRed + Phalloidin-647,None
B06,2,6,23,SPB9 AG5 P20,9,5,20,LAMP1-488 + MitoRed + Phalloidin-647,None
B06,2,6,24,SPB9 AG5 P20,9,5,20,LAMP1-488 + MitoRed + Phalloidin-647,None
B06,2,6,25,SPB9 AG5 P20,9,5,20,LAMP1-488 + MitoRed + Phalloidin-647,None
B06,2,6,26,SPB9 AG5 P20,9,5,20,LAMP1-488 + MitoRed + Phalloidin-647,None
B06,2,6,27,SPB9 AG5 P20,9,5,20,LAMP1-488 + MitoRed + Phalloidin-647,None
B06,2,6,28,SPB9 AG5 P20,9,5,20,LAMP1-488 + MitoRed + Phalloidin-647,None
B06,2,6,29,SPB9 AG5 P20,9,5,20,LAMP1-488 + MitoRed + Phalloidin-647,None
B06,2,6,30,SPB9 AG5 P20,9,5,20,LAMP1-488 + MitoRed + Phalloidin-647,None
B06,2,6,31,SPB9 AG5 P20,9,5,20,LAMP1-488 + MitoRed + Phalloidin-647,None
B06,2,6,32,SPB9 AG5 P20,9,5,20,LAMP1-488 + MitoRed + Phalloidin-647,None
B06,2,6,33,SPB9 AG5 P20,9,5,20,LAMP1-488 + MitoRed + Phalloidin-647,None
B06,2,6,34,SPB9 AG5 P20,9,5,20,LAMP1-488 + MitoRed + Phalloidin-647,None
B06,2,6,35,SPB9 AG5 P20,9,5,20,LAMP1-488 + MitoRed + Phalloidin-647,None
B06,2,6,36,SPB9 AG5 P20,9,5,20,LAMP1-488 + MitoRed + Phalloidin-647,None
B06,2,6,37,SPB9 AG5 P20,9,5,20,LAMP1-488 + MitoRed + Phalloidin-647,None
B06,2,6,38,SPB9 AG5 P20,9,5,20,LAMP1-488 + MitoRed + Phalloidin-647,None
B06,2,6,39,SPB9 AG5 P20,9,5,20,LAMP1-488 + MitoRed + Phalloidin-647,None
B06,2,6,40,SPB9 AG5 P20,9,5,20,LAMP1-488 + MitoRed + Phalloidin-647,None
B07,2,7,1,SPB4 AG4 P18,4,4,18,LAMP1-488 + MitoRed + Phalloidin-647,None
B07,2,7,2,SPB4 AG4 P18,4,4,18,LAMP1-488 + MitoRed + Phalloidin-647,None
B07,2,7,3,SPB4 AG4 P18,4,4,18,LAMP1-488 + MitoRed + Phalloidin-647,None
B07,2,7,4,SPB4 AG4 P18,4,4,18,LAMP1-488 + MitoRed + Phalloidin-647,None
B07,2,7,5,SPB4 AG4 P18,4,4,18,LAMP1-488 + MitoRed + Phalloidin-647,None
B07,2,7,6,SPB4 AG4 P18,4,4,18,LAMP1-488 + MitoRed + Phalloidin-647,None
B07,2,7,7,SPB4 AG4 P18,4,4,18,LAMP1-488 + MitoRed + Phalloidin-647,None
B07,2,7,8,SPB4 AG4 P18,4,4,18,LAMP1-488 + MitoRed + Phalloidin-647,None
B07,2,7,9,SPB4 AG4 P18,4,4,18,LAMP1-488 + MitoRed + Phalloidin-647,None
B07,2,7,10,SPB4 AG4 P18,4,4,18,LAMP1-488 + MitoRed + Phalloidin-647,None
B07,2,7,11,SPB4 AG4 P18,4,4,18,LAMP1-488 + MitoRed + Phalloidin-647,None
B07,2,7,12,SPB4 AG4 P18,4,4,18,LAMP1-488 + MitoRed + Phalloidin-647,None
B07,2,7,13,SPB4 AG4 P18,4,4,18,LAMP1-488 + MitoRed + Phalloidin-647,None
B07,2,7,14,SPB4 AG4 P18,4,4,18,LAMP1-488 + MitoRed + Phalloidin-647,None
B07,2,7,15,SPB4 AG4 P18,4,4,18,LAMP1-488 + MitoRed + Phalloidin-647,None
B07,2,7,16,SPB4 AG4 P18,4,4,18,LAMP1-488 + MitoRed + Phalloidin-647,None
B07,2,7,17,SPB4 AG4 P18,4,4,18,LAMP1-488 + MitoRed + Phalloidin-647,None
B07,2,7,18,SPB4 AG4 P18,4,4,18,LAMP1-488 + MitoRed + Phalloidin-647,None
B07,2,7,19,SPB4 AG4 P18,4,4,18,LAMP1-488 + MitoRed + Phalloidin-647,None
B07,2,7,20,SPB4 AG4 P18,4,4,18,LAMP1-488 + MitoRed + Phalloidin-647,None
B07,2,7,21,SPB4 AG4 P18,4,4,18,LAMP1-488 + MitoRed + Phalloidin-647,None
B07,2,7,22,SPB4 AG4 P18,4,4,18,LAMP1-488 + MitoRed + Phalloidin-647,None
B07,2,7,23,SPB4 AG4 P18,4,4,18,LAMP1-488 + MitoRed + Phalloidin-647,None
B07,2,7,24,SPB4 AG4 P18,4,4,18,LAMP1-488 + MitoRed + Phalloidin-647,None
B07,2,7,25,SPB4 AG4 P18,4,4,18,LAMP1-488 + MitoRed + Phalloidin-647,None
B07,2,7,26,SPB4 AG4 P18,4,4,18,LAMP1-488 + MitoRed + Phalloidin-647,None
B07,2,7,27,SPB4 AG4 P18,4,4,18,LAMP1-488 + MitoRed + Phalloidin-647,None
B07,2,7,28,SPB4 AG4 P18,4,4,18,LAMP1-488 + MitoRed + Phalloidin-647,None
B07,2,7,29,SPB4 AG4 P18,4,4,18,LAMP1-488 + MitoRed + Phalloidin-647,None
B07,2,7,30,SPB4 AG4 P18,4,4,18,LAMP1-488 + MitoRed + Phalloidin-647,None
B07,2,7,31,SPB4 AG4 P18,4,4,18,LAMP1-488 + MitoRed + Phalloidin-647,None
B07,2,7,32,SPB4 AG4 P18,4,4,18,LAMP1-488 + MitoRed + Phalloidin-647,None
B07,2,7,33,SPB4 AG4 P18,4,4,18,LAMP1-488 + MitoRed + Phalloidin-647,None
B07,2,7,34,SPB4 AG4 P18,4,4,18,LAMP1-488 + MitoRed + Phalloidin-647,None
B07,2,7,35,SPB4 AG4 P18,4,4,18,LAMP1-488 + MitoRed + Phalloidin-647,None
B07,2,7,36,SPB4 AG4 P18,4,4,18,LAMP1-488 + MitoRed + Phalloidin-647,None
B07,2,7,37,SPB4 AG4 P18,4,4,18,LAMP1-488 + MitoRed + Phalloidin-647,None
B07,2,7,38,SPB4 AG4 P18,4,4,18,LAMP1-488 + MitoRed + Phalloidin-647,None
B07,2,7,39,SPB4 AG4 P18,4,4,18,LAMP1-488 + MitoRed + Phalloidin-647,None
B07,2,7,40,SPB4 AG4 P18,4,4,18,LAMP1-488 + MitoRed + Phalloidin-647,None
B08,2,8,1,SPB10 AG3 P17,10,3,17,LAMP1-488 + MitoRed + Phalloidin-647,None
B08,2,8,2,SPB10 AG3 P17,10,3,17,LAMP1-488 + MitoRed + Phalloidin-647,None
B08,2,8,3,SPB10 AG3 P17,10,3,17,LAMP1-488 + MitoRed + Phalloidin-647,None
B08,2,8,4,SPB10 AG3 P17,10,3,17,LAMP1-488 + MitoRed + Phalloidin-647,None
B08,2,8,5,SPB10 AG3 P17,10,3,17,LAMP1-488 + MitoRed + Phalloidin-647,None
B08,2,8,6,SPB10 AG3 P17,10,3,17,LAMP1-488 + MitoRed + Phalloidin-647,None
B08,2,8,7,SPB10 AG3 P17,10,3,17,LAMP1-488 + MitoRed + Phalloidin-647,None
B08,2,8,8,SPB10 AG3 P17,10,3,17,LAMP1-488 + MitoRed + Phalloidin-647,None
B08,2,8,9,SPB10 AG3 P17,10,3,17,LAMP1-488 + MitoRed + Phalloidin-647,None
B08,2,8,10,SPB10 AG3 P17,10,3,17,LAMP1-488 + MitoRed + Phalloidin-647,None
B08,2,8,11,SPB10 AG3 P17,10,3,17,LAMP1-488 + MitoRed + Phalloidin-647,None
B08,2,8,12,SPB10 AG3 P17,10,3,17,LAMP1-488 + MitoRed + Phalloidin-647,None
B08,2,8,13,SPB10 AG3 P17,10,3,17,LAMP1-488 + MitoRed + Phalloidin-647,None
B08,2,8,14,SPB10 AG3 P17,10,3,17,LAMP1-488 + MitoRed + Phalloidin-647,None
B08,2,8,15,SPB10 AG3 P17,10,3,17,LAMP1-488 + MitoRed + Phalloidin-647,None
B08,2,8,16,SPB10 AG3 P17,10,3,17,LAMP1-488 + MitoRed + Phalloidin-647,None
B08,2,8,17,SPB10 AG3 P17,10,3,17,LAMP1-488 + MitoRed + Phalloidin-647,None
B08,2,8,18,SPB10 AG3 P17,10,3,17,LAMP1-488 + MitoRed + Phalloidin-647,None
B08,2,8,19,SPB10 AG3 P17,10,3,17,LAMP1-488 + MitoRed + Phalloidin-647,None
B08,2,8,20,SPB10 AG3 P17,10,3,17,LAMP1-488 + MitoRed + Phalloidin-647,None
B08,2,8,21,SPB10 AG3 P17,10,3,17,LAMP1-488 + MitoRed + Phalloidin-647,None
B08,2,8,22,SPB10 AG3 P17,10,3,17,LAMP1-488 + MitoRed + Phalloidin-647,None
B08,2,8,23,SPB10 AG3 P17,10,3,17,LAMP1-488 + MitoRed + Phalloidin-647,None
B08,2,8,24,SPB10 AG3 P17,10,3,17,LAMP1-488 + MitoRed + Phalloidin-647,None
B08,2,8,25,SPB10 AG3 P17,10,3,17,LAMP1-488 + MitoRed + Phalloidin-647,None
B08,2,8,26,SPB10 AG3 P17,10,3,17,LAMP1-488 + MitoRed + Phalloidin-647,None
B08,2,8,27,SPB10 AG3 P17,10,3,17,LAMP1-488 + MitoRed + Phalloidin-647,None
B08,2,8,28,SPB10 AG3 P17,10,3,17,LAMP1-488 + MitoRed + Phalloidin-647,None
B08,2,8,29,SPB10 AG3 P17,10,3,17,LAMP1-488 + MitoRed + Phalloidin-647,None
B08,2,8,30,SPB10 AG3 P17,10,3,17,LAMP1-488 + MitoRed + Phalloidin-647,None
B08,2,8,31,SPB10 AG3 P17,10,3,17,LAMP1-488 + MitoRed + Phalloidin-647,None
B08,2,8,32,SPB10 AG3 P17,10,3,17,LAMP1-488 + MitoRed + Phalloidin-647,None
B08,2,8,33,SPB10 AG3 P17,10,3,17,LAMP1-488 + MitoRed + Phalloidin-647,None
B08,2,8,34,SPB10 AG3 P17,10,3,17,LAMP1-488 + MitoRed + Phalloidin-647,None
B08,2,8,35,SPB10 AG3 P17,10,3,17,LAMP1-488 + MitoRed + Phalloidin-647,None
B08,2,8,36,SPB10 AG3 P17,10,3,17,LAMP1-488 + MitoRed + Phalloidin-647,None
B08,2,8,37,SPB10 AG3 P17,10,3,17,LAMP1-488 + MitoRed + Phalloidin-647,None
B08,2,8,38,SPB10 AG3 P17,10,3,17,LAMP1-488 + MitoRed + Phalloidin-647,None
B08,2,8,39,SPB10 AG3 P17,10,3,17,LAMP1-488 + MitoRed + Phalloidin-647,None
B08,2,8,40,SPB10 AG3 P17,10,3,17,LAMP1-488 + MitoRed + Phalloidin-647,None
B09,2,9,1,SPB11 AG2 P15,11,2,15,LAMP1-488 + MitoRed + Phalloidin-647,None
B09,2,9,2,SPB11 AG2 P15,11,2,15,LAMP1-488 + MitoRed + Phalloidin-647,None
B09,2,9,3,SPB11 AG2 P15,11,2,15,LAMP1-488 + MitoRed + Phalloidin-647,None
B09,2,9,4,SPB11 AG2 P15,11,2,15,LAMP1-488 + MitoRed + Phalloidin-647,None
B09,2,9,5,SPB11 AG2 P15,11,2,15,LAMP1-488 + MitoRed + Phalloidin-647,None
B09,2,9,6,SPB11 AG2 P15,11,2,15,LAMP1-488 + MitoRed + Phalloidin-647,None
B09,2,9,7,SPB11 AG2 P15,11,2,15,LAMP1-488 + MitoRed + Phalloidin-647,None
B09,2,9,8,SPB11 AG2 P15,11,2,15,LAMP1-488 + MitoRed + Phalloidin-647,None
B09,2,9,9,SPB11 AG2 P15,11,2,15,LAMP1-488 + MitoRed + Phalloidin-647,None
B09,2,9,10,SPB11 AG2 P15,11,2,15,LAMP1-488 + MitoRed + Phalloidin-647,None
B09,2,9,11,SPB11 AG2 P15,11,2,15,LAMP1-488 + MitoRed + Phalloidin-647,None
B09,2,9,12,SPB11 AG2 P15,11,2,15,LAMP1-488 + MitoRed + Phalloidin-647,None
B09,2,9,13,SPB11 AG2 P15,11,2,15,LAMP1-488 + MitoRed + Phalloidin-647,None
B09,2,9,14,SPB11 AG2 P15,11,2,15,LAMP1-488 + MitoRed + Phalloidin-647,None
B09,2,9,15,SPB11 AG2 P15,11,2,15,LAMP1-488 + MitoRed + Phalloidin-647,None
B09,2,9,16,SPB11 AG2 P15,11,2,15,LAMP1-488 + MitoRed + Phalloidin-647,None
B09,2,9,17,SPB11 AG2 P15,11,2,15,LAMP1-488 + MitoRed + Phalloidin-647,None
B09,2,9,18,SPB11 AG2 P15,11,2,15,LAMP1-488 + MitoRed + Phalloidin-647,None
B09,2,9,19,SPB11 AG2 P15,11,2,15,LAMP1-488 + MitoRed + Phalloidin-647,None
B09,2,9,20,SPB11 AG2 P15,11,2,15,LAMP1-488 + MitoRed + Phalloidin-647,None
B09,2,9,21,SPB11 AG2 P15,11,2,15,LAMP1-488 + MitoRed + Phalloidin-647,None
B09,2,9,22,SPB11 AG2 P15,11,2,15,LAMP1-488 + MitoRed + Phalloidin-647,None
B09,2,9,23,SPB11 AG2 P15,11,2,15,LAMP1-488 + MitoRed + Phalloidin-647,None
B09,2,9,24,SPB11 AG2 P15,11,2,15,LAMP1-488 + MitoRed + Phalloidin-647,None
B09,2,9,25,SPB11 AG2 P15,11,2,15,LAMP1-488 + MitoRed + Phalloidin-647,None
B09,2,9,26,SPB11 AG2 P15,11,2,15,LAMP1-488 + MitoRed + Phalloidin-647,None
B09,2,9,27,SPB11 AG2 P15,11,2,15,LAMP1-488 + MitoRed + Phalloidin-647,None
B09,2,9,28,SPB11 AG2 P15,11,2,15,LAMP1-488 + MitoRed + Phalloidin-647,None
B09,2,9,29,SPB11 AG2 P15,11,2,15,LAMP1-488 + MitoRed + Phalloidin-647,None
B09,2,9,30,SPB11 AG2 P15,11,2,15,LAMP1-488 + MitoRed + Phalloidin-647,None
B09,2,9,31,SPB11 AG2 P15,11,2,15,LAMP1-488 + MitoRed + Phalloidin-647,None
B09,2,9,32,SPB11 AG2 P15,11,2,15,LAMP1-488 + MitoRed + Phalloidin-647,None
B09,2,9,33,SPB11 AG2 P15,11,2,15,LAMP1-488 + MitoRed + Phalloidin-647,None
B09,2,9,34,SPB11 AG2 P15,11,2,15,LAMP1-488 + MitoRed + Phalloidin-647,None
B09,2,9,35,SPB11 AG2 P15,11,2,15,LAMP1-488 + MitoRed + Phalloidin-647,None
B09,2,9,36,SPB11 AG2 P15,11,2,15,LAMP1-488 + MitoRed + Phalloidin-647,None
B09,2,9,37,SPB11 AG2 P15,11,2,15,LAMP1-488 + MitoRed + Phalloidin-647,None
B09,2,9,38,SPB11 AG2 P15,11,2,15,LAMP1-488 + MitoRed + Phalloidin-647,None
B09,2,9,39,SPB11 AG2 P15,11,2,15,LAMP1-488 + MitoRed + Phalloidin-647,None
B09,2,9,40,SPB11 AG2 P15,11,2,15,LAMP1-488 + MitoRed + Phalloidin-647,None
B10,2,10,1,SPB12 AG1 P13,12,1,13,LAMP1-488 + MitoRed + Phalloidin-647,None
B10,2,10,2,SPB12 AG1 P13,12,1,13,LAMP1-488 + MitoRed + Phalloidin-647,None
B10,2,10,3,SPB12 AG1 P13,12,1,13,LAMP1-488 + MitoRed + Phalloidin-647,None
B10,2,10,4,SPB12 AG1 P13,12,1,13,LAMP1-488 + MitoRed + Phalloidin-647,None
B10,2,10,5,SPB12 AG1 P13,12,1,13,LAMP1-488 + MitoRed + Phalloidin-647,None
B10,2,10,6,SPB12 AG1 P13,12,1,13,LAMP1-488 + MitoRed + Phalloidin-647,None
B10,2,10,7,SPB12 AG1 P13,12,1,13,LAMP1-488 + MitoRed + Phalloidin-647,None
B10,2,10,8,SPB12 AG1 P13,12,1,13,LAMP1-488 + MitoRed + Phalloidin-647,None
B10,2,10,9,SPB12 AG1 P13,12,1,13,LAMP1-488 + MitoRed + Phalloidin-647,None
B10,2,10,10,SPB12 AG1 P13,12,1,13,LAMP1-488 + MitoRed + Phalloidin-647,None
B10,2,10,11,SPB12 AG1 P13,12,1,13,LAMP1-488 + MitoRed + Phalloidin-647,None
B10,2,10,12,SPB12 AG1 P13,12,1,13,LAMP1-488 + MitoRed + Phalloidin-647,None
B10,2,10,13,SPB12 AG1 P13,12,1,13,LAMP1-488 + MitoRed + Phalloidin-647,None
B10,2,10,14,SPB12 AG1 P13,12,1,13,LAMP1-488 + MitoRed + Phalloidin-647,None
B10,2,10,15,SPB12 AG1 P13,12,1,13,LAMP1-488 + MitoRed + Phalloidin-647,None
B10,2,10,16,SPB12 AG1 P13,12,1,13,LAMP1-488 + MitoRed + Phalloidin-647,None
B10,2,10,17,SPB12 AG1 P13,12,1,13,LAMP1-488 + MitoRed + Phalloidin-647,None
B10,2,10,18,SPB12 AG1 P13,12,1,13,LAMP1-488 + MitoRed + Phalloidin-647,None
B10,2,10,19,SPB12 AG1 P13,12,1,13,LAMP1-488 + MitoRed + Phalloidin-647,None
B10,2,10,20,SPB12 AG1 P13,12,1,13,LAMP1-488 + MitoRed + Phalloidin-647,None
B10,2,10,21,SPB12 AG1 P13,12,1,13,LAMP1-488 + MitoRed + Phalloidin-647,None
B10,2,10,22,SPB12 AG1 P13,12,1,13,LAMP1-488 + MitoRed + Phalloidin-647,None
B10,2,10,23,SPB12 AG1 P13,12,1,13,LAMP1-488 + MitoRed + Phalloidin-647,None
B10,2,10,24,SPB12 AG1 P13,12,1,13,LAMP1-488 + MitoRed + Phalloidin-647,None
B10,2,10,25,SPB12 AG1 P13,12,1,13,LAMP1-488 + MitoRed + Phalloidin-647,None
B10,2,10,26,SPB12 AG1 P13,12,1,13,LAMP1-488 + MitoRed + Phalloidin-647,None
B10,2,10,27,SPB12 AG1 P13,12,1,13,LAMP1-488 + MitoRed + Phalloidin-647,None
B10,2,10,28,SPB12 AG1 P13,12,1,13,LAMP1-488 + MitoRed + Phalloidin-647,None
B10,2,10,29,SPB12 AG1 P13,12,1,13,LAMP1-488 + MitoRed + Phalloidin-647,None
B10,2,10,30,SPB12 AG1 P13,12,1,13,LAMP1-488 + MitoRed + Phalloidin-647,None
B10,2,10,31,SPB12 AG1 P13,12,1,13,LAMP1-488 + MitoRed + Phalloidin-647,None
B10,2,10,32,SPB12 AG1 P13,12,1,13,LAMP1-488 + MitoRed + Phalloidin-647,None
B10,2,10,33,SPB12 AG1 P13,12,1,13,LAMP1-488 + MitoRed + Phalloidin-647,None
B10,2,10,34,SPB12 AG1 P13,12,1,13,LAMP1-488 + MitoRed + Phalloidin-647,None
B10,2,10,35,SPB12 AG1 P13,12,1,13,LAMP1-488 + MitoRed + Phalloidin-647,None
B10,2,10,36,SPB12 AG1 P13,12,1,13,LAMP1-488 + MitoRed + Phalloidin-647,None
B10,2,10,37,SPB12 AG1 P13,12,1,13,LAMP1-488 + MitoRed + Phalloidin-647,None
B10,2,10,38,SPB12 AG1 P13,12,1,13,LAMP1-488 + MitoRed + Phalloidin-647,None
B10,2,10,39,SPB12 AG1 P13,12,1,13,LAMP1-488 + MitoRed + Phalloidin-647,None
B10,2,10,40,SPB12 AG1 P13,12,1,13,LAMP1-488 + MitoRed + Phalloidin-647,None
B11,2,11,1,SPB13 AG0 P8,13,0,8,LAMP1-488 + MitoRed + Phalloidin-647,None
B11,2,11,2,SPB13 AG0 P8,13,0,8,LAMP1-488 + MitoRed + Phalloidin-647,None
B11,2,11,3,SPB13 AG0 P8,13,0,8,LAMP1-488 + MitoRed + Phalloidin-647,None
B11,2,11,4,SPB13 AG0 P8,13,0,8,LAMP1-488 + MitoRed + Phalloidin-647,None
B11,2,11,5,SPB13 AG0 P8,13,0,8,LAMP1-488 + MitoRed + Phalloidin-647,None
B11,2,11,6,SPB13 AG0 P8,13,0,8,LAMP1-488 + MitoRed + Phalloidin-647,None
B11,2,11,7,SPB13 AG0 P8,13,0,8,LAMP1-488 + MitoRed + Phalloidin-647,None
B11,2,11,8,SPB13 AG0 P8,13,0,8,LAMP1-488 + MitoRed + Phalloidin-647,None
B11,2,11,9,SPB13 AG0 P8,13,0,8,LAMP1-488 + MitoRed + Phalloidin-647,None
B11,2,11,10,SPB13 AG0 P8,13,0,8,LAMP1-488 + MitoRed + Phalloidin-647,None
B11,2,11,11,SPB13 AG0 P8,13,0,8,LAMP1-488 + MitoRed + Phalloidin-647,None
B11,2,11,12,SPB13 AG0 P8,13,0,8,LAMP1-488 + MitoRed + Phalloidin-647,None
B11,2,11,13,SPB13 AG0 P8,13,0,8,LAMP1-488 + MitoRed + Phalloidin-647,None
B11,2,11,14,SPB13 AG0 P8,13,0,8,LAMP1-488 + MitoRed + Phalloidin-647,None
B11,2,11,15,SPB13 AG0 P8,13,0,8,LAMP1-488 + MitoRed + Phalloidin-647,None
B11,2,11,16,SPB13 AG0 P8,13,0,8,LAMP1-488 + MitoRed + Phalloidin-647,None
B11,2,11,17,SPB13 AG0 P8,13,0,8,LAMP1-488 + MitoRed + Phalloidin-647,None
B11,2,11,18,SPB13 AG0 P8,13,0,8,LAMP1-488 + MitoRed + Phalloidin-647,None
B11,2,11,19,SPB13 AG0 P8,13,0,8,LAMP1-488 + MitoRed + Phalloidin-647,None
B11,2,11,20,SPB13 AG0 P8,13,0,8,LAMP1-488 + MitoRed + Phalloidin-647,None
B11,2,11,21,SPB13 AG0 P8,13,0,8,LAMP1-488 + MitoRed + Phalloidin-647,None
B11,2,11,22,SPB13 AG0 P8,13,0,8,LAMP1-488 + MitoRed + Phalloidin-647,None
B11,2,11,23,SPB13 AG0 P8,13,0,8,LAMP1-488 + MitoRed + Phalloidin-647,None
B11,2,11,24,SPB13 AG0 P8,13,0,8,LAMP1-488 + MitoRed + Phalloidin-647,None
B11,2,11,25,SPB13 AG0 P8,13,0,8,LAMP1-488 + MitoRed + Phalloidin-647,None
B11,2,11,26,SPB13 AG0 P8,13,0,8,LAMP1-488 + MitoRed + Phalloidin-647,None
B11,2,11,27,SPB13 AG0 P8,13,0,8,LAMP1-488 + MitoRed + Phalloidin-647,None
B11,2,11,28,SPB13 AG0 P8,13,0,8,LAMP1-488 + MitoRed + Phalloidin-647,None
B11,2,11,29,SPB13 AG0 P8,13,0,8,LAMP1-488 + MitoRed + Phalloidin-647,None
B11,2,11,30,SPB13 AG0 P8,13,0,8,LAMP1-488 + MitoRed + Phalloidin-647,None
B11,2,11,31,SPB13 AG0 P8,13,0,8,LAMP1-488 + MitoRed + Phalloidin-647,None
B11,2,11,32,SPB13 AG0 P8,13,0,8,LAMP1-488 + MitoRed + Phalloidin-647,None
B11,2,11,33,SPB13 AG0 P8,13,0,8,LAMP1-488 + MitoRed + Phalloidin-647,None
B11,2,11,34,SPB13 AG0 P8,13,0,8,LAMP1-488 + MitoRed + Phalloidin-647,None
B11,2,11,35,SPB13 AG0 P8,13,0,8,LAMP1-488 + MitoRed + Phalloidin-647,None
B11,2,11,36,SPB13 AG0 P8,13,0,8,LAMP1-488 + MitoRed + Phalloidin-647,None
B11,2,11,37,SPB13 AG0 P8,13,0,8,LAMP1-488 + MitoRed + Phalloidin-647,None
B11,2,11,38,SPB13 AG0 P8,13,0,8,LAMP1-488 + MitoRed + Phalloidin-647,None
B11,2,11,39,SPB13 AG0 P8,13,0,8,LAMP1-488 + MitoRed + Phalloidin-647,None
B11,2,11,40,SPB13 AG0 P8,13,0,8,LAMP1-488 + MitoRed + Phalloidin-647,None
B12,2,12,1,SPB13 AG0 P8,13,0,8,LAMP1-488 + MitoRed + Phalloidin-647,None
B12,2,12,2,SPB13 AG0 P8,13,0,8,LAMP1-488 + MitoRed + Phalloidin-647,None
B12,2,12,3,SPB13 AG0 P8,13,0,8,LAMP1-488 + MitoRed + Phalloidin-647,None
B12,2,12,4,SPB13 AG0 P8,13,0,8,LAMP1-488 + MitoRed + Phalloidin-647,None
B12,2,12,5,SPB13 AG0 P8,13,0,8,LAMP1-488 + MitoRed + Phalloidin-647,None
B12,2,12,6,SPB13 AG0 P8,13,0,8,LAMP1-488 + MitoRed + Phalloidin-647,None
B12,2,12,7,SPB13 AG0 P8,13,0,8,LAMP1-488 + MitoRed + Phalloidin-647,None
B12,2,12,8,SPB13 AG0 P8,13,0,8,LAMP1-488 + MitoRed + Phalloidin-647,None
B12,2,12,9,SPB13 AG0 P8,13,0,8,LAMP1-488 + MitoRed + Phalloidin-647,None
B12,2,12,10,SPB13 AG0 P8,13,0,8,LAMP1-488 + MitoRed + Phalloidin-647,None
B12,2,12,11,SPB13 AG0 P8,13,0,8,LAMP1-488 + MitoRed + Phalloidin-647,None
B12,2,12,12,SPB13 AG0 P8,13,0,8,LAMP1-488 + MitoRed + Phalloidin-647,None
B12,2,12,13,SPB13 AG0 P8,13,0,8,LAMP1-488 + MitoRed + Phalloidin-647,None
B12,2,12,14,SPB13 AG0 P8,13,0,8,LAMP1-488 + MitoRed + Phalloidin-647,None
B12,2,12,15,SPB13 AG0 P8,13,0,8,LAMP1-488 + MitoRed + Phalloidin-647,None
B12,2,12,16,SPB13 AG0 P8,13,0,8,LAMP1-488 + MitoRed + Phalloidin-647,None
B12,2,12,17,SPB13 AG0 P8,13,0,8,LAMP1-488 + MitoRed + Phalloidin-647,None
B12,2,12,18,SPB13 AG0 P8,13,0,8,LAMP1-488 + MitoRed + Phalloidin-647,None
B12,2,12,19,SPB13 AG0 P8,13,0,8,LAMP1-488 + MitoRed + Phalloidin-647,None
B12,2,12,20,SPB13 AG0 P8,13,0,8,LAMP1-488 + MitoRed + Phalloidin-647,None
B12,2,12,21,SPB13 AG0 P8,13,0,8,LAMP1-488 + MitoRed + Phalloidin-647,None
B12,2,12,22,SPB13 AG0 P8,13,0,8,LAMP1-488 + MitoRed + Phalloidin-647,None
B12,2,12,23,SPB13 AG0 P8,13,0,8,LAMP1-488 + MitoRed + Phalloidin-647,None
B12,2,12,24,SPB13 AG0 P8,13,0,8,LAMP1-488 + MitoRed + Phalloidin-647,None
B12,2,12,25,SPB13 AG0 P8,13,0,8,LAMP1-488 + MitoRed + Phalloidin-647,None
B12,2,12,26,SPB13 AG0 P8,13,0,8,LAMP1-488 + MitoRed + Phalloidin-647,None
B12,2,12,27,SPB13 AG0 P8,13,0,8,LAMP1-488 + MitoRed + Phalloidin-647,None
B12,2,12,28,SPB13 AG0 P8,13,0,8,LAMP1-488 + MitoRed + Phalloidin-647,None
B12,2,12,29,SPB13 AG0 P8,13,0,8,LAMP1-488 + MitoRed + Phalloidin-647,None
B12,2,12,30,SPB13 AG0 P8,13,0,8,LAMP1-488 + MitoRed + Phalloidin-647,None
B12,2,12,31,SPB13 AG0 P8,13,0,8,LAMP1-488 + MitoRed + Phalloidin-647,None
B12,2,12,32,SPB13 AG0 P8,13,0,8,LAMP1-488 + MitoRed + Phalloidin-647,None
B12,2,12,33,SPB13 AG0 P8,13,0,8,LAMP1-488 + MitoRed + Phalloidin-647,None
B12,2,12,34,SPB13 AG0 P8,13,0,8,LAMP1-488 + MitoRed + Phalloidin-647,None
B12,2,12,35,SPB13 AG0 P8,13,0,8,LAMP1-488 + MitoRed + Phalloidin-647,None
B12,2,12,36,SPB13 AG0 P8,13,0,8,LAMP1-488 + MitoRed + Phalloidin-647,None
B12,2,12,37,SPB13 AG0 P8,13,0,8,LAMP1-488 + MitoRed + Phalloidin-647,None
B12,2,12,38,SPB13 AG0 P8,13,0,8,LAMP1-488 + MitoRed + Phalloidin-647,None
B12,2,12,39,SPB13 AG0 P8,13,0,8,LAMP1-488 + MitoRed + Phalloidin-647,None
B12,2,12,40,SPB13 AG0 P8,13,0,8,LAMP1-488 + MitoRed + Phalloidin-647,None
C01,3,1,1,SPB12 AG2_Doxo P12,12,2,12,LAMP1-488 + MitoRed + Phalloidin-647,Doxo
C01,3,1,2,SPB12 AG2_Doxo P12,12,2,12,LAMP1-488 + MitoRed + Phalloidin-647,Doxo
C01,3,1,3,SPB12 AG2_Doxo P12,12,2,12,LAMP1-488 + MitoRed + Phalloidin-647,Doxo
C01,3,1,4,SPB12 AG2_Doxo P12,12,2,12,LAMP1-488 + MitoRed + Phalloidin-647,Doxo
C01,3,1,5,SPB12 AG2_Doxo P12,12,2,12,LAMP1-488 + MitoRed + Phalloidin-647,Doxo
C01,3,1,6,SPB12 AG2_Doxo P12,12,2,12,LAMP1-488 + MitoRed + Phalloidin-647,Doxo
C01,3,1,7,SPB12 AG2_Doxo P12,12,2,12,LAMP1-488 + MitoRed + Phalloidin-647,Doxo
C01,3,1,8,SPB12 AG2_Doxo P12,12,2,12,LAMP1-488 + MitoRed + Phalloidin-647,Doxo
C01,3,1,9,SPB12 AG2_Doxo P12,12,2,12,LAMP1-488 + MitoRed + Phalloidin-647,Doxo
C01,3,1,10,SPB12 AG2_Doxo P12,12,2,12,LAMP1-488 + MitoRed + Phalloidin-647,Doxo
C01,3,1,11,SPB12 AG2_Doxo P12,12,2,12,LAMP1-488 + MitoRed + Phalloidin-647,Doxo
C01,3,1,12,SPB12 AG2_Doxo P12,12,2,12,LAMP1-488 + MitoRed + Phalloidin-647,Doxo
C01,3,1,13,SPB12 AG2_Doxo P12,12,2,12,LAMP1-488 + MitoRed + Phalloidin-647,Doxo
C01,3,1,14,SPB12 AG2_Doxo P12,12,2,12,LAMP1-488 + MitoRed + Phalloidin-647,Doxo
C01,3,1,15,SPB12 AG2_Doxo P12,12,2,12,LAMP1-488 + MitoRed + Phalloidin-647,Doxo
C01,3,1,16,SPB12 AG2_Doxo P12,12,2,12,LAMP1-488 + MitoRed + Phalloidin-647,Doxo
C01,3,1,17,SPB12 AG2_Doxo P12,12,2,12,LAMP1-488 + MitoRed + Phalloidin-647,Doxo
C01,3,1,18,SPB12 AG2_Doxo P12,12,2,12,LAMP1-488 + MitoRed + Phalloidin-647,Doxo
C01,3,1,19,SPB12 AG2_Doxo P12,12,2,12,LAMP1-488 + MitoRed + Phalloidin-647,Doxo
C01,3,1,20,SPB12 AG2_Doxo P12,12,2,12,LAMP1-488 + MitoRed + Phalloidin-647,Doxo
C01,3,1,21,SPB12 AG2_Doxo P12,12,2,12,LAMP1-488 + MitoRed + Phalloidin-647,Doxo
C01,3,1,22,SPB12 AG2_Doxo P12,12,2,12,LAMP1-488 + MitoRed + Phalloidin-647,Doxo
C01,3,1,23,SPB12 AG2_Doxo P12,12,2,12,LAMP1-488 + MitoRed + Phalloidin-647,Doxo
C01,3,1,24,SPB12 AG2_Doxo P12,12,2,12,LAMP1-488 + MitoRed + Phalloidin-647,Doxo
C01,3,1,25,SPB12 AG2_Doxo P12,12,2,12,LAMP1-488 + MitoRed + Phalloidin-647,Doxo
C01,3,1,26,SPB12 AG2_Doxo P12,12,2,12,LAMP1-488 + MitoRed + Phalloidin-647,Doxo
C01,3,1,27,SPB12 AG2_Doxo P12,12,2,12,LAMP1-488 + MitoRed + Phalloidin-647,Doxo
C01,3,1,28,SPB12 AG2_Doxo P12,12,2,12,LAMP1-488 + MitoRed + Phalloidin-647,Doxo
C01,3,1,29,SPB12 AG2_Doxo P12,12,2,12,LAMP1-488 + MitoRed + Phalloidin-647,Doxo
C01,3,1,30,SPB12 AG2_Doxo P12,12,2,12,LAMP1-488 + MitoRed + Phalloidin-647,Doxo
C01,3,1,31,SPB12 AG2_Doxo P12,12,2,12,LAMP1-488 + MitoRed + Phalloidin-647,Doxo
C01,3,1,32,SPB12 AG2_Doxo P12,12,2,12,LAMP1-488 + MitoRed + Phalloidin-647,Doxo
C01,3,1,33,SPB12 AG2_Doxo P12,12,2,12,LAMP1-488 + MitoRed + Phalloidin-647,Doxo
C01,3,1,34,SPB12 AG2_Doxo P12,12,2,12,LAMP1-488 + MitoRed + Phalloidin-647,Doxo
C01,3,1,35,SPB12 AG2_Doxo P12,12,2,12,LAMP1-488 + MitoRed + Phalloidin-647,Doxo
C01,3,1,36,SPB12 AG2_Doxo P12,12,2,12,LAMP1-488 + MitoRed + Phalloidin-647,Doxo
C01,3,1,37,SPB12 AG2_Doxo P12,12,2,12,LAMP1-488 + MitoRed + Phalloidin-647,Doxo
C01,3,1,38,SPB12 AG2_Doxo P12,12,2,12,LAMP1-488 + MitoRed + Phalloidin-647,Doxo
C01,3,1,39,SPB12 AG2_Doxo P12,12,2,12,LAMP1-488 + MitoRed + Phalloidin-647,Doxo
C01,3,1,40,SPB12 AG2_Doxo P12,12,2,12,LAMP1-488 + MitoRed + Phalloidin-647,Doxo
C02,3,2,1,SPB3 AG9 P29,3,9,29,LAMP1-488 + MitoRed + Phalloidin-647,None
C02,3,2,2,SPB3 AG9 P29,3,9,29,LAMP1-488 + MitoRed + Phalloidin-647,None
C02,3,2,3,SPB3 AG9 P29,3,9,29,LAMP1-488 + MitoRed + Phalloidin-647,None
C02,3,2,4,SPB3 AG9 P29,3,9,29,LAMP1-488 + MitoRed + Phalloidin-647,None
C02,3,2,5,SPB3 AG9 P29,3,9,29,LAMP1-488 + MitoRed + Phalloidin-647,None
C02,3,2,6,SPB3 AG9 P29,3,9,29,LAMP1-488 + MitoRed + Phalloidin-647,None
C02,3,2,7,SPB3 AG9 P29,3,9,29,LAMP1-488 + MitoRed + Phalloidin-647,None
C02,3,2,8,SPB3 AG9 P29,3,9,29,LAMP1-488 + MitoRed + Phalloidin-647,None
C02,3,2,9,SPB3 AG9 P29,3,9,29,LAMP1-488 + MitoRed + Phalloidin-647,None
C02,3,2,10,SPB3 AG9 P29,3,9,29,LAMP1-488 + MitoRed + Phalloidin-647,None
C02,3,2,11,SPB3 AG9 P29,3,9,29,LAMP1-488 + MitoRed + Phalloidin-647,None
C02,3,2,12,SPB3 AG9 P29,3,9,29,LAMP1-488 + MitoRed + Phalloidin-647,None
C02,3,2,13,SPB3 AG9 P29,3,9,29,LAMP1-488 + MitoRed + Phalloidin-647,None
C02,3,2,14,SPB3 AG9 P29,3,9,29,LAMP1-488 + MitoRed + Phalloidin-647,None
C02,3,2,15,SPB3 AG9 P29,3,9,29,LAMP1-488 + MitoRed + Phalloidin-647,None
C02,3,2,16,SPB3 AG9 P29,3,9,29,LAMP1-488 + MitoRed + Phalloidin-647,None
C02,3,2,17,SPB3 AG9 P29,3,9,29,LAMP1-488 + MitoRed + Phalloidin-647,None
C02,3,2,18,SPB3 AG9 P29,3,9,29,LAMP1-488 + MitoRed + Phalloidin-647,None
C02,3,2,19,SPB3 AG9 P29,3,9,29,LAMP1-488 + MitoRed + Phalloidin-647,None
C02,3,2,20,SPB3 AG9 P29,3,9,29,LAMP1-488 + MitoRed + Phalloidin-647,None
C02,3,2,21,SPB3 AG9 P29,3,9,29,LAMP1-488 + MitoRed + Phalloidin-647,None
C02,3,2,22,SPB3 AG9 P29,3,9,29,LAMP1-488 + MitoRed + Phalloidin-647,None
C02,3,2,23,SPB3 AG9 P29,3,9,29,LAMP1-488 + MitoRed + Phalloidin-647,None
C02,3,2,24,SPB3 AG9 P29,3,9,29,LAMP1-488 + MitoRed + Phalloidin-647,None
C02,3,2,25,SPB3 AG9 P29,3,9,29,LAMP1-488 + MitoRed + Phalloidin-647,None
C02,3,2,26,SPB3 AG9 P29,3,9,29,LAMP1-488 + MitoRed + Phalloidin-647,None
C02,3,2,27,SPB3 AG9 P29,3,9,29,LAMP1-488 + MitoRed + Phalloidin-647,None
C02,3,2,28,SPB3 AG9 P29,3,9,29,LAMP1-488 + MitoRed + Phalloidin-647,None
C02,3,2,29,SPB3 AG9 P29,3,9,29,LAMP1-488 + MitoRed + Phalloidin-647,None
C02,3,2,30,SPB3 AG9 P29,3,9,29,LAMP1-488 + MitoRed + Phalloidin-647,None
C02,3,2,31,SPB3 AG9 P29,3,9,29,LAMP1-488 + MitoRed + Phalloidin-647,None
C02,3,2,32,SPB3 AG9 P29,3,9,29,LAMP1-488 + MitoRed + Phalloidin-647,None
C02,3,2,33,SPB3 AG9 P29,3,9,29,LAMP1-488 + MitoRed + Phalloidin-647,None
C02,3,2,34,SPB3 AG9 P29,3,9,29,LAMP1-488 + MitoRed + Phalloidin-647,None
C02,3,2,35,SPB3 AG9 P29,3,9,29,LAMP1-488 + MitoRed + Phalloidin-647,None
C02,3,2,36,SPB3 AG9 P29,3,9,29,LAMP1-488 + MitoRed + Phalloidin-647,None
C02,3,2,37,SPB3 AG9 P29,3,9,29,LAMP1-488 + MitoRed + Phalloidin-647,None
C02,3,2,38,SPB3 AG9 P29,3,9,29,LAMP1-488 + MitoRed + Phalloidin-647,None
C02,3,2,39,SPB3 AG9 P29,3,9,29,LAMP1-488 + MitoRed + Phalloidin-647,None
C02,3,2,40,SPB3 AG9 P29,3,9,29,LAMP1-488 + MitoRed + Phalloidin-647,None
C03,3,3,1,SPB4 AG8 P27,4,8,27,LAMP1-488 + MitoRed + Phalloidin-647,None
C03,3,3,2,SPB4 AG8 P27,4,8,27,LAMP1-488 + MitoRed + Phalloidin-647,None
C03,3,3,3,SPB4 AG8 P27,4,8,27,LAMP1-488 + MitoRed + Phalloidin-647,None
C03,3,3,4,SPB4 AG8 P27,4,8,27,LAMP1-488 + MitoRed + Phalloidin-647,None
C03,3,3,5,SPB4 AG8 P27,4,8,27,LAMP1-488 + MitoRed + Phalloidin-647,None
C03,3,3,6,SPB4 AG8 P27,4,8,27,LAMP1-488 + MitoRed + Phalloidin-647,None
C03,3,3,7,SPB4 AG8 P27,4,8,27,LAMP1-488 + MitoRed + Phalloidin-647,None
C03,3,3,8,SPB4 AG8 P27,4,8,27,LAMP1-488 + MitoRed + Phalloidin-647,None
C03,3,3,9,SPB4 AG8 P27,4,8,27,LAMP1-488 + MitoRed + Phalloidin-647,None
C03,3,3,10,SPB4 AG8 P27,4,8,27,LAMP1-488 + MitoRed + Phalloidin-647,None
C03,3,3,11,SPB4 AG8 P27,4,8,27,LAMP1-488 + MitoRed + Phalloidin-647,None
C03,3,3,12,SPB4 AG8 P27,4,8,27,LAMP1-488 + MitoRed + Phalloidin-647,None
C03,3,3,13,SPB4 AG8 P27,4,8,27,LAMP1-488 + MitoRed + Phalloidin-647,None
C03,3,3,14,SPB4 AG8 P27,4,8,27,LAMP1-488 + MitoRed + Phalloidin-647,None
C03,3,3,15,SPB4 AG8 P27,4,8,27,LAMP1-488 + MitoRed + Phalloidin-647,None
C03,3,3,16,SPB4 AG8 P27,4,8,27,LAMP1-488 + MitoRed + Phalloidin-647,None
C03,3,3,17,SPB4 AG8 P27,4,8,27,LAMP1-488 + MitoRed + Phalloidin-647,None
C03,3,3,18,SPB4 AG8 P27,4,8,27,LAMP1-488 + MitoRed + Phalloidin-647,None
C03,3,3,19,SPB4 AG8 P27,4,8,27,LAMP1-488 + MitoRed + Phalloidin-647,None
C03,3,3,20,SPB4 AG8 P27,4,8,27,LAMP1-488 + MitoRed + Phalloidin-647,None
C03,3,3,21,SPB4 AG8 P27,4,8,27,LAMP1-488 + MitoRed + Phalloidin-647,None
C03,3,3,22,SPB4 AG8 P27,4,8,27,LAMP1-488 + MitoRed + Phalloidin-647,None
C03,3,3,23,SPB4 AG8 P27,4,8,27,LAMP1-488 + MitoRed + Phalloidin-647,None
C03,3,3,24,SPB4 AG8 P27,4,8,27,LAMP1-488 + MitoRed + Phalloidin-647,None
C03,3,3,25,SPB4 AG8 P27,4,8,27,LAMP1-488 + MitoRed + Phalloidin-647,None
C03,3,3,26,SPB4 AG8 P27,4,8,27,LAMP1-488 + MitoRed + Phalloidin-647,None
C03,3,3,27,SPB4 AG8 P27,4,8,27,LAMP1-488 + MitoRed + Phalloidin-647,None
C03,3,3,28,SPB4 AG8 P27,4,8,27,LAMP1-488 + MitoRed + Phalloidin-647,None
C03,3,3,29,SPB4 AG8 P27,4,8,27,LAMP1-488 + MitoRed + Phalloidin-647,None
C03,3,3,30,SPB4 AG8 P27,4,8,27,LAMP1-488 + MitoRed + Phalloidin-647,None
C03,3,3,31,SPB4 AG8 P27,4,8,27,LAMP1-488 + MitoRed + Phalloidin-647,None
C03,3,3,32,SPB4 AG8 P27,4,8,27,LAMP1-488 + MitoRed + Phalloidin-647,None
C03,3,3,33,SPB4 AG8 P27,4,8,27,LAMP1-488 + MitoRed + Phalloidin-647,None
C03,3,3,34,SPB4 AG8 P27,4,8,27,LAMP1-488 + MitoRed + Phalloidin-647,None
C03,3,3,35,SPB4 AG8 P27,4,8,27,LAMP1-488 + MitoRed + Phalloidin-647,None
C03,3,3,36,SPB4 AG8 P27,4,8,27,LAMP1-488 + MitoRed + Phalloidin-647,None
C03,3,3,37,SPB4 AG8 P27,4,8,27,LAMP1-488 + MitoRed + Phalloidin-647,None
C03,3,3,38,SPB4 AG8 P27,4,8,27,LAMP1-488 + MitoRed + Phalloidin-647,None
C03,3,3,39,SPB4 AG8 P27,4,8,27,LAMP1-488 + MitoRed + Phalloidin-647,None
C03,3,3,40,SPB4 AG8 P27,4,8,27,LAMP1-488 + MitoRed + Phalloidin-647,None
C04,3,4,1,SPB2 AG7 P24,2,7,24,LAMP1-488 + MitoRed + Phalloidin-647,None
C04,3,4,2,SPB2 AG7 P24,2,7,24,LAMP1-488 + MitoRed + Phalloidin-647,None
C04,3,4,3,SPB2 AG7 P24,2,7,24,LAMP1-488 + MitoRed + Phalloidin-647,None
C04,3,4,4,SPB2 AG7 P24,2,7,24,LAMP1-488 + MitoRed + Phalloidin-647,None
C04,3,4,5,SPB2 AG7 P24,2,7,24,LAMP1-488 + MitoRed + Phalloidin-647,None
C04,3,4,6,SPB2 AG7 P24,2,7,24,LAMP1-488 + MitoRed + Phalloidin-647,None
C04,3,4,7,SPB2 AG7 P24,2,7,24,LAMP1-488 + MitoRed + Phalloidin-647,None
C04,3,4,8,SPB2 AG7 P24,2,7,24,LAMP1-488 + MitoRed + Phalloidin-647,None
C04,3,4,9,SPB2 AG7 P24,2,7,24,LAMP1-488 + MitoRed + Phalloidin-647,None
C04,3,4,10,SPB2 AG7 P24,2,7,24,LAMP1-488 + MitoRed + Phalloidin-647,None
C04,3,4,11,SPB2 AG7 P24,2,7,24,LAMP1-488 + MitoRed + Phalloidin-647,None
C04,3,4,12,SPB2 AG7 P24,2,7,24,LAMP1-488 + MitoRed + Phalloidin-647,None
C04,3,4,13,SPB2 AG7 P24,2,7,24,LAMP1-488 + MitoRed + Phalloidin-647,None
C04,3,4,14,SPB2 AG7 P24,2,7,24,LAMP1-488 + MitoRed + Phalloidin-647,None
C04,3,4,15,SPB2 AG7 P24,2,7,24,LAMP1-488 + MitoRed + Phalloidin-647,None
C04,3,4,16,SPB2 AG7 P24,2,7,24,LAMP1-488 + MitoRed + Phalloidin-647,None
C04,3,4,17,SPB2 AG7 P24,2,7,24,LAMP1-488 + MitoRed + Phalloidin-647,None
C04,3,4,18,SPB2 AG7 P24,2,7,24,LAMP1-488 + MitoRed + Phalloidin-647,None
C04,3,4,19,SPB2 AG7 P24,2,7,24,LAMP1-488 + MitoRed + Phalloidin-647,None
C04,3,4,20,SPB2 AG7 P24,2,7,24,LAMP1-488 + MitoRed + Phalloidin-647,None
C04,3,4,21,SPB2 AG7 P24,2,7,24,LAMP1-488 + MitoRed + Phalloidin-647,None
C04,3,4,22,SPB2 AG7 P24,2,7,24,LAMP1-488 + MitoRed + Phalloidin-647,None
C04,3,4,23,SPB2 AG7 P24,2,7,24,LAMP1-488 + MitoRed + Phalloidin-647,None
C04,3,4,24,SPB2 AG7 P24,2,7,24,LAMP1-488 + MitoRed + Phalloidin-647,None
C04,3,4,25,SPB2 AG7 P24,2,7,24,LAMP1-488 + MitoRed + Phalloidin-647,None
C04,3,4,26,SPB2 AG7 P24,2,7,24,LAMP1-488 + MitoRed + Phalloidin-647,None
C04,3,4,27,SPB2 AG7 P24,2,7,24,LAMP1-488 + MitoRed + Phalloidin-647,None
C04,3,4,28,SPB2 AG7 P24,2,7,24,LAMP1-488 + MitoRed + Phalloidin-647,None
C04,3,4,29,SPB2 AG7 P24,2,7,24,LAMP1-488 + MitoRed + Phalloidin-647,None
C04,3,4,30,SPB2 AG7 P24,2,7,24,LAMP1-488 + MitoRed + Phalloidin-647,None
C04,3,4,31,SPB2 AG7 P24,2,7,24,LAMP1-488 + MitoRed + Phalloidin-647,None
C04,3,4,32,SPB2 AG7 P24,2,7,24,LAMP1-488 + MitoRed + Phalloidin-647,None
C04,3,4,33,SPB2 AG7 P24,2,7,24,LAMP1-488 + MitoRed + Phalloidin-647,None
C04,3,4,34,SPB2 AG7 P24,2,7,24,LAMP1-488 + MitoRed + Phalloidin-647,None
C04,3,4,35,SPB2 AG7 P24,2,7,24,LAMP1-488 + MitoRed + Phalloidin-647,None
C04,3,4,36,SPB2 AG7 P24,2,7,24,LAMP1-488 + MitoRed + Phalloidin-647,None
C04,3,4,37,SPB2 AG7 P24,2,7,24,LAMP1-488 + MitoRed + Phalloidin-647,None
C04,3,4,38,SPB2 AG7 P24,2,7,24,LAMP1-488 + MitoRed + Phalloidin-647,None
C04,3,4,39,SPB2 AG7 P24,2,7,24,LAMP1-488 + MitoRed + Phalloidin-647,None
C04,3,4,40,SPB2 AG7 P24,2,7,24,LAMP1-488 + MitoRed + Phalloidin-647,None
C05,3,5,1,SPB8 AG6 P22,8,6,22,LAMP1-488 + MitoRed + Phalloidin-647,None
C05,3,5,2,SPB8 AG6 P22,8,6,22,LAMP1-488 + MitoRed + Phalloidin-647,None
C05,3,5,3,SPB8 AG6 P22,8,6,22,LAMP1-488 + MitoRed + Phalloidin-647,None
C05,3,5,4,SPB8 AG6 P22,8,6,22,LAMP1-488 + MitoRed + Phalloidin-647,None
C05,3,5,5,SPB8 AG6 P22,8,6,22,LAMP1-488 + MitoRed + Phalloidin-647,None
C05,3,5,6,SPB8 AG6 P22,8,6,22,LAMP1-488 + MitoRed + Phalloidin-647,None
C05,3,5,7,SPB8 AG6 P22,8,6,22,LAMP1-488 + MitoRed + Phalloidin-647,None
C05,3,5,8,SPB8 AG6 P22,8,6,22,LAMP1-488 + MitoRed + Phalloidin-647,None
C05,3,5,9,SPB8 AG6 P22,8,6,22,LAMP1-488 + MitoRed + Phalloidin-647,None
C05,3,5,10,SPB8 AG6 P22,8,6,22,LAMP1-488 + MitoRed + Phalloidin-647,None
C05,3,5,11,SPB8 AG6 P22,8,6,22,LAMP1-488 + MitoRed + Phalloidin-647,None
C05,3,5,12,SPB8 AG6 P22,8,6,22,LAMP1-488 + MitoRed + Phalloidin-647,None
C05,3,5,13,SPB8 AG6 P22,8,6,22,LAMP1-488 + MitoRed + Phalloidin-647,None
C05,3,5,14,SPB8 AG6 P22,8,6,22,LAMP1-488 + MitoRed + Phalloidin-647,None
C05,3,5,15,SPB8 AG6 P22,8,6,22,LAMP1-488 + MitoRed + Phalloidin-647,None
C05,3,5,16,SPB8 AG6 P22,8,6,22,LAMP1-488 + MitoRed + Phalloidin-647,None
C05,3,5,17,SPB8 AG6 P22,8,6,22,LAMP1-488 + MitoRed + Phalloidin-647,None
C05,3,5,18,SPB8 AG6 P22,8,6,22,LAMP1-488 + MitoRed + Phalloidin-647,None
C05,3,5,19,SPB8 AG6 P22,8,6,22,LAMP1-488 + MitoRed + Phalloidin-647,None
C05,3,5,20,SPB8 AG6 P22,8,6,22,LAMP1-488 + MitoRed + Phalloidin-647,None
C05,3,5,21,SPB8 AG6 P22,8,6,22,LAMP1-488 + MitoRed + Phalloidin-647,None
C05,3,5,22,SPB8 AG6 P22,8,6,22,LAMP1-488 + MitoRed + Phalloidin-647,None
C05,3,5,23,SPB8 AG6 P22,8,6,22,LAMP1-488 + MitoRed + Phalloidin-647,None
C05,3,5,24,SPB8 AG6 P22,8,6,22,LAMP1-488 + MitoRed + Phalloidin-647,None
C05,3,5,25,SPB8 AG6 P22,8,6,22,LAMP1-488 + MitoRed + Phalloidin-647,None
C05,3,5,26,SPB8 AG6 P22,8,6,22,LAMP1-488 + MitoRed + Phalloidin-647,None
C05,3,5,27,SPB8 AG6 P22,8,6,22,LAMP1-488 + MitoRed + Phalloidin-647,None
C05,3,5,28,SPB8 AG6 P22,8,6,22,LAMP1-488 + MitoRed + Phalloidin-647,None
C05,3,5,29,SPB8 AG6 P22,8,6,22,LAMP1-488 + MitoRed + Phalloidin-647,None
C05,3,5,30,SPB8 AG6 P22,8,6,22,LAMP1-488 + MitoRed + Phalloidin-647,None
C05,3,5,31,SPB8 AG6 P22,8,6,22,LAMP1-488 + MitoRed + Phalloidin-647,None
C05,3,5,32,SPB8 AG6 P22,8,6,22,LAMP1-488 + MitoRed + Phalloidin-647,None
C05,3,5,33,SPB8 AG6 P22,8,6,22,LAMP1-488 + MitoRed + Phalloidin-647,None
C05,3,5,34,SPB8 AG6 P22,8,6,22,LAMP1-488 + MitoRed + Phalloidin-647,None
C05,3,5,35,SPB8 AG6 P22,8,6,22,LAMP1-488 + MitoRed + Phalloidin-647,None
C05,3,5,36,SPB8 AG6 P22,8,6,22,LAMP1-488 + MitoRed + Phalloidin-647,None
C05,3,5,37,SPB8 AG6 P22,8,6,22,LAMP1-488 + MitoRed + Phalloidin-647,None
C05,3,5,38,SPB8 AG6 P22,8,6,22,LAMP1-488 + MitoRed + Phalloidin-647,None
C05,3,5,39,SPB8 AG6 P22,8,6,22,LAMP1-488 + MitoRed + Phalloidin-647,None
C05,3,5,40,SPB8 AG6 P22,8,6,22,LAMP1-488 + MitoRed + Phalloidin-647,None
C06,3,6,1,SPB9 AG5 P20,9,5,20,LAMP1-488 + MitoRed + Phalloidin-647,None
C06,3,6,2,SPB9 AG5 P20,9,5,20,LAMP1-488 + MitoRed + Phalloidin-647,None
C06,3,6,3,SPB9 AG5 P20,9,5,20,LAMP1-488 + MitoRed + Phalloidin-647,None
C06,3,6,4,SPB9 AG5 P20,9,5,20,LAMP1-488 + MitoRed + Phalloidin-647,None
C06,3,6,5,SPB9 AG5 P20,9,5,20,LAMP1-488 + MitoRed + Phalloidin-647,None
C06,3,6,6,SPB9 AG5 P20,9,5,20,LAMP1-488 + MitoRed + Phalloidin-647,None
C06,3,6,7,SPB9 AG5 P20,9,5,20,LAMP1-488 + MitoRed + Phalloidin-647,None
C06,3,6,8,SPB9 AG5 P20,9,5,20,LAMP1-488 + MitoRed + Phalloidin-647,None
C06,3,6,9,SPB9 AG5 P20,9,5,20,LAMP1-488 + MitoRed + Phalloidin-647,None
C06,3,6,10,SPB9 AG5 P20,9,5,20,LAMP1-488 + MitoRed + Phalloidin-647,None
C06,3,6,11,SPB9 AG5 P20,9,5,20,LAMP1-488 + MitoRed + Phalloidin-647,None
C06,3,6,12,SPB9 AG5 P20,9,5,20,LAMP1-488 + MitoRed + Phalloidin-647,None
C06,3,6,13,SPB9 AG5 P20,9,5,20,LAMP1-488 + MitoRed + Phalloidin-647,None
C06,3,6,14,SPB9 AG5 P20,9,5,20,LAMP1-488 + MitoRed + Phalloidin-647,None
C06,3,6,15,SPB9 AG5 P20,9,5,20,LAMP1-488 + MitoRed + Phalloidin-647,None
C06,3,6,16,SPB9 AG5 P20,9,5,20,LAMP1-488 + MitoRed + Phalloidin-647,None
C06,3,6,17,SPB9 AG5 P20,9,5,20,LAMP1-488 + MitoRed + Phalloidin-647,None
C06,3,6,18,SPB9 AG5 P20,9,5,20,LAMP1-488 + MitoRed + Phalloidin-647,None
C06,3,6,19,SPB9 AG5 P20,9,5,20,LAMP1-488 + MitoRed + Phalloidin-647,None
C06,3,6,20,SPB9 AG5 P20,9,5,20,LAMP1-488 + MitoRed + Phalloidin-647,None
C06,3,6,21,SPB9 AG5 P20,9,5,20,LAMP1-488 + MitoRed + Phalloidin-647,None
C06,3,6,22,SPB9 AG5 P20,9,5,20,LAMP1-488 + MitoRed + Phalloidin-647,None
C06,3,6,23,SPB9 AG5 P20,9,5,20,LAMP1-488 + MitoRed + Phalloidin-647,None
C06,3,6,24,SPB9 AG5 P20,9,5,20,LAMP1-488 + MitoRed + Phalloidin-647,None
C06,3,6,25,SPB9 AG5 P20,9,5,20,LAMP1-488 + MitoRed + Phalloidin-647,None
C06,3,6,26,SPB9 AG5 P20,9,5,20,LAMP1-488 + MitoRed + Phalloidin-647,None
C06,3,6,27,SPB9 AG5 P20,9,5,20,LAMP1-488 + MitoRed + Phalloidin-647,None
C06,3,6,28,SPB9 AG5 P20,9,5,20,LAMP1-488 + MitoRed + Phalloidin-647,None
C06,3,6,29,SPB9 AG5 P20,9,5,20,LAMP1-488 + MitoRed + Phalloidin-647,None
C06,3,6,30,SPB9 AG5 P20,9,5,20,LAMP1-488 + MitoRed + Phalloidin-647,None
C06,3,6,31,SPB9 AG5 P20,9,5,20,LAMP1-488 + MitoRed + Phalloidin-647,None
C06,3,6,32,SPB9 AG5 P20,9,5,20,LAMP1-488 + MitoRed + Phalloidin-647,None
C06,3,6,33,SPB9 AG5 P20,9,5,20,LAMP1-488 + MitoRed + Phalloidin-647,None
C06,3,6,34,SPB9 AG5 P20,9,5,20,LAMP1-488 + MitoRed + Phalloidin-647,None
C06,3,6,35,SPB9 AG5 P20,9,5,20,LAMP1-488 + MitoRed + Phalloidin-647,None
C06,3,6,36,SPB9 AG5 P20,9,5,20,LAMP1-488 + MitoRed + Phalloidin-647,None
C06,3,6,37,SPB9 AG5 P20,9,5,20,LAMP1-488 + MitoRed + Phalloidin-647,None
C06,3,6,38,SPB9 AG5 P20,9,5,20,LAMP1-488 + MitoRed + Phalloidin-647,None
C06,3,6,39,SPB9 AG5 P20,9,5,20,LAMP1-488 + MitoRed + Phalloidin-647,None
C06,3,6,40,SPB9 AG5 P20,9,5,20,LAMP1-488 + MitoRed + Phalloidin-647,None
C07,3,7,1,SPB4 AG4 P18,4,4,18,LAMP1-488 + MitoRed + Phalloidin-647,None
C07,3,7,2,SPB4 AG4 P18,4,4,18,LAMP1-488 + MitoRed + Phalloidin-647,None
C07,3,7,3,SPB4 AG4 P18,4,4,18,LAMP1-488 + MitoRed + Phalloidin-647,None
C07,3,7,4,SPB4 AG4 P18,4,4,18,LAMP1-488 + MitoRed + Phalloidin-647,None
C07,3,7,5,SPB4 AG4 P18,4,4,18,LAMP1-488 + MitoRed + Phalloidin-647,None
C07,3,7,6,SPB4 AG4 P18,4,4,18,LAMP1-488 + MitoRed + Phalloidin-647,None
C07,3,7,7,SPB4 AG4 P18,4,4,18,LAMP1-488 + MitoRed + Phalloidin-647,None
C07,3,7,8,SPB4 AG4 P18,4,4,18,LAMP1-488 + MitoRed + Phalloidin-647,None
C07,3,7,9,SPB4 AG4 P18,4,4,18,LAMP1-488 + MitoRed + Phalloidin-647,None
C07,3,7,10,SPB4 AG4 P18,4,4,18,LAMP1-488 + MitoRed + Phalloidin-647,None
C07,3,7,11,SPB4 AG4 P18,4,4,18,LAMP1-488 + MitoRed + Phalloidin-647,None
C07,3,7,12,SPB4 AG4 P18,4,4,18,LAMP1-488 + MitoRed + Phalloidin-647,None
C07,3,7,13,SPB4 AG4 P18,4,4,18,LAMP1-488 + MitoRed + Phalloidin-647,None
C07,3,7,14,SPB4 AG4 P18,4,4,18,LAMP1-488 + MitoRed + Phalloidin-647,None
C07,3,7,15,SPB4 AG4 P18,4,4,18,LAMP1-488 + MitoRed + Phalloidin-647,None
C07,3,7,16,SPB4 AG4 P18,4,4,18,LAMP1-488 + MitoRed + Phalloidin-647,None
C07,3,7,17,SPB4 AG4 P18,4,4,18,LAMP1-488 + MitoRed + Phalloidin-647,None
C07,3,7,18,SPB4 AG4 P18,4,4,18,LAMP1-488 + MitoRed + Phalloidin-647,None
C07,3,7,19,SPB4 AG4 P18,4,4,18,LAMP1-488 + MitoRed + Phalloidin-647,None
C07,3,7,20,SPB4 AG4 P18,4,4,18,LAMP1-488 + MitoRed + Phalloidin-647,None
C07,3,7,21,SPB4 AG4 P18,4,4,18,LAMP1-488 + MitoRed + Phalloidin-647,None
C07,3,7,22,SPB4 AG4 P18,4,4,18,LAMP1-488 + MitoRed + Phalloidin-647,None
C07,3,7,23,SPB4 AG4 P18,4,4,18,LAMP1-488 + MitoRed + Phalloidin-647,None
C07,3,7,24,SPB4 AG4 P18,4,4,18,LAMP1-488 + MitoRed + Phalloidin-647,None
C07,3,7,25,SPB4 AG4 P18,4,4,18,LAMP1-488 + MitoRed + Phalloidin-647,None
C07,3,7,26,SPB4 AG4 P18,4,4,18,LAMP1-488 + MitoRed + Phalloidin-647,None
C07,3,7,27,SPB4 AG4 P18,4,4,18,LAMP1-488 + MitoRed + Phalloidin-647,None
C07,3,7,28,SPB4 AG4 P18,4,4,18,LAMP1-488 + MitoRed + Phalloidin-647,None
C07,3,7,29,SPB4 AG4 P18,4,4,18,LAMP1-488 + MitoRed + Phalloidin-647,None
C07,3,7,30,SPB4 AG4 P18,4,4,18,LAMP1-488 + MitoRed + Phalloidin-647,None
C07,3,7,31,SPB4 AG4 P18,4,4,18,LAMP1-488 + MitoRed + Phalloidin-647,None
C07,3,7,32,SPB4 AG4 P18,4,4,18,LAMP1-488 + MitoRed + Phalloidin-647,None
C07,3,7,33,SPB4 AG4 P18,4,4,18,LAMP1-488 + MitoRed + Phalloidin-647,None
C07,3,7,34,SPB4 AG4 P18,4,4,18,LAMP1-488 + MitoRed + Phalloidin-647,None
C07,3,7,35,SPB4 AG4 P18,4,4,18,LAMP1-488 + MitoRed + Phalloidin-647,None
C07,3,7,36,SPB4 AG4 P18,4,4,18,LAMP1-488 + MitoRed + Phalloidin-647,None
C07,3,7,37,SPB4 AG4 P18,4,4,18,LAMP1-488 + MitoRed + Phalloidin-647,None
C07,3,7,38,SPB4 AG4 P18,4,4,18,LAMP1-488 + MitoRed + Phalloidin-647,None
C07,3,7,39,SPB4 AG4 P18,4,4,18,LAMP1-488 + MitoRed + Phalloidin-647,None
C07,3,7,40,SPB4 AG4 P18,4,4,18,LAMP1-488 + MitoRed + Phalloidin-647,None
C08,3,8,1,SPB10 AG3 P17,10,3,17,LAMP1-488 + MitoRed + Phalloidin-647,None
C08,3,8,2,SPB10 AG3 P17,10,3,17,LAMP1-488 + MitoRed + Phalloidin-647,None
C08,3,8,3,SPB10 AG3 P17,10,3,17,LAMP1-488 + MitoRed + Phalloidin-647,None
C08,3,8,4,SPB10 AG3 P17,10,3,17,LAMP1-488 + MitoRed + Phalloidin-647,None
C08,3,8,5,SPB10 AG3 P17,10,3,17,LAMP1-488 + MitoRed + Phalloidin-647,None
C08,3,8,6,SPB10 AG3 P17,10,3,17,LAMP1-488 + MitoRed + Phalloidin-647,None
C08,3,8,7,SPB10 AG3 P17,10,3,17,LAMP1-488 + MitoRed + Phalloidin-647,None
C08,3,8,8,SPB10 AG3 P17,10,3,17,LAMP1-488 + MitoRed + Phalloidin-647,None
C08,3,8,9,SPB10 AG3 P17,10,3,17,LAMP1-488 + MitoRed + Phalloidin-647,None
C08,3,8,10,SPB10 AG3 P17,10,3,17,LAMP1-488 + MitoRed + Phalloidin-647,None
C08,3,8,11,SPB10 AG3 P17,10,3,17,LAMP1-488 + MitoRed + Phalloidin-647,None
C08,3,8,12,SPB10 AG3 P17,10,3,17,LAMP1-488 + MitoRed + Phalloidin-647,None
C08,3,8,13,SPB10 AG3 P17,10,3,17,LAMP1-488 + MitoRed + Phalloidin-647,None
C08,3,8,14,SPB10 AG3 P17,10,3,17,LAMP1-488 + MitoRed + Phalloidin-647,None
C08,3,8,15,SPB10 AG3 P17,10,3,17,LAMP1-488 + MitoRed + Phalloidin-647,None
C08,3,8,16,SPB10 AG3 P17,10,3,17,LAMP1-488 + MitoRed + Phalloidin-647,None
C08,3,8,17,SPB10 AG3 P17,10,3,17,LAMP1-488 + MitoRed + Phalloidin-647,None
C08,3,8,18,SPB10 AG3 P17,10,3,17,LAMP1-488 + MitoRed + Phalloidin-647,None
C08,3,8,19,SPB10 AG3 P17,10,3,17,LAMP1-488 + MitoRed + Phalloidin-647,None
C08,3,8,20,SPB10 AG3 P17,10,3,17,LAMP1-488 + MitoRed + Phalloidin-647,None
C08,3,8,21,SPB10 AG3 P17,10,3,17,LAMP1-488 + MitoRed + Phalloidin-647,None
C08,3,8,22,SPB10 AG3 P17,10,3,17,LAMP1-488 + MitoRed + Phalloidin-647,None
C08,3,8,23,SPB10 AG3 P17,10,3,17,LAMP1-488 + MitoRed + Phalloidin-647,None
C08,3,8,24,SPB10 AG3 P17,10,3,17,LAMP1-488 + MitoRed + Phalloidin-647,None
C08,3,8,25,SPB10 AG3 P17,10,3,17,LAMP1-488 + MitoRed + Phalloidin-647,None
C08,3,8,26,SPB10 AG3 P17,10,3,17,LAMP1-488 + MitoRed + Phalloidin-647,None
C08,3,8,27,SPB10 AG3 P17,10,3,17,LAMP1-488 + MitoRed + Phalloidin-647,None
C08,3,8,28,SPB10 AG3 P17,10,3,17,LAMP1-488 + MitoRed + Phalloidin-647,None
C08,3,8,29,SPB10 AG3 P17,10,3,17,LAMP1-488 + MitoRed + Phalloidin-647,None
C08,3,8,30,SPB10 AG3 P17,10,3,17,LAMP1-488 + MitoRed + Phalloidin-647,None
C08,3,8,31,SPB10 AG3 P17,10,3,17,LAMP1-488 + MitoRed + Phalloidin-647,None
C08,3,8,32,SPB10 AG3 P17,10,3,17,LAMP1-488 + MitoRed + Phalloidin-647,None
C08,3,8,33,SPB10 AG3 P17,10,3,17,LAMP1-488 + MitoRed + Phalloidin-647,None
C08,3,8,34,SPB10 AG3 P17,10,3,17,LAMP1-488 + MitoRed + Phalloidin-647,None
C08,3,8,35,SPB10 AG3 P17,10,3,17,LAMP1-488 + MitoRed + Phalloidin-647,None
C08,3,8,36,SPB10 AG3 P17,10,3,17,LAMP1-488 + MitoRed + Phalloidin-647,None
C08,3,8,37,SPB10 AG3 P17,10,3,17,LAMP1-488 + MitoRed + Phalloidin-647,None
C08,3,8,38,SPB10 AG3 P17,10,3,17,LAMP1-488 + MitoRed + Phalloidin-647,None
C08,3,8,39,SPB10 AG3 P17,10,3,17,LAMP1-488 + MitoRed + Phalloidin-647,None
C08,3,8,40,SPB10 AG3 P17,10,3,17,LAMP1-488 + MitoRed + Phalloidin-647,None
C09,3,9,1,SPB11 AG2 P15,11,2,15,LAMP1-488 + MitoRed + Phalloidin-647,None
C09,3,9,2,SPB11 AG2 P15,11,2,15,LAMP1-488 + MitoRed + Phalloidin-647,None
C09,3,9,3,SPB11 AG2 P15,11,2,15,LAMP1-488 + MitoRed + Phalloidin-647,None
C09,3,9,4,SPB11 AG2 P15,11,2,15,LAMP1-488 + MitoRed + Phalloidin-647,None
C09,3,9,5,SPB11 AG2 P15,11,2,15,LAMP1-488 + MitoRed + Phalloidin-647,None
C09,3,9,6,SPB11 AG2 P15,11,2,15,LAMP1-488 + MitoRed + Phalloidin-647,None
C09,3,9,7,SPB11 AG2 P15,11,2,15,LAMP1-488 + MitoRed + Phalloidin-647,None
C09,3,9,8,SPB11 AG2 P15,11,2,15,LAMP1-488 + MitoRed + Phalloidin-647,None
C09,3,9,9,SPB11 AG2 P15,11,2,15,LAMP1-488 + MitoRed + Phalloidin-647,None
C09,3,9,10,SPB11 AG2 P15,11,2,15,LAMP1-488 + MitoRed + Phalloidin-647,None
C09,3,9,11,SPB11 AG2 P15,11,2,15,LAMP1-488 + MitoRed + Phalloidin-647,None
C09,3,9,12,SPB11 AG2 P15,11,2,15,LAMP1-488 + MitoRed + Phalloidin-647,None
C09,3,9,13,SPB11 AG2 P15,11,2,15,LAMP1-488 + MitoRed + Phalloidin-647,None
C09,3,9,14,SPB11 AG2 P15,11,2,15,LAMP1-488 + MitoRed + Phalloidin-647,None
C09,3,9,15,SPB11 AG2 P15,11,2,15,LAMP1-488 + MitoRed + Phalloidin-647,None
C09,3,9,16,SPB11 AG2 P15,11,2,15,LAMP1-488 + MitoRed + Phalloidin-647,None
C09,3,9,17,SPB11 AG2 P15,11,2,15,LAMP1-488 + MitoRed + Phalloidin-647,None
C09,3,9,18,SPB11 AG2 P15,11,2,15,LAMP1-488 + MitoRed + Phalloidin-647,None
C09,3,9,19,SPB11 AG2 P15,11,2,15,LAMP1-488 + MitoRed + Phalloidin-647,None
C09,3,9,20,SPB11 AG2 P15,11,2,15,LAMP1-488 + MitoRed + Phalloidin-647,None
C09,3,9,21,SPB11 AG2 P15,11,2,15,LAMP1-488 + MitoRed + Phalloidin-647,None
C09,3,9,22,SPB11 AG2 P15,11,2,15,LAMP1-488 + MitoRed + Phalloidin-647,None
C09,3,9,23,SPB11 AG2 P15,11,2,15,LAMP1-488 + MitoRed + Phalloidin-647,None
C09,3,9,24,SPB11 AG2 P15,11,2,15,LAMP1-488 + MitoRed + Phalloidin-647,None
C09,3,9,25,SPB11 AG2 P15,11,2,15,LAMP1-488 + MitoRed + Phalloidin-647,None
C09,3,9,26,SPB11 AG2 P15,11,2,15,LAMP1-488 + MitoRed + Phalloidin-647,None
C09,3,9,27,SPB11 AG2 P15,11,2,15,LAMP1-488 + MitoRed + Phalloidin-647,None
C09,3,9,28,SPB11 AG2 P15,11,2,15,LAMP1-488 + MitoRed + Phalloidin-647,None
C09,3,9,29,SPB11 AG2 P15,11,2,15,LAMP1-488 + MitoRed + Phalloidin-647,None
C09,3,9,30,SPB11 AG2 P15,11,2,15,LAMP1-488 + MitoRed + Phalloidin-647,None
C09,3,9,31,SPB11 AG2 P15,11,2,15,LAMP1-488 + MitoRed + Phalloidin-647,None
C09,3,9,32,SPB11 AG2 P15,11,2,15,LAMP1-488 + MitoRed + Phalloidin-647,None
C09,3,9,33,SPB11 AG2 P15,11,2,15,LAMP1-488 + MitoRed + Phalloidin-647,None
C09,3,9,34,SPB11 AG2 P15,11,2,15,LAMP1-488 + MitoRed + Phalloidin-647,None
C09,3,9,35,SPB11 AG2 P15,11,2,15,LAMP1-488 + MitoRed + Phalloidin-647,None
C09,3,9,36,SPB11 AG2 P15,11,2,15,LAMP1-488 + MitoRed + Phalloidin-647,None
C09,3,9,37,SPB11 AG2 P15,11,2,15,LAMP1-488 + MitoRed + Phalloidin-647,None
C09,3,9,38,SPB11 AG2 P15,11,2,15,LAMP1-488 + MitoRed + Phalloidin-647,None
C09,3,9,39,SPB11 AG2 P15,11,2,15,LAMP1-488 + MitoRed + Phalloidin-647,None
C09,3,9,40,SPB11 AG2 P15,11,2,15,LAMP1-488 + MitoRed + Phalloidin-647,None
C10,3,10,1,SPB12 AG1 P13,12,1,13,LAMP1-488 + MitoRed + Phalloidin-647,None
C10,3,10,2,SPB12 AG1 P13,12,1,13,LAMP1-488 + MitoRed + Phalloidin-647,None
C10,3,10,3,SPB12 AG1 P13,12,1,13,LAMP1-488 + MitoRed + Phalloidin-647,None
C10,3,10,4,SPB12 AG1 P13,12,1,13,LAMP1-488 + MitoRed + Phalloidin-647,None
C10,3,10,5,SPB12 AG1 P13,12,1,13,LAMP1-488 + MitoRed + Phalloidin-647,None
C10,3,10,6,SPB12 AG1 P13,12,1,13,LAMP1-488 + MitoRed + Phalloidin-647,None
C10,3,10,7,SPB12 AG1 P13,12,1,13,LAMP1-488 + MitoRed + Phalloidin-647,None
C10,3,10,8,SPB12 AG1 P13,12,1,13,LAMP1-488 + MitoRed + Phalloidin-647,None
C10,3,10,9,SPB12 AG1 P13,12,1,13,LAMP1-488 + MitoRed + Phalloidin-647,None
C10,3,10,10,SPB12 AG1 P13,12,1,13,LAMP1-488 + MitoRed + Phalloidin-647,None
C10,3,10,11,SPB12 AG1 P13,12,1,13,LAMP1-488 + MitoRed + Phalloidin-647,None
C10,3,10,12,SPB12 AG1 P13,12,1,13,LAMP1-488 + MitoRed + Phalloidin-647,None
C10,3,10,13,SPB12 AG1 P13,12,1,13,LAMP1-488 + MitoRed + Phalloidin-647,None
C10,3,10,14,SPB12 AG1 P13,12,1,13,LAMP1-488 + MitoRed + Phalloidin-647,None
C10,3,10,15,SPB12 AG1 P13,12,1,13,LAMP1-488 + MitoRed + Phalloidin-647,None
C10,3,10,16,SPB12 AG1 P13,12,1,13,LAMP1-488 + MitoRed + Phalloidin-647,None
C10,3,10,17,SPB12 AG1 P13,12,1,13,LAMP1-488 + MitoRed + Phalloidin-647,None
C10,3,10,18,SPB12 AG1 P13,12,1,13,LAMP1-488 + MitoRed + Phalloidin-647,None
C10,3,10,19,SPB12 AG1 P13,12,1,13,LAMP1-488 + MitoRed + Phalloidin-647,None
C10,3,10,20,SPB12 AG1 P13,12,1,13,LAMP1-488 + MitoRed + Phalloidin-647,None
C10,3,10,21,SPB12 AG1 P13,12,1,13,LAMP1-488 + MitoRed + Phalloidin-647,None
C10,3,10,22,SPB12 AG1 P13,12,1,13,LAMP1-488 + MitoRed + Phalloidin-647,None
C10,3,10,23,SPB12 AG1 P13,12,1,13,LAMP1-488 + MitoRed + Phalloidin-647,None
C10,3,10,24,SPB12 AG1 P13,12,1,13,LAMP1-488 + MitoRed + Phalloidin-647,None
C10,3,10,25,SPB12 AG1 P13,12,1,13,LAMP1-488 + MitoRed + Phalloidin-647,None
C10,3,10,26,SPB12 AG1 P13,12,1,13,LAMP1-488 + MitoRed + Phalloidin-647,None
C10,3,10,27,SPB12 AG1 P13,12,1,13,LAMP1-488 + MitoRed + Phalloidin-647,None
C10,3,10,28,SPB12 AG1 P13,12,1,13,LAMP1-488 + MitoRed + Phalloidin-647,None
C10,3,10,29,SPB12 AG1 P13,12,1,13,LAMP1-488 + MitoRed + Phalloidin-647,None
C10,3,10,30,SPB12 AG1 P13,12,1,13,LAMP1-488 + MitoRed + Phalloidin-647,None
C10,3,10,31,SPB12 AG1 P13,12,1,13,LAMP1-488 + MitoRed + Phalloidin-647,None
C10,3,10,32,SPB12 AG1 P13,12,1,13,LAMP1-488 + MitoRed + Phalloidin-647,None
C10,3,10,33,SPB12 AG1 P13,12,1,13,LAMP1-488 + MitoRed + Phalloidin-647,None
C10,3,10,34,SPB12 AG1 P13,12,1,13,LAMP1-488 + MitoRed + Phalloidin-647,None
C10,3,10,35,SPB12 AG1 P13,12,1,13,LAMP1-488 + MitoRed + Phalloidin-647,None
C10,3,10,36,SPB12 AG1 P13,12,1,13,LAMP1-488 + MitoRed + Phalloidin-647,None
C10,3,10,37,SPB12 AG1 P13,12,1,13,LAMP1-488 + MitoRed + Phalloidin-647,None
C10,3,10,38,SPB12 AG1 P13,12,1,13,LAMP1-488 + MitoRed + Phalloidin-647,None
C10,3,10,39,SPB12 AG1 P13,12,1,13,LAMP1-488 + MitoRed + Phalloidin-647,None
C10,3,10,40,SPB12 AG1 P13,12,1,13,LAMP1-488 + MitoRed + Phalloidin-647,None
C11,3,11,1,SPB13 AG0 P8,13,0,8,LAMP1-488 + MitoRed + Phalloidin-647,None
C11,3,11,2,SPB13 AG0 P8,13,0,8,LAMP1-488 + MitoRed + Phalloidin-647,None
C11,3,11,3,SPB13 AG0 P8,13,0,8,LAMP1-488 + MitoRed + Phalloidin-647,None
C11,3,11,4,SPB13 AG0 P8,13,0,8,LAMP1-488 + MitoRed + Phalloidin-647,None
C11,3,11,5,SPB13 AG0 P8,13,0,8,LAMP1-488 + MitoRed + Phalloidin-647,None
C11,3,11,6,SPB13 AG0 P8,13,0,8,LAMP1-488 + MitoRed + Phalloidin-647,None
C11,3,11,7,SPB13 AG0 P8,13,0,8,LAMP1-488 + MitoRed + Phalloidin-647,None
C11,3,11,8,SPB13 AG0 P8,13,0,8,LAMP1-488 + MitoRed + Phalloidin-647,None
C11,3,11,9,SPB13 AG0 P8,13,0,8,LAMP1-488 + MitoRed + Phalloidin-647,None
C11,3,11,10,SPB13 AG0 P8,13,0,8,LAMP1-488 + MitoRed + Phalloidin-647,None
C11,3,11,11,SPB13 AG0 P8,13,0,8,LAMP1-488 + MitoRed + Phalloidin-647,None
C11,3,11,12,SPB13 AG0 P8,13,0,8,LAMP1-488 + MitoRed + Phalloidin-647,None
C11,3,11,13,SPB13 AG0 P8,13,0,8,LAMP1-488 + MitoRed + Phalloidin-647,None
C11,3,11,14,SPB13 AG0 P8,13,0,8,LAMP1-488 + MitoRed + Phalloidin-647,None
C11,3,11,15,SPB13 AG0 P8,13,0,8,LAMP1-488 + MitoRed + Phalloidin-647,None
C11,3,11,16,SPB13 AG0 P8,13,0,8,LAMP1-488 + MitoRed + Phalloidin-647,None
C11,3,11,17,SPB13 AG0 P8,13,0,8,LAMP1-488 + MitoRed + Phalloidin-647,None
C11,3,11,18,SPB13 AG0 P8,13,0,8,LAMP1-488 + MitoRed + Phalloidin-647,None
C11,3,11,19,SPB13 AG0 P8,13,0,8,LAMP1-488 + MitoRed + Phalloidin-647,None
C11,3,11,20,SPB13 AG0 P8,13,0,8,LAMP1-488 + MitoRed + Phalloidin-647,None
C11,3,11,21,SPB13 AG0 P8,13,0,8,LAMP1-488 + MitoRed + Phalloidin-647,None
C11,3,11,22,SPB13 AG0 P8,13,0,8,LAMP1-488 + MitoRed + Phalloidin-647,None
C11,3,11,23,SPB13 AG0 P8,13,0,8,LAMP1-488 + MitoRed + Phalloidin-647,None
C11,3,11,24,SPB13 AG0 P8,13,0,8,LAMP1-488 + MitoRed + Phalloidin-647,None
C11,3,11,25,SPB13 AG0 P8,13,0,8,LAMP1-488 + MitoRed + Phalloidin-647,None
C11,3,11,26,SPB13 AG0 P8,13,0,8,LAMP1-488 + MitoRed + Phalloidin-647,None
C11,3,11,27,SPB13 AG0 P8,13,0,8,LAMP1-488 + MitoRed + Phalloidin-647,None
C11,3,11,28,SPB13 AG0 P8,13,0,8,LAMP1-488 + MitoRed + Phalloidin-647,None
C11,3,11,29,SPB13 AG0 P8,13,0,8,LAMP1-488 + MitoRed + Phalloidin-647,None
C11,3,11,30,SPB13 AG0 P8,13,0,8,LAMP1-488 + MitoRed + Phalloidin-647,None
C11,3,11,31,SPB13 AG0 P8,13,0,8,LAMP1-488 + MitoRed + Phalloidin-647,None
C11,3,11,32,SPB13 AG0 P8,13,0,8,LAMP1-488 + MitoRed + Phalloidin-647,None
C11,3,11,33,SPB13 AG0 P8,13,0,8,LAMP1-488 + MitoRed + Phalloidin-647,None
C11,3,11,34,SPB13 AG0 P8,13,0,8,LAMP1-488 + MitoRed + Phalloidin-647,None
C11,3,11,35,SPB13 AG0 P8,13,0,8,LAMP1-488 + MitoRed + Phalloidin-647,None
C11,3,11,36,SPB13 AG0 P8,13,0,8,LAMP1-488 + MitoRed + Phalloidin-647,None
C11,3,11,37,SPB13 AG0 P8,13,0,8,LAMP1-488 + MitoRed + Phalloidin-647,None
C11,3,11,38,SPB13 AG0 P8,13,0,8,LAMP1-488 + MitoRed + Phalloidin-647,None
C11,3,11,39,SPB13 AG0 P8,13,0,8,LAMP1-488 + MitoRed + Phalloidin-647,None
C11,3,11,40,SPB13 AG0 P8,13,0,8,LAMP1-488 + MitoRed + Phalloidin-647,None
C12,3,12,1,SPB13 AG0 P8,13,0,8,LAMP1-488 + MitoRed + Phalloidin-647,None
C12,3,12,2,SPB13 AG0 P8,13,0,8,LAMP1-488 + MitoRed + Phalloidin-647,None
C12,3,12,3,SPB13 AG0 P8,13,0,8,LAMP1-488 + MitoRed + Phalloidin-647,None
C12,3,12,4,SPB13 AG0 P8,13,0,8,LAMP1-488 + MitoRed + Phalloidin-647,None
C12,3,12,5,SPB13 AG0 P8,13,0,8,LAMP1-488 + MitoRed + Phalloidin-647,None
C12,3,12,6,SPB13 AG0 P8,13,0,8,LAMP1-488 + MitoRed + Phalloidin-647,None
C12,3,12,7,SPB13 AG0 P8,13,0,8,LAMP1-488 + MitoRed + Phalloidin-647,None
C12,3,12,8,SPB13 AG0 P8,13,0,8,LAMP1-488 + MitoRed + Phalloidin-647,None
C12,3,12,9,SPB13 AG0 P8,13,0,8,LAMP1-488 + MitoRed + Phalloidin-647,None
C12,3,12,10,SPB13 AG0 P8,13,0,8,LAMP1-488 + MitoRed + Phalloidin-647,None
C12,3,12,11,SPB13 AG0 P8,13,0,8,LAMP1-488 + MitoRed + Phalloidin-647,None
C12,3,12,12,SPB13 AG0 P8,13,0,8,LAMP1-488 + MitoRed + Phalloidin-647,None
C12,3,12,13,SPB13 AG0 P8,13,0,8,LAMP1-488 + MitoRed + Phalloidin-647,None
C12,3,12,14,SPB13 AG0 P8,13,0,8,LAMP1-488 + MitoRed + Phalloidin-647,None
C12,3,12,15,SPB13 AG0 P8,13,0,8,LAMP1-488 + MitoRed + Phalloidin-647,None
C12,3,12,16,SPB13 AG0 P8,13,0,8,LAMP1-488 + MitoRed + Phalloidin-647,None
C12,3,12,17,SPB13 AG0 P8,13,0,8,LAMP1-488 + MitoRed + Phalloidin-647,None
C12,3,12,18,SPB13 AG0 P8,13,0,8,LAMP1-488 + MitoRed + Phalloidin-647,None
C12,3,12,19,SPB13 AG0 P8,13,0,8,LAMP1-488 + MitoRed + Phalloidin-647,None
C12,3,12,20,SPB13 AG0 P8,13,0,8,LAMP1-488 + MitoRed + Phalloidin-647,None
C12,3,12,21,SPB13 AG0 P8,13,0,8,LAMP1-488 + MitoRed + Phalloidin-647,None
C12,3,12,22,SPB13 AG0 P8,13,0,8,LAMP1-488 + MitoRed + Phalloidin-647,None
C12,3,12,23,SPB13 AG0 P8,13,0,8,LAMP1-488 + MitoRed + Phalloidin-647,None
C12,3,12,24,SPB13 AG0 P8,13,0,8,LAMP1-488 + MitoRed + Phalloidin-647,None
C12,3,12,25,SPB13 AG0 P8,13,0,8,LAMP1-488 + MitoRed + Phalloidin-647,None
C12,3,12,26,SPB13 AG0 P8,13,0,8,LAMP1-488 + MitoRed + Phalloidin-647,None
C12,3,12,27,SPB13 AG0 P8,13,0,8,LAMP1-488 + MitoRed + Phalloidin-647,None
C12,3,12,28,SPB13 AG0 P8,13,0,8,LAMP1-488 + MitoRed + Phalloidin-647,None
C12,3,12,29,SPB13 AG0 P8,13,0,8,LAMP1-488 + MitoRed + Phalloidin-647,None
C12,3,12,30,SPB13 AG0 P8,13,0,8,LAMP1-488 + MitoRed + Phalloidin-647,None
C12,3,12,31,SPB13 AG0 P8,13,0,8,LAMP1-488 + MitoRed + Phalloidin-647,None
C12,3,12,32,SPB13 AG0 P8,13,0,8,LAMP1-488 + MitoRed + Phalloidin-647,None
C12,3,12,33,SPB13 AG0 P8,13,0,8,LAMP1-488 + MitoRed + Phalloidin-647,None
C12,3,12,34,SPB13 AG0 P8,13,0,8,LAMP1-488 + MitoRed + Phalloidin-647,None
C12,3,12,35,SPB13 AG0 P8,13,0,8,LAMP1-488 + MitoRed + Phalloidin-647,None
C12,3,12,36,SPB13 AG0 P8,13,0,8,LAMP1-488 + MitoRed + Phalloidin-647,None
C12,3,12,37,SPB13 AG0 P8,13,0,8,LAMP1-488 + MitoRed + Phalloidin-647,None
C12,3,12,38,SPB13 AG0 P8,13,0,8,LAMP1-488 + MitoRed + Phalloidin-647,None
C12,3,12,39,SPB13 AG0 P8,13,0,8,LAMP1-488 + MitoRed + Phalloidin-647,None
C12,3,12,40,SPB13 AG0 P8,13,0,8,LAMP1-488 + MitoRed + Phalloidin-647,None
D01,4,1,1,SPB12 AG2_Doxo P12,12,2,12,LAMP1-488 + MitoRed + Phalloidin-647,Doxo
D01,4,1,2,SPB12 AG2_Doxo P12,12,2,12,LAMP1-488 + MitoRed + Phalloidin-647,Doxo
D01,4,1,3,SPB12 AG2_Doxo P12,12,2,12,LAMP1-488 + MitoRed + Phalloidin-647,Doxo
D01,4,1,4,SPB12 AG2_Doxo P12,12,2,12,LAMP1-488 + MitoRed + Phalloidin-647,Doxo
D01,4,1,5,SPB12 AG2_Doxo P12,12,2,12,LAMP1-488 + MitoRed + Phalloidin-647,Doxo
D01,4,1,6,SPB12 AG2_Doxo P12,12,2,12,LAMP1-488 + MitoRed + Phalloidin-647,Doxo
D01,4,1,7,SPB12 AG2_Doxo P12,12,2,12,LAMP1-488 + MitoRed + Phalloidin-647,Doxo
D01,4,1,8,SPB12 AG2_Doxo P12,12,2,12,LAMP1-488 + MitoRed + Phalloidin-647,Doxo
D01,4,1,9,SPB12 AG2_Doxo P12,12,2,12,LAMP1-488 + MitoRed + Phalloidin-647,Doxo
D01,4,1,10,SPB12 AG2_Doxo P12,12,2,12,LAMP1-488 + MitoRed + Phalloidin-647,Doxo
D01,4,1,11,SPB12 AG2_Doxo P12,12,2,12,LAMP1-488 + MitoRed + Phalloidin-647,Doxo
D01,4,1,12,SPB12 AG2_Doxo P12,12,2,12,LAMP1-488 + MitoRed + Phalloidin-647,Doxo
D01,4,1,13,SPB12 AG2_Doxo P12,12,2,12,LAMP1-488 + MitoRed + Phalloidin-647,Doxo
D01,4,1,14,SPB12 AG2_Doxo P12,12,2,12,LAMP1-488 + MitoRed + Phalloidin-647,Doxo
D01,4,1,15,SPB12 AG2_Doxo P12,12,2,12,LAMP1-488 + MitoRed + Phalloidin-647,Doxo
D01,4,1,16,SPB12 AG2_Doxo P12,12,2,12,LAMP1-488 + MitoRed + Phalloidin-647,Doxo
D01,4,1,17,SPB12 AG2_Doxo P12,12,2,12,LAMP1-488 + MitoRed + Phalloidin-647,Doxo
D01,4,1,18,SPB12 AG2_Doxo P12,12,2,12,LAMP1-488 + MitoRed + Phalloidin-647,Doxo
D01,4,1,19,SPB12 AG2_Doxo P12,12,2,12,LAMP1-488 + MitoRed + Phalloidin-647,Doxo
D01,4,1,20,SPB12 AG2_Doxo P12,12,2,12,LAMP1-488 + MitoRed + Phalloidin-647,Doxo
D01,4,1,21,SPB12 AG2_Doxo P12,12,2,12,LAMP1-488 + MitoRed + Phalloidin-647,Doxo
D01,4,1,22,SPB12 AG2_Doxo P12,12,2,12,LAMP1-488 + MitoRed + Phalloidin-647,Doxo
D01,4,1,23,SPB12 AG2_Doxo P12,12,2,12,LAMP1-488 + MitoRed + Phalloidin-647,Doxo
D01,4,1,24,SPB12 AG2_Doxo P12,12,2,12,LAMP1-488 + MitoRed + Phalloidin-647,Doxo
D01,4,1,25,SPB12 AG2_Doxo P12,12,2,12,LAMP1-488 + MitoRed + Phalloidin-647,Doxo
D01,4,1,26,SPB12 AG2_Doxo P12,12,2,12,LAMP1-488 + MitoRed + Phalloidin-647,Doxo
D01,4,1,27,SPB12 AG2_Doxo P12,12,2,12,LAMP1-488 + MitoRed + Phalloidin-647,Doxo
D01,4,1,28,SPB12 AG2_Doxo P12,12,2,12,LAMP1-488 + MitoRed + Phalloidin-647,Doxo
D01,4,1,29,SPB12 AG2_Doxo P12,12,2,12,LAMP1-488 + MitoRed + Phalloidin-647,Doxo
D01,4,1,30,SPB12 AG2_Doxo P12,12,2,12,LAMP1-488 + MitoRed + Phalloidin-647,Doxo
D01,4,1,31,SPB12 AG2_Doxo P12,12,2,12,LAMP1-488 + MitoRed + Phalloidin-647,Doxo
D01,4,1,32,SPB12 AG2_Doxo P12,12,2,12,LAMP1-488 + MitoRed + Phalloidin-647,Doxo
D01,4,1,33,SPB12 AG2_Doxo P12,12,2,12,LAMP1-488 + MitoRed + Phalloidin-647,Doxo
D01,4,1,34,SPB12 AG2_Doxo P12,12,2,12,LAMP1-488 + MitoRed + Phalloidin-647,Doxo
D01,4,1,35,SPB12 AG2_Doxo P12,12,2,12,LAMP1-488 + MitoRed + Phalloidin-647,Doxo
D01,4,1,36,SPB12 AG2_Doxo P12,12,2,12,LAMP1-488 + MitoRed + Phalloidin-647,Doxo
D01,4,1,37,SPB12 AG2_Doxo P12,12,2,12,LAMP1-488 + MitoRed + Phalloidin-647,Doxo
D01,4,1,38,SPB12 AG2_Doxo P12,12,2,12,LAMP1-488 + MitoRed + Phalloidin-647,Doxo
D01,4,1,39,SPB12 AG2_Doxo P12,12,2,12,LAMP1-488 + MitoRed + Phalloidin-647,Doxo
D01,4,1,40,SPB12 AG2_Doxo P12,12,2,12,LAMP1-488 + MitoRed + Phalloidin-647,Doxo
D02,4,2,1,SPB3 AG9 P29,3,9,29,LAMP1-488 + MitoRed + Phalloidin-647,None
D02,4,2,2,SPB3 AG9 P29,3,9,29,LAMP1-488 + MitoRed + Phalloidin-647,None
D02,4,2,3,SPB3 AG9 P29,3,9,29,LAMP1-488 + MitoRed + Phalloidin-647,None
D02,4,2,4,SPB3 AG9 P29,3,9,29,LAMP1-488 + MitoRed + Phalloidin-647,None
D02,4,2,5,SPB3 AG9 P29,3,9,29,LAMP1-488 + MitoRed + Phalloidin-647,None
D02,4,2,6,SPB3 AG9 P29,3,9,29,LAMP1-488 + MitoRed + Phalloidin-647,None
D02,4,2,7,SPB3 AG9 P29,3,9,29,LAMP1-488 + MitoRed + Phalloidin-647,None
D02,4,2,8,SPB3 AG9 P29,3,9,29,LAMP1-488 + MitoRed + Phalloidin-647,None
D02,4,2,9,SPB3 AG9 P29,3,9,29,LAMP1-488 + MitoRed + Phalloidin-647,None
D02,4,2,10,SPB3 AG9 P29,3,9,29,LAMP1-488 + MitoRed + Phalloidin-647,None
D02,4,2,11,SPB3 AG9 P29,3,9,29,LAMP1-488 + MitoRed + Phalloidin-647,None
D02,4,2,12,SPB3 AG9 P29,3,9,29,LAMP1-488 + MitoRed + Phalloidin-647,None
D02,4,2,13,SPB3 AG9 P29,3,9,29,LAMP1-488 + MitoRed + Phalloidin-647,None
D02,4,2,14,SPB3 AG9 P29,3,9,29,LAMP1-488 + MitoRed + Phalloidin-647,None
D02,4,2,15,SPB3 AG9 P29,3,9,29,LAMP1-488 + MitoRed + Phalloidin-647,None
D02,4,2,16,SPB3 AG9 P29,3,9,29,LAMP1-488 + MitoRed + Phalloidin-647,None
D02,4,2,17,SPB3 AG9 P29,3,9,29,LAMP1-488 + MitoRed + Phalloidin-647,None
D02,4,2,18,SPB3 AG9 P29,3,9,29,LAMP1-488 + MitoRed + Phalloidin-647,None
D02,4,2,19,SPB3 AG9 P29,3,9,29,LAMP1-488 + MitoRed + Phalloidin-647,None
D02,4,2,20,SPB3 AG9 P29,3,9,29,LAMP1-488 + MitoRed + Phalloidin-647,None
D02,4,2,21,SPB3 AG9 P29,3,9,29,LAMP1-488 + MitoRed + Phalloidin-647,None
D02,4,2,22,SPB3 AG9 P29,3,9,29,LAMP1-488 + MitoRed + Phalloidin-647,None
D02,4,2,23,SPB3 AG9 P29,3,9,29,LAMP1-488 + MitoRed + Phalloidin-647,None
D02,4,2,24,SPB3 AG9 P29,3,9,29,LAMP1-488 + MitoRed + Phalloidin-647,None
D02,4,2,25,SPB3 AG9 P29,3,9,29,LAMP1-488 + MitoRed + Phalloidin-647,None
D02,4,2,26,SPB3 AG9 P29,3,9,29,LAMP1-488 + MitoRed + Phalloidin-647,None
D02,4,2,27,SPB3 AG9 P29,3,9,29,LAMP1-488 + MitoRed + Phalloidin-647,None
D02,4,2,28,SPB3 AG9 P29,3,9,29,LAMP1-488 + MitoRed + Phalloidin-647,None
D02,4,2,29,SPB3 AG9 P29,3,9,29,LAMP1-488 + MitoRed + Phalloidin-647,None
D02,4,2,30,SPB3 AG9 P29,3,9,29,LAMP1-488 + MitoRed + Phalloidin-647,None
D02,4,2,31,SPB3 AG9 P29,3,9,29,LAMP1-488 + MitoRed + Phalloidin-647,None
D02,4,2,32,SPB3 AG9 P29,3,9,29,LAMP1-488 + MitoRed + Phalloidin-647,None
D02,4,2,33,SPB3 AG9 P29,3,9,29,LAMP1-488 + MitoRed + Phalloidin-647,None
D02,4,2,34,SPB3 AG9 P29,3,9,29,LAMP1-488 + MitoRed + Phalloidin-647,None
D02,4,2,35,SPB3 AG9 P29,3,9,29,LAMP1-488 + MitoRed + Phalloidin-647,None
D02,4,2,36,SPB3 AG9 P29,3,9,29,LAMP1-488 + MitoRed + Phalloidin-647,None
D02,4,2,37,SPB3 AG9 P29,3,9,29,LAMP1-488 + MitoRed + Phalloidin-647,None
D02,4,2,38,SPB3 AG9 P29,3,9,29,LAMP1-488 + MitoRed + Phalloidin-647,None
D02,4,2,39,SPB3 AG9 P29,3,9,29,LAMP1-488 + MitoRed + Phalloidin-647,None
D02,4,2,40,SPB3 AG9 P29,3,9,29,LAMP1-488 + MitoRed + Phalloidin-647,None
D03,4,3,1,SPB4 AG8 P27,4,8,27,LAMP1-488 + MitoRed + Phalloidin-647,None
D03,4,3,2,SPB4 AG8 P27,4,8,27,LAMP1-488 + MitoRed + Phalloidin-647,None
D03,4,3,3,SPB4 AG8 P27,4,8,27,LAMP1-488 + MitoRed + Phalloidin-647,None
D03,4,3,4,SPB4 AG8 P27,4,8,27,LAMP1-488 + MitoRed + Phalloidin-647,None
D03,4,3,5,SPB4 AG8 P27,4,8,27,LAMP1-488 + MitoRed + Phalloidin-647,None
D03,4,3,6,SPB4 AG8 P27,4,8,27,LAMP1-488 + MitoRed + Phalloidin-647,None
D03,4,3,7,SPB4 AG8 P27,4,8,27,LAMP1-488 + MitoRed + Phalloidin-647,None
D03,4,3,8,SPB4 AG8 P27,4,8,27,LAMP1-488 + MitoRed + Phalloidin-647,None
D03,4,3,9,SPB4 AG8 P27,4,8,27,LAMP1-488 + MitoRed + Phalloidin-647,None
D03,4,3,10,SPB4 AG8 P27,4,8,27,LAMP1-488 + MitoRed + Phalloidin-647,None
D03,4,3,11,SPB4 AG8 P27,4,8,27,LAMP1-488 + MitoRed + Phalloidin-647,None
D03,4,3,12,SPB4 AG8 P27,4,8,27,LAMP1-488 + MitoRed + Phalloidin-647,None
D03,4,3,13,SPB4 AG8 P27,4,8,27,LAMP1-488 + MitoRed + Phalloidin-647,None
D03,4,3,14,SPB4 AG8 P27,4,8,27,LAMP1-488 + MitoRed + Phalloidin-647,None
D03,4,3,15,SPB4 AG8 P27,4,8,27,LAMP1-488 + MitoRed + Phalloidin-647,None
D03,4,3,16,SPB4 AG8 P27,4,8,27,LAMP1-488 + MitoRed + Phalloidin-647,None
D03,4,3,17,SPB4 AG8 P27,4,8,27,LAMP1-488 + MitoRed + Phalloidin-647,None
D03,4,3,18,SPB4 AG8 P27,4,8,27,LAMP1-488 + MitoRed + Phalloidin-647,None
D03,4,3,19,SPB4 AG8 P27,4,8,27,LAMP1-488 + MitoRed + Phalloidin-647,None
D03,4,3,20,SPB4 AG8 P27,4,8,27,LAMP1-488 + MitoRed + Phalloidin-647,None
D03,4,3,21,SPB4 AG8 P27,4,8,27,LAMP1-488 + MitoRed + Phalloidin-647,None
D03,4,3,22,SPB4 AG8 P27,4,8,27,LAMP1-488 + MitoRed + Phalloidin-647,None
D03,4,3,23,SPB4 AG8 P27,4,8,27,LAMP1-488 + MitoRed + Phalloidin-647,None
D03,4,3,24,SPB4 AG8 P27,4,8,27,LAMP1-488 + MitoRed + Phalloidin-647,None
D03,4,3,25,SPB4 AG8 P27,4,8,27,LAMP1-488 + MitoRed + Phalloidin-647,None
D03,4,3,26,SPB4 AG8 P27,4,8,27,LAMP1-488 + MitoRed + Phalloidin-647,None
D03,4,3,27,SPB4 AG8 P27,4,8,27,LAMP1-488 + MitoRed + Phalloidin-647,None
D03,4,3,28,SPB4 AG8 P27,4,8,27,LAMP1-488 + MitoRed + Phalloidin-647,None
D03,4,3,29,SPB4 AG8 P27,4,8,27,LAMP1-488 + MitoRed + Phalloidin-647,None
D03,4,3,30,SPB4 AG8 P27,4,8,27,LAMP1-488 + MitoRed + Phalloidin-647,None
D03,4,3,31,SPB4 AG8 P27,4,8,27,LAMP1-488 + MitoRed + Phalloidin-647,None
D03,4,3,32,SPB4 AG8 P27,4,8,27,LAMP1-488 + MitoRed + Phalloidin-647,None
D03,4,3,33,SPB4 AG8 P27,4,8,27,LAMP1-488 + MitoRed + Phalloidin-647,None
D03,4,3,34,SPB4 AG8 P27,4,8,27,LAMP1-488 + MitoRed + Phalloidin-647,None
D03,4,3,35,SPB4 AG8 P27,4,8,27,LAMP1-488 + MitoRed + Phalloidin-647,None
D03,4,3,36,SPB4 AG8 P27,4,8,27,LAMP1-488 + MitoRed + Phalloidin-647,None
D03,4,3,37,SPB4 AG8 P27,4,8,27,LAMP1-488 + MitoRed + Phalloidin-647,None
D03,4,3,38,SPB4 AG8 P27,4,8,27,LAMP1-488 + MitoRed + Phalloidin-647,None
D03,4,3,39,SPB4 AG8 P27,4,8,27,LAMP1-488 + MitoRed + Phalloidin-647,None
D03,4,3,40,SPB4 AG8 P27,4,8,27,LAMP1-488 + MitoRed + Phalloidin-647,None
D04,4,4,1,SPB2 AG7 P24,2,7,24,LAMP1-488 + MitoRed + Phalloidin-647,None
D04,4,4,2,SPB2 AG7 P24,2,7,24,LAMP1-488 + MitoRed + Phalloidin-647,None
D04,4,4,3,SPB2 AG7 P24,2,7,24,LAMP1-488 + MitoRed + Phalloidin-647,None
D04,4,4,4,SPB2 AG7 P24,2,7,24,LAMP1-488 + MitoRed + Phalloidin-647,None
D04,4,4,5,SPB2 AG7 P24,2,7,24,LAMP1-488 + MitoRed + Phalloidin-647,None
D04,4,4,6,SPB2 AG7 P24,2,7,24,LAMP1-488 + MitoRed + Phalloidin-647,None
D04,4,4,7,SPB2 AG7 P24,2,7,24,LAMP1-488 + MitoRed + Phalloidin-647,None
D04,4,4,8,SPB2 AG7 P24,2,7,24,LAMP1-488 + MitoRed + Phalloidin-647,None
D04,4,4,9,SPB2 AG7 P24,2,7,24,LAMP1-488 + MitoRed + Phalloidin-647,None
D04,4,4,10,SPB2 AG7 P24,2,7,24,LAMP1-488 + MitoRed + Phalloidin-647,None
D04,4,4,11,SPB2 AG7 P24,2,7,24,LAMP1-488 + MitoRed + Phalloidin-647,None
D04,4,4,12,SPB2 AG7 P24,2,7,24,LAMP1-488 + MitoRed + Phalloidin-647,None
D04,4,4,13,SPB2 AG7 P24,2,7,24,LAMP1-488 + MitoRed + Phalloidin-647,None
D04,4,4,14,SPB2 AG7 P24,2,7,24,LAMP1-488 + MitoRed + Phalloidin-647,None
D04,4,4,15,SPB2 AG7 P24,2,7,24,LAMP1-488 + MitoRed + Phalloidin-647,None
D04,4,4,16,SPB2 AG7 P24,2,7,24,LAMP1-488 + MitoRed + Phalloidin-647,None
D04,4,4,17,SPB2 AG7 P24,2,7,24,LAMP1-488 + MitoRed + Phalloidin-647,None
D04,4,4,18,SPB2 AG7 P24,2,7,24,LAMP1-488 + MitoRed + Phalloidin-647,None
D04,4,4,19,SPB2 AG7 P24,2,7,24,LAMP1-488 + MitoRed + Phalloidin-647,None
D04,4,4,20,SPB2 AG7 P24,2,7,24,LAMP1-488 + MitoRed + Phalloidin-647,None
D04,4,4,21,SPB2 AG7 P24,2,7,24,LAMP1-488 + MitoRed + Phalloidin-647,None
D04,4,4,22,SPB2 AG7 P24,2,7,24,LAMP1-488 + MitoRed + Phalloidin-647,None
D04,4,4,23,SPB2 AG7 P24,2,7,24,LAMP1-488 + MitoRed + Phalloidin-647,None
D04,4,4,24,SPB2 AG7 P24,2,7,24,LAMP1-488 + MitoRed + Phalloidin-647,None
D04,4,4,25,SPB2 AG7 P24,2,7,24,LAMP1-488 + MitoRed + Phalloidin-647,None
D04,4,4,26,SPB2 AG7 P24,2,7,24,LAMP1-488 + MitoRed + Phalloidin-647,None
D04,4,4,27,SPB2 AG7 P24,2,7,24,LAMP1-488 + MitoRed + Phalloidin-647,None
D04,4,4,28,SPB2 AG7 P24,2,7,24,LAMP1-488 + MitoRed + Phalloidin-647,None
D04,4,4,29,SPB2 AG7 P24,2,7,24,LAMP1-488 + MitoRed + Phalloidin-647,None
D04,4,4,30,SPB2 AG7 P24,2,7,24,LAMP1-488 + MitoRed + Phalloidin-647,None
D04,4,4,31,SPB2 AG7 P24,2,7,24,LAMP1-488 + MitoRed + Phalloidin-647,None
D04,4,4,32,SPB2 AG7 P24,2,7,24,LAMP1-488 + MitoRed + Phalloidin-647,None
D04,4,4,33,SPB2 AG7 P24,2,7,24,LAMP1-488 + MitoRed + Phalloidin-647,None
D04,4,4,34,SPB2 AG7 P24,2,7,24,LAMP1-488 + MitoRed + Phalloidin-647,None
D04,4,4,35,SPB2 AG7 P24,2,7,24,LAMP1-488 + MitoRed + Phalloidin-647,None
D04,4,4,36,SPB2 AG7 P24,2,7,24,LAMP1-488 + MitoRed + Phalloidin-647,None
D04,4,4,37,SPB2 AG7 P24,2,7,24,LAMP1-488 + MitoRed + Phalloidin-647,None
D04,4,4,38,SPB2 AG7 P24,2,7,24,LAMP1-488 + MitoRed + Phalloidin-647,None
D04,4,4,39,SPB2 AG7 P24,2,7,24,LAMP1-488 + MitoRed + Phalloidin-647,None
D04,4,4,40,SPB2 AG7 P24,2,7,24,LAMP1-488 + MitoRed + Phalloidin-647,None
D05,4,5,1,SPB8 AG6 P22,8,6,22,LAMP1-488 + MitoRed + Phalloidin-647,None
D05,4,5,2,SPB8 AG6 P22,8,6,22,LAMP1-488 + MitoRed + Phalloidin-647,None
D05,4,5,3,SPB8 AG6 P22,8,6,22,LAMP1-488 + MitoRed + Phalloidin-647,None
D05,4,5,4,SPB8 AG6 P22,8,6,22,LAMP1-488 + MitoRed + Phalloidin-647,None
D05,4,5,5,SPB8 AG6 P22,8,6,22,LAMP1-488 + MitoRed + Phalloidin-647,None
D05,4,5,6,SPB8 AG6 P22,8,6,22,LAMP1-488 + MitoRed + Phalloidin-647,None
D05,4,5,7,SPB8 AG6 P22,8,6,22,LAMP1-488 + MitoRed + Phalloidin-647,None
D05,4,5,8,SPB8 AG6 P22,8,6,22,LAMP1-488 + MitoRed + Phalloidin-647,None
D05,4,5,9,SPB8 AG6 P22,8,6,22,LAMP1-488 + MitoRed + Phalloidin-647,None
D05,4,5,10,SPB8 AG6 P22,8,6,22,LAMP1-488 + MitoRed + Phalloidin-647,None
D05,4,5,11,SPB8 AG6 P22,8,6,22,LAMP1-488 + MitoRed + Phalloidin-647,None
D05,4,5,12,SPB8 AG6 P22,8,6,22,LAMP1-488 + MitoRed + Phalloidin-647,None
D05,4,5,13,SPB8 AG6 P22,8,6,22,LAMP1-488 + MitoRed + Phalloidin-647,None
D05,4,5,14,SPB8 AG6 P22,8,6,22,LAMP1-488 + MitoRed + Phalloidin-647,None
D05,4,5,15,SPB8 AG6 P22,8,6,22,LAMP1-488 + MitoRed + Phalloidin-647,None
D05,4,5,16,SPB8 AG6 P22,8,6,22,LAMP1-488 + MitoRed + Phalloidin-647,None
D05,4,5,17,SPB8 AG6 P22,8,6,22,LAMP1-488 + MitoRed + Phalloidin-647,None
D05,4,5,18,SPB8 AG6 P22,8,6,22,LAMP1-488 + MitoRed + Phalloidin-647,None
D05,4,5,19,SPB8 AG6 P22,8,6,22,LAMP1-488 + MitoRed + Phalloidin-647,None
D05,4,5,20,SPB8 AG6 P22,8,6,22,LAMP1-488 + MitoRed + Phalloidin-647,None
D05,4,5,21,SPB8 AG6 P22,8,6,22,LAMP1-488 + MitoRed + Phalloidin-647,None
D05,4,5,22,SPB8 AG6 P22,8,6,22,LAMP1-488 + MitoRed + Phalloidin-647,None
D05,4,5,23,SPB8 AG6 P22,8,6,22,LAMP1-488 + MitoRed + Phalloidin-647,None
D05,4,5,24,SPB8 AG6 P22,8,6,22,LAMP1-488 + MitoRed + Phalloidin-647,None
D05,4,5,25,SPB8 AG6 P22,8,6,22,LAMP1-488 + MitoRed + Phalloidin-647,None
D05,4,5,26,SPB8 AG6 P22,8,6,22,LAMP1-488 + MitoRed + Phalloidin-647,None
D05,4,5,27,SPB8 AG6 P22,8,6,22,LAMP1-488 + MitoRed + Phalloidin-647,None
D05,4,5,28,SPB8 AG6 P22,8,6,22,LAMP1-488 + MitoRed + Phalloidin-647,None
D05,4,5,29,SPB8 AG6 P22,8,6,22,LAMP1-488 + MitoRed + Phalloidin-647,None
D05,4,5,30,SPB8 AG6 P22,8,6,22,LAMP1-488 + MitoRed + Phalloidin-647,None
D05,4,5,31,SPB8 AG6 P22,8,6,22,LAMP1-488 + MitoRed + Phalloidin-647,None
D05,4,5,32,SPB8 AG6 P22,8,6,22,LAMP1-488 + MitoRed + Phalloidin-647,None
D05,4,5,33,SPB8 AG6 P22,8,6,22,LAMP1-488 + MitoRed + Phalloidin-647,None
D05,4,5,34,SPB8 AG6 P22,8,6,22,LAMP1-488 + MitoRed + Phalloidin-647,None
D05,4,5,35,SPB8 AG6 P22,8,6,22,LAMP1-488 + MitoRed + Phalloidin-647,None
D05,4,5,36,SPB8 AG6 P22,8,6,22,LAMP1-488 + MitoRed + Phalloidin-647,None
D05,4,5,37,SPB8 AG6 P22,8,6,22,LAMP1-488 + MitoRed + Phalloidin-647,None
D05,4,5,38,SPB8 AG6 P22,8,6,22,LAMP1-488 + MitoRed + Phalloidin-647,None
D05,4,5,39,SPB8 AG6 P22,8,6,22,LAMP1-488 + MitoRed + Phalloidin-647,None
D05,4,5,40,SPB8 AG6 P22,8,6,22,LAMP1-488 + MitoRed + Phalloidin-647,None
D06,4,6,1,SPB9 AG5 P20,9,5,20,LAMP1-488 + MitoRed + Phalloidin-647,None
D06,4,6,2,SPB9 AG5 P20,9,5,20,LAMP1-488 + MitoRed + Phalloidin-647,None
D06,4,6,3,SPB9 AG5 P20,9,5,20,LAMP1-488 + MitoRed + Phalloidin-647,None
D06,4,6,4,SPB9 AG5 P20,9,5,20,LAMP1-488 + MitoRed + Phalloidin-647,None
D06,4,6,5,SPB9 AG5 P20,9,5,20,LAMP1-488 + MitoRed + Phalloidin-647,None
D06,4,6,6,SPB9 AG5 P20,9,5,20,LAMP1-488 + MitoRed + Phalloidin-647,None
D06,4,6,7,SPB9 AG5 P20,9,5,20,LAMP1-488 + MitoRed + Phalloidin-647,None
D06,4,6,8,SPB9 AG5 P20,9,5,20,LAMP1-488 + MitoRed + Phalloidin-647,None
D06,4,6,9,SPB9 AG5 P20,9,5,20,LAMP1-488 + MitoRed + Phalloidin-647,None
D06,4,6,10,SPB9 AG5 P20,9,5,20,LAMP1-488 + MitoRed + Phalloidin-647,None
D06,4,6,11,SPB9 AG5 P20,9,5,20,LAMP1-488 + MitoRed + Phalloidin-647,None
D06,4,6,12,SPB9 AG5 P20,9,5,20,LAMP1-488 + MitoRed + Phalloidin-647,None
D06,4,6,13,SPB9 AG5 P20,9,5,20,LAMP1-488 + MitoRed + Phalloidin-647,None
D06,4,6,14,SPB9 AG5 P20,9,5,20,LAMP1-488 + MitoRed + Phalloidin-647,None
D06,4,6,15,SPB9 AG5 P20,9,5,20,LAMP1-488 + MitoRed + Phalloidin-647,None
D06,4,6,16,SPB9 AG5 P20,9,5,20,LAMP1-488 + MitoRed + Phalloidin-647,None
D06,4,6,17,SPB9 AG5 P20,9,5,20,LAMP1-488 + MitoRed + Phalloidin-647,None
D06,4,6,18,SPB9 AG5 P20,9,5,20,LAMP1-488 + MitoRed + Phalloidin-647,None
D06,4,6,19,SPB9 AG5 P20,9,5,20,LAMP1-488 + MitoRed + Phalloidin-647,None
D06,4,6,20,SPB9 AG5 P20,9,5,20,LAMP1-488 + MitoRed + Phalloidin-647,None
D06,4,6,21,SPB9 AG5 P20,9,5,20,LAMP1-488 + MitoRed + Phalloidin-647,None
D06,4,6,22,SPB9 AG5 P20,9,5,20,LAMP1-488 + MitoRed + Phalloidin-647,None
D06,4,6,23,SPB9 AG5 P20,9,5,20,LAMP1-488 + MitoRed + Phalloidin-647,None
D06,4,6,24,SPB9 AG5 P20,9,5,20,LAMP1-488 + MitoRed + Phalloidin-647,None
D06,4,6,25,SPB9 AG5 P20,9,5,20,LAMP1-488 + MitoRed + Phalloidin-647,None
D06,4,6,26,SPB9 AG5 P20,9,5,20,LAMP1-488 + MitoRed + Phalloidin-647,None
D06,4,6,27,SPB9 AG5 P20,9,5,20,LAMP1-488 + MitoRed + Phalloidin-647,None
D06,4,6,28,SPB9 AG5 P20,9,5,20,LAMP1-488 + MitoRed + Phalloidin-647,None
D06,4,6,29,SPB9 AG5 P20,9,5,20,LAMP1-488 + MitoRed + Phalloidin-647,None
D06,4,6,30,SPB9 AG5 P20,9,5,20,LAMP1-488 + MitoRed + Phalloidin-647,None
D06,4,6,31,SPB9 AG5 P20,9,5,20,LAMP1-488 + MitoRed + Phalloidin-647,None
D06,4,6,32,SPB9 AG5 P20,9,5,20,LAMP1-488 + MitoRed + Phalloidin-647,None
D06,4,6,33,SPB9 AG5 P20,9,5,20,LAMP1-488 + MitoRed + Phalloidin-647,None
D06,4,6,34,SPB9 AG5 P20,9,5,20,LAMP1-488 + MitoRed + Phalloidin-647,None
D06,4,6,35,SPB9 AG5 P20,9,5,20,LAMP1-488 + MitoRed + Phalloidin-647,None
D06,4,6,36,SPB9 AG5 P20,9,5,20,LAMP1-488 + MitoRed + Phalloidin-647,None
D06,4,6,37,SPB9 AG5 P20,9,5,20,LAMP1-488 + MitoRed + Phalloidin-647,None
D06,4,6,38,SPB9 AG5 P20,9,5,20,LAMP1-488 + MitoRed + Phalloidin-647,None
D06,4,6,39,SPB9 AG5 P20,9,5,20,LAMP1-488 + MitoRed + Phalloidin-647,None
D06,4,6,40,SPB9 AG5 P20,9,5,20,LAMP1-488 + MitoRed + Phalloidin-647,None
D07,4,7,1,SPB4 AG4 P18,4,4,18,LAMP1-488 + MitoRed + Phalloidin-647,None
D07,4,7,2,SPB4 AG4 P18,4,4,18,LAMP1-488 + MitoRed + Phalloidin-647,None
D07,4,7,3,SPB4 AG4 P18,4,4,18,LAMP1-488 + MitoRed + Phalloidin-647,None
D07,4,7,4,SPB4 AG4 P18,4,4,18,LAMP1-488 + MitoRed + Phalloidin-647,None
D07,4,7,5,SPB4 AG4 P18,4,4,18,LAMP1-488 + MitoRed + Phalloidin-647,None
D07,4,7,6,SPB4 AG4 P18,4,4,18,LAMP1-488 + MitoRed + Phalloidin-647,None
D07,4,7,7,SPB4 AG4 P18,4,4,18,LAMP1-488 + MitoRed + Phalloidin-647,None
D07,4,7,8,SPB4 AG4 P18,4,4,18,LAMP1-488 + MitoRed + Phalloidin-647,None
D07,4,7,9,SPB4 AG4 P18,4,4,18,LAMP1-488 + MitoRed + Phalloidin-647,None
D07,4,7,10,SPB4 AG4 P18,4,4,18,LAMP1-488 + MitoRed + Phalloidin-647,None
D07,4,7,11,SPB4 AG4 P18,4,4,18,LAMP1-488 + MitoRed + Phalloidin-647,None
D07,4,7,12,SPB4 AG4 P18,4,4,18,LAMP1-488 + MitoRed + Phalloidin-647,None
D07,4,7,13,SPB4 AG4 P18,4,4,18,LAMP1-488 + MitoRed + Phalloidin-647,None
D07,4,7,14,SPB4 AG4 P18,4,4,18,LAMP1-488 + MitoRed + Phalloidin-647,None
D07,4,7,15,SPB4 AG4 P18,4,4,18,LAMP1-488 + MitoRed + Phalloidin-647,None
D07,4,7,16,SPB4 AG4 P18,4,4,18,LAMP1-488 + MitoRed + Phalloidin-647,None
D07,4,7,17,SPB4 AG4 P18,4,4,18,LAMP1-488 + MitoRed + Phalloidin-647,None
D07,4,7,18,SPB4 AG4 P18,4,4,18,LAMP1-488 + MitoRed + Phalloidin-647,None
D07,4,7,19,SPB4 AG4 P18,4,4,18,LAMP1-488 + MitoRed + Phalloidin-647,None
D07,4,7,20,SPB4 AG4 P18,4,4,18,LAMP1-488 + MitoRed + Phalloidin-647,None
D07,4,7,21,SPB4 AG4 P18,4,4,18,LAMP1-488 + MitoRed + Phalloidin-647,None
D07,4,7,22,SPB4 AG4 P18,4,4,18,LAMP1-488 + MitoRed + Phalloidin-647,None
D07,4,7,23,SPB4 AG4 P18,4,4,18,LAMP1-488 + MitoRed + Phalloidin-647,None
D07,4,7,24,SPB4 AG4 P18,4,4,18,LAMP1-488 + MitoRed + Phalloidin-647,None
D07,4,7,25,SPB4 AG4 P18,4,4,18,LAMP1-488 + MitoRed + Phalloidin-647,None
D07,4,7,26,SPB4 AG4 P18,4,4,18,LAMP1-488 + MitoRed + Phalloidin-647,None
D07,4,7,27,SPB4 AG4 P18,4,4,18,LAMP1-488 + MitoRed + Phalloidin-647,None
D07,4,7,28,SPB4 AG4 P18,4,4,18,LAMP1-488 + MitoRed + Phalloidin-647,None
D07,4,7,29,SPB4 AG4 P18,4,4,18,LAMP1-488 + MitoRed + Phalloidin-647,None
D07,4,7,30,SPB4 AG4 P18,4,4,18,LAMP1-488 + MitoRed + Phalloidin-647,None
D07,4,7,31,SPB4 AG4 P18,4,4,18,LAMP1-488 + MitoRed + Phalloidin-647,None
D07,4,7,32,SPB4 AG4 P18,4,4,18,LAMP1-488 + MitoRed + Phalloidin-647,None
D07,4,7,33,SPB4 AG4 P18,4,4,18,LAMP1-488 + MitoRed + Phalloidin-647,None
D07,4,7,34,SPB4 AG4 P18,4,4,18,LAMP1-488 + MitoRed + Phalloidin-647,None
D07,4,7,35,SPB4 AG4 P18,4,4,18,LAMP1-488 + MitoRed + Phalloidin-647,None
D07,4,7,36,SPB4 AG4 P18,4,4,18,LAMP1-488 + MitoRed + Phalloidin-647,None
D07,4,7,37,SPB4 AG4 P18,4,4,18,LAMP1-488 + MitoRed + Phalloidin-647,None
D07,4,7,38,SPB4 AG4 P18,4,4,18,LAMP1-488 + MitoRed + Phalloidin-647,None
D07,4,7,39,SPB4 AG4 P18,4,4,18,LAMP1-488 + MitoRed + Phalloidin-647,None
D07,4,7,40,SPB4 AG4 P18,4,4,18,LAMP1-488 + MitoRed + Phalloidin-647,None
D08,4,8,1,SPB10 AG3 P17,10,3,17,LAMP1-488 + MitoRed + Phalloidin-647,None
D08,4,8,2,SPB10 AG3 P17,10,3,17,LAMP1-488 + MitoRed + Phalloidin-647,None
D08,4,8,3,SPB10 AG3 P17,10,3,17,LAMP1-488 + MitoRed + Phalloidin-647,None
D08,4,8,4,SPB10 AG3 P17,10,3,17,LAMP1-488 + MitoRed + Phalloidin-647,None
D08,4,8,5,SPB10 AG3 P17,10,3,17,LAMP1-488 + MitoRed + Phalloidin-647,None
D08,4,8,6,SPB10 AG3 P17,10,3,17,LAMP1-488 + MitoRed + Phalloidin-647,None
D08,4,8,7,SPB10 AG3 P17,10,3,17,LAMP1-488 + MitoRed + Phalloidin-647,None
D08,4,8,8,SPB10 AG3 P17,10,3,17,LAMP1-488 + MitoRed + Phalloidin-647,None
D08,4,8,9,SPB10 AG3 P17,10,3,17,LAMP1-488 + MitoRed + Phalloidin-647,None
D08,4,8,10,SPB10 AG3 P17,10,3,17,LAMP1-488 + MitoRed + Phalloidin-647,None
D08,4,8,11,SPB10 AG3 P17,10,3,17,LAMP1-488 + MitoRed + Phalloidin-647,None
D08,4,8,12,SPB10 AG3 P17,10,3,17,LAMP1-488 + MitoRed + Phalloidin-647,None
D08,4,8,13,SPB10 AG3 P17,10,3,17,LAMP1-488 + MitoRed + Phalloidin-647,None
D08,4,8,14,SPB10 AG3 P17,10,3,17,LAMP1-488 + MitoRed + Phalloidin-647,None
D08,4,8,15,SPB10 AG3 P17,10,3,17,LAMP1-488 + MitoRed + Phalloidin-647,None
D08,4,8,16,SPB10 AG3 P17,10,3,17,LAMP1-488 + MitoRed + Phalloidin-647,None
D08,4,8,17,SPB10 AG3 P17,10,3,17,LAMP1-488 + MitoRed + Phalloidin-647,None
D08,4,8,18,SPB10 AG3 P17,10,3,17,LAMP1-488 + MitoRed + Phalloidin-647,None
D08,4,8,19,SPB10 AG3 P17,10,3,17,LAMP1-488 + MitoRed + Phalloidin-647,None
D08,4,8,20,SPB10 AG3 P17,10,3,17,LAMP1-488 + MitoRed + Phalloidin-647,None
D08,4,8,21,SPB10 AG3 P17,10,3,17,LAMP1-488 + MitoRed + Phalloidin-647,None
D08,4,8,22,SPB10 AG3 P17,10,3,17,LAMP1-488 + MitoRed + Phalloidin-647,None
D08,4,8,23,SPB10 AG3 P17,10,3,17,LAMP1-488 + MitoRed + Phalloidin-647,None
D08,4,8,24,SPB10 AG3 P17,10,3,17,LAMP1-488 + MitoRed + Phalloidin-647,None
D08,4,8,25,SPB10 AG3 P17,10,3,17,LAMP1-488 + MitoRed + Phalloidin-647,None
D08,4,8,26,SPB10 AG3 P17,10,3,17,LAMP1-488 + MitoRed + Phalloidin-647,None
D08,4,8,27,SPB10 AG3 P17,10,3,17,LAMP1-488 + MitoRed + Phalloidin-647,None
D08,4,8,28,SPB10 AG3 P17,10,3,17,LAMP1-488 + MitoRed + Phalloidin-647,None
D08,4,8,29,SPB10 AG3 P17,10,3,17,LAMP1-488 + MitoRed + Phalloidin-647,None
D08,4,8,30,SPB10 AG3 P17,10,3,17,LAMP1-488 + MitoRed + Phalloidin-647,None
D08,4,8,31,SPB10 AG3 P17,10,3,17,LAMP1-488 + MitoRed + Phalloidin-647,None
D08,4,8,32,SPB10 AG3 P17,10,3,17,LAMP1-488 + MitoRed + Phalloidin-647,None
D08,4,8,33,SPB10 AG3 P17,10,3,17,LAMP1-488 + MitoRed + Phalloidin-647,None
D08,4,8,34,SPB10 AG3 P17,10,3,17,LAMP1-488 + MitoRed + Phalloidin-647,None
D08,4,8,35,SPB10 AG3 P17,10,3,17,LAMP1-488 + MitoRed + Phalloidin-647,None
D08,4,8,36,SPB10 AG3 P17,10,3,17,LAMP1-488 + MitoRed + Phalloidin-647,None
D08,4,8,37,SPB10 AG3 P17,10,3,17,LAMP1-488 + MitoRed + Phalloidin-647,None
D08,4,8,38,SPB10 AG3 P17,10,3,17,LAMP1-488 + MitoRed + Phalloidin-647,None
D08,4,8,39,SPB10 AG3 P17,10,3,17,LAMP1-488 + MitoRed + Phalloidin-647,None
D08,4,8,40,SPB10 AG3 P17,10,3,17,LAMP1-488 + MitoRed + Phalloidin-647,None
D09,4,9,1,SPB11 AG2 P15,11,2,15,LAMP1-488 + MitoRed + Phalloidin-647,None
D09,4,9,2,SPB11 AG2 P15,11,2,15,LAMP1-488 + MitoRed + Phalloidin-647,None
D09,4,9,3,SPB11 AG2 P15,11,2,15,LAMP1-488 + MitoRed + Phalloidin-647,None
D09,4,9,4,SPB11 AG2 P15,11,2,15,LAMP1-488 + MitoRed + Phalloidin-647,None
D09,4,9,5,SPB11 AG2 P15,11,2,15,LAMP1-488 + MitoRed + Phalloidin-647,None
D09,4,9,6,SPB11 AG2 P15,11,2,15,LAMP1-488 + MitoRed + Phalloidin-647,None
D09,4,9,7,SPB11 AG2 P15,11,2,15,LAMP1-488 + MitoRed + Phalloidin-647,None
D09,4,9,8,SPB11 AG2 P15,11,2,15,LAMP1-488 + MitoRed + Phalloidin-647,None
D09,4,9,9,SPB11 AG2 P15,11,2,15,LAMP1-488 + MitoRed + Phalloidin-647,None
D09,4,9,10,SPB11 AG2 P15,11,2,15,LAMP1-488 + MitoRed + Phalloidin-647,None
D09,4,9,11,SPB11 AG2 P15,11,2,15,LAMP1-488 + MitoRed + Phalloidin-647,None
D09,4,9,12,SPB11 AG2 P15,11,2,15,LAMP1-488 + MitoRed + Phalloidin-647,None
D09,4,9,13,SPB11 AG2 P15,11,2,15,LAMP1-488 + MitoRed + Phalloidin-647,None
D09,4,9,14,SPB11 AG2 P15,11,2,15,LAMP1-488 + MitoRed + Phalloidin-647,None
D09,4,9,15,SPB11 AG2 P15,11,2,15,LAMP1-488 + MitoRed + Phalloidin-647,None
D09,4,9,16,SPB11 AG2 P15,11,2,15,LAMP1-488 + MitoRed + Phalloidin-647,None
D09,4,9,17,SPB11 AG2 P15,11,2,15,LAMP1-488 + MitoRed + Phalloidin-647,None
D09,4,9,18,SPB11 AG2 P15,11,2,15,LAMP1-488 + MitoRed + Phalloidin-647,None
D09,4,9,19,SPB11 AG2 P15,11,2,15,LAMP1-488 + MitoRed + Phalloidin-647,None
D09,4,9,20,SPB11 AG2 P15,11,2,15,LAMP1-488 + MitoRed + Phalloidin-647,None
D09,4,9,21,SPB11 AG2 P15,11,2,15,LAMP1-488 + MitoRed + Phalloidin-647,None
D09,4,9,22,SPB11 AG2 P15,11,2,15,LAMP1-488 + MitoRed + Phalloidin-647,None
D09,4,9,23,SPB11 AG2 P15,11,2,15,LAMP1-488 + MitoRed + Phalloidin-647,None
D09,4,9,24,SPB11 AG2 P15,11,2,15,LAMP1-488 + MitoRed + Phalloidin-647,None
D09,4,9,25,SPB11 AG2 P15,11,2,15,LAMP1-488 + MitoRed + Phalloidin-647,None
D09,4,9,26,SPB11 AG2 P15,11,2,15,LAMP1-488 + MitoRed + Phalloidin-647,None
D09,4,9,27,SPB11 AG2 P15,11,2,15,LAMP1-488 + MitoRed + Phalloidin-647,None
D09,4,9,28,SPB11 AG2 P15,11,2,15,LAMP1-488 + MitoRed + Phalloidin-647,None
D09,4,9,29,SPB11 AG2 P15,11,2,15,LAMP1-488 + MitoRed + Phalloidin-647,None
D09,4,9,30,SPB11 AG2 P15,11,2,15,LAMP1-488 + MitoRed + Phalloidin-647,None
D09,4,9,31,SPB11 AG2 P15,11,2,15,LAMP1-488 + MitoRed + Phalloidin-647,None
D09,4,9,32,SPB11 AG2 P15,11,2,15,LAMP1-488 + MitoRed + Phalloidin-647,None
D09,4,9,33,SPB11 AG2 P15,11,2,15,LAMP1-488 + MitoRed + Phalloidin-647,None
D09,4,9,34,SPB11 AG2 P15,11,2,15,LAMP1-488 + MitoRed + Phalloidin-647,None
D09,4,9,35,SPB11 AG2 P15,11,2,15,LAMP1-488 + MitoRed + Phalloidin-647,None
D09,4,9,36,SPB11 AG2 P15,11,2,15,LAMP1-488 + MitoRed + Phalloidin-647,None
D09,4,9,37,SPB11 AG2 P15,11,2,15,LAMP1-488 + MitoRed + Phalloidin-647,None
D09,4,9,38,SPB11 AG2 P15,11,2,15,LAMP1-488 + MitoRed + Phalloidin-647,None
D09,4,9,39,SPB11 AG2 P15,11,2,15,LAMP1-488 + MitoRed + Phalloidin-647,None
D09,4,9,40,SPB11 AG2 P15,11,2,15,LAMP1-488 + MitoRed + Phalloidin-647,None
D10,4,10,1,SPB12 AG1 P13,12,1,13,LAMP1-488 + MitoRed + Phalloidin-647,None
D10,4,10,2,SPB12 AG1 P13,12,1,13,LAMP1-488 + MitoRed + Phalloidin-647,None
D10,4,10,3,SPB12 AG1 P13,12,1,13,LAMP1-488 + MitoRed + Phalloidin-647,None
D10,4,10,4,SPB12 AG1 P13,12,1,13,LAMP1-488 + MitoRed + Phalloidin-647,None
D10,4,10,5,SPB12 AG1 P13,12,1,13,LAMP1-488 + MitoRed + Phalloidin-647,None
D10,4,10,6,SPB12 AG1 P13,12,1,13,LAMP1-488 + MitoRed + Phalloidin-647,None
D10,4,10,7,SPB12 AG1 P13,12,1,13,LAMP1-488 + MitoRed + Phalloidin-647,None
D10,4,10,8,SPB12 AG1 P13,12,1,13,LAMP1-488 + MitoRed + Phalloidin-647,None
D10,4,10,9,SPB12 AG1 P13,12,1,13,LAMP1-488 + MitoRed + Phalloidin-647,None
D10,4,10,10,SPB12 AG1 P13,12,1,13,LAMP1-488 + MitoRed + Phalloidin-647,None
D10,4,10,11,SPB12 AG1 P13,12,1,13,LAMP1-488 + MitoRed + Phalloidin-647,None
D10,4,10,12,SPB12 AG1 P13,12,1,13,LAMP1-488 + MitoRed + Phalloidin-647,None
D10,4,10,13,SPB12 AG1 P13,12,1,13,LAMP1-488 + MitoRed + Phalloidin-647,None
D10,4,10,14,SPB12 AG1 P13,12,1,13,LAMP1-488 + MitoRed + Phalloidin-647,None
D10,4,10,15,SPB12 AG1 P13,12,1,13,LAMP1-488 + MitoRed + Phalloidin-647,None
D10,4,10,16,SPB12 AG1 P13,12,1,13,LAMP1-488 + MitoRed + Phalloidin-647,None
D10,4,10,17,SPB12 AG1 P13,12,1,13,LAMP1-488 + MitoRed + Phalloidin-647,None
D10,4,10,18,SPB12 AG1 P13,12,1,13,LAMP1-488 + MitoRed + Phalloidin-647,None
D10,4,10,19,SPB12 AG1 P13,12,1,13,LAMP1-488 + MitoRed + Phalloidin-647,None
D10,4,10,20,SPB12 AG1 P13,12,1,13,LAMP1-488 + MitoRed + Phalloidin-647,None
D10,4,10,21,SPB12 AG1 P13,12,1,13,LAMP1-488 + MitoRed + Phalloidin-647,None
D10,4,10,22,SPB12 AG1 P13,12,1,13,LAMP1-488 + MitoRed + Phalloidin-647,None
D10,4,10,23,SPB12 AG1 P13,12,1,13,LAMP1-488 + MitoRed + Phalloidin-647,None
D10,4,10,24,SPB12 AG1 P13,12,1,13,LAMP1-488 + MitoRed + Phalloidin-647,None
D10,4,10,25,SPB12 AG1 P13,12,1,13,LAMP1-488 + MitoRed + Phalloidin-647,None
D10,4,10,26,SPB12 AG1 P13,12,1,13,LAMP1-488 + MitoRed + Phalloidin-647,None
D10,4,10,27,SPB12 AG1 P13,12,1,13,LAMP1-488 + MitoRed + Phalloidin-647,None
D10,4,10,28,SPB12 AG1 P13,12,1,13,LAMP1-488 + MitoRed + Phalloidin-647,None
D10,4,10,29,SPB12 AG1 P13,12,1,13,LAMP1-488 + MitoRed + Phalloidin-647,None
D10,4,10,30,SPB12 AG1 P13,12,1,13,LAMP1-488 + MitoRed + Phalloidin-647,None
D10,4,10,31,SPB12 AG1 P13,12,1,13,LAMP1-488 + MitoRed + Phalloidin-647,None
D10,4,10,32,SPB12 AG1 P13,12,1,13,LAMP1-488 + MitoRed + Phalloidin-647,None
D10,4,10,33,SPB12 AG1 P13,12,1,13,LAMP1-488 + MitoRed + Phalloidin-647,None
D10,4,10,34,SPB12 AG1 P13,12,1,13,LAMP1-488 + MitoRed + Phalloidin-647,None
D10,4,10,35,SPB12 AG1 P13,12,1,13,LAMP1-488 + MitoRed + Phalloidin-647,None
D10,4,10,36,SPB12 AG1 P13,12,1,13,LAMP1-488 + MitoRed + Phalloidin-647,None
D10,4,10,37,SPB12 AG1 P13,12,1,13,LAMP1-488 + MitoRed + Phalloidin-647,None
D10,4,10,38,SPB12 AG1 P13,12,1,13,LAMP1-488 + MitoRed + Phalloidin-647,None
D10,4,10,39,SPB12 AG1 P13,12,1,13,LAMP1-488 + MitoRed + Phalloidin-647,None
D10,4,10,40,SPB12 AG1 P13,12,1,13,LAMP1-488 + MitoRed + Phalloidin-647,None
D11,4,11,1,SPB13 AG0 P8,13,0,8,LAMP1-488 + MitoRed + Phalloidin-647,None
D11,4,11,2,SPB13 AG0 P8,13,0,8,LAMP1-488 + MitoRed + Phalloidin-647,None
D11,4,11,3,SPB13 AG0 P8,13,0,8,LAMP1-488 + MitoRed + Phalloidin-647,None
D11,4,11,4,SPB13 AG0 P8,13,0,8,LAMP1-488 + MitoRed + Phalloidin-647,None
D11,4,11,5,SPB13 AG0 P8,13,0,8,LAMP1-488 + MitoRed + Phalloidin-647,None
D11,4,11,6,SPB13 AG0 P8,13,0,8,LAMP1-488 + MitoRed + Phalloidin-647,None
D11,4,11,7,SPB13 AG0 P8,13,0,8,LAMP1-488 + MitoRed + Phalloidin-647,None
D11,4,11,8,SPB13 AG0 P8,13,0,8,LAMP1-488 + MitoRed + Phalloidin-647,None
D11,4,11,9,SPB13 AG0 P8,13,0,8,LAMP1-488 + MitoRed + Phalloidin-647,None
D11,4,11,10,SPB13 AG0 P8,13,0,8,LAMP1-488 + MitoRed + Phalloidin-647,None
D11,4,11,11,SPB13 AG0 P8,13,0,8,LAMP1-488 + MitoRed + Phalloidin-647,None
D11,4,11,12,SPB13 AG0 P8,13,0,8,LAMP1-488 + MitoRed + Phalloidin-647,None
D11,4,11,13,SPB13 AG0 P8,13,0,8,LAMP1-488 + MitoRed + Phalloidin-647,None
D11,4,11,14,SPB13 AG0 P8,13,0,8,LAMP1-488 + MitoRed + Phalloidin-647,None
D11,4,11,15,SPB13 AG0 P8,13,0,8,LAMP1-488 + MitoRed + Phalloidin-647,None
D11,4,11,16,SPB13 AG0 P8,13,0,8,LAMP1-488 + MitoRed + Phalloidin-647,None
D11,4,11,17,SPB13 AG0 P8,13,0,8,LAMP1-488 + MitoRed + Phalloidin-647,None
D11,4,11,18,SPB13 AG0 P8,13,0,8,LAMP1-488 + MitoRed + Phalloidin-647,None
D11,4,11,19,SPB13 AG0 P8,13,0,8,LAMP1-488 + MitoRed + Phalloidin-647,None
D11,4,11,20,SPB13 AG0 P8,13,0,8,LAMP1-488 + MitoRed + Phalloidin-647,None
D11,4,11,21,SPB13 AG0 P8,13,0,8,LAMP1-488 + MitoRed + Phalloidin-647,None
D11,4,11,22,SPB13 AG0 P8,13,0,8,LAMP1-488 + MitoRed + Phalloidin-647,None
D11,4,11,23,SPB13 AG0 P8,13,0,8,LAMP1-488 + MitoRed + Phalloidin-647,None
D11,4,11,24,SPB13 AG0 P8,13,0,8,LAMP1-488 + MitoRed + Phalloidin-647,None
D11,4,11,25,SPB13 AG0 P8,13,0,8,LAMP1-488 + MitoRed + Phalloidin-647,None
D11,4,11,26,SPB13 AG0 P8,13,0,8,LAMP1-488 + MitoRed + Phalloidin-647,None
D11,4,11,27,SPB13 AG0 P8,13,0,8,LAMP1-488 + MitoRed + Phalloidin-647,None
D11,4,11,28,SPB13 AG0 P8,13,0,8,LAMP1-488 + MitoRed + Phalloidin-647,None
D11,4,11,29,SPB13 AG0 P8,13,0,8,LAMP1-488 + MitoRed + Phalloidin-647,None
D11,4,11,30,SPB13 AG0 P8,13,0,8,LAMP1-488 + MitoRed + Phalloidin-647,None
D11,4,11,31,SPB13 AG0 P8,13,0,8,LAMP1-488 + MitoRed + Phalloidin-647,None
D11,4,11,32,SPB13 AG0 P8,13,0,8,LAMP1-488 + MitoRed + Phalloidin-647,None
D11,4,11,33,SPB13 AG0 P8,13,0,8,LAMP1-488 + MitoRed + Phalloidin-647,None
D11,4,11,34,SPB13 AG0 P8,13,0,8,LAMP1-488 + MitoRed + Phalloidin-647,None
D11,4,11,35,SPB13 AG0 P8,13,0,8,LAMP1-488 + MitoRed + Phalloidin-647,None
D11,4,11,36,SPB13 AG0 P8,13,0,8,LAMP1-488 + MitoRed + Phalloidin-647,None
D11,4,11,37,SPB13 AG0 P8,13,0,8,LAMP1-488 + MitoRed + Phalloidin-647,None
D11,4,11,38,SPB13 AG0 P8,13,0,8,LAMP1-488 + MitoRed + Phalloidin-647,None
D11,4,11,39,SPB13 AG0 P8,13,0,8,LAMP1-488 + MitoRed + Phalloidin-647,None
D11,4,11,40,SPB13 AG0 P8,13,0,8,LAMP1-488 + MitoRed + Phalloidin-647,None
D12,4,12,1,SPB13 AG0 P8,13,0,8,LAMP1-488 + MitoRed + Phalloidin-647,None
D12,4,12,2,SPB13 AG0 P8,13,0,8,LAMP1-488 + MitoRed + Phalloidin-647,None
D12,4,12,3,SPB13 AG0 P8,13,0,8,LAMP1-488 + MitoRed + Phalloidin-647,None
D12,4,12,4,SPB13 AG0 P8,13,0,8,LAMP1-488 + MitoRed + Phalloidin-647,None
D12,4,12,5,SPB13 AG0 P8,13,0,8,LAMP1-488 + MitoRed + Phalloidin-647,None
D12,4,12,6,SPB13 AG0 P8,13,0,8,LAMP1-488 + MitoRed + Phalloidin-647,None
D12,4,12,7,SPB13 AG0 P8,13,0,8,LAMP1-488 + MitoRed + Phalloidin-647,None
D12,4,12,8,SPB13 AG0 P8,13,0,8,LAMP1-488 + MitoRed + Phalloidin-647,None
D12,4,12,9,SPB13 AG0 P8,13,0,8,LAMP1-488 + MitoRed + Phalloidin-647,None
D12,4,12,10,SPB13 AG0 P8,13,0,8,LAMP1-488 + MitoRed + Phalloidin-647,None
D12,4,12,11,SPB13 AG0 P8,13,0,8,LAMP1-488 + MitoRed + Phalloidin-647,None
D12,4,12,12,SPB13 AG0 P8,13,0,8,LAMP1-488 + MitoRed + Phalloidin-647,None
D12,4,12,13,SPB13 AG0 P8,13,0,8,LAMP1-488 + MitoRed + Phalloidin-647,None
D12,4,12,14,SPB13 AG0 P8,13,0,8,LAMP1-488 + MitoRed + Phalloidin-647,None
D12,4,12,15,SPB13 AG0 P8,13,0,8,LAMP1-488 + MitoRed + Phalloidin-647,None
D12,4,12,16,SPB13 AG0 P8,13,0,8,LAMP1-488 + MitoRed + Phalloidin-647,None
D12,4,12,17,SPB13 AG0 P8,13,0,8,LAMP1-488 + MitoRed + Phalloidin-647,None
D12,4,12,18,SPB13 AG0 P8,13,0,8,LAMP1-488 + MitoRed + Phalloidin-647,None
D12,4,12,19,SPB13 AG0 P8,13,0,8,LAMP1-488 + MitoRed + Phalloidin-647,None
D12,4,12,20,SPB13 AG0 P8,13,0,8,LAMP1-488 + MitoRed + Phalloidin-647,None
D12,4,12,21,SPB13 AG0 P8,13,0,8,LAMP1-488 + MitoRed + Phalloidin-647,None
D12,4,12,22,SPB13 AG0 P8,13,0,8,LAMP1-488 + MitoRed + Phalloidin-647,None
D12,4,12,23,SPB13 AG0 P8,13,0,8,LAMP1-488 + MitoRed + Phalloidin-647,None
D12,4,12,24,SPB13 AG0 P8,13,0,8,LAMP1-488 + MitoRed + Phalloidin-647,None
D12,4,12,25,SPB13 AG0 P8,13,0,8,LAMP1-488 + MitoRed + Phalloidin-647,None
D12,4,12,26,SPB13 AG0 P8,13,0,8,LAMP1-488 + MitoRed + Phalloidin-647,None
D12,4,12,27,SPB13 AG0 P8,13,0,8,LAMP1-488 + MitoRed + Phalloidin-647,None
D12,4,12,28,SPB13 AG0 P8,13,0,8,LAMP1-488 + MitoRed + Phalloidin-647,None
D12,4,12,29,SPB13 AG0 P8,13,0,8,LAMP1-488 + MitoRed + Phalloidin-647,None
D12,4,12,30,SPB13 AG0 P8,13,0,8,LAMP1-488 + MitoRed + Phalloidin-647,None
D12,4,12,31,SPB13 AG0 P8,13,0,8,LAMP1-488 + MitoRed + Phalloidin-647,None
D12,4,12,32,SPB13 AG0 P8,13,0,8,LAMP1-488 + MitoRed + Phalloidin-647,None
D12,4,12,33,SPB13 AG0 P8,13,0,8,LAMP1-488 + MitoRed + Phalloidin-647,None
D12,4,12,34,SPB13 AG0 P8,13,0,8,LAMP1-488 + MitoRed + Phalloidin-647,None
D12,4,12,35,SPB13 AG0 P8,13,0,8,LAMP1-488 + MitoRed + Phalloidin-647,None
D12,4,12,36,SPB13 AG0 P8,13,0,8,LAMP1-488 + MitoRed + Phalloidin-647,None
D12,4,12,37,SPB13 AG0 P8,13,0,8,LAMP1-488 + MitoRed + Phalloidin-647,None
D12,4,12,38,SPB13 AG0 P8,13,0,8,LAMP1-488 + MitoRed + Phalloidin-647,None
D12,4,12,39,SPB13 AG0 P8,13,0,8,LAMP1-488 + MitoRed + Phalloidin-647,None
D12,4,12,40,SPB13 AG0 P8,13,0,8,LAMP1-488 + MitoRed + Phalloidin-647,None
E01,5,1,1,SPB12 AG2_Doxo P12,12,2,12,LAMP1-488 + MitoRed + Phalloidin-647,Doxo
E01,5,1,2,SPB12 AG2_Doxo P12,12,2,12,LAMP1-488 + MitoRed + Phalloidin-647,Doxo
E01,5,1,3,SPB12 AG2_Doxo P12,12,2,12,LAMP1-488 + MitoRed + Phalloidin-647,Doxo
E01,5,1,4,SPB12 AG2_Doxo P12,12,2,12,LAMP1-488 + MitoRed + Phalloidin-647,Doxo
E01,5,1,5,SPB12 AG2_Doxo P12,12,2,12,LAMP1-488 + MitoRed + Phalloidin-647,Doxo
E01,5,1,6,SPB12 AG2_Doxo P12,12,2,12,LAMP1-488 + MitoRed + Phalloidin-647,Doxo
E01,5,1,7,SPB12 AG2_Doxo P12,12,2,12,LAMP1-488 + MitoRed + Phalloidin-647,Doxo
E01,5,1,8,SPB12 AG2_Doxo P12,12,2,12,LAMP1-488 + MitoRed + Phalloidin-647,Doxo
E01,5,1,9,SPB12 AG2_Doxo P12,12,2,12,LAMP1-488 + MitoRed + Phalloidin-647,Doxo
E01,5,1,10,SPB12 AG2_Doxo P12,12,2,12,LAMP1-488 + MitoRed + Phalloidin-647,Doxo
E01,5,1,11,SPB12 AG2_Doxo P12,12,2,12,LAMP1-488 + MitoRed + Phalloidin-647,Doxo
E01,5,1,12,SPB12 AG2_Doxo P12,12,2,12,LAMP1-488 + MitoRed + Phalloidin-647,Doxo
E01,5,1,13,SPB12 AG2_Doxo P12,12,2,12,LAMP1-488 + MitoRed + Phalloidin-647,Doxo
E01,5,1,14,SPB12 AG2_Doxo P12,12,2,12,LAMP1-488 + MitoRed + Phalloidin-647,Doxo
E01,5,1,15,SPB12 AG2_Doxo P12,12,2,12,LAMP1-488 + MitoRed + Phalloidin-647,Doxo
E01,5,1,16,SPB12 AG2_Doxo P12,12,2,12,LAMP1-488 + MitoRed + Phalloidin-647,Doxo
E01,5,1,17,SPB12 AG2_Doxo P12,12,2,12,LAMP1-488 + MitoRed + Phalloidin-647,Doxo
E01,5,1,18,SPB12 AG2_Doxo P12,12,2,12,LAMP1-488 + MitoRed + Phalloidin-647,Doxo
E01,5,1,19,SPB12 AG2_Doxo P12,12,2,12,LAMP1-488 + MitoRed + Phalloidin-647,Doxo
E01,5,1,20,SPB12 AG2_Doxo P12,12,2,12,LAMP1-488 + MitoRed + Phalloidin-647,Doxo
E01,5,1,21,SPB12 AG2_Doxo P12,12,2,12,LAMP1-488 + MitoRed + Phalloidin-647,Doxo
E01,5,1,22,SPB12 AG2_Doxo P12,12,2,12,LAMP1-488 + MitoRed + Phalloidin-647,Doxo
E01,5,1,23,SPB12 AG2_Doxo P12,12,2,12,LAMP1-488 + MitoRed + Phalloidin-647,Doxo
E01,5,1,24,SPB12 AG2_Doxo P12,12,2,12,LAMP1-488 + MitoRed + Phalloidin-647,Doxo
E01,5,1,25,SPB12 AG2_Doxo P12,12,2,12,LAMP1-488 + MitoRed + Phalloidin-647,Doxo
E01,5,1,26,SPB12 AG2_Doxo P12,12,2,12,LAMP1-488 + MitoRed + Phalloidin-647,Doxo
E01,5,1,27,SPB12 AG2_Doxo P12,12,2,12,LAMP1-488 + MitoRed + Phalloidin-647,Doxo
E01,5,1,28,SPB12 AG2_Doxo P12,12,2,12,LAMP1-488 + MitoRed + Phalloidin-647,Doxo
E01,5,1,29,SPB12 AG2_Doxo P12,12,2,12,LAMP1-488 + MitoRed + Phalloidin-647,Doxo
E01,5,1,30,SPB12 AG2_Doxo P12,12,2,12,LAMP1-488 + MitoRed + Phalloidin-647,Doxo
E01,5,1,31,SPB12 AG2_Doxo P12,12,2,12,LAMP1-488 + MitoRed + Phalloidin-647,Doxo
E01,5,1,32,SPB12 AG2_Doxo P12,12,2,12,LAMP1-488 + MitoRed + Phalloidin-647,Doxo
E01,5,1,33,SPB12 AG2_Doxo P12,12,2,12,LAMP1-488 + MitoRed + Phalloidin-647,Doxo
E01,5,1,34,SPB12 AG2_Doxo P12,12,2,12,LAMP1-488 + MitoRed + Phalloidin-647,Doxo
E01,5,1,35,SPB12 AG2_Doxo P12,12,2,12,LAMP1-488 + MitoRed + Phalloidin-647,Doxo
E01,5,1,36,SPB12 AG2_Doxo P12,12,2,12,LAMP1-488 + MitoRed + Phalloidin-647,Doxo
E01,5,1,37,SPB12 AG2_Doxo P12,12,2,12,LAMP1-488 + MitoRed + Phalloidin-647,Doxo
E01,5,1,38,SPB12 AG2_Doxo P12,12,2,12,LAMP1-488 + MitoRed + Phalloidin-647,Doxo
E01,5,1,39,SPB12 AG2_Doxo P12,12,2,12,LAMP1-488 + MitoRed + Phalloidin-647,Doxo
E01,5,1,40,SPB12 AG2_Doxo P12,12,2,12,LAMP1-488 + MitoRed + Phalloidin-647,Doxo
E02,5,2,1,SPB3 AG9 P29,3,9,29,LAMP1-488 + MitoRed + Phalloidin-647,None
E02,5,2,2,SPB3 AG9 P29,3,9,29,LAMP1-488 + MitoRed + Phalloidin-647,None
E02,5,2,3,SPB3 AG9 P29,3,9,29,LAMP1-488 + MitoRed + Phalloidin-647,None
E02,5,2,4,SPB3 AG9 P29,3,9,29,LAMP1-488 + MitoRed + Phalloidin-647,None
E02,5,2,5,SPB3 AG9 P29,3,9,29,LAMP1-488 + MitoRed + Phalloidin-647,None
E02,5,2,6,SPB3 AG9 P29,3,9,29,LAMP1-488 + MitoRed + Phalloidin-647,None
E02,5,2,7,SPB3 AG9 P29,3,9,29,LAMP1-488 + MitoRed + Phalloidin-647,None
E02,5,2,8,SPB3 AG9 P29,3,9,29,LAMP1-488 + MitoRed + Phalloidin-647,None
E02,5,2,9,SPB3 AG9 P29,3,9,29,LAMP1-488 + MitoRed + Phalloidin-647,None
E02,5,2,10,SPB3 AG9 P29,3,9,29,LAMP1-488 + MitoRed + Phalloidin-647,None
E02,5,2,11,SPB3 AG9 P29,3,9,29,LAMP1-488 + MitoRed + Phalloidin-647,None
E02,5,2,12,SPB3 AG9 P29,3,9,29,LAMP1-488 + MitoRed + Phalloidin-647,None
E02,5,2,13,SPB3 AG9 P29,3,9,29,LAMP1-488 + MitoRed + Phalloidin-647,None
E02,5,2,14,SPB3 AG9 P29,3,9,29,LAMP1-488 + MitoRed + Phalloidin-647,None
E02,5,2,15,SPB3 AG9 P29,3,9,29,LAMP1-488 + MitoRed + Phalloidin-647,None
E02,5,2,16,SPB3 AG9 P29,3,9,29,LAMP1-488 + MitoRed + Phalloidin-647,None
E02,5,2,17,SPB3 AG9 P29,3,9,29,LAMP1-488 + MitoRed + Phalloidin-647,None
E02,5,2,18,SPB3 AG9 P29,3,9,29,LAMP1-488 + MitoRed + Phalloidin-647,None
E02,5,2,19,SPB3 AG9 P29,3,9,29,LAMP1-488 + MitoRed + Phalloidin-647,None
E02,5,2,20,SPB3 AG9 P29,3,9,29,LAMP1-488 + MitoRed + Phalloidin-647,None
E02,5,2,21,SPB3 AG9 P29,3,9,29,LAMP1-488 + MitoRed + Phalloidin-647,None
E02,5,2,22,SPB3 AG9 P29,3,9,29,LAMP1-488 + MitoRed + Phalloidin-647,None
E02,5,2,23,SPB3 AG9 P29,3,9,29,LAMP1-488 + MitoRed + Phalloidin-647,None
E02,5,2,24,SPB3 AG9 P29,3,9,29,LAMP1-488 + MitoRed + Phalloidin-647,None
E02,5,2,25,SPB3 AG9 P29,3,9,29,LAMP1-488 + MitoRed + Phalloidin-647,None
E02,5,2,26,SPB3 AG9 P29,3,9,29,LAMP1-488 + MitoRed + Phalloidin-647,None
E02,5,2,27,SPB3 AG9 P29,3,9,29,LAMP1-488 + MitoRed + Phalloidin-647,None
E02,5,2,28,SPB3 AG9 P29,3,9,29,LAMP1-488 + MitoRed + Phalloidin-647,None
E02,5,2,29,SPB3 AG9 P29,3,9,29,LAMP1-488 + MitoRed + Phalloidin-647,None
E02,5,2,30,SPB3 AG9 P29,3,9,29,LAMP1-488 + MitoRed + Phalloidin-647,None
E02,5,2,31,SPB3 AG9 P29,3,9,29,LAMP1-488 + MitoRed + Phalloidin-647,None
E02,5,2,32,SPB3 AG9 P29,3,9,29,LAMP1-488 + MitoRed + Phalloidin-647,None
E02,5,2,33,SPB3 AG9 P29,3,9,29,LAMP1-488 + MitoRed + Phalloidin-647,None
E02,5,2,34,SPB3 AG9 P29,3,9,29,LAMP1-488 + MitoRed + Phalloidin-647,None
E02,5,2,35,SPB3 AG9 P29,3,9,29,LAMP1-488 + MitoRed + Phalloidin-647,None
E02,5,2,36,SPB3 AG9 P29,3,9,29,LAMP1-488 + MitoRed + Phalloidin-647,None
E02,5,2,37,SPB3 AG9 P29,3,9,29,LAMP1-488 + MitoRed + Phalloidin-647,None
E02,5,2,38,SPB3 AG9 P29,3,9,29,LAMP1-488 + MitoRed + Phalloidin-647,None
E02,5,2,39,SPB3 AG9 P29,3,9,29,LAMP1-488 + MitoRed + Phalloidin-647,None
E02,5,2,40,SPB3 AG9 P29,3,9,29,LAMP1-488 + MitoRed + Phalloidin-647,None
E03,5,3,1,SPB4 AG8 P27,4,8,27,LAMP1-488 + MitoRed + Phalloidin-647,None
E03,5,3,2,SPB4 AG8 P27,4,8,27,LAMP1-488 + MitoRed + Phalloidin-647,None
E03,5,3,3,SPB4 AG8 P27,4,8,27,LAMP1-488 + MitoRed + Phalloidin-647,None
E03,5,3,4,SPB4 AG8 P27,4,8,27,LAMP1-488 + MitoRed + Phalloidin-647,None
E03,5,3,5,SPB4 AG8 P27,4,8,27,LAMP1-488 + MitoRed + Phalloidin-647,None
E03,5,3,6,SPB4 AG8 P27,4,8,27,LAMP1-488 + MitoRed + Phalloidin-647,None
E03,5,3,7,SPB4 AG8 P27,4,8,27,LAMP1-488 + MitoRed + Phalloidin-647,None
E03,5,3,8,SPB4 AG8 P27,4,8,27,LAMP1-488 + MitoRed + Phalloidin-647,None
E03,5,3,9,SPB4 AG8 P27,4,8,27,LAMP1-488 + MitoRed + Phalloidin-647,None
E03,5,3,10,SPB4 AG8 P27,4,8,27,LAMP1-488 + MitoRed + Phalloidin-647,None
E03,5,3,11,SPB4 AG8 P27,4,8,27,LAMP1-488 + MitoRed + Phalloidin-647,None
E03,5,3,12,SPB4 AG8 P27,4,8,27,LAMP1-488 + MitoRed + Phalloidin-647,None
E03,5,3,13,SPB4 AG8 P27,4,8,27,LAMP1-488 + MitoRed + Phalloidin-647,None
E03,5,3,14,SPB4 AG8 P27,4,8,27,LAMP1-488 + MitoRed + Phalloidin-647,None
E03,5,3,15,SPB4 AG8 P27,4,8,27,LAMP1-488 + MitoRed + Phalloidin-647,None
E03,5,3,16,SPB4 AG8 P27,4,8,27,LAMP1-488 + MitoRed + Phalloidin-647,None
E03,5,3,17,SPB4 AG8 P27,4,8,27,LAMP1-488 + MitoRed + Phalloidin-647,None
E03,5,3,18,SPB4 AG8 P27,4,8,27,LAMP1-488 + MitoRed + Phalloidin-647,None
E03,5,3,19,SPB4 AG8 P27,4,8,27,LAMP1-488 + MitoRed + Phalloidin-647,None
E03,5,3,20,SPB4 AG8 P27,4,8,27,LAMP1-488 + MitoRed + Phalloidin-647,None
E03,5,3,21,SPB4 AG8 P27,4,8,27,LAMP1-488 + MitoRed + Phalloidin-647,None
E03,5,3,22,SPB4 AG8 P27,4,8,27,LAMP1-488 + MitoRed + Phalloidin-647,None
E03,5,3,23,SPB4 AG8 P27,4,8,27,LAMP1-488 + MitoRed + Phalloidin-647,None
E03,5,3,24,SPB4 AG8 P27,4,8,27,LAMP1-488 + MitoRed + Phalloidin-647,None
E03,5,3,25,SPB4 AG8 P27,4,8,27,LAMP1-488 + MitoRed + Phalloidin-647,None
E03,5,3,26,SPB4 AG8 P27,4,8,27,LAMP1-488 + MitoRed + Phalloidin-647,None
E03,5,3,27,SPB4 AG8 P27,4,8,27,LAMP1-488 + MitoRed + Phalloidin-647,None
E03,5,3,28,SPB4 AG8 P27,4,8,27,LAMP1-488 + MitoRed + Phalloidin-647,None
E03,5,3,29,SPB4 AG8 P27,4,8,27,LAMP1-488 + MitoRed + Phalloidin-647,None
E03,5,3,30,SPB4 AG8 P27,4,8,27,LAMP1-488 + MitoRed + Phalloidin-647,None
E03,5,3,31,SPB4 AG8 P27,4,8,27,LAMP1-488 + MitoRed + Phalloidin-647,None
E03,5,3,32,SPB4 AG8 P27,4,8,27,LAMP1-488 + MitoRed + Phalloidin-647,None
E03,5,3,33,SPB4 AG8 P27,4,8,27,LAMP1-488 + MitoRed + Phalloidin-647,None
E03,5,3,34,SPB4 AG8 P27,4,8,27,LAMP1-488 + MitoRed + Phalloidin-647,None
E03,5,3,35,SPB4 AG8 P27,4,8,27,LAMP1-488 + MitoRed + Phalloidin-647,None
E03,5,3,36,SPB4 AG8 P27,4,8,27,LAMP1-488 + MitoRed + Phalloidin-647,None
E03,5,3,37,SPB4 AG8 P27,4,8,27,LAMP1-488 + MitoRed + Phalloidin-647,None
E03,5,3,38,SPB4 AG8 P27,4,8,27,LAMP1-488 + MitoRed + Phalloidin-647,None
E03,5,3,39,SPB4 AG8 P27,4,8,27,LAMP1-488 + MitoRed + Phalloidin-647,None
E03,5,3,40,SPB4 AG8 P27,4,8,27,LAMP1-488 + MitoRed + Phalloidin-647,None
E04,5,4,1,SPB2 AG7 P24,2,7,24,LAMP1-488 + MitoRed + Phalloidin-647,None
E04,5,4,2,SPB2 AG7 P24,2,7,24,LAMP1-488 + MitoRed + Phalloidin-647,None
E04,5,4,3,SPB2 AG7 P24,2,7,24,LAMP1-488 + MitoRed + Phalloidin-647,None
E04,5,4,4,SPB2 AG7 P24,2,7,24,LAMP1-488 + MitoRed + Phalloidin-647,None
E04,5,4,5,SPB2 AG7 P24,2,7,24,LAMP1-488 + MitoRed + Phalloidin-647,None
E04,5,4,6,SPB2 AG7 P24,2,7,24,LAMP1-488 + MitoRed + Phalloidin-647,None
E04,5,4,7,SPB2 AG7 P24,2,7,24,LAMP1-488 + MitoRed + Phalloidin-647,None
E04,5,4,8,SPB2 AG7 P24,2,7,24,LAMP1-488 + MitoRed + Phalloidin-647,None
E04,5,4,9,SPB2 AG7 P24,2,7,24,LAMP1-488 + MitoRed + Phalloidin-647,None
E04,5,4,10,SPB2 AG7 P24,2,7,24,LAMP1-488 + MitoRed + Phalloidin-647,None
E04,5,4,11,SPB2 AG7 P24,2,7,24,LAMP1-488 + MitoRed + Phalloidin-647,None
E04,5,4,12,SPB2 AG7 P24,2,7,24,LAMP1-488 + MitoRed + Phalloidin-647,None
E04,5,4,13,SPB2 AG7 P24,2,7,24,LAMP1-488 + MitoRed + Phalloidin-647,None
E04,5,4,14,SPB2 AG7 P24,2,7,24,LAMP1-488 + MitoRed + Phalloidin-647,None
E04,5,4,15,SPB2 AG7 P24,2,7,24,LAMP1-488 + MitoRed + Phalloidin-647,None
E04,5,4,16,SPB2 AG7 P24,2,7,24,LAMP1-488 + MitoRed + Phalloidin-647,None
E04,5,4,17,SPB2 AG7 P24,2,7,24,LAMP1-488 + MitoRed + Phalloidin-647,None
E04,5,4,18,SPB2 AG7 P24,2,7,24,LAMP1-488 + MitoRed + Phalloidin-647,None
E04,5,4,19,SPB2 AG7 P24,2,7,24,LAMP1-488 + MitoRed + Phalloidin-647,None
E04,5,4,20,SPB2 AG7 P24,2,7,24,LAMP1-488 + MitoRed + Phalloidin-647,None
E04,5,4,21,SPB2 AG7 P24,2,7,24,LAMP1-488 + MitoRed + Phalloidin-647,None
E04,5,4,22,SPB2 AG7 P24,2,7,24,LAMP1-488 + MitoRed + Phalloidin-647,None
E04,5,4,23,SPB2 AG7 P24,2,7,24,LAMP1-488 + MitoRed + Phalloidin-647,None
E04,5,4,24,SPB2 AG7 P24,2,7,24,LAMP1-488 + MitoRed + Phalloidin-647,None
E04,5,4,25,SPB2 AG7 P24,2,7,24,LAMP1-488 + MitoRed + Phalloidin-647,None
E04,5,4,26,SPB2 AG7 P24,2,7,24,LAMP1-488 + MitoRed + Phalloidin-647,None
E04,5,4,27,SPB2 AG7 P24,2,7,24,LAMP1-488 + MitoRed + Phalloidin-647,None
E04,5,4,28,SPB2 AG7 P24,2,7,24,LAMP1-488 + MitoRed + Phalloidin-647,None
E04,5,4,29,SPB2 AG7 P24,2,7,24,LAMP1-488 + MitoRed + Phalloidin-647,None
E04,5,4,30,SPB2 AG7 P24,2,7,24,LAMP1-488 + MitoRed + Phalloidin-647,None
E04,5,4,31,SPB2 AG7 P24,2,7,24,LAMP1-488 + MitoRed + Phalloidin-647,None
E04,5,4,32,SPB2 AG7 P24,2,7,24,LAMP1-488 + MitoRed + Phalloidin-647,None
E04,5,4,33,SPB2 AG7 P24,2,7,24,LAMP1-488 + MitoRed + Phalloidin-647,None
E04,5,4,34,SPB2 AG7 P24,2,7,24,LAMP1-488 + MitoRed + Phalloidin-647,None
E04,5,4,35,SPB2 AG7 P24,2,7,24,LAMP1-488 + MitoRed + Phalloidin-647,None
E04,5,4,36,SPB2 AG7 P24,2,7,24,LAMP1-488 + MitoRed + Phalloidin-647,None
E04,5,4,37,SPB2 AG7 P24,2,7,24,LAMP1-488 + MitoRed + Phalloidin-647,None
E04,5,4,38,SPB2 AG7 P24,2,7,24,LAMP1-488 + MitoRed + Phalloidin-647,None
E04,5,4,39,SPB2 AG7 P24,2,7,24,LAMP1-488 + MitoRed + Phalloidin-647,None
E04,5,4,40,SPB2 AG7 P24,2,7,24,LAMP1-488 + MitoRed + Phalloidin-647,None
E05,5,5,1,SPB8 AG6 P22,8,6,22,LAMP1-488 + MitoRed + Phalloidin-647,None
E05,5,5,2,SPB8 AG6 P22,8,6,22,LAMP1-488 + MitoRed + Phalloidin-647,None
E05,5,5,3,SPB8 AG6 P22,8,6,22,LAMP1-488 + MitoRed + Phalloidin-647,None
E05,5,5,4,SPB8 AG6 P22,8,6,22,LAMP1-488 + MitoRed + Phalloidin-647,None
E05,5,5,5,SPB8 AG6 P22,8,6,22,LAMP1-488 + MitoRed + Phalloidin-647,None
E05,5,5,6,SPB8 AG6 P22,8,6,22,LAMP1-488 + MitoRed + Phalloidin-647,None
E05,5,5,7,SPB8 AG6 P22,8,6,22,LAMP1-488 + MitoRed + Phalloidin-647,None
E05,5,5,8,SPB8 AG6 P22,8,6,22,LAMP1-488 + MitoRed + Phalloidin-647,None
E05,5,5,9,SPB8 AG6 P22,8,6,22,LAMP1-488 + MitoRed + Phalloidin-647,None
E05,5,5,10,SPB8 AG6 P22,8,6,22,LAMP1-488 + MitoRed + Phalloidin-647,None
E05,5,5,11,SPB8 AG6 P22,8,6,22,LAMP1-488 + MitoRed + Phalloidin-647,None
E05,5,5,12,SPB8 AG6 P22,8,6,22,LAMP1-488 + MitoRed + Phalloidin-647,None
E05,5,5,13,SPB8 AG6 P22,8,6,22,LAMP1-488 + MitoRed + Phalloidin-647,None
E05,5,5,14,SPB8 AG6 P22,8,6,22,LAMP1-488 + MitoRed + Phalloidin-647,None
E05,5,5,15,SPB8 AG6 P22,8,6,22,LAMP1-488 + MitoRed + Phalloidin-647,None
E05,5,5,16,SPB8 AG6 P22,8,6,22,LAMP1-488 + MitoRed + Phalloidin-647,None
E05,5,5,17,SPB8 AG6 P22,8,6,22,LAMP1-488 + MitoRed + Phalloidin-647,None
E05,5,5,18,SPB8 AG6 P22,8,6,22,LAMP1-488 + MitoRed + Phalloidin-647,None
E05,5,5,19,SPB8 AG6 P22,8,6,22,LAMP1-488 + MitoRed + Phalloidin-647,None
E05,5,5,20,SPB8 AG6 P22,8,6,22,LAMP1-488 + MitoRed + Phalloidin-647,None
E05,5,5,21,SPB8 AG6 P22,8,6,22,LAMP1-488 + MitoRed + Phalloidin-647,None
E05,5,5,22,SPB8 AG6 P22,8,6,22,LAMP1-488 + MitoRed + Phalloidin-647,None
E05,5,5,23,SPB8 AG6 P22,8,6,22,LAMP1-488 + MitoRed + Phalloidin-647,None
E05,5,5,24,SPB8 AG6 P22,8,6,22,LAMP1-488 + MitoRed + Phalloidin-647,None
E05,5,5,25,SPB8 AG6 P22,8,6,22,LAMP1-488 + MitoRed + Phalloidin-647,None
E05,5,5,26,SPB8 AG6 P22,8,6,22,LAMP1-488 + MitoRed + Phalloidin-647,None
E05,5,5,27,SPB8 AG6 P22,8,6,22,LAMP1-488 + MitoRed + Phalloidin-647,None
E05,5,5,28,SPB8 AG6 P22,8,6,22,LAMP1-488 + MitoRed + Phalloidin-647,None
E05,5,5,29,SPB8 AG6 P22,8,6,22,LAMP1-488 + MitoRed + Phalloidin-647,None
E05,5,5,30,SPB8 AG6 P22,8,6,22,LAMP1-488 + MitoRed + Phalloidin-647,None
E05,5,5,31,SPB8 AG6 P22,8,6,22,LAMP1-488 + MitoRed + Phalloidin-647,None
E05,5,5,32,SPB8 AG6 P22,8,6,22,LAMP1-488 + MitoRed + Phalloidin-647,None
E05,5,5,33,SPB8 AG6 P22,8,6,22,LAMP1-488 + MitoRed + Phalloidin-647,None
E05,5,5,34,SPB8 AG6 P22,8,6,22,LAMP1-488 + MitoRed + Phalloidin-647,None
E05,5,5,35,SPB8 AG6 P22,8,6,22,LAMP1-488 + MitoRed + Phalloidin-647,None
E05,5,5,36,SPB8 AG6 P22,8,6,22,LAMP1-488 + MitoRed + Phalloidin-647,None
E05,5,5,37,SPB8 AG6 P22,8,6,22,LAMP1-488 + MitoRed + Phalloidin-647,None
E05,5,5,38,SPB8 AG6 P22,8,6,22,LAMP1-488 + MitoRed + Phalloidin-647,None
E05,5,5,39,SPB8 AG6 P22,8,6,22,LAMP1-488 + MitoRed + Phalloidin-647,None
E05,5,5,40,SPB8 AG6 P22,8,6,22,LAMP1-488 + MitoRed + Phalloidin-647,None
E06,5,6,1,SPB9 AG5 P20,9,5,20,LAMP1-488 + MitoRed + Phalloidin-647,None
E06,5,6,2,SPB9 AG5 P20,9,5,20,LAMP1-488 + MitoRed + Phalloidin-647,None
E06,5,6,3,SPB9 AG5 P20,9,5,20,LAMP1-488 + MitoRed + Phalloidin-647,None
E06,5,6,4,SPB9 AG5 P20,9,5,20,LAMP1-488 + MitoRed + Phalloidin-647,None
E06,5,6,5,SPB9 AG5 P20,9,5,20,LAMP1-488 + MitoRed + Phalloidin-647,None
E06,5,6,6,SPB9 AG5 P20,9,5,20,LAMP1-488 + MitoRed + Phalloidin-647,None
E06,5,6,7,SPB9 AG5 P20,9,5,20,LAMP1-488 + MitoRed + Phalloidin-647,None
E06,5,6,8,SPB9 AG5 P20,9,5,20,LAMP1-488 + MitoRed + Phalloidin-647,None
E06,5,6,9,SPB9 AG5 P20,9,5,20,LAMP1-488 + MitoRed + Phalloidin-647,None
E06,5,6,10,SPB9 AG5 P20,9,5,20,LAMP1-488 + MitoRed + Phalloidin-647,None
E06,5,6,11,SPB9 AG5 P20,9,5,20,LAMP1-488 + MitoRed + Phalloidin-647,None
E06,5,6,12,SPB9 AG5 P20,9,5,20,LAMP1-488 + MitoRed + Phalloidin-647,None
E06,5,6,13,SPB9 AG5 P20,9,5,20,LAMP1-488 + MitoRed + Phalloidin-647,None
E06,5,6,14,SPB9 AG5 P20,9,5,20,LAMP1-488 + MitoRed + Phalloidin-647,None
E06,5,6,15,SPB9 AG5 P20,9,5,20,LAMP1-488 + MitoRed + Phalloidin-647,None
E06,5,6,16,SPB9 AG5 P20,9,5,20,LAMP1-488 + MitoRed + Phalloidin-647,None
E06,5,6,17,SPB9 AG5 P20,9,5,20,LAMP1-488 + MitoRed + Phalloidin-647,None
E06,5,6,18,SPB9 AG5 P20,9,5,20,LAMP1-488 + MitoRed + Phalloidin-647,None
E06,5,6,19,SPB9 AG5 P20,9,5,20,LAMP1-488 + MitoRed + Phalloidin-647,None
E06,5,6,20,SPB9 AG5 P20,9,5,20,LAMP1-488 + MitoRed + Phalloidin-647,None
E06,5,6,21,SPB9 AG5 P20,9,5,20,LAMP1-488 + MitoRed + Phalloidin-647,None
E06,5,6,22,SPB9 AG5 P20,9,5,20,LAMP1-488 + MitoRed + Phalloidin-647,None
E06,5,6,23,SPB9 AG5 P20,9,5,20,LAMP1-488 + MitoRed + Phalloidin-647,None
E06,5,6,24,SPB9 AG5 P20,9,5,20,LAMP1-488 + MitoRed + Phalloidin-647,None
E06,5,6,25,SPB9 AG5 P20,9,5,20,LAMP1-488 + MitoRed + Phalloidin-647,None
E06,5,6,26,SPB9 AG5 P20,9,5,20,LAMP1-488 + MitoRed + Phalloidin-647,None
E06,5,6,27,SPB9 AG5 P20,9,5,20,LAMP1-488 + MitoRed + Phalloidin-647,None
E06,5,6,28,SPB9 AG5 P20,9,5,20,LAMP1-488 + MitoRed + Phalloidin-647,None
E06,5,6,29,SPB9 AG5 P20,9,5,20,LAMP1-488 + MitoRed + Phalloidin-647,None
E06,5,6,30,SPB9 AG5 P20,9,5,20,LAMP1-488 + MitoRed + Phalloidin-647,None
E06,5,6,31,SPB9 AG5 P20,9,5,20,LAMP1-488 + MitoRed + Phalloidin-647,None
E06,5,6,32,SPB9 AG5 P20,9,5,20,LAMP1-488 + MitoRed + Phalloidin-647,None
E06,5,6,33,SPB9 AG5 P20,9,5,20,LAMP1-488 + MitoRed + Phalloidin-647,None
E06,5,6,34,SPB9 AG5 P20,9,5,20,LAMP1-488 + MitoRed + Phalloidin-647,None
E06,5,6,35,SPB9 AG5 P20,9,5,20,LAMP1-488 + MitoRed + Phalloidin-647,None
E06,5,6,36,SPB9 AG5 P20,9,5,20,LAMP1-488 + MitoRed + Phalloidin-647,None
E06,5,6,37,SPB9 AG5 P20,9,5,20,LAMP1-488 + MitoRed + Phalloidin-647,None
E06,5,6,38,SPB9 AG5 P20,9,5,20,LAMP1-488 + MitoRed + Phalloidin-647,None
E06,5,6,39,SPB9 AG5 P20,9,5,20,LAMP1-488 + MitoRed + Phalloidin-647,None
E06,5,6,40,SPB9 AG5 P20,9,5,20,LAMP1-488 + MitoRed + Phalloidin-647,None
E07,5,7,1,SPB4 AG4 P18,4,4,18,LAMP1-488 + MitoRed + Phalloidin-647,None
E07,5,7,2,SPB4 AG4 P18,4,4,18,LAMP1-488 + MitoRed + Phalloidin-647,None
E07,5,7,3,SPB4 AG4 P18,4,4,18,LAMP1-488 + MitoRed + Phalloidin-647,None
E07,5,7,4,SPB4 AG4 P18,4,4,18,LAMP1-488 + MitoRed + Phalloidin-647,None
E07,5,7,5,SPB4 AG4 P18,4,4,18,LAMP1-488 + MitoRed + Phalloidin-647,None
E07,5,7,6,SPB4 AG4 P18,4,4,18,LAMP1-488 + MitoRed + Phalloidin-647,None
E07,5,7,7,SPB4 AG4 P18,4,4,18,LAMP1-488 + MitoRed + Phalloidin-647,None
E07,5,7,8,SPB4 AG4 P18,4,4,18,LAMP1-488 + MitoRed + Phalloidin-647,None
E07,5,7,9,SPB4 AG4 P18,4,4,18,LAMP1-488 + MitoRed + Phalloidin-647,None
E07,5,7,10,SPB4 AG4 P18,4,4,18,LAMP1-488 + MitoRed + Phalloidin-647,None
E07,5,7,11,SPB4 AG4 P18,4,4,18,LAMP1-488 + MitoRed + Phalloidin-647,None
E07,5,7,12,SPB4 AG4 P18,4,4,18,LAMP1-488 + MitoRed + Phalloidin-647,None
E07,5,7,13,SPB4 AG4 P18,4,4,18,LAMP1-488 + MitoRed + Phalloidin-647,None
E07,5,7,14,SPB4 AG4 P18,4,4,18,LAMP1-488 + MitoRed + Phalloidin-647,None
E07,5,7,15,SPB4 AG4 P18,4,4,18,LAMP1-488 + MitoRed + Phalloidin-647,None
E07,5,7,16,SPB4 AG4 P18,4,4,18,LAMP1-488 + MitoRed + Phalloidin-647,None
E07,5,7,17,SPB4 AG4 P18,4,4,18,LAMP1-488 + MitoRed + Phalloidin-647,None
E07,5,7,18,SPB4 AG4 P18,4,4,18,LAMP1-488 + MitoRed + Phalloidin-647,None
E07,5,7,19,SPB4 AG4 P18,4,4,18,LAMP1-488 + MitoRed + Phalloidin-647,None
E07,5,7,20,SPB4 AG4 P18,4,4,18,LAMP1-488 + MitoRed + Phalloidin-647,None
E07,5,7,21,SPB4 AG4 P18,4,4,18,LAMP1-488 + MitoRed + Phalloidin-647,None
E07,5,7,22,SPB4 AG4 P18,4,4,18,LAMP1-488 + MitoRed + Phalloidin-647,None
E07,5,7,23,SPB4 AG4 P18,4,4,18,LAMP1-488 + MitoRed + Phalloidin-647,None
E07,5,7,24,SPB4 AG4 P18,4,4,18,LAMP1-488 + MitoRed + Phalloidin-647,None
E07,5,7,25,SPB4 AG4 P18,4,4,18,LAMP1-488 + MitoRed + Phalloidin-647,None
E07,5,7,26,SPB4 AG4 P18,4,4,18,LAMP1-488 + MitoRed + Phalloidin-647,None
E07,5,7,27,SPB4 AG4 P18,4,4,18,LAMP1-488 + MitoRed + Phalloidin-647,None
E07,5,7,28,SPB4 AG4 P18,4,4,18,LAMP1-488 + MitoRed + Phalloidin-647,None
E07,5,7,29,SPB4 AG4 P18,4,4,18,LAMP1-488 + MitoRed + Phalloidin-647,None
E07,5,7,30,SPB4 AG4 P18,4,4,18,LAMP1-488 + MitoRed + Phalloidin-647,None
E07,5,7,31,SPB4 AG4 P18,4,4,18,LAMP1-488 + MitoRed + Phalloidin-647,None
E07,5,7,32,SPB4 AG4 P18,4,4,18,LAMP1-488 + MitoRed + Phalloidin-647,None
E07,5,7,33,SPB4 AG4 P18,4,4,18,LAMP1-488 + MitoRed + Phalloidin-647,None
E07,5,7,34,SPB4 AG4 P18,4,4,18,LAMP1-488 + MitoRed + Phalloidin-647,None
E07,5,7,35,SPB4 AG4 P18,4,4,18,LAMP1-488 + MitoRed + Phalloidin-647,None
E07,5,7,36,SPB4 AG4 P18,4,4,18,LAMP1-488 + MitoRed + Phalloidin-647,None
E07,5,7,37,SPB4 AG4 P18,4,4,18,LAMP1-488 + MitoRed + Phalloidin-647,None
E07,5,7,38,SPB4 AG4 P18,4,4,18,LAMP1-488 + MitoRed + Phalloidin-647,None
E07,5,7,39,SPB4 AG4 P18,4,4,18,LAMP1-488 + MitoRed + Phalloidin-647,None
E07,5,7,40,SPB4 AG4 P18,4,4,18,LAMP1-488 + MitoRed + Phalloidin-647,None
E08,5,8,1,SPB10 AG3 P17,10,3,17,LAMP1-488 + MitoRed + Phalloidin-647,None
E08,5,8,2,SPB10 AG3 P17,10,3,17,LAMP1-488 + MitoRed + Phalloidin-647,None
E08,5,8,3,SPB10 AG3 P17,10,3,17,LAMP1-488 + MitoRed + Phalloidin-647,None
E08,5,8,4,SPB10 AG3 P17,10,3,17,LAMP1-488 + MitoRed + Phalloidin-647,None
E08,5,8,5,SPB10 AG3 P17,10,3,17,LAMP1-488 + MitoRed + Phalloidin-647,None
E08,5,8,6,SPB10 AG3 P17,10,3,17,LAMP1-488 + MitoRed + Phalloidin-647,None
E08,5,8,7,SPB10 AG3 P17,10,3,17,LAMP1-488 + MitoRed + Phalloidin-647,None
E08,5,8,8,SPB10 AG3 P17,10,3,17,LAMP1-488 + MitoRed + Phalloidin-647,None
E08,5,8,9,SPB10 AG3 P17,10,3,17,LAMP1-488 + MitoRed + Phalloidin-647,None
E08,5,8,10,SPB10 AG3 P17,10,3,17,LAMP1-488 + MitoRed + Phalloidin-647,None
E08,5,8,11,SPB10 AG3 P17,10,3,17,LAMP1-488 + MitoRed + Phalloidin-647,None
E08,5,8,12,SPB10 AG3 P17,10,3,17,LAMP1-488 + MitoRed + Phalloidin-647,None
E08,5,8,13,SPB10 AG3 P17,10,3,17,LAMP1-488 + MitoRed + Phalloidin-647,None
E08,5,8,14,SPB10 AG3 P17,10,3,17,LAMP1-488 + MitoRed + Phalloidin-647,None
E08,5,8,15,SPB10 AG3 P17,10,3,17,LAMP1-488 + MitoRed + Phalloidin-647,None
E08,5,8,16,SPB10 AG3 P17,10,3,17,LAMP1-488 + MitoRed + Phalloidin-647,None
E08,5,8,17,SPB10 AG3 P17,10,3,17,LAMP1-488 + MitoRed + Phalloidin-647,None
E08,5,8,18,SPB10 AG3 P17,10,3,17,LAMP1-488 + MitoRed + Phalloidin-647,None
E08,5,8,19,SPB10 AG3 P17,10,3,17,LAMP1-488 + MitoRed + Phalloidin-647,None
E08,5,8,20,SPB10 AG3 P17,10,3,17,LAMP1-488 + MitoRed + Phalloidin-647,None
E08,5,8,21,SPB10 AG3 P17,10,3,17,LAMP1-488 + MitoRed + Phalloidin-647,None
E08,5,8,22,SPB10 AG3 P17,10,3,17,LAMP1-488 + MitoRed + Phalloidin-647,None
E08,5,8,23,SPB10 AG3 P17,10,3,17,LAMP1-488 + MitoRed + Phalloidin-647,None
E08,5,8,24,SPB10 AG3 P17,10,3,17,LAMP1-488 + MitoRed + Phalloidin-647,None
E08,5,8,25,SPB10 AG3 P17,10,3,17,LAMP1-488 + MitoRed + Phalloidin-647,None
E08,5,8,26,SPB10 AG3 P17,10,3,17,LAMP1-488 + MitoRed + Phalloidin-647,None
E08,5,8,27,SPB10 AG3 P17,10,3,17,LAMP1-488 + MitoRed + Phalloidin-647,None
E08,5,8,28,SPB10 AG3 P17,10,3,17,LAMP1-488 + MitoRed + Phalloidin-647,None
E08,5,8,29,SPB10 AG3 P17,10,3,17,LAMP1-488 + MitoRed + Phalloidin-647,None
E08,5,8,30,SPB10 AG3 P17,10,3,17,LAMP1-488 + MitoRed + Phalloidin-647,None
E08,5,8,31,SPB10 AG3 P17,10,3,17,LAMP1-488 + MitoRed + Phalloidin-647,None
E08,5,8,32,SPB10 AG3 P17,10,3,17,LAMP1-488 + MitoRed + Phalloidin-647,None
E08,5,8,33,SPB10 AG3 P17,10,3,17,LAMP1-488 + MitoRed + Phalloidin-647,None
E08,5,8,34,SPB10 AG3 P17,10,3,17,LAMP1-488 + MitoRed + Phalloidin-647,None
E08,5,8,35,SPB10 AG3 P17,10,3,17,LAMP1-488 + MitoRed + Phalloidin-647,None
E08,5,8,36,SPB10 AG3 P17,10,3,17,LAMP1-488 + MitoRed + Phalloidin-647,None
E08,5,8,37,SPB10 AG3 P17,10,3,17,LAMP1-488 + MitoRed + Phalloidin-647,None
E08,5,8,38,SPB10 AG3 P17,10,3,17,LAMP1-488 + MitoRed + Phalloidin-647,None
E08,5,8,39,SPB10 AG3 P17,10,3,17,LAMP1-488 + MitoRed + Phalloidin-647,None
E08,5,8,40,SPB10 AG3 P17,10,3,17,LAMP1-488 + MitoRed + Phalloidin-647,None
E09,5,9,1,SPB11 AG2 P15,11,2,15,LAMP1-488 + MitoRed + Phalloidin-647,None
E09,5,9,2,SPB11 AG2 P15,11,2,15,LAMP1-488 + MitoRed + Phalloidin-647,None
E09,5,9,3,SPB11 AG2 P15,11,2,15,LAMP1-488 + MitoRed + Phalloidin-647,None
E09,5,9,4,SPB11 AG2 P15,11,2,15,LAMP1-488 + MitoRed + Phalloidin-647,None
E09,5,9,5,SPB11 AG2 P15,11,2,15,LAMP1-488 + MitoRed + Phalloidin-647,None
E09,5,9,6,SPB11 AG2 P15,11,2,15,LAMP1-488 + MitoRed + Phalloidin-647,None
E09,5,9,7,SPB11 AG2 P15,11,2,15,LAMP1-488 + MitoRed + Phalloidin-647,None
E09,5,9,8,SPB11 AG2 P15,11,2,15,LAMP1-488 + MitoRed + Phalloidin-647,None
E09,5,9,9,SPB11 AG2 P15,11,2,15,LAMP1-488 + MitoRed + Phalloidin-647,None
E09,5,9,10,SPB11 AG2 P15,11,2,15,LAMP1-488 + MitoRed + Phalloidin-647,None
E09,5,9,11,SPB11 AG2 P15,11,2,15,LAMP1-488 + MitoRed + Phalloidin-647,None
E09,5,9,12,SPB11 AG2 P15,11,2,15,LAMP1-488 + MitoRed + Phalloidin-647,None
E09,5,9,13,SPB11 AG2 P15,11,2,15,LAMP1-488 + MitoRed + Phalloidin-647,None
E09,5,9,14,SPB11 AG2 P15,11,2,15,LAMP1-488 + MitoRed + Phalloidin-647,None
E09,5,9,15,SPB11 AG2 P15,11,2,15,LAMP1-488 + MitoRed + Phalloidin-647,None
E09,5,9,16,SPB11 AG2 P15,11,2,15,LAMP1-488 + MitoRed + Phalloidin-647,None
E09,5,9,17,SPB11 AG2 P15,11,2,15,LAMP1-488 + MitoRed + Phalloidin-647,None
E09,5,9,18,SPB11 AG2 P15,11,2,15,LAMP1-488 + MitoRed + Phalloidin-647,None
E09,5,9,19,SPB11 AG2 P15,11,2,15,LAMP1-488 + MitoRed + Phalloidin-647,None
E09,5,9,20,SPB11 AG2 P15,11,2,15,LAMP1-488 + MitoRed + Phalloidin-647,None
E09,5,9,21,SPB11 AG2 P15,11,2,15,LAMP1-488 + MitoRed + Phalloidin-647,None
E09,5,9,22,SPB11 AG2 P15,11,2,15,LAMP1-488 + MitoRed + Phalloidin-647,None
E09,5,9,23,SPB11 AG2 P15,11,2,15,LAMP1-488 + MitoRed + Phalloidin-647,None
E09,5,9,24,SPB11 AG2 P15,11,2,15,LAMP1-488 + MitoRed + Phalloidin-647,None
E09,5,9,25,SPB11 AG2 P15,11,2,15,LAMP1-488 + MitoRed + Phalloidin-647,None
E09,5,9,26,SPB11 AG2 P15,11,2,15,LAMP1-488 + MitoRed + Phalloidin-647,None
E09,5,9,27,SPB11 AG2 P15,11,2,15,LAMP1-488 + MitoRed + Phalloidin-647,None
E09,5,9,28,SPB11 AG2 P15,11,2,15,LAMP1-488 + MitoRed + Phalloidin-647,None
E09,5,9,29,SPB11 AG2 P15,11,2,15,LAMP1-488 + MitoRed + Phalloidin-647,None
E09,5,9,30,SPB11 AG2 P15,11,2,15,LAMP1-488 + MitoRed + Phalloidin-647,None
E09,5,9,31,SPB11 AG2 P15,11,2,15,LAMP1-488 + MitoRed + Phalloidin-647,None
E09,5,9,32,SPB11 AG2 P15,11,2,15,LAMP1-488 + MitoRed + Phalloidin-647,None
E09,5,9,33,SPB11 AG2 P15,11,2,15,LAMP1-488 + MitoRed + Phalloidin-647,None
E09,5,9,34,SPB11 AG2 P15,11,2,15,LAMP1-488 + MitoRed + Phalloidin-647,None
E09,5,9,35,SPB11 AG2 P15,11,2,15,LAMP1-488 + MitoRed + Phalloidin-647,None
E09,5,9,36,SPB11 AG2 P15,11,2,15,LAMP1-488 + MitoRed + Phalloidin-647,None
E09,5,9,37,SPB11 AG2 P15,11,2,15,LAMP1-488 + MitoRed + Phalloidin-647,None
E09,5,9,38,SPB11 AG2 P15,11,2,15,LAMP1-488 + MitoRed + Phalloidin-647,None
E09,5,9,39,SPB11 AG2 P15,11,2,15,LAMP1-488 + MitoRed + Phalloidin-647,None
E09,5,9,40,SPB11 AG2 P15,11,2,15,LAMP1-488 + MitoRed + Phalloidin-647,None
E10,5,10,1,SPB12 AG1 P13,12,1,13,LAMP1-488 + MitoRed + Phalloidin-647,None
E10,5,10,2,SPB12 AG1 P13,12,1,13,LAMP1-488 + MitoRed + Phalloidin-647,None
E10,5,10,3,SPB12 AG1 P13,12,1,13,LAMP1-488 + MitoRed + Phalloidin-647,None
E10,5,10,4,SPB12 AG1 P13,12,1,13,LAMP1-488 + MitoRed + Phalloidin-647,None
E10,5,10,5,SPB12 AG1 P13,12,1,13,LAMP1-488 + MitoRed + Phalloidin-647,None
E10,5,10,6,SPB12 AG1 P13,12,1,13,LAMP1-488 + MitoRed + Phalloidin-647,None
E10,5,10,7,SPB12 AG1 P13,12,1,13,LAMP1-488 + MitoRed + Phalloidin-647,None
E10,5,10,8,SPB12 AG1 P13,12,1,13,LAMP1-488 + MitoRed + Phalloidin-647,None
E10,5,10,9,SPB12 AG1 P13,12,1,13,LAMP1-488 + MitoRed + Phalloidin-647,None
E10,5,10,10,SPB12 AG1 P13,12,1,13,LAMP1-488 + MitoRed + Phalloidin-647,None
E10,5,10,11,SPB12 AG1 P13,12,1,13,LAMP1-488 + MitoRed + Phalloidin-647,None
E10,5,10,12,SPB12 AG1 P13,12,1,13,LAMP1-488 + MitoRed + Phalloidin-647,None
E10,5,10,13,SPB12 AG1 P13,12,1,13,LAMP1-488 + MitoRed + Phalloidin-647,None
E10,5,10,14,SPB12 AG1 P13,12,1,13,LAMP1-488 + MitoRed + Phalloidin-647,None
E10,5,10,15,SPB12 AG1 P13,12,1,13,LAMP1-488 + MitoRed + Phalloidin-647,None
E10,5,10,16,SPB12 AG1 P13,12,1,13,LAMP1-488 + MitoRed + Phalloidin-647,None
E10,5,10,17,SPB12 AG1 P13,12,1,13,LAMP1-488 + MitoRed + Phalloidin-647,None
E10,5,10,18,SPB12 AG1 P13,12,1,13,LAMP1-488 + MitoRed + Phalloidin-647,None
E10,5,10,19,SPB12 AG1 P13,12,1,13,LAMP1-488 + MitoRed + Phalloidin-647,None
E10,5,10,20,SPB12 AG1 P13,12,1,13,LAMP1-488 + MitoRed + Phalloidin-647,None
E10,5,10,21,SPB12 AG1 P13,12,1,13,LAMP1-488 + MitoRed + Phalloidin-647,None
E10,5,10,22,SPB12 AG1 P13,12,1,13,LAMP1-488 + MitoRed + Phalloidin-647,None
E10,5,10,23,SPB12 AG1 P13,12,1,13,LAMP1-488 + MitoRed + Phalloidin-647,None
E10,5,10,24,SPB12 AG1 P13,12,1,13,LAMP1-488 + MitoRed + Phalloidin-647,None
E10,5,10,25,SPB12 AG1 P13,12,1,13,LAMP1-488 + MitoRed + Phalloidin-647,None
E10,5,10,26,SPB12 AG1 P13,12,1,13,LAMP1-488 + MitoRed + Phalloidin-647,None
E10,5,10,27,SPB12 AG1 P13,12,1,13,LAMP1-488 + MitoRed + Phalloidin-647,None
E10,5,10,28,SPB12 AG1 P13,12,1,13,LAMP1-488 + MitoRed + Phalloidin-647,None
E10,5,10,29,SPB12 AG1 P13,12,1,13,LAMP1-488 + MitoRed + Phalloidin-647,None
E10,5,10,30,SPB12 AG1 P13,12,1,13,LAMP1-488 + MitoRed + Phalloidin-647,None
E10,5,10,31,SPB12 AG1 P13,12,1,13,LAMP1-488 + MitoRed + Phalloidin-647,None
E10,5,10,32,SPB12 AG1 P13,12,1,13,LAMP1-488 + MitoRed + Phalloidin-647,None
E10,5,10,33,SPB12 AG1 P13,12,1,13,LAMP1-488 + MitoRed + Phalloidin-647,None
E10,5,10,34,SPB12 AG1 P13,12,1,13,LAMP1-488 + MitoRed + Phalloidin-647,None
E10,5,10,35,SPB12 AG1 P13,12,1,13,LAMP1-488 + MitoRed + Phalloidin-647,None
E10,5,10,36,SPB12 AG1 P13,12,1,13,LAMP1-488 + MitoRed + Phalloidin-647,None
E10,5,10,37,SPB12 AG1 P13,12,1,13,LAMP1-488 + MitoRed + Phalloidin-647,None
E10,5,10,38,SPB12 AG1 P13,12,1,13,LAMP1-488 + MitoRed + Phalloidin-647,None
E10,5,10,39,SPB12 AG1 P13,12,1,13,LAMP1-488 + MitoRed + Phalloidin-647,None
E10,5,10,40,SPB12 AG1 P13,12,1,13,LAMP1-488 + MitoRed + Phalloidin-647,None
E11,5,11,1,SPB13 AG0 P8,13,0,8,LAMP1-488 + MitoRed + Phalloidin-647,None
E11,5,11,2,SPB13 AG0 P8,13,0,8,LAMP1-488 + MitoRed + Phalloidin-647,None
E11,5,11,3,SPB13 AG0 P8,13,0,8,LAMP1-488 + MitoRed + Phalloidin-647,None
E11,5,11,4,SPB13 AG0 P8,13,0,8,LAMP1-488 + MitoRed + Phalloidin-647,None
E11,5,11,5,SPB13 AG0 P8,13,0,8,LAMP1-488 + MitoRed + Phalloidin-647,None
E11,5,11,6,SPB13 AG0 P8,13,0,8,LAMP1-488 + MitoRed + Phalloidin-647,None
E11,5,11,7,SPB13 AG0 P8,13,0,8,LAMP1-488 + MitoRed + Phalloidin-647,None
E11,5,11,8,SPB13 AG0 P8,13,0,8,LAMP1-488 + MitoRed + Phalloidin-647,None
E11,5,11,9,SPB13 AG0 P8,13,0,8,LAMP1-488 + MitoRed + Phalloidin-647,None
E11,5,11,10,SPB13 AG0 P8,13,0,8,LAMP1-488 + MitoRed + Phalloidin-647,None
E11,5,11,11,SPB13 AG0 P8,13,0,8,LAMP1-488 + MitoRed + Phalloidin-647,None
E11,5,11,12,SPB13 AG0 P8,13,0,8,LAMP1-488 + MitoRed + Phalloidin-647,None
E11,5,11,13,SPB13 AG0 P8,13,0,8,LAMP1-488 + MitoRed + Phalloidin-647,None
E11,5,11,14,SPB13 AG0 P8,13,0,8,LAMP1-488 + MitoRed + Phalloidin-647,None
E11,5,11,15,SPB13 AG0 P8,13,0,8,LAMP1-488 + MitoRed + Phalloidin-647,None
E11,5,11,16,SPB13 AG0 P8,13,0,8,LAMP1-488 + MitoRed + Phalloidin-647,None
E11,5,11,17,SPB13 AG0 P8,13,0,8,LAMP1-488 + MitoRed + Phalloidin-647,None
E11,5,11,18,SPB13 AG0 P8,13,0,8,LAMP1-488 + MitoRed + Phalloidin-647,None
E11,5,11,19,SPB13 AG0 P8,13,0,8,LAMP1-488 + MitoRed + Phalloidin-647,None
E11,5,11,20,SPB13 AG0 P8,13,0,8,LAMP1-488 + MitoRed + Phalloidin-647,None
E11,5,11,21,SPB13 AG0 P8,13,0,8,LAMP1-488 + MitoRed + Phalloidin-647,None
E11,5,11,22,SPB13 AG0 P8,13,0,8,LAMP1-488 + MitoRed + Phalloidin-647,None
E11,5,11,23,SPB13 AG0 P8,13,0,8,LAMP1-488 + MitoRed + Phalloidin-647,None
E11,5,11,24,SPB13 AG0 P8,13,0,8,LAMP1-488 + MitoRed + Phalloidin-647,None
E11,5,11,25,SPB13 AG0 P8,13,0,8,LAMP1-488 + MitoRed + Phalloidin-647,None
E11,5,11,26,SPB13 AG0 P8,13,0,8,LAMP1-488 + MitoRed + Phalloidin-647,None
E11,5,11,27,SPB13 AG0 P8,13,0,8,LAMP1-488 + MitoRed + Phalloidin-647,None
E11,5,11,28,SPB13 AG0 P8,13,0,8,LAMP1-488 + MitoRed + Phalloidin-647,None
E11,5,11,29,SPB13 AG0 P8,13,0,8,LAMP1-488 + MitoRed + Phalloidin-647,None
E11,5,11,30,SPB13 AG0 P8,13,0,8,LAMP1-488 + MitoRed + Phalloidin-647,None
E11,5,11,31,SPB13 AG0 P8,13,0,8,LAMP1-488 + MitoRed + Phalloidin-647,None
E11,5,11,32,SPB13 AG0 P8,13,0,8,LAMP1-488 + MitoRed + Phalloidin-647,None
E11,5,11,33,SPB13 AG0 P8,13,0,8,LAMP1-488 + MitoRed + Phalloidin-647,None
E11,5,11,34,SPB13 AG0 P8,13,0,8,LAMP1-488 + MitoRed + Phalloidin-647,None
E11,5,11,35,SPB13 AG0 P8,13,0,8,LAMP1-488 + MitoRed + Phalloidin-647,None
E11,5,11,36,SPB13 AG0 P8,13,0,8,LAMP1-488 + MitoRed + Phalloidin-647,None
E11,5,11,37,SPB13 AG0 P8,13,0,8,LAMP1-488 + MitoRed + Phalloidin-647,None
E11,5,11,38,SPB13 AG0 P8,13,0,8,LAMP1-488 + MitoRed + Phalloidin-647,None
E11,5,11,39,SPB13 AG0 P8,13,0,8,LAMP1-488 + MitoRed + Phalloidin-647,None
E11,5,11,40,SPB13 AG0 P8,13,0,8,LAMP1-488 + MitoRed + Phalloidin-647,None
E12,5,12,1,SPB13 AG0 P8,13,0,8,LAMP1-488 + MitoRed + Phalloidin-647,None
E12,5,12,2,SPB13 AG0 P8,13,0,8,LAMP1-488 + MitoRed + Phalloidin-647,None
E12,5,12,3,SPB13 AG0 P8,13,0,8,LAMP1-488 + MitoRed + Phalloidin-647,None
E12,5,12,4,SPB13 AG0 P8,13,0,8,LAMP1-488 + MitoRed + Phalloidin-647,None
E12,5,12,5,SPB13 AG0 P8,13,0,8,LAMP1-488 + MitoRed + Phalloidin-647,None
E12,5,12,6,SPB13 AG0 P8,13,0,8,LAMP1-488 + MitoRed + Phalloidin-647,None
E12,5,12,7,SPB13 AG0 P8,13,0,8,LAMP1-488 + MitoRed + Phalloidin-647,None
E12,5,12,8,SPB13 AG0 P8,13,0,8,LAMP1-488 + MitoRed + Phalloidin-647,None
E12,5,12,9,SPB13 AG0 P8,13,0,8,LAMP1-488 + MitoRed + Phalloidin-647,None
E12,5,12,10,SPB13 AG0 P8,13,0,8,LAMP1-488 + MitoRed + Phalloidin-647,None
E12,5,12,11,SPB13 AG0 P8,13,0,8,LAMP1-488 + MitoRed + Phalloidin-647,None
E12,5,12,12,SPB13 AG0 P8,13,0,8,LAMP1-488 + MitoRed + Phalloidin-647,None
E12,5,12,13,SPB13 AG0 P8,13,0,8,LAMP1-488 + MitoRed + Phalloidin-647,None
E12,5,12,14,SPB13 AG0 P8,13,0,8,LAMP1-488 + MitoRed + Phalloidin-647,None
E12,5,12,15,SPB13 AG0 P8,13,0,8,LAMP1-488 + MitoRed + Phalloidin-647,None
E12,5,12,16,SPB13 AG0 P8,13,0,8,LAMP1-488 + MitoRed + Phalloidin-647,None
E12,5,12,17,SPB13 AG0 P8,13,0,8,LAMP1-488 + MitoRed + Phalloidin-647,None
E12,5,12,18,SPB13 AG0 P8,13,0,8,LAMP1-488 + MitoRed + Phalloidin-647,None
E12,5,12,19,SPB13 AG0 P8,13,0,8,LAMP1-488 + MitoRed + Phalloidin-647,None
E12,5,12,20,SPB13 AG0 P8,13,0,8,LAMP1-488 + MitoRed + Phalloidin-647,None
E12,5,12,21,SPB13 AG0 P8,13,0,8,LAMP1-488 + MitoRed + Phalloidin-647,None
E12,5,12,22,SPB13 AG0 P8,13,0,8,LAMP1-488 + MitoRed + Phalloidin-647,None
E12,5,12,23,SPB13 AG0 P8,13,0,8,LAMP1-488 + MitoRed + Phalloidin-647,None
E12,5,12,24,SPB13 AG0 P8,13,0,8,LAMP1-488 + MitoRed + Phalloidin-647,None
E12,5,12,25,SPB13 AG0 P8,13,0,8,LAMP1-488 + MitoRed + Phalloidin-647,None
E12,5,12,26,SPB13 AG0 P8,13,0,8,LAMP1-488 + MitoRed + Phalloidin-647,None
E12,5,12,27,SPB13 AG0 P8,13,0,8,LAMP1-488 + MitoRed + Phalloidin-647,None
E12,5,12,28,SPB13 AG0 P8,13,0,8,LAMP1-488 + MitoRed + Phalloidin-647,None
E12,5,12,29,SPB13 AG0 P8,13,0,8,LAMP1-488 + MitoRed + Phalloidin-647,None
E12,5,12,30,SPB13 AG0 P8,13,0,8,LAMP1-488 + MitoRed + Phalloidin-647,None
E12,5,12,31,SPB13 AG0 P8,13,0,8,LAMP1-488 + MitoRed + Phalloidin-647,None
E12,5,12,32,SPB13 AG0 P8,13,0,8,LAMP1-488 + MitoRed + Phalloidin-647,None
E12,5,12,33,SPB13 AG0 P8,13,0,8,LAMP1-488 + MitoRed + Phalloidin-647,None
E12,5,12,34,SPB13 AG0 P8,13,0,8,LAMP1-488 + MitoRed + Phalloidin-647,None
E12,5,12,35,SPB13 AG0 P8,13,0,8,LAMP1-488 + MitoRed + Phalloidin-647,None
E12,5,12,36,SPB13 AG0 P8,13,0,8,LAMP1-488 + MitoRed + Phalloidin-647,None
E12,5,12,37,SPB13 AG0 P8,13,0,8,LAMP1-488 + MitoRed + Phalloidin-647,None
E12,5,12,38,SPB13 AG0 P8,13,0,8,LAMP1-488 + MitoRed + Phalloidin-647,None
E12,5,12,39,SPB13 AG0 P8,13,0,8,LAMP1-488 + MitoRed + Phalloidin-647,None
E12,5,12,40,SPB13 AG0 P8,13,0,8,LAMP1-488 + MitoRed + Phalloidin-647,None
F01,6,1,1,SPB12 AG2_Doxo P12,12,2,12,LAMP1-488 + MitoRed + Phalloidin-647,Doxo
F01,6,1,2,SPB12 AG2_Doxo P12,12,2,12,LAMP1-488 + MitoRed + Phalloidin-647,Doxo
F01,6,1,3,SPB12 AG2_Doxo P12,12,2,12,LAMP1-488 + MitoRed + Phalloidin-647,Doxo
F01,6,1,4,SPB12 AG2_Doxo P12,12,2,12,LAMP1-488 + MitoRed + Phalloidin-647,Doxo
F01,6,1,5,SPB12 AG2_Doxo P12,12,2,12,LAMP1-488 + MitoRed + Phalloidin-647,Doxo
F01,6,1,6,SPB12 AG2_Doxo P12,12,2,12,LAMP1-488 + MitoRed + Phalloidin-647,Doxo
F01,6,1,7,SPB12 AG2_Doxo P12,12,2,12,LAMP1-488 + MitoRed + Phalloidin-647,Doxo
F01,6,1,8,SPB12 AG2_Doxo P12,12,2,12,LAMP1-488 + MitoRed + Phalloidin-647,Doxo
F01,6,1,9,SPB12 AG2_Doxo P12,12,2,12,LAMP1-488 + MitoRed + Phalloidin-647,Doxo
F01,6,1,10,SPB12 AG2_Doxo P12,12,2,12,LAMP1-488 + MitoRed + Phalloidin-647,Doxo
F01,6,1,11,SPB12 AG2_Doxo P12,12,2,12,LAMP1-488 + MitoRed + Phalloidin-647,Doxo
F01,6,1,12,SPB12 AG2_Doxo P12,12,2,12,LAMP1-488 + MitoRed + Phalloidin-647,Doxo
F01,6,1,13,SPB12 AG2_Doxo P12,12,2,12,LAMP1-488 + MitoRed + Phalloidin-647,Doxo
F01,6,1,14,SPB12 AG2_Doxo P12,12,2,12,LAMP1-488 + MitoRed + Phalloidin-647,Doxo
F01,6,1,15,SPB12 AG2_Doxo P12,12,2,12,LAMP1-488 + MitoRed + Phalloidin-647,Doxo
F01,6,1,16,SPB12 AG2_Doxo P12,12,2,12,LAMP1-488 + MitoRed + Phalloidin-647,Doxo
F01,6,1,17,SPB12 AG2_Doxo P12,12,2,12,LAMP1-488 + MitoRed + Phalloidin-647,Doxo
F01,6,1,18,SPB12 AG2_Doxo P12,12,2,12,LAMP1-488 + MitoRed + Phalloidin-647,Doxo
F01,6,1,19,SPB12 AG2_Doxo P12,12,2,12,LAMP1-488 + MitoRed + Phalloidin-647,Doxo
F01,6,1,20,SPB12 AG2_Doxo P12,12,2,12,LAMP1-488 + MitoRed + Phalloidin-647,Doxo
F01,6,1,21,SPB12 AG2_Doxo P12,12,2,12,LAMP1-488 + MitoRed + Phalloidin-647,Doxo
F01,6,1,22,SPB12 AG2_Doxo P12,12,2,12,LAMP1-488 + MitoRed + Phalloidin-647,Doxo
F01,6,1,23,SPB12 AG2_Doxo P12,12,2,12,LAMP1-488 + MitoRed + Phalloidin-647,Doxo
F01,6,1,24,SPB12 AG2_Doxo P12,12,2,12,LAMP1-488 + MitoRed + Phalloidin-647,Doxo
F01,6,1,25,SPB12 AG2_Doxo P12,12,2,12,LAMP1-488 + MitoRed + Phalloidin-647,Doxo
F01,6,1,26,SPB12 AG2_Doxo P12,12,2,12,LAMP1-488 + MitoRed + Phalloidin-647,Doxo
F01,6,1,27,SPB12 AG2_Doxo P12,12,2,12,LAMP1-488 + MitoRed + Phalloidin-647,Doxo
F01,6,1,28,SPB12 AG2_Doxo P12,12,2,12,LAMP1-488 + MitoRed + Phalloidin-647,Doxo
F01,6,1,29,SPB12 AG2_Doxo P12,12,2,12,LAMP1-488 + MitoRed + Phalloidin-647,Doxo
F01,6,1,30,SPB12 AG2_Doxo P12,12,2,12,LAMP1-488 + MitoRed + Phalloidin-647,Doxo
F01,6,1,31,SPB12 AG2_Doxo P12,12,2,12,LAMP1-488 + MitoRed + Phalloidin-647,Doxo
F01,6,1,32,SPB12 AG2_Doxo P12,12,2,12,LAMP1-488 + MitoRed + Phalloidin-647,Doxo
F01,6,1,33,SPB12 AG2_Doxo P12,12,2,12,LAMP1-488 + MitoRed + Phalloidin-647,Doxo
F01,6,1,34,SPB12 AG2_Doxo P12,12,2,12,LAMP1-488 + MitoRed + Phalloidin-647,Doxo
F01,6,1,35,SPB12 AG2_Doxo P12,12,2,12,LAMP1-488 + MitoRed + Phalloidin-647,Doxo
F01,6,1,36,SPB12 AG2_Doxo P12,12,2,12,LAMP1-488 + MitoRed + Phalloidin-647,Doxo
F01,6,1,37,SPB12 AG2_Doxo P12,12,2,12,LAMP1-488 + MitoRed + Phalloidin-647,Doxo
F01,6,1,38,SPB12 AG2_Doxo P12,12,2,12,LAMP1-488 + MitoRed + Phalloidin-647,Doxo
F01,6,1,39,SPB12 AG2_Doxo P12,12,2,12,LAMP1-488 + MitoRed + Phalloidin-647,Doxo
F01,6,1,40,SPB12 AG2_Doxo P12,12,2,12,LAMP1-488 + MitoRed + Phalloidin-647,Doxo
F02,6,2,1,SPB3 AG9 P29,3,9,29,LAMP1-488 + MitoRed + Phalloidin-647,None
F02,6,2,2,SPB3 AG9 P29,3,9,29,LAMP1-488 + MitoRed + Phalloidin-647,None
F02,6,2,3,SPB3 AG9 P29,3,9,29,LAMP1-488 + MitoRed + Phalloidin-647,None
F02,6,2,4,SPB3 AG9 P29,3,9,29,LAMP1-488 + MitoRed + Phalloidin-647,None
F02,6,2,5,SPB3 AG9 P29,3,9,29,LAMP1-488 + MitoRed + Phalloidin-647,None
F02,6,2,6,SPB3 AG9 P29,3,9,29,LAMP1-488 + MitoRed + Phalloidin-647,None
F02,6,2,7,SPB3 AG9 P29,3,9,29,LAMP1-488 + MitoRed + Phalloidin-647,None
F02,6,2,8,SPB3 AG9 P29,3,9,29,LAMP1-488 + MitoRed + Phalloidin-647,None
F02,6,2,9,SPB3 AG9 P29,3,9,29,LAMP1-488 + MitoRed + Phalloidin-647,None
F02,6,2,10,SPB3 AG9 P29,3,9,29,LAMP1-488 + MitoRed + Phalloidin-647,None
F02,6,2,11,SPB3 AG9 P29,3,9,29,LAMP1-488 + MitoRed + Phalloidin-647,None
F02,6,2,12,SPB3 AG9 P29,3,9,29,LAMP1-488 + MitoRed + Phalloidin-647,None
F02,6,2,13,SPB3 AG9 P29,3,9,29,LAMP1-488 + MitoRed + Phalloidin-647,None
F02,6,2,14,SPB3 AG9 P29,3,9,29,LAMP1-488 + MitoRed + Phalloidin-647,None
F02,6,2,15,SPB3 AG9 P29,3,9,29,LAMP1-488 + MitoRed + Phalloidin-647,None
F02,6,2,16,SPB3 AG9 P29,3,9,29,LAMP1-488 + MitoRed + Phalloidin-647,None
F02,6,2,17,SPB3 AG9 P29,3,9,29,LAMP1-488 + MitoRed + Phalloidin-647,None
F02,6,2,18,SPB3 AG9 P29,3,9,29,LAMP1-488 + MitoRed + Phalloidin-647,None
F02,6,2,19,SPB3 AG9 P29,3,9,29,LAMP1-488 + MitoRed + Phalloidin-647,None
F02,6,2,20,SPB3 AG9 P29,3,9,29,LAMP1-488 + MitoRed + Phalloidin-647,None
F02,6,2,21,SPB3 AG9 P29,3,9,29,LAMP1-488 + MitoRed + Phalloidin-647,None
F02,6,2,22,SPB3 AG9 P29,3,9,29,LAMP1-488 + MitoRed + Phalloidin-647,None
F02,6,2,23,SPB3 AG9 P29,3,9,29,LAMP1-488 + MitoRed + Phalloidin-647,None
F02,6,2,24,SPB3 AG9 P29,3,9,29,LAMP1-488 + MitoRed + Phalloidin-647,None
F02,6,2,25,SPB3 AG9 P29,3,9,29,LAMP1-488 + MitoRed + Phalloidin-647,None
F02,6,2,26,SPB3 AG9 P29,3,9,29,LAMP1-488 + MitoRed + Phalloidin-647,None
F02,6,2,27,SPB3 AG9 P29,3,9,29,LAMP1-488 + MitoRed + Phalloidin-647,None
F02,6,2,28,SPB3 AG9 P29,3,9,29,LAMP1-488 + MitoRed + Phalloidin-647,None
F02,6,2,29,SPB3 AG9 P29,3,9,29,LAMP1-488 + MitoRed + Phalloidin-647,None
F02,6,2,30,SPB3 AG9 P29,3,9,29,LAMP1-488 + MitoRed + Phalloidin-647,None
F02,6,2,31,SPB3 AG9 P29,3,9,29,LAMP1-488 + MitoRed + Phalloidin-647,None
F02,6,2,32,SPB3 AG9 P29,3,9,29,LAMP1-488 + MitoRed + Phalloidin-647,None
F02,6,2,33,SPB3 AG9 P29,3,9,29,LAMP1-488 + MitoRed + Phalloidin-647,None
F02,6,2,34,SPB3 AG9 P29,3,9,29,LAMP1-488 + MitoRed + Phalloidin-647,None
F02,6,2,35,SPB3 AG9 P29,3,9,29,LAMP1-488 + MitoRed + Phalloidin-647,None
F02,6,2,36,SPB3 AG9 P29,3,9,29,LAMP1-488 + MitoRed + Phalloidin-647,None
F02,6,2,37,SPB3 AG9 P29,3,9,29,LAMP1-488 + MitoRed + Phalloidin-647,None
F02,6,2,38,SPB3 AG9 P29,3,9,29,LAMP1-488 + MitoRed + Phalloidin-647,None
F02,6,2,39,SPB3 AG9 P29,3,9,29,LAMP1-488 + MitoRed + Phalloidin-647,None
F02,6,2,40,SPB3 AG9 P29,3,9,29,LAMP1-488 + MitoRed + Phalloidin-647,None
F03,6,3,1,SPB4 AG8 P27,4,8,27,LAMP1-488 + MitoRed + Phalloidin-647,None
F03,6,3,2,SPB4 AG8 P27,4,8,27,LAMP1-488 + MitoRed + Phalloidin-647,None
F03,6,3,3,SPB4 AG8 P27,4,8,27,LAMP1-488 + MitoRed + Phalloidin-647,None
F03,6,3,4,SPB4 AG8 P27,4,8,27,LAMP1-488 + MitoRed + Phalloidin-647,None
F03,6,3,5,SPB4 AG8 P27,4,8,27,LAMP1-488 + MitoRed + Phalloidin-647,None
F03,6,3,6,SPB4 AG8 P27,4,8,27,LAMP1-488 + MitoRed + Phalloidin-647,None
F03,6,3,7,SPB4 AG8 P27,4,8,27,LAMP1-488 + MitoRed + Phalloidin-647,None
F03,6,3,8,SPB4 AG8 P27,4,8,27,LAMP1-488 + MitoRed + Phalloidin-647,None
F03,6,3,9,SPB4 AG8 P27,4,8,27,LAMP1-488 + MitoRed + Phalloidin-647,None
F03,6,3,10,SPB4 AG8 P27,4,8,27,LAMP1-488 + MitoRed + Phalloidin-647,None
F03,6,3,11,SPB4 AG8 P27,4,8,27,LAMP1-488 + MitoRed + Phalloidin-647,None
F03,6,3,12,SPB4 AG8 P27,4,8,27,LAMP1-488 + MitoRed + Phalloidin-647,None
F03,6,3,13,SPB4 AG8 P27,4,8,27,LAMP1-488 + MitoRed + Phalloidin-647,None
F03,6,3,14,SPB4 AG8 P27,4,8,27,LAMP1-488 + MitoRed + Phalloidin-647,None
F03,6,3,15,SPB4 AG8 P27,4,8,27,LAMP1-488 + MitoRed + Phalloidin-647,None
F03,6,3,16,SPB4 AG8 P27,4,8,27,LAMP1-488 + MitoRed + Phalloidin-647,None
F03,6,3,17,SPB4 AG8 P27,4,8,27,LAMP1-488 + MitoRed + Phalloidin-647,None
F03,6,3,18,SPB4 AG8 P27,4,8,27,LAMP1-488 + MitoRed + Phalloidin-647,None
F03,6,3,19,SPB4 AG8 P27,4,8,27,LAMP1-488 + MitoRed + Phalloidin-647,None
F03,6,3,20,SPB4 AG8 P27,4,8,27,LAMP1-488 + MitoRed + Phalloidin-647,None
F03,6,3,21,SPB4 AG8 P27,4,8,27,LAMP1-488 + MitoRed + Phalloidin-647,None
F03,6,3,22,SPB4 AG8 P27,4,8,27,LAMP1-488 + MitoRed + Phalloidin-647,None
F03,6,3,23,SPB4 AG8 P27,4,8,27,LAMP1-488 + MitoRed + Phalloidin-647,None
F03,6,3,24,SPB4 AG8 P27,4,8,27,LAMP1-488 + MitoRed + Phalloidin-647,None
F03,6,3,25,SPB4 AG8 P27,4,8,27,LAMP1-488 + MitoRed + Phalloidin-647,None
F03,6,3,26,SPB4 AG8 P27,4,8,27,LAMP1-488 + MitoRed + Phalloidin-647,None
F03,6,3,27,SPB4 AG8 P27,4,8,27,LAMP1-488 + MitoRed + Phalloidin-647,None
F03,6,3,28,SPB4 AG8 P27,4,8,27,LAMP1-488 + MitoRed + Phalloidin-647,None
F03,6,3,29,SPB4 AG8 P27,4,8,27,LAMP1-488 + MitoRed + Phalloidin-647,None
F03,6,3,30,SPB4 AG8 P27,4,8,27,LAMP1-488 + MitoRed + Phalloidin-647,None
F03,6,3,31,SPB4 AG8 P27,4,8,27,LAMP1-488 + MitoRed + Phalloidin-647,None
F03,6,3,32,SPB4 AG8 P27,4,8,27,LAMP1-488 + MitoRed + Phalloidin-647,None
F03,6,3,33,SPB4 AG8 P27,4,8,27,LAMP1-488 + MitoRed + Phalloidin-647,None
F03,6,3,34,SPB4 AG8 P27,4,8,27,LAMP1-488 + MitoRed + Phalloidin-647,None
F03,6,3,35,SPB4 AG8 P27,4,8,27,LAMP1-488 + MitoRed + Phalloidin-647,None
F03,6,3,36,SPB4 AG8 P27,4,8,27,LAMP1-488 + MitoRed + Phalloidin-647,None
F03,6,3,37,SPB4 AG8 P27,4,8,27,LAMP1-488 + MitoRed + Phalloidin-647,None
F03,6,3,38,SPB4 AG8 P27,4,8,27,LAMP1-488 + MitoRed + Phalloidin-647,None
F03,6,3,39,SPB4 AG8 P27,4,8,27,LAMP1-488 + MitoRed + Phalloidin-647,None
F03,6,3,40,SPB4 AG8 P27,4,8,27,LAMP1-488 + MitoRed + Phalloidin-647,None
F04,6,4,1,SPB2 AG7 P24,2,7,24,LAMP1-488 + MitoRed + Phalloidin-647,None
F04,6,4,2,SPB2 AG7 P24,2,7,24,LAMP1-488 + MitoRed + Phalloidin-647,None
F04,6,4,3,SPB2 AG7 P24,2,7,24,LAMP1-488 + MitoRed + Phalloidin-647,None
F04,6,4,4,SPB2 AG7 P24,2,7,24,LAMP1-488 + MitoRed + Phalloidin-647,None
F04,6,4,5,SPB2 AG7 P24,2,7,24,LAMP1-488 + MitoRed + Phalloidin-647,None
F04,6,4,6,SPB2 AG7 P24,2,7,24,LAMP1-488 + MitoRed + Phalloidin-647,None
F04,6,4,7,SPB2 AG7 P24,2,7,24,LAMP1-488 + MitoRed + Phalloidin-647,None
F04,6,4,8,SPB2 AG7 P24,2,7,24,LAMP1-488 + MitoRed + Phalloidin-647,None
F04,6,4,9,SPB2 AG7 P24,2,7,24,LAMP1-488 + MitoRed + Phalloidin-647,None
F04,6,4,10,SPB2 AG7 P24,2,7,24,LAMP1-488 + MitoRed + Phalloidin-647,None
F04,6,4,11,SPB2 AG7 P24,2,7,24,LAMP1-488 + MitoRed + Phalloidin-647,None
F04,6,4,12,SPB2 AG7 P24,2,7,24,LAMP1-488 + MitoRed + Phalloidin-647,None
F04,6,4,13,SPB2 AG7 P24,2,7,24,LAMP1-488 + MitoRed + Phalloidin-647,None
F04,6,4,14,SPB2 AG7 P24,2,7,24,LAMP1-488 + MitoRed + Phalloidin-647,None
F04,6,4,15,SPB2 AG7 P24,2,7,24,LAMP1-488 + MitoRed + Phalloidin-647,None
F04,6,4,16,SPB2 AG7 P24,2,7,24,LAMP1-488 + MitoRed + Phalloidin-647,None
F04,6,4,17,SPB2 AG7 P24,2,7,24,LAMP1-488 + MitoRed + Phalloidin-647,None
F04,6,4,18,SPB2 AG7 P24,2,7,24,LAMP1-488 + MitoRed + Phalloidin-647,None
F04,6,4,19,SPB2 AG7 P24,2,7,24,LAMP1-488 + MitoRed + Phalloidin-647,None
F04,6,4,20,SPB2 AG7 P24,2,7,24,LAMP1-488 + MitoRed + Phalloidin-647,None
F04,6,4,21,SPB2 AG7 P24,2,7,24,LAMP1-488 + MitoRed + Phalloidin-647,None
F04,6,4,22,SPB2 AG7 P24,2,7,24,LAMP1-488 + MitoRed + Phalloidin-647,None
F04,6,4,23,SPB2 AG7 P24,2,7,24,LAMP1-488 + MitoRed + Phalloidin-647,None
F04,6,4,24,SPB2 AG7 P24,2,7,24,LAMP1-488 + MitoRed + Phalloidin-647,None
F04,6,4,25,SPB2 AG7 P24,2,7,24,LAMP1-488 + MitoRed + Phalloidin-647,None
F04,6,4,26,SPB2 AG7 P24,2,7,24,LAMP1-488 + MitoRed + Phalloidin-647,None
F04,6,4,27,SPB2 AG7 P24,2,7,24,LAMP1-488 + MitoRed + Phalloidin-647,None
F04,6,4,28,SPB2 AG7 P24,2,7,24,LAMP1-488 + MitoRed + Phalloidin-647,None
F04,6,4,29,SPB2 AG7 P24,2,7,24,LAMP1-488 + MitoRed + Phalloidin-647,None
F04,6,4,30,SPB2 AG7 P24,2,7,24,LAMP1-488 + MitoRed + Phalloidin-647,None
F04,6,4,31,SPB2 AG7 P24,2,7,24,LAMP1-488 + MitoRed + Phalloidin-647,None
F04,6,4,32,SPB2 AG7 P24,2,7,24,LAMP1-488 + MitoRed + Phalloidin-647,None
F04,6,4,33,SPB2 AG7 P24,2,7,24,LAMP1-488 + MitoRed + Phalloidin-647,None
F04,6,4,34,SPB2 AG7 P24,2,7,24,LAMP1-488 + MitoRed + Phalloidin-647,None
F04,6,4,35,SPB2 AG7 P24,2,7,24,LAMP1-488 + MitoRed + Phalloidin-647,None
F04,6,4,36,SPB2 AG7 P24,2,7,24,LAMP1-488 + MitoRed + Phalloidin-647,None
F04,6,4,37,SPB2 AG7 P24,2,7,24,LAMP1-488 + MitoRed + Phalloidin-647,None
F04,6,4,38,SPB2 AG7 P24,2,7,24,LAMP1-488 + MitoRed + Phalloidin-647,None
F04,6,4,39,SPB2 AG7 P24,2,7,24,LAMP1-488 + MitoRed + Phalloidin-647,None
F04,6,4,40,SPB2 AG7 P24,2,7,24,LAMP1-488 + MitoRed + Phalloidin-647,None
F05,6,5,1,SPB8 AG6 P22,8,6,22,LAMP1-488 + MitoRed + Phalloidin-647,None
F05,6,5,2,SPB8 AG6 P22,8,6,22,LAMP1-488 + MitoRed + Phalloidin-647,None
F05,6,5,3,SPB8 AG6 P22,8,6,22,LAMP1-488 + MitoRed + Phalloidin-647,None
F05,6,5,4,SPB8 AG6 P22,8,6,22,LAMP1-488 + MitoRed + Phalloidin-647,None
F05,6,5,5,SPB8 AG6 P22,8,6,22,LAMP1-488 + MitoRed + Phalloidin-647,None
F05,6,5,6,SPB8 AG6 P22,8,6,22,LAMP1-488 + MitoRed + Phalloidin-647,None
F05,6,5,7,SPB8 AG6 P22,8,6,22,LAMP1-488 + MitoRed + Phalloidin-647,None
F05,6,5,8,SPB8 AG6 P22,8,6,22,LAMP1-488 + MitoRed + Phalloidin-647,None
F05,6,5,9,SPB8 AG6 P22,8,6,22,LAMP1-488 + MitoRed + Phalloidin-647,None
F05,6,5,10,SPB8 AG6 P22,8,6,22,LAMP1-488 + MitoRed + Phalloidin-647,None
F05,6,5,11,SPB8 AG6 P22,8,6,22,LAMP1-488 + MitoRed + Phalloidin-647,None
F05,6,5,12,SPB8 AG6 P22,8,6,22,LAMP1-488 + MitoRed + Phalloidin-647,None
F05,6,5,13,SPB8 AG6 P22,8,6,22,LAMP1-488 + MitoRed + Phalloidin-647,None
F05,6,5,14,SPB8 AG6 P22,8,6,22,LAMP1-488 + MitoRed + Phalloidin-647,None
F05,6,5,15,SPB8 AG6 P22,8,6,22,LAMP1-488 + MitoRed + Phalloidin-647,None
F05,6,5,16,SPB8 AG6 P22,8,6,22,LAMP1-488 + MitoRed + Phalloidin-647,None
F05,6,5,17,SPB8 AG6 P22,8,6,22,LAMP1-488 + MitoRed + Phalloidin-647,None
F05,6,5,18,SPB8 AG6 P22,8,6,22,LAMP1-488 + MitoRed + Phalloidin-647,None
F05,6,5,19,SPB8 AG6 P22,8,6,22,LAMP1-488 + MitoRed + Phalloidin-647,None
F05,6,5,20,SPB8 AG6 P22,8,6,22,LAMP1-488 + MitoRed + Phalloidin-647,None
F05,6,5,21,SPB8 AG6 P22,8,6,22,LAMP1-488 + MitoRed + Phalloidin-647,None
F05,6,5,22,SPB8 AG6 P22,8,6,22,LAMP1-488 + MitoRed + Phalloidin-647,None
F05,6,5,23,SPB8 AG6 P22,8,6,22,LAMP1-488 + MitoRed + Phalloidin-647,None
F05,6,5,24,SPB8 AG6 P22,8,6,22,LAMP1-488 + MitoRed + Phalloidin-647,None
F05,6,5,25,SPB8 AG6 P22,8,6,22,LAMP1-488 + MitoRed + Phalloidin-647,None
F05,6,5,26,SPB8 AG6 P22,8,6,22,LAMP1-488 + MitoRed + Phalloidin-647,None
F05,6,5,27,SPB8 AG6 P22,8,6,22,LAMP1-488 + MitoRed + Phalloidin-647,None
F05,6,5,28,SPB8 AG6 P22,8,6,22,LAMP1-488 + MitoRed + Phalloidin-647,None
F05,6,5,29,SPB8 AG6 P22,8,6,22,LAMP1-488 + MitoRed + Phalloidin-647,None
F05,6,5,30,SPB8 AG6 P22,8,6,22,LAMP1-488 + MitoRed + Phalloidin-647,None
F05,6,5,31,SPB8 AG6 P22,8,6,22,LAMP1-488 + MitoRed + Phalloidin-647,None
F05,6,5,32,SPB8 AG6 P22,8,6,22,LAMP1-488 + MitoRed + Phalloidin-647,None
F05,6,5,33,SPB8 AG6 P22,8,6,22,LAMP1-488 + MitoRed + Phalloidin-647,None
F05,6,5,34,SPB8 AG6 P22,8,6,22,LAMP1-488 + MitoRed + Phalloidin-647,None
F05,6,5,35,SPB8 AG6 P22,8,6,22,LAMP1-488 + MitoRed + Phalloidin-647,None
F05,6,5,36,SPB8 AG6 P22,8,6,22,LAMP1-488 + MitoRed + Phalloidin-647,None
F05,6,5,37,SPB8 AG6 P22,8,6,22,LAMP1-488 + MitoRed + Phalloidin-647,None
F05,6,5,38,SPB8 AG6 P22,8,6,22,LAMP1-488 + MitoRed + Phalloidin-647,None
F05,6,5,39,SPB8 AG6 P22,8,6,22,LAMP1-488 + MitoRed + Phalloidin-647,None
F05,6,5,40,SPB8 AG6 P22,8,6,22,LAMP1-488 + MitoRed + Phalloidin-647,None
F06,6,6,1,SPB9 AG5 P20,9,5,20,LAMP1-488 + MitoRed + Phalloidin-647,None
F06,6,6,2,SPB9 AG5 P20,9,5,20,LAMP1-488 + MitoRed + Phalloidin-647,None
F06,6,6,3,SPB9 AG5 P20,9,5,20,LAMP1-488 + MitoRed + Phalloidin-647,None
F06,6,6,4,SPB9 AG5 P20,9,5,20,LAMP1-488 + MitoRed + Phalloidin-647,None
F06,6,6,5,SPB9 AG5 P20,9,5,20,LAMP1-488 + MitoRed + Phalloidin-647,None
F06,6,6,6,SPB9 AG5 P20,9,5,20,LAMP1-488 + MitoRed + Phalloidin-647,None
F06,6,6,7,SPB9 AG5 P20,9,5,20,LAMP1-488 + MitoRed + Phalloidin-647,None
F06,6,6,8,SPB9 AG5 P20,9,5,20,LAMP1-488 + MitoRed + Phalloidin-647,None
F06,6,6,9,SPB9 AG5 P20,9,5,20,LAMP1-488 + MitoRed + Phalloidin-647,None
F06,6,6,10,SPB9 AG5 P20,9,5,20,LAMP1-488 + MitoRed + Phalloidin-647,None
F06,6,6,11,SPB9 AG5 P20,9,5,20,LAMP1-488 + MitoRed + Phalloidin-647,None
F06,6,6,12,SPB9 AG5 P20,9,5,20,LAMP1-488 + MitoRed + Phalloidin-647,None
F06,6,6,13,SPB9 AG5 P20,9,5,20,LAMP1-488 + MitoRed + Phalloidin-647,None
F06,6,6,14,SPB9 AG5 P20,9,5,20,LAMP1-488 + MitoRed + Phalloidin-647,None
F06,6,6,15,SPB9 AG5 P20,9,5,20,LAMP1-488 + MitoRed + Phalloidin-647,None
F06,6,6,16,SPB9 AG5 P20,9,5,20,LAMP1-488 + MitoRed + Phalloidin-647,None
F06,6,6,17,SPB9 AG5 P20,9,5,20,LAMP1-488 + MitoRed + Phalloidin-647,None
F06,6,6,18,SPB9 AG5 P20,9,5,20,LAMP1-488 + MitoRed + Phalloidin-647,None
F06,6,6,19,SPB9 AG5 P20,9,5,20,LAMP1-488 + MitoRed + Phalloidin-647,None
F06,6,6,20,SPB9 AG5 P20,9,5,20,LAMP1-488 + MitoRed + Phalloidin-647,None
F06,6,6,21,SPB9 AG5 P20,9,5,20,LAMP1-488 + MitoRed + Phalloidin-647,None
F06,6,6,22,SPB9 AG5 P20,9,5,20,LAMP1-488 + MitoRed + Phalloidin-647,None
F06,6,6,23,SPB9 AG5 P20,9,5,20,LAMP1-488 + MitoRed + Phalloidin-647,None
F06,6,6,24,SPB9 AG5 P20,9,5,20,LAMP1-488 + MitoRed + Phalloidin-647,None
F06,6,6,25,SPB9 AG5 P20,9,5,20,LAMP1-488 + MitoRed + Phalloidin-647,None
F06,6,6,26,SPB9 AG5 P20,9,5,20,LAMP1-488 + MitoRed + Phalloidin-647,None
F06,6,6,27,SPB9 AG5 P20,9,5,20,LAMP1-488 + MitoRed + Phalloidin-647,None
F06,6,6,28,SPB9 AG5 P20,9,5,20,LAMP1-488 + MitoRed + Phalloidin-647,None
F06,6,6,29,SPB9 AG5 P20,9,5,20,LAMP1-488 + MitoRed + Phalloidin-647,None
F06,6,6,30,SPB9 AG5 P20,9,5,20,LAMP1-488 + MitoRed + Phalloidin-647,None
F06,6,6,31,SPB9 AG5 P20,9,5,20,LAMP1-488 + MitoRed + Phalloidin-647,None
F06,6,6,32,SPB9 AG5 P20,9,5,20,LAMP1-488 + MitoRed + Phalloidin-647,None
F06,6,6,33,SPB9 AG5 P20,9,5,20,LAMP1-488 + MitoRed + Phalloidin-647,None
F06,6,6,34,SPB9 AG5 P20,9,5,20,LAMP1-488 + MitoRed + Phalloidin-647,None
F06,6,6,35,SPB9 AG5 P20,9,5,20,LAMP1-488 + MitoRed + Phalloidin-647,None
F06,6,6,36,SPB9 AG5 P20,9,5,20,LAMP1-488 + MitoRed + Phalloidin-647,None
F06,6,6,37,SPB9 AG5 P20,9,5,20,LAMP1-488 + MitoRed + Phalloidin-647,None
F06,6,6,38,SPB9 AG5 P20,9,5,20,LAMP1-488 + MitoRed + Phalloidin-647,None
F06,6,6,39,SPB9 AG5 P20,9,5,20,LAMP1-488 + MitoRed + Phalloidin-647,None
F06,6,6,40,SPB9 AG5 P20,9,5,20,LAMP1-488 + MitoRed + Phalloidin-647,None
F07,6,7,1,SPB4 AG4 P18,4,4,18,LAMP1-488 + MitoRed + Phalloidin-647,None
F07,6,7,2,SPB4 AG4 P18,4,4,18,LAMP1-488 + MitoRed + Phalloidin-647,None
F07,6,7,3,SPB4 AG4 P18,4,4,18,LAMP1-488 + MitoRed + Phalloidin-647,None
F07,6,7,4,SPB4 AG4 P18,4,4,18,LAMP1-488 + MitoRed + Phalloidin-647,None
F07,6,7,5,SPB4 AG4 P18,4,4,18,LAMP1-488 + MitoRed + Phalloidin-647,None
F07,6,7,6,SPB4 AG4 P18,4,4,18,LAMP1-488 + MitoRed + Phalloidin-647,None
F07,6,7,7,SPB4 AG4 P18,4,4,18,LAMP1-488 + MitoRed + Phalloidin-647,None
F07,6,7,8,SPB4 AG4 P18,4,4,18,LAMP1-488 + MitoRed + Phalloidin-647,None
F07,6,7,9,SPB4 AG4 P18,4,4,18,LAMP1-488 + MitoRed + Phalloidin-647,None
F07,6,7,10,SPB4 AG4 P18,4,4,18,LAMP1-488 + MitoRed + Phalloidin-647,None
F07,6,7,11,SPB4 AG4 P18,4,4,18,LAMP1-488 + MitoRed + Phalloidin-647,None
F07,6,7,12,SPB4 AG4 P18,4,4,18,LAMP1-488 + MitoRed + Phalloidin-647,None
F07,6,7,13,SPB4 AG4 P18,4,4,18,LAMP1-488 + MitoRed + Phalloidin-647,None
F07,6,7,14,SPB4 AG4 P18,4,4,18,LAMP1-488 + MitoRed + Phalloidin-647,None
F07,6,7,15,SPB4 AG4 P18,4,4,18,LAMP1-488 + MitoRed + Phalloidin-647,None
F07,6,7,16,SPB4 AG4 P18,4,4,18,LAMP1-488 + MitoRed + Phalloidin-647,None
F07,6,7,17,SPB4 AG4 P18,4,4,18,LAMP1-488 + MitoRed + Phalloidin-647,None
F07,6,7,18,SPB4 AG4 P18,4,4,18,LAMP1-488 + MitoRed + Phalloidin-647,None
F07,6,7,19,SPB4 AG4 P18,4,4,18,LAMP1-488 + MitoRed + Phalloidin-647,None
F07,6,7,20,SPB4 AG4 P18,4,4,18,LAMP1-488 + MitoRed + Phalloidin-647,None
F07,6,7,21,SPB4 AG4 P18,4,4,18,LAMP1-488 + MitoRed + Phalloidin-647,None
F07,6,7,22,SPB4 AG4 P18,4,4,18,LAMP1-488 + MitoRed + Phalloidin-647,None
F07,6,7,23,SPB4 AG4 P18,4,4,18,LAMP1-488 + MitoRed + Phalloidin-647,None
F07,6,7,24,SPB4 AG4 P18,4,4,18,LAMP1-488 + MitoRed + Phalloidin-647,None
F07,6,7,25,SPB4 AG4 P18,4,4,18,LAMP1-488 + MitoRed + Phalloidin-647,None
F07,6,7,26,SPB4 AG4 P18,4,4,18,LAMP1-488 + MitoRed + Phalloidin-647,None
F07,6,7,27,SPB4 AG4 P18,4,4,18,LAMP1-488 + MitoRed + Phalloidin-647,None
F07,6,7,28,SPB4 AG4 P18,4,4,18,LAMP1-488 + MitoRed + Phalloidin-647,None
F07,6,7,29,SPB4 AG4 P18,4,4,18,LAMP1-488 + MitoRed + Phalloidin-647,None
F07,6,7,30,SPB4 AG4 P18,4,4,18,LAMP1-488 + MitoRed + Phalloidin-647,None
F07,6,7,31,SPB4 AG4 P18,4,4,18,LAMP1-488 + MitoRed + Phalloidin-647,None
F07,6,7,32,SPB4 AG4 P18,4,4,18,LAMP1-488 + MitoRed + Phalloidin-647,None
F07,6,7,33,SPB4 AG4 P18,4,4,18,LAMP1-488 + MitoRed + Phalloidin-647,None
F07,6,7,34,SPB4 AG4 P18,4,4,18,LAMP1-488 + MitoRed + Phalloidin-647,None
F07,6,7,35,SPB4 AG4 P18,4,4,18,LAMP1-488 + MitoRed + Phalloidin-647,None
F07,6,7,36,SPB4 AG4 P18,4,4,18,LAMP1-488 + MitoRed + Phalloidin-647,None
F07,6,7,37,SPB4 AG4 P18,4,4,18,LAMP1-488 + MitoRed + Phalloidin-647,None
F07,6,7,38,SPB4 AG4 P18,4,4,18,LAMP1-488 + MitoRed + Phalloidin-647,None
F07,6,7,39,SPB4 AG4 P18,4,4,18,LAMP1-488 + MitoRed + Phalloidin-647,None
F07,6,7,40,SPB4 AG4 P18,4,4,18,LAMP1-488 + MitoRed + Phalloidin-647,None
F08,6,8,1,SPB10 AG3 P17,10,3,17,LAMP1-488 + MitoRed + Phalloidin-647,None
F08,6,8,2,SPB10 AG3 P17,10,3,17,LAMP1-488 + MitoRed + Phalloidin-647,None
F08,6,8,3,SPB10 AG3 P17,10,3,17,LAMP1-488 + MitoRed + Phalloidin-647,None
F08,6,8,4,SPB10 AG3 P17,10,3,17,LAMP1-488 + MitoRed + Phalloidin-647,None
F08,6,8,5,SPB10 AG3 P17,10,3,17,LAMP1-488 + MitoRed + Phalloidin-647,None
F08,6,8,6,SPB10 AG3 P17,10,3,17,LAMP1-488 + MitoRed + Phalloidin-647,None
F08,6,8,7,SPB10 AG3 P17,10,3,17,LAMP1-488 + MitoRed + Phalloidin-647,None
F08,6,8,8,SPB10 AG3 P17,10,3,17,LAMP1-488 + MitoRed + Phalloidin-647,None
F08,6,8,9,SPB10 AG3 P17,10,3,17,LAMP1-488 + MitoRed + Phalloidin-647,None
F08,6,8,10,SPB10 AG3 P17,10,3,17,LAMP1-488 + MitoRed + Phalloidin-647,None
F08,6,8,11,SPB10 AG3 P17,10,3,17,LAMP1-488 + MitoRed + Phalloidin-647,None
F08,6,8,12,SPB10 AG3 P17,10,3,17,LAMP1-488 + MitoRed + Phalloidin-647,None
F08,6,8,13,SPB10 AG3 P17,10,3,17,LAMP1-488 + MitoRed + Phalloidin-647,None
F08,6,8,14,SPB10 AG3 P17,10,3,17,LAMP1-488 + MitoRed + Phalloidin-647,None
F08,6,8,15,SPB10 AG3 P17,10,3,17,LAMP1-488 + MitoRed + Phalloidin-647,None
F08,6,8,16,SPB10 AG3 P17,10,3,17,LAMP1-488 + MitoRed + Phalloidin-647,None
F08,6,8,17,SPB10 AG3 P17,10,3,17,LAMP1-488 + MitoRed + Phalloidin-647,None
F08,6,8,18,SPB10 AG3 P17,10,3,17,LAMP1-488 + MitoRed + Phalloidin-647,None
F08,6,8,19,SPB10 AG3 P17,10,3,17,LAMP1-488 + MitoRed + Phalloidin-647,None
F08,6,8,20,SPB10 AG3 P17,10,3,17,LAMP1-488 + MitoRed + Phalloidin-647,None
F08,6,8,21,SPB10 AG3 P17,10,3,17,LAMP1-488 + MitoRed + Phalloidin-647,None
F08,6,8,22,SPB10 AG3 P17,10,3,17,LAMP1-488 + MitoRed + Phalloidin-647,None
F08,6,8,23,SPB10 AG3 P17,10,3,17,LAMP1-488 + MitoRed + Phalloidin-647,None
F08,6,8,24,SPB10 AG3 P17,10,3,17,LAMP1-488 + MitoRed + Phalloidin-647,None
F08,6,8,25,SPB10 AG3 P17,10,3,17,LAMP1-488 + MitoRed + Phalloidin-647,None
F08,6,8,26,SPB10 AG3 P17,10,3,17,LAMP1-488 + MitoRed + Phalloidin-647,None
F08,6,8,27,SPB10 AG3 P17,10,3,17,LAMP1-488 + MitoRed + Phalloidin-647,None
F08,6,8,28,SPB10 AG3 P17,10,3,17,LAMP1-488 + MitoRed + Phalloidin-647,None
F08,6,8,29,SPB10 AG3 P17,10,3,17,LAMP1-488 + MitoRed + Phalloidin-647,None
F08,6,8,30,SPB10 AG3 P17,10,3,17,LAMP1-488 + MitoRed + Phalloidin-647,None
F08,6,8,31,SPB10 AG3 P17,10,3,17,LAMP1-488 + MitoRed + Phalloidin-647,None
F08,6,8,32,SPB10 AG3 P17,10,3,17,LAMP1-488 + MitoRed + Phalloidin-647,None
F08,6,8,33,SPB10 AG3 P17,10,3,17,LAMP1-488 + MitoRed + Phalloidin-647,None
F08,6,8,34,SPB10 AG3 P17,10,3,17,LAMP1-488 + MitoRed + Phalloidin-647,None
F08,6,8,35,SPB10 AG3 P17,10,3,17,LAMP1-488 + MitoRed + Phalloidin-647,None
F08,6,8,36,SPB10 AG3 P17,10,3,17,LAMP1-488 + MitoRed + Phalloidin-647,None
F08,6,8,37,SPB10 AG3 P17,10,3,17,LAMP1-488 + MitoRed + Phalloidin-647,None
F08,6,8,38,SPB10 AG3 P17,10,3,17,LAMP1-488 + MitoRed + Phalloidin-647,None
F08,6,8,39,SPB10 AG3 P17,10,3,17,LAMP1-488 + MitoRed + Phalloidin-647,None
F08,6,8,40,SPB10 AG3 P17,10,3,17,LAMP1-488 + MitoRed + Phalloidin-647,None
F09,6,9,1,SPB11 AG2 P15,11,2,15,LAMP1-488 + MitoRed + Phalloidin-647,None
F09,6,9,2,SPB11 AG2 P15,11,2,15,LAMP1-488 + MitoRed + Phalloidin-647,None
F09,6,9,3,SPB11 AG2 P15,11,2,15,LAMP1-488 + MitoRed + Phalloidin-647,None
F09,6,9,4,SPB11 AG2 P15,11,2,15,LAMP1-488 + MitoRed + Phalloidin-647,None
F09,6,9,5,SPB11 AG2 P15,11,2,15,LAMP1-488 + MitoRed + Phalloidin-647,None
F09,6,9,6,SPB11 AG2 P15,11,2,15,LAMP1-488 + MitoRed + Phalloidin-647,None
F09,6,9,7,SPB11 AG2 P15,11,2,15,LAMP1-488 + MitoRed + Phalloidin-647,None
F09,6,9,8,SPB11 AG2 P15,11,2,15,LAMP1-488 + MitoRed + Phalloidin-647,None
F09,6,9,9,SPB11 AG2 P15,11,2,15,LAMP1-488 + MitoRed + Phalloidin-647,None
F09,6,9,10,SPB11 AG2 P15,11,2,15,LAMP1-488 + MitoRed + Phalloidin-647,None
F09,6,9,11,SPB11 AG2 P15,11,2,15,LAMP1-488 + MitoRed + Phalloidin-647,None
F09,6,9,12,SPB11 AG2 P15,11,2,15,LAMP1-488 + MitoRed + Phalloidin-647,None
F09,6,9,13,SPB11 AG2 P15,11,2,15,LAMP1-488 + MitoRed + Phalloidin-647,None
F09,6,9,14,SPB11 AG2 P15,11,2,15,LAMP1-488 + MitoRed + Phalloidin-647,None
F09,6,9,15,SPB11 AG2 P15,11,2,15,LAMP1-488 + MitoRed + Phalloidin-647,None
F09,6,9,16,SPB11 AG2 P15,11,2,15,LAMP1-488 + MitoRed + Phalloidin-647,None
F09,6,9,17,SPB11 AG2 P15,11,2,15,LAMP1-488 + MitoRed + Phalloidin-647,None
F09,6,9,18,SPB11 AG2 P15,11,2,15,LAMP1-488 + MitoRed + Phalloidin-647,None
F09,6,9,19,SPB11 AG2 P15,11,2,15,LAMP1-488 + MitoRed + Phalloidin-647,None
F09,6,9,20,SPB11 AG2 P15,11,2,15,LAMP1-488 + MitoRed + Phalloidin-647,None
F09,6,9,21,SPB11 AG2 P15,11,2,15,LAMP1-488 + MitoRed + Phalloidin-647,None
F09,6,9,22,SPB11 AG2 P15,11,2,15,LAMP1-488 + MitoRed + Phalloidin-647,None
F09,6,9,23,SPB11 AG2 P15,11,2,15,LAMP1-488 + MitoRed + Phalloidin-647,None
F09,6,9,24,SPB11 AG2 P15,11,2,15,LAMP1-488 + MitoRed + Phalloidin-647,None
F09,6,9,25,SPB11 AG2 P15,11,2,15,LAMP1-488 + MitoRed + Phalloidin-647,None
F09,6,9,26,SPB11 AG2 P15,11,2,15,LAMP1-488 + MitoRed + Phalloidin-647,None
F09,6,9,27,SPB11 AG2 P15,11,2,15,LAMP1-488 + MitoRed + Phalloidin-647,None
F09,6,9,28,SPB11 AG2 P15,11,2,15,LAMP1-488 + MitoRed + Phalloidin-647,None
F09,6,9,29,SPB11 AG2 P15,11,2,15,LAMP1-488 + MitoRed + Phalloidin-647,None
F09,6,9,30,SPB11 AG2 P15,11,2,15,LAMP1-488 + MitoRed + Phalloidin-647,None
F09,6,9,31,SPB11 AG2 P15,11,2,15,LAMP1-488 + MitoRed + Phalloidin-647,None
F09,6,9,32,SPB11 AG2 P15,11,2,15,LAMP1-488 + MitoRed + Phalloidin-647,None
F09,6,9,33,SPB11 AG2 P15,11,2,15,LAMP1-488 + MitoRed + Phalloidin-647,None
F09,6,9,34,SPB11 AG2 P15,11,2,15,LAMP1-488 + MitoRed + Phalloidin-647,None
F09,6,9,35,SPB11 AG2 P15,11,2,15,LAMP1-488 + MitoRed + Phalloidin-647,None
F09,6,9,36,SPB11 AG2 P15,11,2,15,LAMP1-488 + MitoRed + Phalloidin-647,None
F09,6,9,37,SPB11 AG2 P15,11,2,15,LAMP1-488 + MitoRed + Phalloidin-647,None
F09,6,9,38,SPB11 AG2 P15,11,2,15,LAMP1-488 + MitoRed + Phalloidin-647,None
F09,6,9,39,SPB11 AG2 P15,11,2,15,LAMP1-488 + MitoRed + Phalloidin-647,None
F09,6,9,40,SPB11 AG2 P15,11,2,15,LAMP1-488 + MitoRed + Phalloidin-647,None
F10,6,10,1,SPB12 AG1 P13,12,1,13,LAMP1-488 + MitoRed + Phalloidin-647,None
F10,6,10,2,SPB12 AG1 P13,12,1,13,LAMP1-488 + MitoRed + Phalloidin-647,None
F10,6,10,3,SPB12 AG1 P13,12,1,13,LAMP1-488 + MitoRed + Phalloidin-647,None
F10,6,10,4,SPB12 AG1 P13,12,1,13,LAMP1-488 + MitoRed + Phalloidin-647,None
F10,6,10,5,SPB12 AG1 P13,12,1,13,LAMP1-488 + MitoRed + Phalloidin-647,None
F10,6,10,6,SPB12 AG1 P13,12,1,13,LAMP1-488 + MitoRed + Phalloidin-647,None
F10,6,10,7,SPB12 AG1 P13,12,1,13,LAMP1-488 + MitoRed + Phalloidin-647,None
F10,6,10,8,SPB12 AG1 P13,12,1,13,LAMP1-488 + MitoRed + Phalloidin-647,None
F10,6,10,9,SPB12 AG1 P13,12,1,13,LAMP1-488 + MitoRed + Phalloidin-647,None
F10,6,10,10,SPB12 AG1 P13,12,1,13,LAMP1-488 + MitoRed + Phalloidin-647,None
F10,6,10,11,SPB12 AG1 P13,12,1,13,LAMP1-488 + MitoRed + Phalloidin-647,None
F10,6,10,12,SPB12 AG1 P13,12,1,13,LAMP1-488 + MitoRed + Phalloidin-647,None
F10,6,10,13,SPB12 AG1 P13,12,1,13,LAMP1-488 + MitoRed + Phalloidin-647,None
F10,6,10,14,SPB12 AG1 P13,12,1,13,LAMP1-488 + MitoRed + Phalloidin-647,None
F10,6,10,15,SPB12 AG1 P13,12,1,13,LAMP1-488 + MitoRed + Phalloidin-647,None
F10,6,10,16,SPB12 AG1 P13,12,1,13,LAMP1-488 + MitoRed + Phalloidin-647,None
F10,6,10,17,SPB12 AG1 P13,12,1,13,LAMP1-488 + MitoRed + Phalloidin-647,None
F10,6,10,18,SPB12 AG1 P13,12,1,13,LAMP1-488 + MitoRed + Phalloidin-647,None
F10,6,10,19,SPB12 AG1 P13,12,1,13,LAMP1-488 + MitoRed + Phalloidin-647,None
F10,6,10,20,SPB12 AG1 P13,12,1,13,LAMP1-488 + MitoRed + Phalloidin-647,None
F10,6,10,21,SPB12 AG1 P13,12,1,13,LAMP1-488 + MitoRed + Phalloidin-647,None
F10,6,10,22,SPB12 AG1 P13,12,1,13,LAMP1-488 + MitoRed + Phalloidin-647,None
F10,6,10,23,SPB12 AG1 P13,12,1,13,LAMP1-488 + MitoRed + Phalloidin-647,None
F10,6,10,24,SPB12 AG1 P13,12,1,13,LAMP1-488 + MitoRed + Phalloidin-647,None
F10,6,10,25,SPB12 AG1 P13,12,1,13,LAMP1-488 + MitoRed + Phalloidin-647,None
F10,6,10,26,SPB12 AG1 P13,12,1,13,LAMP1-488 + MitoRed + Phalloidin-647,None
F10,6,10,27,SPB12 AG1 P13,12,1,13,LAMP1-488 + MitoRed + Phalloidin-647,None
F10,6,10,28,SPB12 AG1 P13,12,1,13,LAMP1-488 + MitoRed + Phalloidin-647,None
F10,6,10,29,SPB12 AG1 P13,12,1,13,LAMP1-488 + MitoRed + Phalloidin-647,None
F10,6,10,30,SPB12 AG1 P13,12,1,13,LAMP1-488 + MitoRed + Phalloidin-647,None
F10,6,10,31,SPB12 AG1 P13,12,1,13,LAMP1-488 + MitoRed + Phalloidin-647,None
F10,6,10,32,SPB12 AG1 P13,12,1,13,LAMP1-488 + MitoRed + Phalloidin-647,None
F10,6,10,33,SPB12 AG1 P13,12,1,13,LAMP1-488 + MitoRed + Phalloidin-647,None
F10,6,10,34,SPB12 AG1 P13,12,1,13,LAMP1-488 + MitoRed + Phalloidin-647,None
F10,6,10,35,SPB12 AG1 P13,12,1,13,LAMP1-488 + MitoRed + Phalloidin-647,None
F10,6,10,36,SPB12 AG1 P13,12,1,13,LAMP1-488 + MitoRed + Phalloidin-647,None
F10,6,10,37,SPB12 AG1 P13,12,1,13,LAMP1-488 + MitoRed + Phalloidin-647,None
F10,6,10,38,SPB12 AG1 P13,12,1,13,LAMP1-488 + MitoRed + Phalloidin-647,None
F10,6,10,39,SPB12 AG1 P13,12,1,13,LAMP1-488 + MitoRed + Phalloidin-647,None
F10,6,10,40,SPB12 AG1 P13,12,1,13,LAMP1-488 + MitoRed + Phalloidin-647,None
F11,6,11,1,SPB13 AG0 P8,13,0,8,LAMP1-488 + MitoRed + Phalloidin-647,None
F11,6,11,2,SPB13 AG0 P8,13,0,8,LAMP1-488 + MitoRed + Phalloidin-647,None
F11,6,11,3,SPB13 AG0 P8,13,0,8,LAMP1-488 + MitoRed + Phalloidin-647,None
F11,6,11,4,SPB13 AG0 P8,13,0,8,LAMP1-488 + MitoRed + Phalloidin-647,None
F11,6,11,5,SPB13 AG0 P8,13,0,8,LAMP1-488 + MitoRed + Phalloidin-647,None
F11,6,11,6,SPB13 AG0 P8,13,0,8,LAMP1-488 + MitoRed + Phalloidin-647,None
F11,6,11,7,SPB13 AG0 P8,13,0,8,LAMP1-488 + MitoRed + Phalloidin-647,None
F11,6,11,8,SPB13 AG0 P8,13,0,8,LAMP1-488 + MitoRed + Phalloidin-647,None
F11,6,11,9,SPB13 AG0 P8,13,0,8,LAMP1-488 + MitoRed + Phalloidin-647,None
F11,6,11,10,SPB13 AG0 P8,13,0,8,LAMP1-488 + MitoRed + Phalloidin-647,None
F11,6,11,11,SPB13 AG0 P8,13,0,8,LAMP1-488 + MitoRed + Phalloidin-647,None
F11,6,11,12,SPB13 AG0 P8,13,0,8,LAMP1-488 + MitoRed + Phalloidin-647,None
F11,6,11,13,SPB13 AG0 P8,13,0,8,LAMP1-488 + MitoRed + Phalloidin-647,None
F11,6,11,14,SPB13 AG0 P8,13,0,8,LAMP1-488 + MitoRed + Phalloidin-647,None
F11,6,11,15,SPB13 AG0 P8,13,0,8,LAMP1-488 + MitoRed + Phalloidin-647,None
F11,6,11,16,SPB13 AG0 P8,13,0,8,LAMP1-488 + MitoRed + Phalloidin-647,None
F11,6,11,17,SPB13 AG0 P8,13,0,8,LAMP1-488 + MitoRed + Phalloidin-647,None
F11,6,11,18,SPB13 AG0 P8,13,0,8,LAMP1-488 + MitoRed + Phalloidin-647,None
F11,6,11,19,SPB13 AG0 P8,13,0,8,LAMP1-488 + MitoRed + Phalloidin-647,None
F11,6,11,20,SPB13 AG0 P8,13,0,8,LAMP1-488 + MitoRed + Phalloidin-647,None
F11,6,11,21,SPB13 AG0 P8,13,0,8,LAMP1-488 + MitoRed + Phalloidin-647,None
F11,6,11,22,SPB13 AG0 P8,13,0,8,LAMP1-488 + MitoRed + Phalloidin-647,None
F11,6,11,23,SPB13 AG0 P8,13,0,8,LAMP1-488 + MitoRed + Phalloidin-647,None
F11,6,11,24,SPB13 AG0 P8,13,0,8,LAMP1-488 + MitoRed + Phalloidin-647,None
F11,6,11,25,SPB13 AG0 P8,13,0,8,LAMP1-488 + MitoRed + Phalloidin-647,None
F11,6,11,26,SPB13 AG0 P8,13,0,8,LAMP1-488 + MitoRed + Phalloidin-647,None
F11,6,11,27,SPB13 AG0 P8,13,0,8,LAMP1-488 + MitoRed + Phalloidin-647,None
F11,6,11,28,SPB13 AG0 P8,13,0,8,LAMP1-488 + MitoRed + Phalloidin-647,None
F11,6,11,29,SPB13 AG0 P8,13,0,8,LAMP1-488 + MitoRed + Phalloidin-647,None
F11,6,11,30,SPB13 AG0 P8,13,0,8,LAMP1-488 + MitoRed + Phalloidin-647,None
F11,6,11,31,SPB13 AG0 P8,13,0,8,LAMP1-488 + MitoRed + Phalloidin-647,None
F11,6,11,32,SPB13 AG0 P8,13,0,8,LAMP1-488 + MitoRed + Phalloidin-647,None
F11,6,11,33,SPB13 AG0 P8,13,0,8,LAMP1-488 + MitoRed + Phalloidin-647,None
F11,6,11,34,SPB13 AG0 P8,13,0,8,LAMP1-488 + MitoRed + Phalloidin-647,None
F11,6,11,35,SPB13 AG0 P8,13,0,8,LAMP1-488 + MitoRed + Phalloidin-647,None
F11,6,11,36,SPB13 AG0 P8,13,0,8,LAMP1-488 + MitoRed + Phalloidin-647,None
F11,6,11,37,SPB13 AG0 P8,13,0,8,LAMP1-488 + MitoRed + Phalloidin-647,None
F11,6,11,38,SPB13 AG0 P8,13,0,8,LAMP1-488 + MitoRed + Phalloidin-647,None
F11,6,11,39,SPB13 AG0 P8,13,0,8,LAMP1-488 + MitoRed + Phalloidin-647,None
F11,6,11,40,SPB13 AG0 P8,13,0,8,LAMP1-488 + MitoRed + Phalloidin-647,None
F12,6,12,1,SPB13 AG0 P8,13,0,8,LAMP1-488 + MitoRed + Phalloidin-647,None
F12,6,12,2,SPB13 AG0 P8,13,0,8,LAMP1-488 + MitoRed + Phalloidin-647,None
F12,6,12,3,SPB13 AG0 P8,13,0,8,LAMP1-488 + MitoRed + Phalloidin-647,None
F12,6,12,4,SPB13 AG0 P8,13,0,8,LAMP1-488 + MitoRed + Phalloidin-647,None
F12,6,12,5,SPB13 AG0 P8,13,0,8,LAMP1-488 + MitoRed + Phalloidin-647,None
F12,6,12,6,SPB13 AG0 P8,13,0,8,LAMP1-488 + MitoRed + Phalloidin-647,None
F12,6,12,7,SPB13 AG0 P8,13,0,8,LAMP1-488 + MitoRed + Phalloidin-647,None
F12,6,12,8,SPB13 AG0 P8,13,0,8,LAMP1-488 + MitoRed + Phalloidin-647,None
F12,6,12,9,SPB13 AG0 P8,13,0,8,LAMP1-488 + MitoRed + Phalloidin-647,None
F12,6,12,10,SPB13 AG0 P8,13,0,8,LAMP1-488 + MitoRed + Phalloidin-647,None
F12,6,12,11,SPB13 AG0 P8,13,0,8,LAMP1-488 + MitoRed + Phalloidin-647,None
F12,6,12,12,SPB13 AG0 P8,13,0,8,LAMP1-488 + MitoRed + Phalloidin-647,None
F12,6,12,13,SPB13 AG0 P8,13,0,8,LAMP1-488 + MitoRed + Phalloidin-647,None
F12,6,12,14,SPB13 AG0 P8,13,0,8,LAMP1-488 + MitoRed + Phalloidin-647,None
F12,6,12,15,SPB13 AG0 P8,13,0,8,LAMP1-488 + MitoRed + Phalloidin-647,None
F12,6,12,16,SPB13 AG0 P8,13,0,8,LAMP1-488 + MitoRed + Phalloidin-647,None
F12,6,12,17,SPB13 AG0 P8,13,0,8,LAMP1-488 + MitoRed + Phalloidin-647,None
F12,6,12,18,SPB13 AG0 P8,13,0,8,LAMP1-488 + MitoRed + Phalloidin-647,None
F12,6,12,19,SPB13 AG0 P8,13,0,8,LAMP1-488 + MitoRed + Phalloidin-647,None
F12,6,12,20,SPB13 AG0 P8,13,0,8,LAMP1-488 + MitoRed + Phalloidin-647,None
F12,6,12,21,SPB13 AG0 P8,13,0,8,LAMP1-488 + MitoRed + Phalloidin-647,None
F12,6,12,22,SPB13 AG0 P8,13,0,8,LAMP1-488 + MitoRed + Phalloidin-647,None
F12,6,12,23,SPB13 AG0 P8,13,0,8,LAMP1-488 + MitoRed + Phalloidin-647,None
F12,6,12,24,SPB13 AG0 P8,13,0,8,LAMP1-488 + MitoRed + Phalloidin-647,None
F12,6,12,25,SPB13 AG0 P8,13,0,8,LAMP1-488 + MitoRed + Phalloidin-647,None
F12,6,12,26,SPB13 AG0 P8,13,0,8,LAMP1-488 + MitoRed + Phalloidin-647,None
F12,6,12,27,SPB13 AG0 P8,13,0,8,LAMP1-488 + MitoRed + Phalloidin-647,None
F12,6,12,28,SPB13 AG0 P8,13,0,8,LAMP1-488 + MitoRed + Phalloidin-647,None
F12,6,12,29,SPB13 AG0 P8,13,0,8,LAMP1-488 + MitoRed + Phalloidin-647,None
F12,6,12,30,SPB13 AG0 P8,13,0,8,LAMP1-488 + MitoRed + Phalloidin-647,None
F12,6,12,31,SPB13 AG0 P8,13,0,8,LAMP1-488 + MitoRed + Phalloidin-647,None
F12,6,12,32,SPB13 AG0 P8,13,0,8,LAMP1-488 + MitoRed + Phalloidin-647,None
F12,6,12,33,SPB13 AG0 P8,13,0,8,LAMP1-488 + MitoRed + Phalloidin-647,None
F12,6,12,34,SPB13 AG0 P8,13,0,8,LAMP1-488 + MitoRed + Phalloidin-647,None
F12,6,12,35,SPB13 AG0 P8,13,0,8,LAMP1-488 + MitoRed + Phalloidin-647,None
F12,6,12,36,SPB13 AG0 P8,13,0,8,LAMP1-488 + MitoRed + Phalloidin-647,None
F12,6,12,37,SPB13 AG0 P8,13,0,8,LAMP1-488 + MitoRed + Phalloidin-647,None
F12,6,12,38,SPB13 AG0 P8,13,0,8,LAMP1-488 + MitoRed + Phalloidin-647,None
F12,6,12,39,SPB13 AG0 P8,13,0,8,LAMP1-488 + MitoRed + Phalloidin-647,None
F12,6,12,40,SPB13 AG0 P8,13,0,8,LAMP1-488 + MitoRed + Phalloidin-647,None
G01,7,1,1,SPB12 AG2_Doxo P12,12,2,12,LAMP1-488 + MitoRed + Phalloidin-647,Doxo
G01,7,1,2,SPB12 AG2_Doxo P12,12,2,12,LAMP1-488 + MitoRed + Phalloidin-647,Doxo
G01,7,1,3,SPB12 AG2_Doxo P12,12,2,12,LAMP1-488 + MitoRed + Phalloidin-647,Doxo
G01,7,1,4,SPB12 AG2_Doxo P12,12,2,12,LAMP1-488 + MitoRed + Phalloidin-647,Doxo
G01,7,1,5,SPB12 AG2_Doxo P12,12,2,12,LAMP1-488 + MitoRed + Phalloidin-647,Doxo
G01,7,1,6,SPB12 AG2_Doxo P12,12,2,12,LAMP1-488 + MitoRed + Phalloidin-647,Doxo
G01,7,1,7,SPB12 AG2_Doxo P12,12,2,12,LAMP1-488 + MitoRed + Phalloidin-647,Doxo
G01,7,1,8,SPB12 AG2_Doxo P12,12,2,12,LAMP1-488 + MitoRed + Phalloidin-647,Doxo
G01,7,1,9,SPB12 AG2_Doxo P12,12,2,12,LAMP1-488 + MitoRed + Phalloidin-647,Doxo
G01,7,1,10,SPB12 AG2_Doxo P12,12,2,12,LAMP1-488 + MitoRed + Phalloidin-647,Doxo
G01,7,1,11,SPB12 AG2_Doxo P12,12,2,12,LAMP1-488 + MitoRed + Phalloidin-647,Doxo
G01,7,1,12,SPB12 AG2_Doxo P12,12,2,12,LAMP1-488 + MitoRed + Phalloidin-647,Doxo
G01,7,1,13,SPB12 AG2_Doxo P12,12,2,12,LAMP1-488 + MitoRed + Phalloidin-647,Doxo
G01,7,1,14,SPB12 AG2_Doxo P12,12,2,12,LAMP1-488 + MitoRed + Phalloidin-647,Doxo
G01,7,1,15,SPB12 AG2_Doxo P12,12,2,12,LAMP1-488 + MitoRed + Phalloidin-647,Doxo
G01,7,1,16,SPB12 AG2_Doxo P12,12,2,12,LAMP1-488 + MitoRed + Phalloidin-647,Doxo
G01,7,1,17,SPB12 AG2_Doxo P12,12,2,12,LAMP1-488 + MitoRed + Phalloidin-647,Doxo
G01,7,1,18,SPB12 AG2_Doxo P12,12,2,12,LAMP1-488 + MitoRed + Phalloidin-647,Doxo
G01,7,1,19,SPB12 AG2_Doxo P12,12,2,12,LAMP1-488 + MitoRed + Phalloidin-647,Doxo
G01,7,1,20,SPB12 AG2_Doxo P12,12,2,12,LAMP1-488 + MitoRed + Phalloidin-647,Doxo
G01,7,1,21,SPB12 AG2_Doxo P12,12,2,12,LAMP1-488 + MitoRed + Phalloidin-647,Doxo
G01,7,1,22,SPB12 AG2_Doxo P12,12,2,12,LAMP1-488 + MitoRed + Phalloidin-647,Doxo
G01,7,1,23,SPB12 AG2_Doxo P12,12,2,12,LAMP1-488 + MitoRed + Phalloidin-647,Doxo
G01,7,1,24,SPB12 AG2_Doxo P12,12,2,12,LAMP1-488 + MitoRed + Phalloidin-647,Doxo
G01,7,1,25,SPB12 AG2_Doxo P12,12,2,12,LAMP1-488 + MitoRed + Phalloidin-647,Doxo
G01,7,1,26,SPB12 AG2_Doxo P12,12,2,12,LAMP1-488 + MitoRed + Phalloidin-647,Doxo
G01,7,1,27,SPB12 AG2_Doxo P12,12,2,12,LAMP1-488 + MitoRed + Phalloidin-647,Doxo
G01,7,1,28,SPB12 AG2_Doxo P12,12,2,12,LAMP1-488 + MitoRed + Phalloidin-647,Doxo
G01,7,1,29,SPB12 AG2_Doxo P12,12,2,12,LAMP1-488 + MitoRed + Phalloidin-647,Doxo
G01,7,1,30,SPB12 AG2_Doxo P12,12,2,12,LAMP1-488 + MitoRed + Phalloidin-647,Doxo
G01,7,1,31,SPB12 AG2_Doxo P12,12,2,12,LAMP1-488 + MitoRed + Phalloidin-647,Doxo
G01,7,1,32,SPB12 AG2_Doxo P12,12,2,12,LAMP1-488 + MitoRed + Phalloidin-647,Doxo
G01,7,1,33,SPB12 AG2_Doxo P12,12,2,12,LAMP1-488 + MitoRed + Phalloidin-647,Doxo
G01,7,1,34,SPB12 AG2_Doxo P12,12,2,12,LAMP1-488 + MitoRed + Phalloidin-647,Doxo
G01,7,1,35,SPB12 AG2_Doxo P12,12,2,12,LAMP1-488 + MitoRed + Phalloidin-647,Doxo
G01,7,1,36,SPB12 AG2_Doxo P12,12,2,12,LAMP1-488 + MitoRed + Phalloidin-647,Doxo
G01,7,1,37,SPB12 AG2_Doxo P12,12,2,12,LAMP1-488 + MitoRed + Phalloidin-647,Doxo
G01,7,1,38,SPB12 AG2_Doxo P12,12,2,12,LAMP1-488 + MitoRed + Phalloidin-647,Doxo
G01,7,1,39,SPB12 AG2_Doxo P12,12,2,12,LAMP1-488 + MitoRed + Phalloidin-647,Doxo
G01,7,1,40,SPB12 AG2_Doxo P12,12,2,12,LAMP1-488 + MitoRed + Phalloidin-647,Doxo
G02,7,2,1,SPB3 AG9 P29,3,9,29,LAMP1-488 + MitoRed + Phalloidin-647,None
G02,7,2,2,SPB3 AG9 P29,3,9,29,LAMP1-488 + MitoRed + Phalloidin-647,None
G02,7,2,3,SPB3 AG9 P29,3,9,29,LAMP1-488 + MitoRed + Phalloidin-647,None
G02,7,2,4,SPB3 AG9 P29,3,9,29,LAMP1-488 + MitoRed + Phalloidin-647,None
G02,7,2,5,SPB3 AG9 P29,3,9,29,LAMP1-488 + MitoRed + Phalloidin-647,None
G02,7,2,6,SPB3 AG9 P29,3,9,29,LAMP1-488 + MitoRed + Phalloidin-647,None
G02,7,2,7,SPB3 AG9 P29,3,9,29,LAMP1-488 + MitoRed + Phalloidin-647,None
G02,7,2,8,SPB3 AG9 P29,3,9,29,LAMP1-488 + MitoRed + Phalloidin-647,None
G02,7,2,9,SPB3 AG9 P29,3,9,29,LAMP1-488 + MitoRed + Phalloidin-647,None
G02,7,2,10,SPB3 AG9 P29,3,9,29,LAMP1-488 + MitoRed + Phalloidin-647,None
G02,7,2,11,SPB3 AG9 P29,3,9,29,LAMP1-488 + MitoRed + Phalloidin-647,None
G02,7,2,12,SPB3 AG9 P29,3,9,29,LAMP1-488 + MitoRed + Phalloidin-647,None
G02,7,2,13,SPB3 AG9 P29,3,9,29,LAMP1-488 + MitoRed + Phalloidin-647,None
G02,7,2,14,SPB3 AG9 P29,3,9,29,LAMP1-488 + MitoRed + Phalloidin-647,None
G02,7,2,15,SPB3 AG9 P29,3,9,29,LAMP1-488 + MitoRed + Phalloidin-647,None
G02,7,2,16,SPB3 AG9 P29,3,9,29,LAMP1-488 + MitoRed + Phalloidin-647,None
G02,7,2,17,SPB3 AG9 P29,3,9,29,LAMP1-488 + MitoRed + Phalloidin-647,None
G02,7,2,18,SPB3 AG9 P29,3,9,29,LAMP1-488 + MitoRed + Phalloidin-647,None
G02,7,2,19,SPB3 AG9 P29,3,9,29,LAMP1-488 + MitoRed + Phalloidin-647,None
G02,7,2,20,SPB3 AG9 P29,3,9,29,LAMP1-488 + MitoRed + Phalloidin-647,None
G02,7,2,21,SPB3 AG9 P29,3,9,29,LAMP1-488 + MitoRed + Phalloidin-647,None
G02,7,2,22,SPB3 AG9 P29,3,9,29,LAMP1-488 + MitoRed + Phalloidin-647,None
G02,7,2,23,SPB3 AG9 P29,3,9,29,LAMP1-488 + MitoRed + Phalloidin-647,None
G02,7,2,24,SPB3 AG9 P29,3,9,29,LAMP1-488 + MitoRed + Phalloidin-647,None
G02,7,2,25,SPB3 AG9 P29,3,9,29,LAMP1-488 + MitoRed + Phalloidin-647,None
G02,7,2,26,SPB3 AG9 P29,3,9,29,LAMP1-488 + MitoRed + Phalloidin-647,None
G02,7,2,27,SPB3 AG9 P29,3,9,29,LAMP1-488 + MitoRed + Phalloidin-647,None
G02,7,2,28,SPB3 AG9 P29,3,9,29,LAMP1-488 + MitoRed + Phalloidin-647,None
G02,7,2,29,SPB3 AG9 P29,3,9,29,LAMP1-488 + MitoRed + Phalloidin-647,None
G02,7,2,30,SPB3 AG9 P29,3,9,29,LAMP1-488 + MitoRed + Phalloidin-647,None
G02,7,2,31,SPB3 AG9 P29,3,9,29,LAMP1-488 + MitoRed + Phalloidin-647,None
G02,7,2,32,SPB3 AG9 P29,3,9,29,LAMP1-488 + MitoRed + Phalloidin-647,None
G02,7,2,33,SPB3 AG9 P29,3,9,29,LAMP1-488 + MitoRed + Phalloidin-647,None
G02,7,2,34,SPB3 AG9 P29,3,9,29,LAMP1-488 + MitoRed + Phalloidin-647,None
G02,7,2,35,SPB3 AG9 P29,3,9,29,LAMP1-488 + MitoRed + Phalloidin-647,None
G02,7,2,36,SPB3 AG9 P29,3,9,29,LAMP1-488 + MitoRed + Phalloidin-647,None
G02,7,2,37,SPB3 AG9 P29,3,9,29,LAMP1-488 + MitoRed + Phalloidin-647,None
G02,7,2,38,SPB3 AG9 P29,3,9,29,LAMP1-488 + MitoRed + Phalloidin-647,None
G02,7,2,39,SPB3 AG9 P29,3,9,29,LAMP1-488 + MitoRed + Phalloidin-647,None
G02,7,2,40,SPB3 AG9 P29,3,9,29,LAMP1-488 + MitoRed + Phalloidin-647,None
G03,7,3,1,SPB4 AG8 P27,4,8,27,LAMP1-488 + MitoRed + Phalloidin-647,None
G03,7,3,2,SPB4 AG8 P27,4,8,27,LAMP1-488 + MitoRed + Phalloidin-647,None
G03,7,3,3,SPB4 AG8 P27,4,8,27,LAMP1-488 + MitoRed + Phalloidin-647,None
G03,7,3,4,SPB4 AG8 P27,4,8,27,LAMP1-488 + MitoRed + Phalloidin-647,None
G03,7,3,5,SPB4 AG8 P27,4,8,27,LAMP1-488 + MitoRed + Phalloidin-647,None
G03,7,3,6,SPB4 AG8 P27,4,8,27,LAMP1-488 + MitoRed + Phalloidin-647,None
G03,7,3,7,SPB4 AG8 P27,4,8,27,LAMP1-488 + MitoRed + Phalloidin-647,None
G03,7,3,8,SPB4 AG8 P27,4,8,27,LAMP1-488 + MitoRed + Phalloidin-647,None
G03,7,3,9,SPB4 AG8 P27,4,8,27,LAMP1-488 + MitoRed + Phalloidin-647,None
G03,7,3,10,SPB4 AG8 P27,4,8,27,LAMP1-488 + MitoRed + Phalloidin-647,None
G03,7,3,11,SPB4 AG8 P27,4,8,27,LAMP1-488 + MitoRed + Phalloidin-647,None
G03,7,3,12,SPB4 AG8 P27,4,8,27,LAMP1-488 + MitoRed + Phalloidin-647,None
G03,7,3,13,SPB4 AG8 P27,4,8,27,LAMP1-488 + MitoRed + Phalloidin-647,None
G03,7,3,14,SPB4 AG8 P27,4,8,27,LAMP1-488 + MitoRed + Phalloidin-647,None
G03,7,3,15,SPB4 AG8 P27,4,8,27,LAMP1-488 + MitoRed + Phalloidin-647,None
G03,7,3,16,SPB4 AG8 P27,4,8,27,LAMP1-488 + MitoRed + Phalloidin-647,None
G03,7,3,17,SPB4 AG8 P27,4,8,27,LAMP1-488 + MitoRed + Phalloidin-647,None
G03,7,3,18,SPB4 AG8 P27,4,8,27,LAMP1-488 + MitoRed + Phalloidin-647,None
G03,7,3,19,SPB4 AG8 P27,4,8,27,LAMP1-488 + MitoRed + Phalloidin-647,None
G03,7,3,20,SPB4 AG8 P27,4,8,27,LAMP1-488 + MitoRed + Phalloidin-647,None
G03,7,3,21,SPB4 AG8 P27,4,8,27,LAMP1-488 + MitoRed + Phalloidin-647,None
G03,7,3,22,SPB4 AG8 P27,4,8,27,LAMP1-488 + MitoRed + Phalloidin-647,None
G03,7,3,23,SPB4 AG8 P27,4,8,27,LAMP1-488 + MitoRed + Phalloidin-647,None
G03,7,3,24,SPB4 AG8 P27,4,8,27,LAMP1-488 + MitoRed + Phalloidin-647,None
G03,7,3,25,SPB4 AG8 P27,4,8,27,LAMP1-488 + MitoRed + Phalloidin-647,None
G03,7,3,26,SPB4 AG8 P27,4,8,27,LAMP1-488 + MitoRed + Phalloidin-647,None
G03,7,3,27,SPB4 AG8 P27,4,8,27,LAMP1-488 + MitoRed + Phalloidin-647,None
G03,7,3,28,SPB4 AG8 P27,4,8,27,LAMP1-488 + MitoRed + Phalloidin-647,None
G03,7,3,29,SPB4 AG8 P27,4,8,27,LAMP1-488 + MitoRed + Phalloidin-647,None
G03,7,3,30,SPB4 AG8 P27,4,8,27,LAMP1-488 + MitoRed + Phalloidin-647,None
G03,7,3,31,SPB4 AG8 P27,4,8,27,LAMP1-488 + MitoRed + Phalloidin-647,None
G03,7,3,32,SPB4 AG8 P27,4,8,27,LAMP1-488 + MitoRed + Phalloidin-647,None
G03,7,3,33,SPB4 AG8 P27,4,8,27,LAMP1-488 + MitoRed + Phalloidin-647,None
G03,7,3,34,SPB4 AG8 P27,4,8,27,LAMP1-488 + MitoRed + Phalloidin-647,None
G03,7,3,35,SPB4 AG8 P27,4,8,27,LAMP1-488 + MitoRed + Phalloidin-647,None
G03,7,3,36,SPB4 AG8 P27,4,8,27,LAMP1-488 + MitoRed + Phalloidin-647,None
G03,7,3,37,SPB4 AG8 P27,4,8,27,LAMP1-488 + MitoRed + Phalloidin-647,None
G03,7,3,38,SPB4 AG8 P27,4,8,27,LAMP1-488 + MitoRed + Phalloidin-647,None
G03,7,3,39,SPB4 AG8 P27,4,8,27,LAMP1-488 + MitoRed + Phalloidin-647,None
G03,7,3,40,SPB4 AG8 P27,4,8,27,LAMP1-488 + MitoRed + Phalloidin-647,None
G04,7,4,1,SPB2 AG7 P24,2,7,24,LAMP1-488 + MitoRed + Phalloidin-647,None
G04,7,4,2,SPB2 AG7 P24,2,7,24,LAMP1-488 + MitoRed + Phalloidin-647,None
G04,7,4,3,SPB2 AG7 P24,2,7,24,LAMP1-488 + MitoRed + Phalloidin-647,None
G04,7,4,4,SPB2 AG7 P24,2,7,24,LAMP1-488 + MitoRed + Phalloidin-647,None
G04,7,4,5,SPB2 AG7 P24,2,7,24,LAMP1-488 + MitoRed + Phalloidin-647,None
G04,7,4,6,SPB2 AG7 P24,2,7,24,LAMP1-488 + MitoRed + Phalloidin-647,None
G04,7,4,7,SPB2 AG7 P24,2,7,24,LAMP1-488 + MitoRed + Phalloidin-647,None
G04,7,4,8,SPB2 AG7 P24,2,7,24,LAMP1-488 + MitoRed + Phalloidin-647,None
G04,7,4,9,SPB2 AG7 P24,2,7,24,LAMP1-488 + MitoRed + Phalloidin-647,None
G04,7,4,10,SPB2 AG7 P24,2,7,24,LAMP1-488 + MitoRed + Phalloidin-647,None
G04,7,4,11,SPB2 AG7 P24,2,7,24,LAMP1-488 + MitoRed + Phalloidin-647,None
G04,7,4,12,SPB2 AG7 P24,2,7,24,LAMP1-488 + MitoRed + Phalloidin-647,None
G04,7,4,13,SPB2 AG7 P24,2,7,24,LAMP1-488 + MitoRed + Phalloidin-647,None
G04,7,4,14,SPB2 AG7 P24,2,7,24,LAMP1-488 + MitoRed + Phalloidin-647,None
G04,7,4,15,SPB2 AG7 P24,2,7,24,LAMP1-488 + MitoRed + Phalloidin-647,None
G04,7,4,16,SPB2 AG7 P24,2,7,24,LAMP1-488 + MitoRed + Phalloidin-647,None
G04,7,4,17,SPB2 AG7 P24,2,7,24,LAMP1-488 + MitoRed + Phalloidin-647,None
G04,7,4,18,SPB2 AG7 P24,2,7,24,LAMP1-488 + MitoRed + Phalloidin-647,None
G04,7,4,19,SPB2 AG7 P24,2,7,24,LAMP1-488 + MitoRed + Phalloidin-647,None
G04,7,4,20,SPB2 AG7 P24,2,7,24,LAMP1-488 + MitoRed + Phalloidin-647,None
G04,7,4,21,SPB2 AG7 P24,2,7,24,LAMP1-488 + MitoRed + Phalloidin-647,None
G04,7,4,22,SPB2 AG7 P24,2,7,24,LAMP1-488 + MitoRed + Phalloidin-647,None
G04,7,4,23,SPB2 AG7 P24,2,7,24,LAMP1-488 + MitoRed + Phalloidin-647,None
G04,7,4,24,SPB2 AG7 P24,2,7,24,LAMP1-488 + MitoRed + Phalloidin-647,None
G04,7,4,25,SPB2 AG7 P24,2,7,24,LAMP1-488 + MitoRed + Phalloidin-647,None
G04,7,4,26,SPB2 AG7 P24,2,7,24,LAMP1-488 + MitoRed + Phalloidin-647,None
G04,7,4,27,SPB2 AG7 P24,2,7,24,LAMP1-488 + MitoRed + Phalloidin-647,None
G04,7,4,28,SPB2 AG7 P24,2,7,24,LAMP1-488 + MitoRed + Phalloidin-647,None
G04,7,4,29,SPB2 AG7 P24,2,7,24,LAMP1-488 + MitoRed + Phalloidin-647,None
G04,7,4,30,SPB2 AG7 P24,2,7,24,LAMP1-488 + MitoRed + Phalloidin-647,None
G04,7,4,31,SPB2 AG7 P24,2,7,24,LAMP1-488 + MitoRed + Phalloidin-647,None
G04,7,4,32,SPB2 AG7 P24,2,7,24,LAMP1-488 + MitoRed + Phalloidin-647,None
G04,7,4,33,SPB2 AG7 P24,2,7,24,LAMP1-488 + MitoRed + Phalloidin-647,None
G04,7,4,34,SPB2 AG7 P24,2,7,24,LAMP1-488 + MitoRed + Phalloidin-647,None
G04,7,4,35,SPB2 AG7 P24,2,7,24,LAMP1-488 + MitoRed + Phalloidin-647,None
G04,7,4,36,SPB2 AG7 P24,2,7,24,LAMP1-488 + MitoRed + Phalloidin-647,None
G04,7,4,37,SPB2 AG7 P24,2,7,24,LAMP1-488 + MitoRed + Phalloidin-647,None
G04,7,4,38,SPB2 AG7 P24,2,7,24,LAMP1-488 + MitoRed + Phalloidin-647,None
G04,7,4,39,SPB2 AG7 P24,2,7,24,LAMP1-488 + MitoRed + Phalloidin-647,None
G04,7,4,40,SPB2 AG7 P24,2,7,24,LAMP1-488 + MitoRed + Phalloidin-647,None
G05,7,5,1,SPB8 AG6 P22,8,6,22,LAMP1-488 + MitoRed + Phalloidin-647,None
G05,7,5,2,SPB8 AG6 P22,8,6,22,LAMP1-488 + MitoRed + Phalloidin-647,None
G05,7,5,3,SPB8 AG6 P22,8,6,22,LAMP1-488 + MitoRed + Phalloidin-647,None
G05,7,5,4,SPB8 AG6 P22,8,6,22,LAMP1-488 + MitoRed + Phalloidin-647,None
G05,7,5,5,SPB8 AG6 P22,8,6,22,LAMP1-488 + MitoRed + Phalloidin-647,None
G05,7,5,6,SPB8 AG6 P22,8,6,22,LAMP1-488 + MitoRed + Phalloidin-647,None
G05,7,5,7,SPB8 AG6 P22,8,6,22,LAMP1-488 + MitoRed + Phalloidin-647,None
G05,7,5,8,SPB8 AG6 P22,8,6,22,LAMP1-488 + MitoRed + Phalloidin-647,None
G05,7,5,9,SPB8 AG6 P22,8,6,22,LAMP1-488 + MitoRed + Phalloidin-647,None
G05,7,5,10,SPB8 AG6 P22,8,6,22,LAMP1-488 + MitoRed + Phalloidin-647,None
G05,7,5,11,SPB8 AG6 P22,8,6,22,LAMP1-488 + MitoRed + Phalloidin-647,None
G05,7,5,12,SPB8 AG6 P22,8,6,22,LAMP1-488 + MitoRed + Phalloidin-647,None
G05,7,5,13,SPB8 AG6 P22,8,6,22,LAMP1-488 + MitoRed + Phalloidin-647,None
G05,7,5,14,SPB8 AG6 P22,8,6,22,LAMP1-488 + MitoRed + Phalloidin-647,None
G05,7,5,15,SPB8 AG6 P22,8,6,22,LAMP1-488 + MitoRed + Phalloidin-647,None
G05,7,5,16,SPB8 AG6 P22,8,6,22,LAMP1-488 + MitoRed + Phalloidin-647,None
G05,7,5,17,SPB8 AG6 P22,8,6,22,LAMP1-488 + MitoRed + Phalloidin-647,None
G05,7,5,18,SPB8 AG6 P22,8,6,22,LAMP1-488 + MitoRed + Phalloidin-647,None
G05,7,5,19,SPB8 AG6 P22,8,6,22,LAMP1-488 + MitoRed + Phalloidin-647,None
G05,7,5,20,SPB8 AG6 P22,8,6,22,LAMP1-488 + MitoRed + Phalloidin-647,None
G05,7,5,21,SPB8 AG6 P22,8,6,22,LAMP1-488 + MitoRed + Phalloidin-647,None
G05,7,5,22,SPB8 AG6 P22,8,6,22,LAMP1-488 + MitoRed + Phalloidin-647,None
G05,7,5,23,SPB8 AG6 P22,8,6,22,LAMP1-488 + MitoRed + Phalloidin-647,None
G05,7,5,24,SPB8 AG6 P22,8,6,22,LAMP1-488 + MitoRed + Phalloidin-647,None
G05,7,5,25,SPB8 AG6 P22,8,6,22,LAMP1-488 + MitoRed + Phalloidin-647,None
G05,7,5,26,SPB8 AG6 P22,8,6,22,LAMP1-488 + MitoRed + Phalloidin-647,None
G05,7,5,27,SPB8 AG6 P22,8,6,22,LAMP1-488 + MitoRed + Phalloidin-647,None
G05,7,5,28,SPB8 AG6 P22,8,6,22,LAMP1-488 + MitoRed + Phalloidin-647,None
G05,7,5,29,SPB8 AG6 P22,8,6,22,LAMP1-488 + MitoRed + Phalloidin-647,None
G05,7,5,30,SPB8 AG6 P22,8,6,22,LAMP1-488 + MitoRed + Phalloidin-647,None
G05,7,5,31,SPB8 AG6 P22,8,6,22,LAMP1-488 + MitoRed + Phalloidin-647,None
G05,7,5,32,SPB8 AG6 P22,8,6,22,LAMP1-488 + MitoRed + Phalloidin-647,None
G05,7,5,33,SPB8 AG6 P22,8,6,22,LAMP1-488 + MitoRed + Phalloidin-647,None
G05,7,5,34,SPB8 AG6 P22,8,6,22,LAMP1-488 + MitoRed + Phalloidin-647,None
G05,7,5,35,SPB8 AG6 P22,8,6,22,LAMP1-488 + MitoRed + Phalloidin-647,None
G05,7,5,36,SPB8 AG6 P22,8,6,22,LAMP1-488 + MitoRed + Phalloidin-647,None
G05,7,5,37,SPB8 AG6 P22,8,6,22,LAMP1-488 + MitoRed + Phalloidin-647,None
G05,7,5,38,SPB8 AG6 P22,8,6,22,LAMP1-488 + MitoRed + Phalloidin-647,None
G05,7,5,39,SPB8 AG6 P22,8,6,22,LAMP1-488 + MitoRed + Phalloidin-647,None
G05,7,5,40,SPB8 AG6 P22,8,6,22,LAMP1-488 + MitoRed + Phalloidin-647,None
G06,7,6,1,SPB9 AG5 P20,9,5,20,LAMP1-488 + MitoRed + Phalloidin-647,None
G06,7,6,2,SPB9 AG5 P20,9,5,20,LAMP1-488 + MitoRed + Phalloidin-647,None
G06,7,6,3,SPB9 AG5 P20,9,5,20,LAMP1-488 + MitoRed + Phalloidin-647,None
G06,7,6,4,SPB9 AG5 P20,9,5,20,LAMP1-488 + MitoRed + Phalloidin-647,None
G06,7,6,5,SPB9 AG5 P20,9,5,20,LAMP1-488 + MitoRed + Phalloidin-647,None
G06,7,6,6,SPB9 AG5 P20,9,5,20,LAMP1-488 + MitoRed + Phalloidin-647,None
G06,7,6,7,SPB9 AG5 P20,9,5,20,LAMP1-488 + MitoRed + Phalloidin-647,None
G06,7,6,8,SPB9 AG5 P20,9,5,20,LAMP1-488 + MitoRed + Phalloidin-647,None
G06,7,6,9,SPB9 AG5 P20,9,5,20,LAMP1-488 + MitoRed + Phalloidin-647,None
G06,7,6,10,SPB9 AG5 P20,9,5,20,LAMP1-488 + MitoRed + Phalloidin-647,None
G06,7,6,11,SPB9 AG5 P20,9,5,20,LAMP1-488 + MitoRed + Phalloidin-647,None
G06,7,6,12,SPB9 AG5 P20,9,5,20,LAMP1-488 + MitoRed + Phalloidin-647,None
G06,7,6,13,SPB9 AG5 P20,9,5,20,LAMP1-488 + MitoRed + Phalloidin-647,None
G06,7,6,14,SPB9 AG5 P20,9,5,20,LAMP1-488 + MitoRed + Phalloidin-647,None
G06,7,6,15,SPB9 AG5 P20,9,5,20,LAMP1-488 + MitoRed + Phalloidin-647,None
G06,7,6,16,SPB9 AG5 P20,9,5,20,LAMP1-488 + MitoRed + Phalloidin-647,None
G06,7,6,17,SPB9 AG5 P20,9,5,20,LAMP1-488 + MitoRed + Phalloidin-647,None
G06,7,6,18,SPB9 AG5 P20,9,5,20,LAMP1-488 + MitoRed + Phalloidin-647,None
G06,7,6,19,SPB9 AG5 P20,9,5,20,LAMP1-488 + MitoRed + Phalloidin-647,None
G06,7,6,20,SPB9 AG5 P20,9,5,20,LAMP1-488 + MitoRed + Phalloidin-647,None
G06,7,6,21,SPB9 AG5 P20,9,5,20,LAMP1-488 + MitoRed + Phalloidin-647,None
G06,7,6,22,SPB9 AG5 P20,9,5,20,LAMP1-488 + MitoRed + Phalloidin-647,None
G06,7,6,23,SPB9 AG5 P20,9,5,20,LAMP1-488 + MitoRed + Phalloidin-647,None
G06,7,6,24,SPB9 AG5 P20,9,5,20,LAMP1-488 + MitoRed + Phalloidin-647,None
G06,7,6,25,SPB9 AG5 P20,9,5,20,LAMP1-488 + MitoRed + Phalloidin-647,None
G06,7,6,26,SPB9 AG5 P20,9,5,20,LAMP1-488 + MitoRed + Phalloidin-647,None
G06,7,6,27,SPB9 AG5 P20,9,5,20,LAMP1-488 + MitoRed + Phalloidin-647,None
G06,7,6,28,SPB9 AG5 P20,9,5,20,LAMP1-488 + MitoRed + Phalloidin-647,None
G06,7,6,29,SPB9 AG5 P20,9,5,20,LAMP1-488 + MitoRed + Phalloidin-647,None
G06,7,6,30,SPB9 AG5 P20,9,5,20,LAMP1-488 + MitoRed + Phalloidin-647,None
G06,7,6,31,SPB9 AG5 P20,9,5,20,LAMP1-488 + MitoRed + Phalloidin-647,None
G06,7,6,32,SPB9 AG5 P20,9,5,20,LAMP1-488 + MitoRed + Phalloidin-647,None
G06,7,6,33,SPB9 AG5 P20,9,5,20,LAMP1-488 + MitoRed + Phalloidin-647,None
G06,7,6,34,SPB9 AG5 P20,9,5,20,LAMP1-488 + MitoRed + Phalloidin-647,None
G06,7,6,35,SPB9 AG5 P20,9,5,20,LAMP1-488 + MitoRed + Phalloidin-647,None
G06,7,6,36,SPB9 AG5 P20,9,5,20,LAMP1-488 + MitoRed + Phalloidin-647,None
G06,7,6,37,SPB9 AG5 P20,9,5,20,LAMP1-488 + MitoRed + Phalloidin-647,None
G06,7,6,38,SPB9 AG5 P20,9,5,20,LAMP1-488 + MitoRed + Phalloidin-647,None
G06,7,6,39,SPB9 AG5 P20,9,5,20,LAMP1-488 + MitoRed + Phalloidin-647,None
G06,7,6,40,SPB9 AG5 P20,9,5,20,LAMP1-488 + MitoRed + Phalloidin-647,None
G07,7,7,1,SPB4 AG4 P18,4,4,18,LAMP1-488 + MitoRed + Phalloidin-647,None
G07,7,7,2,SPB4 AG4 P18,4,4,18,LAMP1-488 + MitoRed + Phalloidin-647,None
G07,7,7,3,SPB4 AG4 P18,4,4,18,LAMP1-488 + MitoRed + Phalloidin-647,None
G07,7,7,4,SPB4 AG4 P18,4,4,18,LAMP1-488 + MitoRed + Phalloidin-647,None
G07,7,7,5,SPB4 AG4 P18,4,4,18,LAMP1-488 + MitoRed + Phalloidin-647,None
G07,7,7,6,SPB4 AG4 P18,4,4,18,LAMP1-488 + MitoRed + Phalloidin-647,None
G07,7,7,7,SPB4 AG4 P18,4,4,18,LAMP1-488 + MitoRed + Phalloidin-647,None
G07,7,7,8,SPB4 AG4 P18,4,4,18,LAMP1-488 + MitoRed + Phalloidin-647,None
G07,7,7,9,SPB4 AG4 P18,4,4,18,LAMP1-488 + MitoRed + Phalloidin-647,None
G07,7,7,10,SPB4 AG4 P18,4,4,18,LAMP1-488 + MitoRed + Phalloidin-647,None
G07,7,7,11,SPB4 AG4 P18,4,4,18,LAMP1-488 + MitoRed + Phalloidin-647,None
G07,7,7,12,SPB4 AG4 P18,4,4,18,LAMP1-488 + MitoRed + Phalloidin-647,None
G07,7,7,13,SPB4 AG4 P18,4,4,18,LAMP1-488 + MitoRed + Phalloidin-647,None
G07,7,7,14,SPB4 AG4 P18,4,4,18,LAMP1-488 + MitoRed + Phalloidin-647,None
G07,7,7,15,SPB4 AG4 P18,4,4,18,LAMP1-488 + MitoRed + Phalloidin-647,None
G07,7,7,16,SPB4 AG4 P18,4,4,18,LAMP1-488 + MitoRed + Phalloidin-647,None
G07,7,7,17,SPB4 AG4 P18,4,4,18,LAMP1-488 + MitoRed + Phalloidin-647,None
G07,7,7,18,SPB4 AG4 P18,4,4,18,LAMP1-488 + MitoRed + Phalloidin-647,None
G07,7,7,19,SPB4 AG4 P18,4,4,18,LAMP1-488 + MitoRed + Phalloidin-647,None
G07,7,7,20,SPB4 AG4 P18,4,4,18,LAMP1-488 + MitoRed + Phalloidin-647,None
G07,7,7,21,SPB4 AG4 P18,4,4,18,LAMP1-488 + MitoRed + Phalloidin-647,None
G07,7,7,22,SPB4 AG4 P18,4,4,18,LAMP1-488 + MitoRed + Phalloidin-647,None
G07,7,7,23,SPB4 AG4 P18,4,4,18,LAMP1-488 + MitoRed + Phalloidin-647,None
G07,7,7,24,SPB4 AG4 P18,4,4,18,LAMP1-488 + MitoRed + Phalloidin-647,None
G07,7,7,25,SPB4 AG4 P18,4,4,18,LAMP1-488 + MitoRed + Phalloidin-647,None
G07,7,7,26,SPB4 AG4 P18,4,4,18,LAMP1-488 + MitoRed + Phalloidin-647,None
G07,7,7,27,SPB4 AG4 P18,4,4,18,LAMP1-488 + MitoRed + Phalloidin-647,None
G07,7,7,28,SPB4 AG4 P18,4,4,18,LAMP1-488 + MitoRed + Phalloidin-647,None
G07,7,7,29,SPB4 AG4 P18,4,4,18,LAMP1-488 + MitoRed + Phalloidin-647,None
G07,7,7,30,SPB4 AG4 P18,4,4,18,LAMP1-488 + MitoRed + Phalloidin-647,None
G07,7,7,31,SPB4 AG4 P18,4,4,18,LAMP1-488 + MitoRed + Phalloidin-647,None
G07,7,7,32,SPB4 AG4 P18,4,4,18,LAMP1-488 + MitoRed + Phalloidin-647,None
G07,7,7,33,SPB4 AG4 P18,4,4,18,LAMP1-488 + MitoRed + Phalloidin-647,None
G07,7,7,34,SPB4 AG4 P18,4,4,18,LAMP1-488 + MitoRed + Phalloidin-647,None
G07,7,7,35,SPB4 AG4 P18,4,4,18,LAMP1-488 + MitoRed + Phalloidin-647,None
G07,7,7,36,SPB4 AG4 P18,4,4,18,LAMP1-488 + MitoRed + Phalloidin-647,None
G07,7,7,37,SPB4 AG4 P18,4,4,18,LAMP1-488 + MitoRed + Phalloidin-647,None
G07,7,7,38,SPB4 AG4 P18,4,4,18,LAMP1-488 + MitoRed + Phalloidin-647,None
G07,7,7,39,SPB4 AG4 P18,4,4,18,LAMP1-488 + MitoRed + Phalloidin-647,None
G07,7,7,40,SPB4 AG4 P18,4,4,18,LAMP1-488 + MitoRed + Phalloidin-647,None
G08,7,8,1,SPB10 AG3 P17,10,3,17,LAMP1-488 + MitoRed + Phalloidin-647,None
G08,7,8,2,SPB10 AG3 P17,10,3,17,LAMP1-488 + MitoRed + Phalloidin-647,None
G08,7,8,3,SPB10 AG3 P17,10,3,17,LAMP1-488 + MitoRed + Phalloidin-647,None
G08,7,8,4,SPB10 AG3 P17,10,3,17,LAMP1-488 + MitoRed + Phalloidin-647,None
G08,7,8,5,SPB10 AG3 P17,10,3,17,LAMP1-488 + MitoRed + Phalloidin-647,None
G08,7,8,6,SPB10 AG3 P17,10,3,17,LAMP1-488 + MitoRed + Phalloidin-647,None
G08,7,8,7,SPB10 AG3 P17,10,3,17,LAMP1-488 + MitoRed + Phalloidin-647,None
G08,7,8,8,SPB10 AG3 P17,10,3,17,LAMP1-488 + MitoRed + Phalloidin-647,None
G08,7,8,9,SPB10 AG3 P17,10,3,17,LAMP1-488 + MitoRed + Phalloidin-647,None
G08,7,8,10,SPB10 AG3 P17,10,3,17,LAMP1-488 + MitoRed + Phalloidin-647,None
G08,7,8,11,SPB10 AG3 P17,10,3,17,LAMP1-488 + MitoRed + Phalloidin-647,None
G08,7,8,12,SPB10 AG3 P17,10,3,17,LAMP1-488 + MitoRed + Phalloidin-647,None
G08,7,8,13,SPB10 AG3 P17,10,3,17,LAMP1-488 + MitoRed + Phalloidin-647,None
G08,7,8,14,SPB10 AG3 P17,10,3,17,LAMP1-488 + MitoRed + Phalloidin-647,None
G08,7,8,15,SPB10 AG3 P17,10,3,17,LAMP1-488 + MitoRed + Phalloidin-647,None
G08,7,8,16,SPB10 AG3 P17,10,3,17,LAMP1-488 + MitoRed + Phalloidin-647,None
G08,7,8,17,SPB10 AG3 P17,10,3,17,LAMP1-488 + MitoRed + Phalloidin-647,None
G08,7,8,18,SPB10 AG3 P17,10,3,17,LAMP1-488 + MitoRed + Phalloidin-647,None
G08,7,8,19,SPB10 AG3 P17,10,3,17,LAMP1-488 + MitoRed + Phalloidin-647,None
G08,7,8,20,SPB10 AG3 P17,10,3,17,LAMP1-488 + MitoRed + Phalloidin-647,None
G08,7,8,21,SPB10 AG3 P17,10,3,17,LAMP1-488 + MitoRed + Phalloidin-647,None
G08,7,8,22,SPB10 AG3 P17,10,3,17,LAMP1-488 + MitoRed + Phalloidin-647,None
G08,7,8,23,SPB10 AG3 P17,10,3,17,LAMP1-488 + MitoRed + Phalloidin-647,None
G08,7,8,24,SPB10 AG3 P17,10,3,17,LAMP1-488 + MitoRed + Phalloidin-647,None
G08,7,8,25,SPB10 AG3 P17,10,3,17,LAMP1-488 + MitoRed + Phalloidin-647,None
G08,7,8,26,SPB10 AG3 P17,10,3,17,LAMP1-488 + MitoRed + Phalloidin-647,None
G08,7,8,27,SPB10 AG3 P17,10,3,17,LAMP1-488 + MitoRed + Phalloidin-647,None
G08,7,8,28,SPB10 AG3 P17,10,3,17,LAMP1-488 + MitoRed + Phalloidin-647,None
G08,7,8,29,SPB10 AG3 P17,10,3,17,LAMP1-488 + MitoRed + Phalloidin-647,None
G08,7,8,30,SPB10 AG3 P17,10,3,17,LAMP1-488 + MitoRed + Phalloidin-647,None
G08,7,8,31,SPB10 AG3 P17,10,3,17,LAMP1-488 + MitoRed + Phalloidin-647,None
G08,7,8,32,SPB10 AG3 P17,10,3,17,LAMP1-488 + MitoRed + Phalloidin-647,None
G08,7,8,33,SPB10 AG3 P17,10,3,17,LAMP1-488 + MitoRed + Phalloidin-647,None
G08,7,8,34,SPB10 AG3 P17,10,3,17,LAMP1-488 + MitoRed + Phalloidin-647,None
G08,7,8,35,SPB10 AG3 P17,10,3,17,LAMP1-488 + MitoRed + Phalloidin-647,None
G08,7,8,36,SPB10 AG3 P17,10,3,17,LAMP1-488 + MitoRed + Phalloidin-647,None
G08,7,8,37,SPB10 AG3 P17,10,3,17,LAMP1-488 + MitoRed + Phalloidin-647,None
G08,7,8,38,SPB10 AG3 P17,10,3,17,LAMP1-488 + MitoRed + Phalloidin-647,None
G08,7,8,39,SPB10 AG3 P17,10,3,17,LAMP1-488 + MitoRed + Phalloidin-647,None
G08,7,8,40,SPB10 AG3 P17,10,3,17,LAMP1-488 + MitoRed + Phalloidin-647,None
G09,7,9,1,SPB11 AG2 P15,11,2,15,LAMP1-488 + MitoRed + Phalloidin-647,None
G09,7,9,2,SPB11 AG2 P15,11,2,15,LAMP1-488 + MitoRed + Phalloidin-647,None
G09,7,9,3,SPB11 AG2 P15,11,2,15,LAMP1-488 + MitoRed + Phalloidin-647,None
G09,7,9,4,SPB11 AG2 P15,11,2,15,LAMP1-488 + MitoRed + Phalloidin-647,None
G09,7,9,5,SPB11 AG2 P15,11,2,15,LAMP1-488 + MitoRed + Phalloidin-647,None
G09,7,9,6,SPB11 AG2 P15,11,2,15,LAMP1-488 + MitoRed + Phalloidin-647,None
G09,7,9,7,SPB11 AG2 P15,11,2,15,LAMP1-488 + MitoRed + Phalloidin-647,None
G09,7,9,8,SPB11 AG2 P15,11,2,15,LAMP1-488 + MitoRed + Phalloidin-647,None
G09,7,9,9,SPB11 AG2 P15,11,2,15,LAMP1-488 + MitoRed + Phalloidin-647,None
G09,7,9,10,SPB11 AG2 P15,11,2,15,LAMP1-488 + MitoRed + Phalloidin-647,None
G09,7,9,11,SPB11 AG2 P15,11,2,15,LAMP1-488 + MitoRed + Phalloidin-647,None
G09,7,9,12,SPB11 AG2 P15,11,2,15,LAMP1-488 + MitoRed + Phalloidin-647,None
G09,7,9,13,SPB11 AG2 P15,11,2,15,LAMP1-488 + MitoRed + Phalloidin-647,None
G09,7,9,14,SPB11 AG2 P15,11,2,15,LAMP1-488 + MitoRed + Phalloidin-647,None
G09,7,9,15,SPB11 AG2 P15,11,2,15,LAMP1-488 + MitoRed + Phalloidin-647,None
G09,7,9,16,SPB11 AG2 P15,11,2,15,LAMP1-488 + MitoRed + Phalloidin-647,None
G09,7,9,17,SPB11 AG2 P15,11,2,15,LAMP1-488 + MitoRed + Phalloidin-647,None
G09,7,9,18,SPB11 AG2 P15,11,2,15,LAMP1-488 + MitoRed + Phalloidin-647,None
G09,7,9,19,SPB11 AG2 P15,11,2,15,LAMP1-488 + MitoRed + Phalloidin-647,None
G09,7,9,20,SPB11 AG2 P15,11,2,15,LAMP1-488 + MitoRed + Phalloidin-647,None
G09,7,9,21,SPB11 AG2 P15,11,2,15,LAMP1-488 + MitoRed + Phalloidin-647,None
G09,7,9,22,SPB11 AG2 P15,11,2,15,LAMP1-488 + MitoRed + Phalloidin-647,None
G09,7,9,23,SPB11 AG2 P15,11,2,15,LAMP1-488 + MitoRed + Phalloidin-647,None
G09,7,9,24,SPB11 AG2 P15,11,2,15,LAMP1-488 + MitoRed + Phalloidin-647,None
G09,7,9,25,SPB11 AG2 P15,11,2,15,LAMP1-488 + MitoRed + Phalloidin-647,None
G09,7,9,26,SPB11 AG2 P15,11,2,15,LAMP1-488 + MitoRed + Phalloidin-647,None
G09,7,9,27,SPB11 AG2 P15,11,2,15,LAMP1-488 + MitoRed + Phalloidin-647,None
G09,7,9,28,SPB11 AG2 P15,11,2,15,LAMP1-488 + MitoRed + Phalloidin-647,None
G09,7,9,29,SPB11 AG2 P15,11,2,15,LAMP1-488 + MitoRed + Phalloidin-647,None
G09,7,9,30,SPB11 AG2 P15,11,2,15,LAMP1-488 + MitoRed + Phalloidin-647,None
G09,7,9,31,SPB11 AG2 P15,11,2,15,LAMP1-488 + MitoRed + Phalloidin-647,None
G09,7,9,32,SPB11 AG2 P15,11,2,15,LAMP1-488 + MitoRed + Phalloidin-647,None
G09,7,9,33,SPB11 AG2 P15,11,2,15,LAMP1-488 + MitoRed + Phalloidin-647,None
G09,7,9,34,SPB11 AG2 P15,11,2,15,LAMP1-488 + MitoRed + Phalloidin-647,None
G09,7,9,35,SPB11 AG2 P15,11,2,15,LAMP1-488 + MitoRed + Phalloidin-647,None
G09,7,9,36,SPB11 AG2 P15,11,2,15,LAMP1-488 + MitoRed + Phalloidin-647,None
G09,7,9,37,SPB11 AG2 P15,11,2,15,LAMP1-488 + MitoRed + Phalloidin-647,None
G09,7,9,38,SPB11 AG2 P15,11,2,15,LAMP1-488 + MitoRed + Phalloidin-647,None
G09,7,9,39,SPB11 AG2 P15,11,2,15,LAMP1-488 + MitoRed + Phalloidin-647,None
G09,7,9,40,SPB11 AG2 P15,11,2,15,LAMP1-488 + MitoRed + Phalloidin-647,None
G10,7,10,1,SPB12 AG1 P13,12,1,13,LAMP1-488 + MitoRed + Phalloidin-647,None
G10,7,10,2,SPB12 AG1 P13,12,1,13,LAMP1-488 + MitoRed + Phalloidin-647,None
G10,7,10,3,SPB12 AG1 P13,12,1,13,LAMP1-488 + MitoRed + Phalloidin-647,None
G10,7,10,4,SPB12 AG1 P13,12,1,13,LAMP1-488 + MitoRed + Phalloidin-647,None
G10,7,10,5,SPB12 AG1 P13,12,1,13,LAMP1-488 + MitoRed + Phalloidin-647,None
G10,7,10,6,SPB12 AG1 P13,12,1,13,LAMP1-488 + MitoRed + Phalloidin-647,None
G10,7,10,7,SPB12 AG1 P13,12,1,13,LAMP1-488 + MitoRed + Phalloidin-647,None
G10,7,10,8,SPB12 AG1 P13,12,1,13,LAMP1-488 + MitoRed + Phalloidin-647,None
G10,7,10,9,SPB12 AG1 P13,12,1,13,LAMP1-488 + MitoRed + Phalloidin-647,None
G10,7,10,10,SPB12 AG1 P13,12,1,13,LAMP1-488 + MitoRed + Phalloidin-647,None
G10,7,10,11,SPB12 AG1 P13,12,1,13,LAMP1-488 + MitoRed + Phalloidin-647,None
G10,7,10,12,SPB12 AG1 P13,12,1,13,LAMP1-488 + MitoRed + Phalloidin-647,None
G10,7,10,13,SPB12 AG1 P13,12,1,13,LAMP1-488 + MitoRed + Phalloidin-647,None
G10,7,10,14,SPB12 AG1 P13,12,1,13,LAMP1-488 + MitoRed + Phalloidin-647,None
G10,7,10,15,SPB12 AG1 P13,12,1,13,LAMP1-488 + MitoRed + Phalloidin-647,None
G10,7,10,16,SPB12 AG1 P13,12,1,13,LAMP1-488 + MitoRed + Phalloidin-647,None
G10,7,10,17,SPB12 AG1 P13,12,1,13,LAMP1-488 + MitoRed + Phalloidin-647,None
G10,7,10,18,SPB12 AG1 P13,12,1,13,LAMP1-488 + MitoRed + Phalloidin-647,None
G10,7,10,19,SPB12 AG1 P13,12,1,13,LAMP1-488 + MitoRed + Phalloidin-647,None
G10,7,10,20,SPB12 AG1 P13,12,1,13,LAMP1-488 + MitoRed + Phalloidin-647,None
G10,7,10,21,SPB12 AG1 P13,12,1,13,LAMP1-488 + MitoRed + Phalloidin-647,None
G10,7,10,22,SPB12 AG1 P13,12,1,13,LAMP1-488 + MitoRed + Phalloidin-647,None
G10,7,10,23,SPB12 AG1 P13,12,1,13,LAMP1-488 + MitoRed + Phalloidin-647,None
G10,7,10,24,SPB12 AG1 P13,12,1,13,LAMP1-488 + MitoRed + Phalloidin-647,None
G10,7,10,25,SPB12 AG1 P13,12,1,13,LAMP1-488 + MitoRed + Phalloidin-647,None
G10,7,10,26,SPB12 AG1 P13,12,1,13,LAMP1-488 + MitoRed + Phalloidin-647,None
G10,7,10,27,SPB12 AG1 P13,12,1,13,LAMP1-488 + MitoRed + Phalloidin-647,None
G10,7,10,28,SPB12 AG1 P13,12,1,13,LAMP1-488 + MitoRed + Phalloidin-647,None
G10,7,10,29,SPB12 AG1 P13,12,1,13,LAMP1-488 + MitoRed + Phalloidin-647,None
G10,7,10,30,SPB12 AG1 P13,12,1,13,LAMP1-488 + MitoRed + Phalloidin-647,None
G10,7,10,31,SPB12 AG1 P13,12,1,13,LAMP1-488 + MitoRed + Phalloidin-647,None
G10,7,10,32,SPB12 AG1 P13,12,1,13,LAMP1-488 + MitoRed + Phalloidin-647,None
G10,7,10,33,SPB12 AG1 P13,12,1,13,LAMP1-488 + MitoRed + Phalloidin-647,None
G10,7,10,34,SPB12 AG1 P13,12,1,13,LAMP1-488 + MitoRed + Phalloidin-647,None
G10,7,10,35,SPB12 AG1 P13,12,1,13,LAMP1-488 + MitoRed + Phalloidin-647,None
G10,7,10,36,SPB12 AG1 P13,12,1,13,LAMP1-488 + MitoRed + Phalloidin-647,None
G10,7,10,37,SPB12 AG1 P13,12,1,13,LAMP1-488 + MitoRed + Phalloidin-647,None
G10,7,10,38,SPB12 AG1 P13,12,1,13,LAMP1-488 + MitoRed + Phalloidin-647,None
G10,7,10,39,SPB12 AG1 P13,12,1,13,LAMP1-488 + MitoRed + Phalloidin-647,None
G10,7,10,40,SPB12 AG1 P13,12,1,13,LAMP1-488 + MitoRed + Phalloidin-647,None
G11,7,11,1,SPB13 AG0 P8,13,0,8,LAMP1-488 + MitoRed + Phalloidin-647,None
G11,7,11,2,SPB13 AG0 P8,13,0,8,LAMP1-488 + MitoRed + Phalloidin-647,None
G11,7,11,3,SPB13 AG0 P8,13,0,8,LAMP1-488 + MitoRed + Phalloidin-647,None
G11,7,11,4,SPB13 AG0 P8,13,0,8,LAMP1-488 + MitoRed + Phalloidin-647,None
G11,7,11,5,SPB13 AG0 P8,13,0,8,LAMP1-488 + MitoRed + Phalloidin-647,None
G11,7,11,6,SPB13 AG0 P8,13,0,8,LAMP1-488 + MitoRed + Phalloidin-647,None
G11,7,11,7,SPB13 AG0 P8,13,0,8,LAMP1-488 + MitoRed + Phalloidin-647,None
G11,7,11,8,SPB13 AG0 P8,13,0,8,LAMP1-488 + MitoRed + Phalloidin-647,None
G11,7,11,9,SPB13 AG0 P8,13,0,8,LAMP1-488 + MitoRed + Phalloidin-647,None
G11,7,11,10,SPB13 AG0 P8,13,0,8,LAMP1-488 + MitoRed + Phalloidin-647,None
G11,7,11,11,SPB13 AG0 P8,13,0,8,LAMP1-488 + MitoRed + Phalloidin-647,None
G11,7,11,12,SPB13 AG0 P8,13,0,8,LAMP1-488 + MitoRed + Phalloidin-647,None
G11,7,11,13,SPB13 AG0 P8,13,0,8,LAMP1-488 + MitoRed + Phalloidin-647,None
G11,7,11,14,SPB13 AG0 P8,13,0,8,LAMP1-488 + MitoRed + Phalloidin-647,None
G11,7,11,15,SPB13 AG0 P8,13,0,8,LAMP1-488 + MitoRed + Phalloidin-647,None
G11,7,11,16,SPB13 AG0 P8,13,0,8,LAMP1-488 + MitoRed + Phalloidin-647,None
G11,7,11,17,SPB13 AG0 P8,13,0,8,LAMP1-488 + MitoRed + Phalloidin-647,None
G11,7,11,18,SPB13 AG0 P8,13,0,8,LAMP1-488 + MitoRed + Phalloidin-647,None
G11,7,11,19,SPB13 AG0 P8,13,0,8,LAMP1-488 + MitoRed + Phalloidin-647,None
G11,7,11,20,SPB13 AG0 P8,13,0,8,LAMP1-488 + MitoRed + Phalloidin-647,None
G11,7,11,21,SPB13 AG0 P8,13,0,8,LAMP1-488 + MitoRed + Phalloidin-647,None
G11,7,11,22,SPB13 AG0 P8,13,0,8,LAMP1-488 + MitoRed + Phalloidin-647,None
G11,7,11,23,SPB13 AG0 P8,13,0,8,LAMP1-488 + MitoRed + Phalloidin-647,None
G11,7,11,24,SPB13 AG0 P8,13,0,8,LAMP1-488 + MitoRed + Phalloidin-647,None
G11,7,11,25,SPB13 AG0 P8,13,0,8,LAMP1-488 + MitoRed + Phalloidin-647,None
G11,7,11,26,SPB13 AG0 P8,13,0,8,LAMP1-488 + MitoRed + Phalloidin-647,None
G11,7,11,27,SPB13 AG0 P8,13,0,8,LAMP1-488 + MitoRed + Phalloidin-647,None
G11,7,11,28,SPB13 AG0 P8,13,0,8,LAMP1-488 + MitoRed + Phalloidin-647,None
G11,7,11,29,SPB13 AG0 P8,13,0,8,LAMP1-488 + MitoRed + Phalloidin-647,None
G11,7,11,30,SPB13 AG0 P8,13,0,8,LAMP1-488 + MitoRed + Phalloidin-647,None
G11,7,11,31,SPB13 AG0 P8,13,0,8,LAMP1-488 + MitoRed + Phalloidin-647,None
G11,7,11,32,SPB13 AG0 P8,13,0,8,LAMP1-488 + MitoRed + Phalloidin-647,None
G11,7,11,33,SPB13 AG0 P8,13,0,8,LAMP1-488 + MitoRed + Phalloidin-647,None
G11,7,11,34,SPB13 AG0 P8,13,0,8,LAMP1-488 + MitoRed + Phalloidin-647,None
G11,7,11,35,SPB13 AG0 P8,13,0,8,LAMP1-488 + MitoRed + Phalloidin-647,None
G11,7,11,36,SPB13 AG0 P8,13,0,8,LAMP1-488 + MitoRed + Phalloidin-647,None
G11,7,11,37,SPB13 AG0 P8,13,0,8,LAMP1-488 + MitoRed + Phalloidin-647,None
G11,7,11,38,SPB13 AG0 P8,13,0,8,LAMP1-488 + MitoRed + Phalloidin-647,None
G11,7,11,39,SPB13 AG0 P8,13,0,8,LAMP1-488 + MitoRed + Phalloidin-647,None
G11,7,11,40,SPB13 AG0 P8,13,0,8,LAMP1-488 + MitoRed + Phalloidin-647,None
G12,7,12,1,SPB13 AG0 P8,13,0,8,LAMP1-488 + MitoRed + Phalloidin-647,None
G12,7,12,2,SPB13 AG0 P8,13,0,8,LAMP1-488 + MitoRed + Phalloidin-647,None
G12,7,12,3,SPB13 AG0 P8,13,0,8,LAMP1-488 + MitoRed + Phalloidin-647,None
G12,7,12,4,SPB13 AG0 P8,13,0,8,LAMP1-488 + MitoRed + Phalloidin-647,None
G12,7,12,5,SPB13 AG0 P8,13,0,8,LAMP1-488 + MitoRed + Phalloidin-647,None
G12,7,12,6,SPB13 AG0 P8,13,0,8,LAMP1-488 + MitoRed + Phalloidin-647,None
G12,7,12,7,SPB13 AG0 P8,13,0,8,LAMP1-488 + MitoRed + Phalloidin-647,None
G12,7,12,8,SPB13 AG0 P8,13,0,8,LAMP1-488 + MitoRed + Phalloidin-647,None
G12,7,12,9,SPB13 AG0 P8,13,0,8,LAMP1-488 + MitoRed + Phalloidin-647,None
G12,7,12,10,SPB13 AG0 P8,13,0,8,LAMP1-488 + MitoRed + Phalloidin-647,None
G12,7,12,11,SPB13 AG0 P8,13,0,8,LAMP1-488 + MitoRed + Phalloidin-647,None
G12,7,12,12,SPB13 AG0 P8,13,0,8,LAMP1-488 + MitoRed + Phalloidin-647,None
G12,7,12,13,SPB13 AG0 P8,13,0,8,LAMP1-488 + MitoRed + Phalloidin-647,None
G12,7,12,14,SPB13 AG0 P8,13,0,8,LAMP1-488 + MitoRed + Phalloidin-647,None
G12,7,12,15,SPB13 AG0 P8,13,0,8,LAMP1-488 + MitoRed + Phalloidin-647,None
G12,7,12,16,SPB13 AG0 P8,13,0,8,LAMP1-488 + MitoRed + Phalloidin-647,None
G12,7,12,17,SPB13 AG0 P8,13,0,8,LAMP1-488 + MitoRed + Phalloidin-647,None
G12,7,12,18,SPB13 AG0 P8,13,0,8,LAMP1-488 + MitoRed + Phalloidin-647,None
G12,7,12,19,SPB13 AG0 P8,13,0,8,LAMP1-488 + MitoRed + Phalloidin-647,None
G12,7,12,20,SPB13 AG0 P8,13,0,8,LAMP1-488 + MitoRed + Phalloidin-647,None
G12,7,12,21,SPB13 AG0 P8,13,0,8,LAMP1-488 + MitoRed + Phalloidin-647,None
G12,7,12,22,SPB13 AG0 P8,13,0,8,LAMP1-488 + MitoRed + Phalloidin-647,None
G12,7,12,23,SPB13 AG0 P8,13,0,8,LAMP1-488 + MitoRed + Phalloidin-647,None
G12,7,12,24,SPB13 AG0 P8,13,0,8,LAMP1-488 + MitoRed + Phalloidin-647,None
G12,7,12,25,SPB13 AG0 P8,13,0,8,LAMP1-488 + MitoRed + Phalloidin-647,None
G12,7,12,26,SPB13 AG0 P8,13,0,8,LAMP1-488 + MitoRed + Phalloidin-647,None
G12,7,12,27,SPB13 AG0 P8,13,0,8,LAMP1-488 + MitoRed + Phalloidin-647,None
G12,7,12,28,SPB13 AG0 P8,13,0,8,LAMP1-488 + MitoRed + Phalloidin-647,None
G12,7,12,29,SPB13 AG0 P8,13,0,8,LAMP1-488 + MitoRed + Phalloidin-647,None
G12,7,12,30,SPB13 AG0 P8,13,0,8,LAMP1-488 + MitoRed + Phalloidin-647,None
G12,7,12,31,SPB13 AG0 P8,13,0,8,LAMP1-488 + MitoRed + Phalloidin-647,None
G12,7,12,32,SPB13 AG0 P8,13,0,8,LAMP1-488 + MitoRed + Phalloidin-647,None
G12,7,12,33,SPB13 AG0 P8,13,0,8,LAMP1-488 + MitoRed + Phalloidin-647,None
G12,7,12,34,SPB13 AG0 P8,13,0,8,LAMP1-488 + MitoRed + Phalloidin-647,None
G12,7,12,35,SPB13 AG0 P8,13,0,8,LAMP1-488 + MitoRed + Phalloidin-647,None
G12,7,12,36,SPB13 AG0 P8,13,0,8,LAMP1-488 + MitoRed + Phalloidin-647,None
G12,7,12,37,SPB13 AG0 P8,13,0,8,LAMP1-488 + MitoRed + Phalloidin-647,None
G12,7,12,38,SPB13 AG0 P8,13,0,8,LAMP1-488 + MitoRed + Phalloidin-647,None
G12,7,12,39,SPB13 AG0 P8,13,0,8,LAMP1-488 + MitoRed + Phalloidin-647,None
G12,7,12,40,SPB13 AG0 P8,13,0,8,LAMP1-488 + MitoRed + Phalloidin-647,None
