Metadata_Well,Metadata_WellRow,Metadata_WellColumn,Metadata_Field,TimepointName,SerialPassage_BatchNumber,AgeGroup,PassageNumber,Staining,Drug
A02,1,2,1,SPB2 AG5 P21,2,5,21,Phalloidin-647 + ConA-594 ,None
A02,1,2,2,SPB2 AG5 P21,2,5,21,Phalloidin-647 + ConA-594 ,None
A02,1,2,3,SPB2 AG5 P21,2,5,21,Phalloidin-647 + ConA-594 ,None
A02,1,2,4,SPB2 AG5 P21,2,5,21,Phalloidin-647 + ConA-594 ,None
A02,1,2,5,SPB2 AG5 P21,2,5,21,Phalloidin-647 + ConA-594 ,None
A02,1,2,6,SPB2 AG5 P21,2,5,21,Phalloidin-647 + ConA-594 ,None
A02,1,2,7,SPB2 AG5 P21,2,5,21,Phalloidin-647 + ConA-594 ,None
A02,1,2,8,SPB2 AG5 P21,2,5,21,Phalloidin-647 + ConA-594 ,None
A02,1,2,9,SPB2 AG5 P21,2,5,21,Phalloidin-647 + ConA-594 ,None
A02,1,2,10,SPB2 AG5 P21,2,5,21,Phalloidin-647 + ConA-594 ,None
A02,1,2,11,SPB2 AG5 P21,2,5,21,Phalloidin-647 + ConA-594 ,None
A02,1,2,12,SPB2 AG5 P21,2,5,21,Phalloidin-647 + ConA-594 ,None
A02,1,2,13,SPB2 AG5 P21,2,5,21,Phalloidin-647 + ConA-594 ,None
A02,1,2,14,SPB2 AG5 P21,2,5,21,Phalloidin-647 + ConA-594 ,None
A02,1,2,15,SPB2 AG5 P21,2,5,21,Phalloidin-647 + ConA-594 ,None
A02,1,2,16,SPB2 AG5 P21,2,5,21,Phalloidin-647 + ConA-594 ,None
A02,1,2,17,SPB2 AG5 P21,2,5,21,Phalloidin-647 + ConA-594 ,None
A02,1,2,18,SPB2 AG5 P21,2,5,21,Phalloidin-647 + ConA-594 ,None
A02,1,2,19,SPB2 AG5 P21,2,5,21,Phalloidin-647 + ConA-594 ,None
A02,1,2,20,SPB2 AG5 P21,2,5,21,Phalloidin-647 + ConA-594 ,None
A02,1,2,21,SPB2 AG5 P21,2,5,21,Phalloidin-647 + ConA-594 ,None
A02,1,2,22,SPB2 AG5 P21,2,5,21,Phalloidin-647 + ConA-594 ,None
A02,1,2,23,SPB2 AG5 P21,2,5,21,Phalloidin-647 + ConA-594 ,None
A02,1,2,24,SPB2 AG5 P21,2,5,21,Phalloidin-647 + ConA-594 ,None
A02,1,2,25,SPB2 AG5 P21,2,5,21,Phalloidin-647 + ConA-594 ,None
A02,1,2,26,SPB2 AG5 P21,2,5,21,Phalloidin-647 + ConA-594 ,None
A02,1,2,27,SPB2 AG5 P21,2,5,21,Phalloidin-647 + ConA-594 ,None
A02,1,2,28,SPB2 AG5 P21,2,5,21,Phalloidin-647 + ConA-594 ,None
A02,1,2,29,SPB2 AG5 P21,2,5,21,Phalloidin-647 + ConA-594 ,None
A02,1,2,30,SPB2 AG5 P21,2,5,21,Phalloidin-647 + ConA-594 ,None
A02,1,2,31,SPB2 AG5 P21,2,5,21,Phalloidin-647 + ConA-594 ,None
A02,1,2,32,SPB2 AG5 P21,2,5,21,Phalloidin-647 + ConA-594 ,None
A02,1,2,33,SPB2 AG5 P21,2,5,21,Phalloidin-647 + ConA-594 ,None
A02,1,2,34,SPB2 AG5 P21,2,5,21,Phalloidin-647 + ConA-594 ,None
A02,1,2,35,SPB2 AG5 P21,2,5,21,Phalloidin-647 + ConA-594 ,None
A02,1,2,36,SPB2 AG5 P21,2,5,21,Phalloidin-647 + ConA-594 ,None
A02,1,2,37,SPB2 AG5 P21,2,5,21,Phalloidin-647 + ConA-594 ,None
A02,1,2,38,SPB2 AG5 P21,2,5,21,Phalloidin-647 + ConA-594 ,None
A02,1,2,39,SPB2 AG5 P21,2,5,21,Phalloidin-647 + ConA-594 ,None
A02,1,2,40,SPB2 AG5 P21,2,5,21,Phalloidin-647 + ConA-594 ,None
A03,1,3,1,SPB3 AG4 P18,3,4,18,Phalloidin-647 + ConA-594 ,None
A03,1,3,2,SPB3 AG4 P18,3,4,18,Phalloidin-647 + ConA-594 ,None
A03,1,3,3,SPB3 AG4 P18,3,4,18,Phalloidin-647 + ConA-594 ,None
A03,1,3,4,SPB3 AG4 P18,3,4,18,Phalloidin-647 + ConA-594 ,None
A03,1,3,5,SPB3 AG4 P18,3,4,18,Phalloidin-647 + ConA-594 ,None
A03,1,3,6,SPB3 AG4 P18,3,4,18,Phalloidin-647 + ConA-594 ,None
A03,1,3,7,SPB3 AG4 P18,3,4,18,Phalloidin-647 + ConA-594 ,None
A03,1,3,8,SPB3 AG4 P18,3,4,18,Phalloidin-647 + ConA-594 ,None
A03,1,3,9,SPB3 AG4 P18,3,4,18,Phalloidin-647 + ConA-594 ,None
A03,1,3,10,SPB3 AG4 P18,3,4,18,Phalloidin-647 + ConA-594 ,None
A03,1,3,11,SPB3 AG4 P18,3,4,18,Phalloidin-647 + ConA-594 ,None
A03,1,3,12,SPB3 AG4 P18,3,4,18,Phalloidin-647 + ConA-594 ,None
A03,1,3,13,SPB3 AG4 P18,3,4,18,Phalloidin-647 + ConA-594 ,None
A03,1,3,14,SPB3 AG4 P18,3,4,18,Phalloidin-647 + ConA-594 ,None
A03,1,3,15,SPB3 AG4 P18,3,4,18,Phalloidin-647 + ConA-594 ,None
A03,1,3,16,SPB3 AG4 P18,3,4,18,Phalloidin-647 + ConA-594 ,None
A03,1,3,17,SPB3 AG4 P18,3,4,18,Phalloidin-647 + ConA-594 ,None
A03,1,3,18,SPB3 AG4 P18,3,4,18,Phalloidin-647 + ConA-594 ,None
A03,1,3,19,SPB3 AG4 P18,3,4,18,Phalloidin-647 + ConA-594 ,None
A03,1,3,20,SPB3 AG4 P18,3,4,18,Phalloidin-647 + ConA-594 ,None
A03,1,3,21,SPB3 AG4 P18,3,4,18,Phalloidin-647 + ConA-594 ,None
A03,1,3,22,SPB3 AG4 P18,3,4,18,Phalloidin-647 + ConA-594 ,None
A03,1,3,23,SPB3 AG4 P18,3,4,18,Phalloidin-647 + ConA-594 ,None
A03,1,3,24,SPB3 AG4 P18,3,4,18,Phalloidin-647 + ConA-594 ,None
A03,1,3,25,SPB3 AG4 P18,3,4,18,Phalloidin-647 + ConA-594 ,None
A03,1,3,26,SPB3 AG4 P18,3,4,18,Phalloidin-647 + ConA-594 ,None
A03,1,3,27,SPB3 AG4 P18,3,4,18,Phalloidin-647 + ConA-594 ,None
A03,1,3,28,SPB3 AG4 P18,3,4,18,Phalloidin-647 + ConA-594 ,None
A03,1,3,29,SPB3 AG4 P18,3,4,18,Phalloidin-647 + ConA-594 ,None
A03,1,3,30,SPB3 AG4 P18,3,4,18,Phalloidin-647 + ConA-594 ,None
A03,1,3,31,SPB3 AG4 P18,3,4,18,Phalloidin-647 + ConA-594 ,None
A03,1,3,32,SPB3 AG4 P18,3,4,18,Phalloidin-647 + ConA-594 ,None
A03,1,3,33,SPB3 AG4 P18,3,4,18,Phalloidin-647 + ConA-594 ,None
A03,1,3,34,SPB3 AG4 P18,3,4,18,Phalloidin-647 + ConA-594 ,None
A03,1,3,35,SPB3 AG4 P18,3,4,18,Phalloidin-647 + ConA-594 ,None
A03,1,3,36,SPB3 AG4 P18,3,4,18,Phalloidin-647 + ConA-594 ,None
A03,1,3,37,SPB3 AG4 P18,3,4,18,Phalloidin-647 + ConA-594 ,None
A03,1,3,38,SPB3 AG4 P18,3,4,18,Phalloidin-647 + ConA-594 ,None
A03,1,3,39,SPB3 AG4 P18,3,4,18,Phalloidin-647 + ConA-594 ,None
A03,1,3,40,SPB3 AG4 P18,3,4,18,Phalloidin-647 + ConA-594 ,None
A04,1,4,1,SPB4 AG3 P15,4,3,15,Phalloidin-647 + ConA-594  ,None
A04,1,4,2,SPB4 AG3 P15,4,3,15,Phalloidin-647 + ConA-594  ,None
A04,1,4,3,SPB4 AG3 P15,4,3,15,Phalloidin-647 + ConA-594  ,None
A04,1,4,4,SPB4 AG3 P15,4,3,15,Phalloidin-647 + ConA-594  ,None
A04,1,4,5,SPB4 AG3 P15,4,3,15,Phalloidin-647 + ConA-594  ,None
A04,1,4,6,SPB4 AG3 P15,4,3,15,Phalloidin-647 + ConA-594  ,None
A04,1,4,7,SPB4 AG3 P15,4,3,15,Phalloidin-647 + ConA-594  ,None
A04,1,4,8,SPB4 AG3 P15,4,3,15,Phalloidin-647 + ConA-594  ,None
A04,1,4,9,SPB4 AG3 P15,4,3,15,Phalloidin-647 + ConA-594  ,None
A04,1,4,10,SPB4 AG3 P15,4,3,15,Phalloidin-647 + ConA-594  ,None
A04,1,4,11,SPB4 AG3 P15,4,3,15,Phalloidin-647 + ConA-594  ,None
A04,1,4,12,SPB4 AG3 P15,4,3,15,Phalloidin-647 + ConA-594  ,None
A04,1,4,13,SPB4 AG3 P15,4,3,15,Phalloidin-647 + ConA-594  ,None
A04,1,4,14,SPB4 AG3 P15,4,3,15,Phalloidin-647 + ConA-594  ,None
A04,1,4,15,SPB4 AG3 P15,4,3,15,Phalloidin-647 + ConA-594  ,None
A04,1,4,16,SPB4 AG3 P15,4,3,15,Phalloidin-647 + ConA-594  ,None
A04,1,4,17,SPB4 AG3 P15,4,3,15,Phalloidin-647 + ConA-594  ,None
A04,1,4,18,SPB4 AG3 P15,4,3,15,Phalloidin-647 + ConA-594  ,None
A04,1,4,19,SPB4 AG3 P15,4,3,15,Phalloidin-647 + ConA-594  ,None
A04,1,4,20,SPB4 AG3 P15,4,3,15,Phalloidin-647 + ConA-594  ,None
A04,1,4,21,SPB4 AG3 P15,4,3,15,Phalloidin-647 + ConA-594  ,None
A04,1,4,22,SPB4 AG3 P15,4,3,15,Phalloidin-647 + ConA-594  ,None
A04,1,4,23,SPB4 AG3 P15,4,3,15,Phalloidin-647 + ConA-594  ,None
A04,1,4,24,SPB4 AG3 P15,4,3,15,Phalloidin-647 + ConA-594  ,None
A04,1,4,25,SPB4 AG3 P15,4,3,15,Phalloidin-647 + ConA-594  ,None
A04,1,4,26,SPB4 AG3 P15,4,3,15,Phalloidin-647 + ConA-594  ,None
A04,1,4,27,SPB4 AG3 P15,4,3,15,Phalloidin-647 + ConA-594  ,None
A04,1,4,28,SPB4 AG3 P15,4,3,15,Phalloidin-647 + ConA-594  ,None
A04,1,4,29,SPB4 AG3 P15,4,3,15,Phalloidin-647 + ConA-594  ,None
A04,1,4,30,SPB4 AG3 P15,4,3,15,Phalloidin-647 + ConA-594  ,None
A04,1,4,31,SPB4 AG3 P15,4,3,15,Phalloidin-647 + ConA-594  ,None
A04,1,4,32,SPB4 AG3 P15,4,3,15,Phalloidin-647 + ConA-594  ,None
A04,1,4,33,SPB4 AG3 P15,4,3,15,Phalloidin-647 + ConA-594  ,None
A04,1,4,34,SPB4 AG3 P15,4,3,15,Phalloidin-647 + ConA-594  ,None
A04,1,4,35,SPB4 AG3 P15,4,3,15,Phalloidin-647 + ConA-594  ,None
A04,1,4,36,SPB4 AG3 P15,4,3,15,Phalloidin-647 + ConA-594  ,None
A04,1,4,37,SPB4 AG3 P15,4,3,15,Phalloidin-647 + ConA-594  ,None
A04,1,4,38,SPB4 AG3 P15,4,3,15,Phalloidin-647 + ConA-594  ,None
A04,1,4,39,SPB4 AG3 P15,4,3,15,Phalloidin-647 + ConA-594  ,None
A04,1,4,40,SPB4 AG3 P15,4,3,15,Phalloidin-647 + ConA-594  ,None
A05,1,5,1,SPB5 AG2 P13,5,2,13,Phalloidin-647 + ConA-594 ,None
A05,1,5,2,SPB5 AG2 P13,5,2,13,Phalloidin-647 + ConA-594 ,None
A05,1,5,3,SPB5 AG2 P13,5,2,13,Phalloidin-647 + ConA-594 ,None
A05,1,5,4,SPB5 AG2 P13,5,2,13,Phalloidin-647 + ConA-594 ,None
A05,1,5,5,SPB5 AG2 P13,5,2,13,Phalloidin-647 + ConA-594 ,None
A05,1,5,6,SPB5 AG2 P13,5,2,13,Phalloidin-647 + ConA-594 ,None
A05,1,5,7,SPB5 AG2 P13,5,2,13,Phalloidin-647 + ConA-594 ,None
A05,1,5,8,SPB5 AG2 P13,5,2,13,Phalloidin-647 + ConA-594 ,None
A05,1,5,9,SPB5 AG2 P13,5,2,13,Phalloidin-647 + ConA-594 ,None
A05,1,5,10,SPB5 AG2 P13,5,2,13,Phalloidin-647 + ConA-594 ,None
A05,1,5,11,SPB5 AG2 P13,5,2,13,Phalloidin-647 + ConA-594 ,None
A05,1,5,12,SPB5 AG2 P13,5,2,13,Phalloidin-647 + ConA-594 ,None
A05,1,5,13,SPB5 AG2 P13,5,2,13,Phalloidin-647 + ConA-594 ,None
A05,1,5,14,SPB5 AG2 P13,5,2,13,Phalloidin-647 + ConA-594 ,None
A05,1,5,15,SPB5 AG2 P13,5,2,13,Phalloidin-647 + ConA-594 ,None
A05,1,5,16,SPB5 AG2 P13,5,2,13,Phalloidin-647 + ConA-594 ,None
A05,1,5,17,SPB5 AG2 P13,5,2,13,Phalloidin-647 + ConA-594 ,None
A05,1,5,18,SPB5 AG2 P13,5,2,13,Phalloidin-647 + ConA-594 ,None
A05,1,5,19,SPB5 AG2 P13,5,2,13,Phalloidin-647 + ConA-594 ,None
A05,1,5,20,SPB5 AG2 P13,5,2,13,Phalloidin-647 + ConA-594 ,None
A05,1,5,21,SPB5 AG2 P13,5,2,13,Phalloidin-647 + ConA-594 ,None
A05,1,5,22,SPB5 AG2 P13,5,2,13,Phalloidin-647 + ConA-594 ,None
A05,1,5,23,SPB5 AG2 P13,5,2,13,Phalloidin-647 + ConA-594 ,None
A05,1,5,24,SPB5 AG2 P13,5,2,13,Phalloidin-647 + ConA-594 ,None
A05,1,5,25,SPB5 AG2 P13,5,2,13,Phalloidin-647 + ConA-594 ,None
A05,1,5,26,SPB5 AG2 P13,5,2,13,Phalloidin-647 + ConA-594 ,None
A05,1,5,27,SPB5 AG2 P13,5,2,13,Phalloidin-647 + ConA-594 ,None
A05,1,5,28,SPB5 AG2 P13,5,2,13,Phalloidin-647 + ConA-594 ,None
A05,1,5,29,SPB5 AG2 P13,5,2,13,Phalloidin-647 + ConA-594 ,None
A05,1,5,30,SPB5 AG2 P13,5,2,13,Phalloidin-647 + ConA-594 ,None
A05,1,5,31,SPB5 AG2 P13,5,2,13,Phalloidin-647 + ConA-594 ,None
A05,1,5,32,SPB5 AG2 P13,5,2,13,Phalloidin-647 + ConA-594 ,None
A05,1,5,33,SPB5 AG2 P13,5,2,13,Phalloidin-647 + ConA-594 ,None
A05,1,5,34,SPB5 AG2 P13,5,2,13,Phalloidin-647 + ConA-594 ,None
A05,1,5,35,SPB5 AG2 P13,5,2,13,Phalloidin-647 + ConA-594 ,None
A05,1,5,36,SPB5 AG2 P13,5,2,13,Phalloidin-647 + ConA-594 ,None
A05,1,5,37,SPB5 AG2 P13,5,2,13,Phalloidin-647 + ConA-594 ,None
A05,1,5,38,SPB5 AG2 P13,5,2,13,Phalloidin-647 + ConA-594 ,None
A05,1,5,39,SPB5 AG2 P13,5,2,13,Phalloidin-647 + ConA-594 ,None
A05,1,5,40,SPB5 AG2 P13,5,2,13,Phalloidin-647 + ConA-594 ,None
A06,1,6,1,SPB6 AG1 P10,6,1,10,Phalloidin-647 + ConA-594 ,None
A06,1,6,2,SPB6 AG1 P10,6,1,10,Phalloidin-647 + ConA-594 ,None
A06,1,6,3,SPB6 AG1 P10,6,1,10,Phalloidin-647 + ConA-594 ,None
A06,1,6,4,SPB6 AG1 P10,6,1,10,Phalloidin-647 + ConA-594 ,None
A06,1,6,5,SPB6 AG1 P10,6,1,10,Phalloidin-647 + ConA-594 ,None
A06,1,6,6,SPB6 AG1 P10,6,1,10,Phalloidin-647 + ConA-594 ,None
A06,1,6,7,SPB6 AG1 P10,6,1,10,Phalloidin-647 + ConA-594 ,None
A06,1,6,8,SPB6 AG1 P10,6,1,10,Phalloidin-647 + ConA-594 ,None
A06,1,6,9,SPB6 AG1 P10,6,1,10,Phalloidin-647 + ConA-594 ,None
A06,1,6,10,SPB6 AG1 P10,6,1,10,Phalloidin-647 + ConA-594 ,None
A06,1,6,11,SPB6 AG1 P10,6,1,10,Phalloidin-647 + ConA-594 ,None
A06,1,6,12,SPB6 AG1 P10,6,1,10,Phalloidin-647 + ConA-594 ,None
A06,1,6,13,SPB6 AG1 P10,6,1,10,Phalloidin-647 + ConA-594 ,None
A06,1,6,14,SPB6 AG1 P10,6,1,10,Phalloidin-647 + ConA-594 ,None
A06,1,6,15,SPB6 AG1 P10,6,1,10,Phalloidin-647 + ConA-594 ,None
A06,1,6,16,SPB6 AG1 P10,6,1,10,Phalloidin-647 + ConA-594 ,None
A06,1,6,17,SPB6 AG1 P10,6,1,10,Phalloidin-647 + ConA-594 ,None
A06,1,6,18,SPB6 AG1 P10,6,1,10,Phalloidin-647 + ConA-594 ,None
A06,1,6,19,SPB6 AG1 P10,6,1,10,Phalloidin-647 + ConA-594 ,None
A06,1,6,20,SPB6 AG1 P10,6,1,10,Phalloidin-647 + ConA-594 ,None
A06,1,6,21,SPB6 AG1 P10,6,1,10,Phalloidin-647 + ConA-594 ,None
A06,1,6,22,SPB6 AG1 P10,6,1,10,Phalloidin-647 + ConA-594 ,None
A06,1,6,23,SPB6 AG1 P10,6,1,10,Phalloidin-647 + ConA-594 ,None
A06,1,6,24,SPB6 AG1 P10,6,1,10,Phalloidin-647 + ConA-594 ,None
A06,1,6,25,SPB6 AG1 P10,6,1,10,Phalloidin-647 + ConA-594 ,None
A06,1,6,26,SPB6 AG1 P10,6,1,10,Phalloidin-647 + ConA-594 ,None
A06,1,6,27,SPB6 AG1 P10,6,1,10,Phalloidin-647 + ConA-594 ,None
A06,1,6,28,SPB6 AG1 P10,6,1,10,Phalloidin-647 + ConA-594 ,None
A06,1,6,29,SPB6 AG1 P10,6,1,10,Phalloidin-647 + ConA-594 ,None
A06,1,6,30,SPB6 AG1 P10,6,1,10,Phalloidin-647 + ConA-594 ,None
A06,1,6,31,SPB6 AG1 P10,6,1,10,Phalloidin-647 + ConA-594 ,None
A06,1,6,32,SPB6 AG1 P10,6,1,10,Phalloidin-647 + ConA-594 ,None
A06,1,6,33,SPB6 AG1 P10,6,1,10,Phalloidin-647 + ConA-594 ,None
A06,1,6,34,SPB6 AG1 P10,6,1,10,Phalloidin-647 + ConA-594 ,None
A06,1,6,35,SPB6 AG1 P10,6,1,10,Phalloidin-647 + ConA-594 ,None
A06,1,6,36,SPB6 AG1 P10,6,1,10,Phalloidin-647 + ConA-594 ,None
A06,1,6,37,SPB6 AG1 P10,6,1,10,Phalloidin-647 + ConA-594 ,None
A06,1,6,38,SPB6 AG1 P10,6,1,10,Phalloidin-647 + ConA-594 ,None
A06,1,6,39,SPB6 AG1 P10,6,1,10,Phalloidin-647 + ConA-594 ,None
A06,1,6,40,SPB6 AG1 P10,6,1,10,Phalloidin-647 + ConA-594 ,None
A07,1,7,1,SPB7 AG0 P8,7,0,8,Phalloidin-647 + ConA-594  ,None
A07,1,7,2,SPB7 AG0 P8,7,0,8,Phalloidin-647 + ConA-594  ,None
A07,1,7,3,SPB7 AG0 P8,7,0,8,Phalloidin-647 + ConA-594  ,None
A07,1,7,4,SPB7 AG0 P8,7,0,8,Phalloidin-647 + ConA-594  ,None
A07,1,7,5,SPB7 AG0 P8,7,0,8,Phalloidin-647 + ConA-594  ,None
A07,1,7,6,SPB7 AG0 P8,7,0,8,Phalloidin-647 + ConA-594  ,None
A07,1,7,7,SPB7 AG0 P8,7,0,8,Phalloidin-647 + ConA-594  ,None
A07,1,7,8,SPB7 AG0 P8,7,0,8,Phalloidin-647 + ConA-594  ,None
A07,1,7,9,SPB7 AG0 P8,7,0,8,Phalloidin-647 + ConA-594  ,None
A07,1,7,10,SPB7 AG0 P8,7,0,8,Phalloidin-647 + ConA-594  ,None
A07,1,7,11,SPB7 AG0 P8,7,0,8,Phalloidin-647 + ConA-594  ,None
A07,1,7,12,SPB7 AG0 P8,7,0,8,Phalloidin-647 + ConA-594  ,None
A07,1,7,13,SPB7 AG0 P8,7,0,8,Phalloidin-647 + ConA-594  ,None
A07,1,7,14,SPB7 AG0 P8,7,0,8,Phalloidin-647 + ConA-594  ,None
A07,1,7,15,SPB7 AG0 P8,7,0,8,Phalloidin-647 + ConA-594  ,None
A07,1,7,16,SPB7 AG0 P8,7,0,8,Phalloidin-647 + ConA-594  ,None
A07,1,7,17,SPB7 AG0 P8,7,0,8,Phalloidin-647 + ConA-594  ,None
A07,1,7,18,SPB7 AG0 P8,7,0,8,Phalloidin-647 + ConA-594  ,None
A07,1,7,19,SPB7 AG0 P8,7,0,8,Phalloidin-647 + ConA-594  ,None
A07,1,7,20,SPB7 AG0 P8,7,0,8,Phalloidin-647 + ConA-594  ,None
A07,1,7,21,SPB7 AG0 P8,7,0,8,Phalloidin-647 + ConA-594  ,None
A07,1,7,22,SPB7 AG0 P8,7,0,8,Phalloidin-647 + ConA-594  ,None
A07,1,7,23,SPB7 AG0 P8,7,0,8,Phalloidin-647 + ConA-594  ,None
A07,1,7,24,SPB7 AG0 P8,7,0,8,Phalloidin-647 + ConA-594  ,None
A07,1,7,25,SPB7 AG0 P8,7,0,8,Phalloidin-647 + ConA-594  ,None
A07,1,7,26,SPB7 AG0 P8,7,0,8,Phalloidin-647 + ConA-594  ,None
A07,1,7,27,SPB7 AG0 P8,7,0,8,Phalloidin-647 + ConA-594  ,None
A07,1,7,28,SPB7 AG0 P8,7,0,8,Phalloidin-647 + ConA-594  ,None
A07,1,7,29,SPB7 AG0 P8,7,0,8,Phalloidin-647 + ConA-594  ,None
A07,1,7,30,SPB7 AG0 P8,7,0,8,Phalloidin-647 + ConA-594  ,None
A07,1,7,31,SPB7 AG0 P8,7,0,8,Phalloidin-647 + ConA-594  ,None
A07,1,7,32,SPB7 AG0 P8,7,0,8,Phalloidin-647 + ConA-594  ,None
A07,1,7,33,SPB7 AG0 P8,7,0,8,Phalloidin-647 + ConA-594  ,None
A07,1,7,34,SPB7 AG0 P8,7,0,8,Phalloidin-647 + ConA-594  ,None
A07,1,7,35,SPB7 AG0 P8,7,0,8,Phalloidin-647 + ConA-594  ,None
A07,1,7,36,SPB7 AG0 P8,7,0,8,Phalloidin-647 + ConA-594  ,None
A07,1,7,37,SPB7 AG0 P8,7,0,8,Phalloidin-647 + ConA-594  ,None
A07,1,7,38,SPB7 AG0 P8,7,0,8,Phalloidin-647 + ConA-594  ,None
A07,1,7,39,SPB7 AG0 P8,7,0,8,Phalloidin-647 + ConA-594  ,None
A07,1,7,40,SPB7 AG0 P8,7,0,8,Phalloidin-647 + ConA-594  ,None
B02,2,2,1,SPB2 AG5 P21,2,5,21,LAMP1-488 + MitoRed ,None
B02,2,2,2,SPB2 AG5 P21,2,5,21,LAMP1-488 + MitoRed ,None
B02,2,2,3,SPB2 AG5 P21,2,5,21,LAMP1-488 + MitoRed ,None
B02,2,2,4,SPB2 AG5 P21,2,5,21,LAMP1-488 + MitoRed ,None
B02,2,2,5,SPB2 AG5 P21,2,5,21,LAMP1-488 + MitoRed ,None
B02,2,2,6,SPB2 AG5 P21,2,5,21,LAMP1-488 + MitoRed ,None
B02,2,2,7,SPB2 AG5 P21,2,5,21,LAMP1-488 + MitoRed ,None
B02,2,2,8,SPB2 AG5 P21,2,5,21,LAMP1-488 + MitoRed ,None
B02,2,2,9,SPB2 AG5 P21,2,5,21,LAMP1-488 + MitoRed ,None
B02,2,2,10,SPB2 AG5 P21,2,5,21,LAMP1-488 + MitoRed ,None
B02,2,2,11,SPB2 AG5 P21,2,5,21,LAMP1-488 + MitoRed ,None
B02,2,2,12,SPB2 AG5 P21,2,5,21,LAMP1-488 + MitoRed ,None
B02,2,2,13,SPB2 AG5 P21,2,5,21,LAMP1-488 + MitoRed ,None
B02,2,2,14,SPB2 AG5 P21,2,5,21,LAMP1-488 + MitoRed ,None
B02,2,2,15,SPB2 AG5 P21,2,5,21,LAMP1-488 + MitoRed ,None
B02,2,2,16,SPB2 AG5 P21,2,5,21,LAMP1-488 + MitoRed ,None
B02,2,2,17,SPB2 AG5 P21,2,5,21,LAMP1-488 + MitoRed ,None
B02,2,2,18,SPB2 AG5 P21,2,5,21,LAMP1-488 + MitoRed ,None
B02,2,2,19,SPB2 AG5 P21,2,5,21,LAMP1-488 + MitoRed ,None
B02,2,2,20,SPB2 AG5 P21,2,5,21,LAMP1-488 + MitoRed ,None
B02,2,2,21,SPB2 AG5 P21,2,5,21,LAMP1-488 + MitoRed ,None
B02,2,2,22,SPB2 AG5 P21,2,5,21,LAMP1-488 + MitoRed ,None
B02,2,2,23,SPB2 AG5 P21,2,5,21,LAMP1-488 + MitoRed ,None
B02,2,2,24,SPB2 AG5 P21,2,5,21,LAMP1-488 + MitoRed ,None
B02,2,2,25,SPB2 AG5 P21,2,5,21,LAMP1-488 + MitoRed ,None
B02,2,2,26,SPB2 AG5 P21,2,5,21,LAMP1-488 + MitoRed ,None
B02,2,2,27,SPB2 AG5 P21,2,5,21,LAMP1-488 + MitoRed ,None
B02,2,2,28,SPB2 AG5 P21,2,5,21,LAMP1-488 + MitoRed ,None
B02,2,2,29,SPB2 AG5 P21,2,5,21,LAMP1-488 + MitoRed ,None
B02,2,2,30,SPB2 AG5 P21,2,5,21,LAMP1-488 + MitoRed ,None
B02,2,2,31,SPB2 AG5 P21,2,5,21,LAMP1-488 + MitoRed ,None
B02,2,2,32,SPB2 AG5 P21,2,5,21,LAMP1-488 + MitoRed ,None
B02,2,2,33,SPB2 AG5 P21,2,5,21,LAMP1-488 + MitoRed ,None
B02,2,2,34,SPB2 AG5 P21,2,5,21,LAMP1-488 + MitoRed ,None
B02,2,2,35,SPB2 AG5 P21,2,5,21,LAMP1-488 + MitoRed ,None
B02,2,2,36,SPB2 AG5 P21,2,5,21,LAMP1-488 + MitoRed ,None
B02,2,2,37,SPB2 AG5 P21,2,5,21,LAMP1-488 + MitoRed ,None
B02,2,2,38,SPB2 AG5 P21,2,5,21,LAMP1-488 + MitoRed ,None
B02,2,2,39,SPB2 AG5 P21,2,5,21,LAMP1-488 + MitoRed ,None
B02,2,2,40,SPB2 AG5 P21,2,5,21,LAMP1-488 + MitoRed ,None
B03,2,3,1,SPB3 AG4 P18,3,4,18,LAMP1-488 + MitoRed ,None
B03,2,3,2,SPB3 AG4 P18,3,4,18,LAMP1-488 + MitoRed ,None
B03,2,3,3,SPB3 AG4 P18,3,4,18,LAMP1-488 + MitoRed ,None
B03,2,3,4,SPB3 AG4 P18,3,4,18,LAMP1-488 + MitoRed ,None
B03,2,3,5,SPB3 AG4 P18,3,4,18,LAMP1-488 + MitoRed ,None
B03,2,3,6,SPB3 AG4 P18,3,4,18,LAMP1-488 + MitoRed ,None
B03,2,3,7,SPB3 AG4 P18,3,4,18,LAMP1-488 + MitoRed ,None
B03,2,3,8,SPB3 AG4 P18,3,4,18,LAMP1-488 + MitoRed ,None
B03,2,3,9,SPB3 AG4 P18,3,4,18,LAMP1-488 + MitoRed ,None
B03,2,3,10,SPB3 AG4 P18,3,4,18,LAMP1-488 + MitoRed ,None
B03,2,3,11,SPB3 AG4 P18,3,4,18,LAMP1-488 + MitoRed ,None
B03,2,3,12,SPB3 AG4 P18,3,4,18,LAMP1-488 + MitoRed ,None
B03,2,3,13,SPB3 AG4 P18,3,4,18,LAMP1-488 + MitoRed ,None
B03,2,3,14,SPB3 AG4 P18,3,4,18,LAMP1-488 + MitoRed ,None
B03,2,3,15,SPB3 AG4 P18,3,4,18,LAMP1-488 + MitoRed ,None
B03,2,3,16,SPB3 AG4 P18,3,4,18,LAMP1-488 + MitoRed ,None
B03,2,3,17,SPB3 AG4 P18,3,4,18,LAMP1-488 + MitoRed ,None
B03,2,3,18,SPB3 AG4 P18,3,4,18,LAMP1-488 + MitoRed ,None
B03,2,3,19,SPB3 AG4 P18,3,4,18,LAMP1-488 + MitoRed ,None
B03,2,3,20,SPB3 AG4 P18,3,4,18,LAMP1-488 + MitoRed ,None
B03,2,3,21,SPB3 AG4 P18,3,4,18,LAMP1-488 + MitoRed ,None
B03,2,3,22,SPB3 AG4 P18,3,4,18,LAMP1-488 + MitoRed ,None
B03,2,3,23,SPB3 AG4 P18,3,4,18,LAMP1-488 + MitoRed ,None
B03,2,3,24,SPB3 AG4 P18,3,4,18,LAMP1-488 + MitoRed ,None
B03,2,3,25,SPB3 AG4 P18,3,4,18,LAMP1-488 + MitoRed ,None
B03,2,3,26,SPB3 AG4 P18,3,4,18,LAMP1-488 + MitoRed ,None
B03,2,3,27,SPB3 AG4 P18,3,4,18,LAMP1-488 + MitoRed ,None
B03,2,3,28,SPB3 AG4 P18,3,4,18,LAMP1-488 + MitoRed ,None
B03,2,3,29,SPB3 AG4 P18,3,4,18,LAMP1-488 + MitoRed ,None
B03,2,3,30,SPB3 AG4 P18,3,4,18,LAMP1-488 + MitoRed ,None
B03,2,3,31,SPB3 AG4 P18,3,4,18,LAMP1-488 + MitoRed ,None
B03,2,3,32,SPB3 AG4 P18,3,4,18,LAMP1-488 + MitoRed ,None
B03,2,3,33,SPB3 AG4 P18,3,4,18,LAMP1-488 + MitoRed ,None
B03,2,3,34,SPB3 AG4 P18,3,4,18,LAMP1-488 + MitoRed ,None
B03,2,3,35,SPB3 AG4 P18,3,4,18,LAMP1-488 + MitoRed ,None
B03,2,3,36,SPB3 AG4 P18,3,4,18,LAMP1-488 + MitoRed ,None
B03,2,3,37,SPB3 AG4 P18,3,4,18,LAMP1-488 + MitoRed ,None
B03,2,3,38,SPB3 AG4 P18,3,4,18,LAMP1-488 + MitoRed ,None
B03,2,3,39,SPB3 AG4 P18,3,4,18,LAMP1-488 + MitoRed ,None
B03,2,3,40,SPB3 AG4 P18,3,4,18,LAMP1-488 + MitoRed ,None
B04,2,4,1,SPB4 AG3 P15,4,3,15,LAMP1-488 + MitoRed ,None
B04,2,4,2,SPB4 AG3 P15,4,3,15,LAMP1-488 + MitoRed ,None
B04,2,4,3,SPB4 AG3 P15,4,3,15,LAMP1-488 + MitoRed ,None
B04,2,4,4,SPB4 AG3 P15,4,3,15,LAMP1-488 + MitoRed ,None
B04,2,4,5,SPB4 AG3 P15,4,3,15,LAMP1-488 + MitoRed ,None
B04,2,4,6,SPB4 AG3 P15,4,3,15,LAMP1-488 + MitoRed ,None
B04,2,4,7,SPB4 AG3 P15,4,3,15,LAMP1-488 + MitoRed ,None
B04,2,4,8,SPB4 AG3 P15,4,3,15,LAMP1-488 + MitoRed ,None
B04,2,4,9,SPB4 AG3 P15,4,3,15,LAMP1-488 + MitoRed ,None
B04,2,4,10,SPB4 AG3 P15,4,3,15,LAMP1-488 + MitoRed ,None
B04,2,4,11,SPB4 AG3 P15,4,3,15,LAMP1-488 + MitoRed ,None
B04,2,4,12,SPB4 AG3 P15,4,3,15,LAMP1-488 + MitoRed ,None
B04,2,4,13,SPB4 AG3 P15,4,3,15,LAMP1-488 + MitoRed ,None
B04,2,4,14,SPB4 AG3 P15,4,3,15,LAMP1-488 + MitoRed ,None
B04,2,4,15,SPB4 AG3 P15,4,3,15,LAMP1-488 + MitoRed ,None
B04,2,4,16,SPB4 AG3 P15,4,3,15,LAMP1-488 + MitoRed ,None
B04,2,4,17,SPB4 AG3 P15,4,3,15,LAMP1-488 + MitoRed ,None
B04,2,4,18,SPB4 AG3 P15,4,3,15,LAMP1-488 + MitoRed ,None
B04,2,4,19,SPB4 AG3 P15,4,3,15,LAMP1-488 + MitoRed ,None
B04,2,4,20,SPB4 AG3 P15,4,3,15,LAMP1-488 + MitoRed ,None
B04,2,4,21,SPB4 AG3 P15,4,3,15,LAMP1-488 + MitoRed ,None
B04,2,4,22,SPB4 AG3 P15,4,3,15,LAMP1-488 + MitoRed ,None
B04,2,4,23,SPB4 AG3 P15,4,3,15,LAMP1-488 + MitoRed ,None
B04,2,4,24,SPB4 AG3 P15,4,3,15,LAMP1-488 + MitoRed ,None
B04,2,4,25,SPB4 AG3 P15,4,3,15,LAMP1-488 + MitoRed ,None
B04,2,4,26,SPB4 AG3 P15,4,3,15,LAMP1-488 + MitoRed ,None
B04,2,4,27,SPB4 AG3 P15,4,3,15,LAMP1-488 + MitoRed ,None
B04,2,4,28,SPB4 AG3 P15,4,3,15,LAMP1-488 + MitoRed ,None
B04,2,4,29,SPB4 AG3 P15,4,3,15,LAMP1-488 + MitoRed ,None
B04,2,4,30,SPB4 AG3 P15,4,3,15,LAMP1-488 + MitoRed ,None
B04,2,4,31,SPB4 AG3 P15,4,3,15,LAMP1-488 + MitoRed ,None
B04,2,4,32,SPB4 AG3 P15,4,3,15,LAMP1-488 + MitoRed ,None
B04,2,4,33,SPB4 AG3 P15,4,3,15,LAMP1-488 + MitoRed ,None
B04,2,4,34,SPB4 AG3 P15,4,3,15,LAMP1-488 + MitoRed ,None
B04,2,4,35,SPB4 AG3 P15,4,3,15,LAMP1-488 + MitoRed ,None
B04,2,4,36,SPB4 AG3 P15,4,3,15,LAMP1-488 + MitoRed ,None
B04,2,4,37,SPB4 AG3 P15,4,3,15,LAMP1-488 + MitoRed ,None
B04,2,4,38,SPB4 AG3 P15,4,3,15,LAMP1-488 + MitoRed ,None
B04,2,4,39,SPB4 AG3 P15,4,3,15,LAMP1-488 + MitoRed ,None
B04,2,4,40,SPB4 AG3 P15,4,3,15,LAMP1-488 + MitoRed ,None
B05,2,5,1,SPB5 AG2 P13,5,2,13,LAMP1-488 + MitoRed ,None
B05,2,5,2,SPB5 AG2 P13,5,2,13,LAMP1-488 + MitoRed ,None
B05,2,5,3,SPB5 AG2 P13,5,2,13,LAMP1-488 + MitoRed ,None
B05,2,5,4,SPB5 AG2 P13,5,2,13,LAMP1-488 + MitoRed ,None
B05,2,5,5,SPB5 AG2 P13,5,2,13,LAMP1-488 + MitoRed ,None
B05,2,5,6,SPB5 AG2 P13,5,2,13,LAMP1-488 + MitoRed ,None
B05,2,5,7,SPB5 AG2 P13,5,2,13,LAMP1-488 + MitoRed ,None
B05,2,5,8,SPB5 AG2 P13,5,2,13,LAMP1-488 + MitoRed ,None
B05,2,5,9,SPB5 AG2 P13,5,2,13,LAMP1-488 + MitoRed ,None
B05,2,5,10,SPB5 AG2 P13,5,2,13,LAMP1-488 + MitoRed ,None
B05,2,5,11,SPB5 AG2 P13,5,2,13,LAMP1-488 + MitoRed ,None
B05,2,5,12,SPB5 AG2 P13,5,2,13,LAMP1-488 + MitoRed ,None
B05,2,5,13,SPB5 AG2 P13,5,2,13,LAMP1-488 + MitoRed ,None
B05,2,5,14,SPB5 AG2 P13,5,2,13,LAMP1-488 + MitoRed ,None
B05,2,5,15,SPB5 AG2 P13,5,2,13,LAMP1-488 + MitoRed ,None
B05,2,5,16,SPB5 AG2 P13,5,2,13,LAMP1-488 + MitoRed ,None
B05,2,5,17,SPB5 AG2 P13,5,2,13,LAMP1-488 + MitoRed ,None
B05,2,5,18,SPB5 AG2 P13,5,2,13,LAMP1-488 + MitoRed ,None
B05,2,5,19,SPB5 AG2 P13,5,2,13,LAMP1-488 + MitoRed ,None
B05,2,5,20,SPB5 AG2 P13,5,2,13,LAMP1-488 + MitoRed ,None
B05,2,5,21,SPB5 AG2 P13,5,2,13,LAMP1-488 + MitoRed ,None
B05,2,5,22,SPB5 AG2 P13,5,2,13,LAMP1-488 + MitoRed ,None
B05,2,5,23,SPB5 AG2 P13,5,2,13,LAMP1-488 + MitoRed ,None
B05,2,5,24,SPB5 AG2 P13,5,2,13,LAMP1-488 + MitoRed ,None
B05,2,5,25,SPB5 AG2 P13,5,2,13,LAMP1-488 + MitoRed ,None
B05,2,5,26,SPB5 AG2 P13,5,2,13,LAMP1-488 + MitoRed ,None
B05,2,5,27,SPB5 AG2 P13,5,2,13,LAMP1-488 + MitoRed ,None
B05,2,5,28,SPB5 AG2 P13,5,2,13,LAMP1-488 + MitoRed ,None
B05,2,5,29,SPB5 AG2 P13,5,2,13,LAMP1-488 + MitoRed ,None
B05,2,5,30,SPB5 AG2 P13,5,2,13,LAMP1-488 + MitoRed ,None
B05,2,5,31,SPB5 AG2 P13,5,2,13,LAMP1-488 + MitoRed ,None
B05,2,5,32,SPB5 AG2 P13,5,2,13,LAMP1-488 + MitoRed ,None
B05,2,5,33,SPB5 AG2 P13,5,2,13,LAMP1-488 + MitoRed ,None
B05,2,5,34,SPB5 AG2 P13,5,2,13,LAMP1-488 + MitoRed ,None
B05,2,5,35,SPB5 AG2 P13,5,2,13,LAMP1-488 + MitoRed ,None
B05,2,5,36,SPB5 AG2 P13,5,2,13,LAMP1-488 + MitoRed ,None
B05,2,5,37,SPB5 AG2 P13,5,2,13,LAMP1-488 + MitoRed ,None
B05,2,5,38,SPB5 AG2 P13,5,2,13,LAMP1-488 + MitoRed ,None
B05,2,5,39,SPB5 AG2 P13,5,2,13,LAMP1-488 + MitoRed ,None
B05,2,5,40,SPB5 AG2 P13,5,2,13,LAMP1-488 + MitoRed ,None
B06,2,6,1,SPB6 AG1 P10,6,1,10,LAMP1-488 + MitoRed ,None
B06,2,6,2,SPB6 AG1 P10,6,1,10,LAMP1-488 + MitoRed ,None
B06,2,6,3,SPB6 AG1 P10,6,1,10,LAMP1-488 + MitoRed ,None
B06,2,6,4,SPB6 AG1 P10,6,1,10,LAMP1-488 + MitoRed ,None
B06,2,6,5,SPB6 AG1 P10,6,1,10,LAMP1-488 + MitoRed ,None
B06,2,6,6,SPB6 AG1 P10,6,1,10,LAMP1-488 + MitoRed ,None
B06,2,6,7,SPB6 AG1 P10,6,1,10,LAMP1-488 + MitoRed ,None
B06,2,6,8,SPB6 AG1 P10,6,1,10,LAMP1-488 + MitoRed ,None
B06,2,6,9,SPB6 AG1 P10,6,1,10,LAMP1-488 + MitoRed ,None
B06,2,6,10,SPB6 AG1 P10,6,1,10,LAMP1-488 + MitoRed ,None
B06,2,6,11,SPB6 AG1 P10,6,1,10,LAMP1-488 + MitoRed ,None
B06,2,6,12,SPB6 AG1 P10,6,1,10,LAMP1-488 + MitoRed ,None
B06,2,6,13,SPB6 AG1 P10,6,1,10,LAMP1-488 + MitoRed ,None
B06,2,6,14,SPB6 AG1 P10,6,1,10,LAMP1-488 + MitoRed ,None
B06,2,6,15,SPB6 AG1 P10,6,1,10,LAMP1-488 + MitoRed ,None
B06,2,6,16,SPB6 AG1 P10,6,1,10,LAMP1-488 + MitoRed ,None
B06,2,6,17,SPB6 AG1 P10,6,1,10,LAMP1-488 + MitoRed ,None
B06,2,6,18,SPB6 AG1 P10,6,1,10,LAMP1-488 + MitoRed ,None
B06,2,6,19,SPB6 AG1 P10,6,1,10,LAMP1-488 + MitoRed ,None
B06,2,6,20,SPB6 AG1 P10,6,1,10,LAMP1-488 + MitoRed ,None
B06,2,6,21,SPB6 AG1 P10,6,1,10,LAMP1-488 + MitoRed ,None
B06,2,6,22,SPB6 AG1 P10,6,1,10,LAMP1-488 + MitoRed ,None
B06,2,6,23,SPB6 AG1 P10,6,1,10,LAMP1-488 + MitoRed ,None
B06,2,6,24,SPB6 AG1 P10,6,1,10,LAMP1-488 + MitoRed ,None
B06,2,6,25,SPB6 AG1 P10,6,1,10,LAMP1-488 + MitoRed ,None
B06,2,6,26,SPB6 AG1 P10,6,1,10,LAMP1-488 + MitoRed ,None
B06,2,6,27,SPB6 AG1 P10,6,1,10,LAMP1-488 + MitoRed ,None
B06,2,6,28,SPB6 AG1 P10,6,1,10,LAMP1-488 + MitoRed ,None
B06,2,6,29,SPB6 AG1 P10,6,1,10,LAMP1-488 + MitoRed ,None
B06,2,6,30,SPB6 AG1 P10,6,1,10,LAMP1-488 + MitoRed ,None
B06,2,6,31,SPB6 AG1 P10,6,1,10,LAMP1-488 + MitoRed ,None
B06,2,6,32,SPB6 AG1 P10,6,1,10,LAMP1-488 + MitoRed ,None
B06,2,6,33,SPB6 AG1 P10,6,1,10,LAMP1-488 + MitoRed ,None
B06,2,6,34,SPB6 AG1 P10,6,1,10,LAMP1-488 + MitoRed ,None
B06,2,6,35,SPB6 AG1 P10,6,1,10,LAMP1-488 + MitoRed ,None
B06,2,6,36,SPB6 AG1 P10,6,1,10,LAMP1-488 + MitoRed ,None
B06,2,6,37,SPB6 AG1 P10,6,1,10,LAMP1-488 + MitoRed ,None
B06,2,6,38,SPB6 AG1 P10,6,1,10,LAMP1-488 + MitoRed ,None
B06,2,6,39,SPB6 AG1 P10,6,1,10,LAMP1-488 + MitoRed ,None
B06,2,6,40,SPB6 AG1 P10,6,1,10,LAMP1-488 + MitoRed ,None
B07,2,7,1,SPB7 AG0 P8,7,0,8,LAMP1-488 + MitoRed ,None
B07,2,7,2,SPB7 AG0 P8,7,0,8,LAMP1-488 + MitoRed ,None
B07,2,7,3,SPB7 AG0 P8,7,0,8,LAMP1-488 + MitoRed ,None
B07,2,7,4,SPB7 AG0 P8,7,0,8,LAMP1-488 + MitoRed ,None
B07,2,7,5,SPB7 AG0 P8,7,0,8,LAMP1-488 + MitoRed ,None
B07,2,7,6,SPB7 AG0 P8,7,0,8,LAMP1-488 + MitoRed ,None
B07,2,7,7,SPB7 AG0 P8,7,0,8,LAMP1-488 + MitoRed ,None
B07,2,7,8,SPB7 AG0 P8,7,0,8,LAMP1-488 + MitoRed ,None
B07,2,7,9,SPB7 AG0 P8,7,0,8,LAMP1-488 + MitoRed ,None
B07,2,7,10,SPB7 AG0 P8,7,0,8,LAMP1-488 + MitoRed ,None
B07,2,7,11,SPB7 AG0 P8,7,0,8,LAMP1-488 + MitoRed ,None
B07,2,7,12,SPB7 AG0 P8,7,0,8,LAMP1-488 + MitoRed ,None
B07,2,7,13,SPB7 AG0 P8,7,0,8,LAMP1-488 + MitoRed ,None
B07,2,7,14,SPB7 AG0 P8,7,0,8,LAMP1-488 + MitoRed ,None
B07,2,7,15,SPB7 AG0 P8,7,0,8,LAMP1-488 + MitoRed ,None
B07,2,7,16,SPB7 AG0 P8,7,0,8,LAMP1-488 + MitoRed ,None
B07,2,7,17,SPB7 AG0 P8,7,0,8,LAMP1-488 + MitoRed ,None
B07,2,7,18,SPB7 AG0 P8,7,0,8,LAMP1-488 + MitoRed ,None
B07,2,7,19,SPB7 AG0 P8,7,0,8,LAMP1-488 + MitoRed ,None
B07,2,7,20,SPB7 AG0 P8,7,0,8,LAMP1-488 + MitoRed ,None
B07,2,7,21,SPB7 AG0 P8,7,0,8,LAMP1-488 + MitoRed ,None
B07,2,7,22,SPB7 AG0 P8,7,0,8,LAMP1-488 + MitoRed ,None
B07,2,7,23,SPB7 AG0 P8,7,0,8,LAMP1-488 + MitoRed ,None
B07,2,7,24,SPB7 AG0 P8,7,0,8,LAMP1-488 + MitoRed ,None
B07,2,7,25,SPB7 AG0 P8,7,0,8,LAMP1-488 + MitoRed ,None
B07,2,7,26,SPB7 AG0 P8,7,0,8,LAMP1-488 + MitoRed ,None
B07,2,7,27,SPB7 AG0 P8,7,0,8,LAMP1-488 + MitoRed ,None
B07,2,7,28,SPB7 AG0 P8,7,0,8,LAMP1-488 + MitoRed ,None
B07,2,7,29,SPB7 AG0 P8,7,0,8,LAMP1-488 + MitoRed ,None
B07,2,7,30,SPB7 AG0 P8,7,0,8,LAMP1-488 + MitoRed ,None
B07,2,7,31,SPB7 AG0 P8,7,0,8,LAMP1-488 + MitoRed ,None
B07,2,7,32,SPB7 AG0 P8,7,0,8,LAMP1-488 + MitoRed ,None
B07,2,7,33,SPB7 AG0 P8,7,0,8,LAMP1-488 + MitoRed ,None
B07,2,7,34,SPB7 AG0 P8,7,0,8,LAMP1-488 + MitoRed ,None
B07,2,7,35,SPB7 AG0 P8,7,0,8,LAMP1-488 + MitoRed ,None
B07,2,7,36,SPB7 AG0 P8,7,0,8,LAMP1-488 + MitoRed ,None
B07,2,7,37,SPB7 AG0 P8,7,0,8,LAMP1-488 + MitoRed ,None
B07,2,7,38,SPB7 AG0 P8,7,0,8,LAMP1-488 + MitoRed ,None
B07,2,7,39,SPB7 AG0 P8,7,0,8,LAMP1-488 + MitoRed ,None
B07,2,7,40,SPB7 AG0 P8,7,0,8,LAMP1-488 + MitoRed ,None
C02,3,2,1,SPB2 AG5 P21,2,5,21,LAMP1-488 + MitoRed ,None
C02,3,2,2,SPB2 AG5 P21,2,5,21,LAMP1-488 + MitoRed ,None
C02,3,2,3,SPB2 AG5 P21,2,5,21,LAMP1-488 + MitoRed ,None
C02,3,2,4,SPB2 AG5 P21,2,5,21,LAMP1-488 + MitoRed ,None
C02,3,2,5,SPB2 AG5 P21,2,5,21,LAMP1-488 + MitoRed ,None
C02,3,2,6,SPB2 AG5 P21,2,5,21,LAMP1-488 + MitoRed ,None
C02,3,2,7,SPB2 AG5 P21,2,5,21,LAMP1-488 + MitoRed ,None
C02,3,2,8,SPB2 AG5 P21,2,5,21,LAMP1-488 + MitoRed ,None
C02,3,2,9,SPB2 AG5 P21,2,5,21,LAMP1-488 + MitoRed ,None
C02,3,2,10,SPB2 AG5 P21,2,5,21,LAMP1-488 + MitoRed ,None
C02,3,2,11,SPB2 AG5 P21,2,5,21,LAMP1-488 + MitoRed ,None
C02,3,2,12,SPB2 AG5 P21,2,5,21,LAMP1-488 + MitoRed ,None
C02,3,2,13,SPB2 AG5 P21,2,5,21,LAMP1-488 + MitoRed ,None
C02,3,2,14,SPB2 AG5 P21,2,5,21,LAMP1-488 + MitoRed ,None
C02,3,2,15,SPB2 AG5 P21,2,5,21,LAMP1-488 + MitoRed ,None
C02,3,2,16,SPB2 AG5 P21,2,5,21,LAMP1-488 + MitoRed ,None
C02,3,2,17,SPB2 AG5 P21,2,5,21,LAMP1-488 + MitoRed ,None
C02,3,2,18,SPB2 AG5 P21,2,5,21,LAMP1-488 + MitoRed ,None
C02,3,2,19,SPB2 AG5 P21,2,5,21,LAMP1-488 + MitoRed ,None
C02,3,2,20,SPB2 AG5 P21,2,5,21,LAMP1-488 + MitoRed ,None
C02,3,2,21,SPB2 AG5 P21,2,5,21,LAMP1-488 + MitoRed ,None
C02,3,2,22,SPB2 AG5 P21,2,5,21,LAMP1-488 + MitoRed ,None
C02,3,2,23,SPB2 AG5 P21,2,5,21,LAMP1-488 + MitoRed ,None
C02,3,2,24,SPB2 AG5 P21,2,5,21,LAMP1-488 + MitoRed ,None
C02,3,2,25,SPB2 AG5 P21,2,5,21,LAMP1-488 + MitoRed ,None
C02,3,2,26,SPB2 AG5 P21,2,5,21,LAMP1-488 + MitoRed ,None
C02,3,2,27,SPB2 AG5 P21,2,5,21,LAMP1-488 + MitoRed ,None
C02,3,2,28,SPB2 AG5 P21,2,5,21,LAMP1-488 + MitoRed ,None
C02,3,2,29,SPB2 AG5 P21,2,5,21,LAMP1-488 + MitoRed ,None
C02,3,2,30,SPB2 AG5 P21,2,5,21,LAMP1-488 + MitoRed ,None
C02,3,2,31,SPB2 AG5 P21,2,5,21,LAMP1-488 + MitoRed ,None
C02,3,2,32,SPB2 AG5 P21,2,5,21,LAMP1-488 + MitoRed ,None
C02,3,2,33,SPB2 AG5 P21,2,5,21,LAMP1-488 + MitoRed ,None
C02,3,2,34,SPB2 AG5 P21,2,5,21,LAMP1-488 + MitoRed ,None
C02,3,2,35,SPB2 AG5 P21,2,5,21,LAMP1-488 + MitoRed ,None
C02,3,2,36,SPB2 AG5 P21,2,5,21,LAMP1-488 + MitoRed ,None
C02,3,2,37,SPB2 AG5 P21,2,5,21,LAMP1-488 + MitoRed ,None
C02,3,2,38,SPB2 AG5 P21,2,5,21,LAMP1-488 + MitoRed ,None
C02,3,2,39,SPB2 AG5 P21,2,5,21,LAMP1-488 + MitoRed ,None
C02,3,2,40,SPB2 AG5 P21,2,5,21,LAMP1-488 + MitoRed ,None
C03,3,3,1,SPB3 AG4 P18,3,4,18,LAMP1-488 + MitoRed ,None
C03,3,3,2,SPB3 AG4 P18,3,4,18,LAMP1-488 + MitoRed ,None
C03,3,3,3,SPB3 AG4 P18,3,4,18,LAMP1-488 + MitoRed ,None
C03,3,3,4,SPB3 AG4 P18,3,4,18,LAMP1-488 + MitoRed ,None
C03,3,3,5,SPB3 AG4 P18,3,4,18,LAMP1-488 + MitoRed ,None
C03,3,3,6,SPB3 AG4 P18,3,4,18,LAMP1-488 + MitoRed ,None
C03,3,3,7,SPB3 AG4 P18,3,4,18,LAMP1-488 + MitoRed ,None
C03,3,3,8,SPB3 AG4 P18,3,4,18,LAMP1-488 + MitoRed ,None
C03,3,3,9,SPB3 AG4 P18,3,4,18,LAMP1-488 + MitoRed ,None
C03,3,3,10,SPB3 AG4 P18,3,4,18,LAMP1-488 + MitoRed ,None
C03,3,3,11,SPB3 AG4 P18,3,4,18,LAMP1-488 + MitoRed ,None
C03,3,3,12,SPB3 AG4 P18,3,4,18,LAMP1-488 + MitoRed ,None
C03,3,3,13,SPB3 AG4 P18,3,4,18,LAMP1-488 + MitoRed ,None
C03,3,3,14,SPB3 AG4 P18,3,4,18,LAMP1-488 + MitoRed ,None
C03,3,3,15,SPB3 AG4 P18,3,4,18,LAMP1-488 + MitoRed ,None
C03,3,3,16,SPB3 AG4 P18,3,4,18,LAMP1-488 + MitoRed ,None
C03,3,3,17,SPB3 AG4 P18,3,4,18,LAMP1-488 + MitoRed ,None
C03,3,3,18,SPB3 AG4 P18,3,4,18,LAMP1-488 + MitoRed ,None
C03,3,3,19,SPB3 AG4 P18,3,4,18,LAMP1-488 + MitoRed ,None
C03,3,3,20,SPB3 AG4 P18,3,4,18,LAMP1-488 + MitoRed ,None
C03,3,3,21,SPB3 AG4 P18,3,4,18,LAMP1-488 + MitoRed ,None
C03,3,3,22,SPB3 AG4 P18,3,4,18,LAMP1-488 + MitoRed ,None
C03,3,3,23,SPB3 AG4 P18,3,4,18,LAMP1-488 + MitoRed ,None
C03,3,3,24,SPB3 AG4 P18,3,4,18,LAMP1-488 + MitoRed ,None
C03,3,3,25,SPB3 AG4 P18,3,4,18,LAMP1-488 + MitoRed ,None
C03,3,3,26,SPB3 AG4 P18,3,4,18,LAMP1-488 + MitoRed ,None
C03,3,3,27,SPB3 AG4 P18,3,4,18,LAMP1-488 + MitoRed ,None
C03,3,3,28,SPB3 AG4 P18,3,4,18,LAMP1-488 + MitoRed ,None
C03,3,3,29,SPB3 AG4 P18,3,4,18,LAMP1-488 + MitoRed ,None
C03,3,3,30,SPB3 AG4 P18,3,4,18,LAMP1-488 + MitoRed ,None
C03,3,3,31,SPB3 AG4 P18,3,4,18,LAMP1-488 + MitoRed ,None
C03,3,3,32,SPB3 AG4 P18,3,4,18,LAMP1-488 + MitoRed ,None
C03,3,3,33,SPB3 AG4 P18,3,4,18,LAMP1-488 + MitoRed ,None
C03,3,3,34,SPB3 AG4 P18,3,4,18,LAMP1-488 + MitoRed ,None
C03,3,3,35,SPB3 AG4 P18,3,4,18,LAMP1-488 + MitoRed ,None
C03,3,3,36,SPB3 AG4 P18,3,4,18,LAMP1-488 + MitoRed ,None
C03,3,3,37,SPB3 AG4 P18,3,4,18,LAMP1-488 + MitoRed ,None
C03,3,3,38,SPB3 AG4 P18,3,4,18,LAMP1-488 + MitoRed ,None
C03,3,3,39,SPB3 AG4 P18,3,4,18,LAMP1-488 + MitoRed ,None
C03,3,3,40,SPB3 AG4 P18,3,4,18,LAMP1-488 + MitoRed ,None
C04,3,4,1,SPB4 AG3 P15,4,3,15,LAMP1-488 + MitoRed ,None
C04,3,4,2,SPB4 AG3 P15,4,3,15,LAMP1-488 + MitoRed ,None
C04,3,4,3,SPB4 AG3 P15,4,3,15,LAMP1-488 + MitoRed ,None
C04,3,4,4,SPB4 AG3 P15,4,3,15,LAMP1-488 + MitoRed ,None
C04,3,4,5,SPB4 AG3 P15,4,3,15,LAMP1-488 + MitoRed ,None
C04,3,4,6,SPB4 AG3 P15,4,3,15,LAMP1-488 + MitoRed ,None
C04,3,4,7,SPB4 AG3 P15,4,3,15,LAMP1-488 + MitoRed ,None
C04,3,4,8,SPB4 AG3 P15,4,3,15,LAMP1-488 + MitoRed ,None
C04,3,4,9,SPB4 AG3 P15,4,3,15,LAMP1-488 + MitoRed ,None
C04,3,4,10,SPB4 AG3 P15,4,3,15,LAMP1-488 + MitoRed ,None
C04,3,4,11,SPB4 AG3 P15,4,3,15,LAMP1-488 + MitoRed ,None
C04,3,4,12,SPB4 AG3 P15,4,3,15,LAMP1-488 + MitoRed ,None
C04,3,4,13,SPB4 AG3 P15,4,3,15,LAMP1-488 + MitoRed ,None
C04,3,4,14,SPB4 AG3 P15,4,3,15,LAMP1-488 + MitoRed ,None
C04,3,4,15,SPB4 AG3 P15,4,3,15,LAMP1-488 + MitoRed ,None
C04,3,4,16,SPB4 AG3 P15,4,3,15,LAMP1-488 + MitoRed ,None
C04,3,4,17,SPB4 AG3 P15,4,3,15,LAMP1-488 + MitoRed ,None
C04,3,4,18,SPB4 AG3 P15,4,3,15,LAMP1-488 + MitoRed ,None
C04,3,4,19,SPB4 AG3 P15,4,3,15,LAMP1-488 + MitoRed ,None
C04,3,4,20,SPB4 AG3 P15,4,3,15,LAMP1-488 + MitoRed ,None
C04,3,4,21,SPB4 AG3 P15,4,3,15,LAMP1-488 + MitoRed ,None
C04,3,4,22,SPB4 AG3 P15,4,3,15,LAMP1-488 + MitoRed ,None
C04,3,4,23,SPB4 AG3 P15,4,3,15,LAMP1-488 + MitoRed ,None
C04,3,4,24,SPB4 AG3 P15,4,3,15,LAMP1-488 + MitoRed ,None
C04,3,4,25,SPB4 AG3 P15,4,3,15,LAMP1-488 + MitoRed ,None
C04,3,4,26,SPB4 AG3 P15,4,3,15,LAMP1-488 + MitoRed ,None
C04,3,4,27,SPB4 AG3 P15,4,3,15,LAMP1-488 + MitoRed ,None
C04,3,4,28,SPB4 AG3 P15,4,3,15,LAMP1-488 + MitoRed ,None
C04,3,4,29,SPB4 AG3 P15,4,3,15,LAMP1-488 + MitoRed ,None
C04,3,4,30,SPB4 AG3 P15,4,3,15,LAMP1-488 + MitoRed ,None
C04,3,4,31,SPB4 AG3 P15,4,3,15,LAMP1-488 + MitoRed ,None
C04,3,4,32,SPB4 AG3 P15,4,3,15,LAMP1-488 + MitoRed ,None
C04,3,4,33,SPB4 AG3 P15,4,3,15,LAMP1-488 + MitoRed ,None
C04,3,4,34,SPB4 AG3 P15,4,3,15,LAMP1-488 + MitoRed ,None
C04,3,4,35,SPB4 AG3 P15,4,3,15,LAMP1-488 + MitoRed ,None
C04,3,4,36,SPB4 AG3 P15,4,3,15,LAMP1-488 + MitoRed ,None
C04,3,4,37,SPB4 AG3 P15,4,3,15,LAMP1-488 + MitoRed ,None
C04,3,4,38,SPB4 AG3 P15,4,3,15,LAMP1-488 + MitoRed ,None
C04,3,4,39,SPB4 AG3 P15,4,3,15,LAMP1-488 + MitoRed ,None
C04,3,4,40,SPB4 AG3 P15,4,3,15,LAMP1-488 + MitoRed ,None
C05,3,5,1,SPB5 AG2 P13,5,2,13,LAMP1-488 + MitoRed ,None
C05,3,5,2,SPB5 AG2 P13,5,2,13,LAMP1-488 + MitoRed ,None
C05,3,5,3,SPB5 AG2 P13,5,2,13,LAMP1-488 + MitoRed ,None
C05,3,5,4,SPB5 AG2 P13,5,2,13,LAMP1-488 + MitoRed ,None
C05,3,5,5,SPB5 AG2 P13,5,2,13,LAMP1-488 + MitoRed ,None
C05,3,5,6,SPB5 AG2 P13,5,2,13,LAMP1-488 + MitoRed ,None
C05,3,5,7,SPB5 AG2 P13,5,2,13,LAMP1-488 + MitoRed ,None
C05,3,5,8,SPB5 AG2 P13,5,2,13,LAMP1-488 + MitoRed ,None
C05,3,5,9,SPB5 AG2 P13,5,2,13,LAMP1-488 + MitoRed ,None
C05,3,5,10,SPB5 AG2 P13,5,2,13,LAMP1-488 + MitoRed ,None
C05,3,5,11,SPB5 AG2 P13,5,2,13,LAMP1-488 + MitoRed ,None
C05,3,5,12,SPB5 AG2 P13,5,2,13,LAMP1-488 + MitoRed ,None
C05,3,5,13,SPB5 AG2 P13,5,2,13,LAMP1-488 + MitoRed ,None
C05,3,5,14,SPB5 AG2 P13,5,2,13,LAMP1-488 + MitoRed ,None
C05,3,5,15,SPB5 AG2 P13,5,2,13,LAMP1-488 + MitoRed ,None
C05,3,5,16,SPB5 AG2 P13,5,2,13,LAMP1-488 + MitoRed ,None
C05,3,5,17,SPB5 AG2 P13,5,2,13,LAMP1-488 + MitoRed ,None
C05,3,5,18,SPB5 AG2 P13,5,2,13,LAMP1-488 + MitoRed ,None
C05,3,5,19,SPB5 AG2 P13,5,2,13,LAMP1-488 + MitoRed ,None
C05,3,5,20,SPB5 AG2 P13,5,2,13,LAMP1-488 + MitoRed ,None
C05,3,5,21,SPB5 AG2 P13,5,2,13,LAMP1-488 + MitoRed ,None
C05,3,5,22,SPB5 AG2 P13,5,2,13,LAMP1-488 + MitoRed ,None
C05,3,5,23,SPB5 AG2 P13,5,2,13,LAMP1-488 + MitoRed ,None
C05,3,5,24,SPB5 AG2 P13,5,2,13,LAMP1-488 + MitoRed ,None
C05,3,5,25,SPB5 AG2 P13,5,2,13,LAMP1-488 + MitoRed ,None
C05,3,5,26,SPB5 AG2 P13,5,2,13,LAMP1-488 + MitoRed ,None
C05,3,5,27,SPB5 AG2 P13,5,2,13,LAMP1-488 + MitoRed ,None
C05,3,5,28,SPB5 AG2 P13,5,2,13,LAMP1-488 + MitoRed ,None
C05,3,5,29,SPB5 AG2 P13,5,2,13,LAMP1-488 + MitoRed ,None
C05,3,5,30,SPB5 AG2 P13,5,2,13,LAMP1-488 + MitoRed ,None
C05,3,5,31,SPB5 AG2 P13,5,2,13,LAMP1-488 + MitoRed ,None
C05,3,5,32,SPB5 AG2 P13,5,2,13,LAMP1-488 + MitoRed ,None
C05,3,5,33,SPB5 AG2 P13,5,2,13,LAMP1-488 + MitoRed ,None
C05,3,5,34,SPB5 AG2 P13,5,2,13,LAMP1-488 + MitoRed ,None
C05,3,5,35,SPB5 AG2 P13,5,2,13,LAMP1-488 + MitoRed ,None
C05,3,5,36,SPB5 AG2 P13,5,2,13,LAMP1-488 + MitoRed ,None
C05,3,5,37,SPB5 AG2 P13,5,2,13,LAMP1-488 + MitoRed ,None
C05,3,5,38,SPB5 AG2 P13,5,2,13,LAMP1-488 + MitoRed ,None
C05,3,5,39,SPB5 AG2 P13,5,2,13,LAMP1-488 + MitoRed ,None
C05,3,5,40,SPB5 AG2 P13,5,2,13,LAMP1-488 + MitoRed ,None
C06,3,6,1,SPB6 AG1 P10,6,1,10,LAMP1-488 + MitoRed ,None
C06,3,6,2,SPB6 AG1 P10,6,1,10,LAMP1-488 + MitoRed ,None
C06,3,6,3,SPB6 AG1 P10,6,1,10,LAMP1-488 + MitoRed ,None
C06,3,6,4,SPB6 AG1 P10,6,1,10,LAMP1-488 + MitoRed ,None
C06,3,6,5,SPB6 AG1 P10,6,1,10,LAMP1-488 + MitoRed ,None
C06,3,6,6,SPB6 AG1 P10,6,1,10,LAMP1-488 + MitoRed ,None
C06,3,6,7,SPB6 AG1 P10,6,1,10,LAMP1-488 + MitoRed ,None
C06,3,6,8,SPB6 AG1 P10,6,1,10,LAMP1-488 + MitoRed ,None
C06,3,6,9,SPB6 AG1 P10,6,1,10,LAMP1-488 + MitoRed ,None
C06,3,6,10,SPB6 AG1 P10,6,1,10,LAMP1-488 + MitoRed ,None
C06,3,6,11,SPB6 AG1 P10,6,1,10,LAMP1-488 + MitoRed ,None
C06,3,6,12,SPB6 AG1 P10,6,1,10,LAMP1-488 + MitoRed ,None
C06,3,6,13,SPB6 AG1 P10,6,1,10,LAMP1-488 + MitoRed ,None
C06,3,6,14,SPB6 AG1 P10,6,1,10,LAMP1-488 + MitoRed ,None
C06,3,6,15,SPB6 AG1 P10,6,1,10,LAMP1-488 + MitoRed ,None
C06,3,6,16,SPB6 AG1 P10,6,1,10,LAMP1-488 + MitoRed ,None
C06,3,6,17,SPB6 AG1 P10,6,1,10,LAMP1-488 + MitoRed ,None
C06,3,6,18,SPB6 AG1 P10,6,1,10,LAMP1-488 + MitoRed ,None
C06,3,6,19,SPB6 AG1 P10,6,1,10,LAMP1-488 + MitoRed ,None
C06,3,6,20,SPB6 AG1 P10,6,1,10,LAMP1-488 + MitoRed ,None
C06,3,6,21,SPB6 AG1 P10,6,1,10,LAMP1-488 + MitoRed ,None
C06,3,6,22,SPB6 AG1 P10,6,1,10,LAMP1-488 + MitoRed ,None
C06,3,6,23,SPB6 AG1 P10,6,1,10,LAMP1-488 + MitoRed ,None
C06,3,6,24,SPB6 AG1 P10,6,1,10,LAMP1-488 + MitoRed ,None
C06,3,6,25,SPB6 AG1 P10,6,1,10,LAMP1-488 + MitoRed ,None
C06,3,6,26,SPB6 AG1 P10,6,1,10,LAMP1-488 + MitoRed ,None
C06,3,6,27,SPB6 AG1 P10,6,1,10,LAMP1-488 + MitoRed ,None
C06,3,6,28,SPB6 AG1 P10,6,1,10,LAMP1-488 + MitoRed ,None
C06,3,6,29,SPB6 AG1 P10,6,1,10,LAMP1-488 + MitoRed ,None
C06,3,6,30,SPB6 AG1 P10,6,1,10,LAMP1-488 + MitoRed ,None
C06,3,6,31,SPB6 AG1 P10,6,1,10,LAMP1-488 + MitoRed ,None
C06,3,6,32,SPB6 AG1 P10,6,1,10,LAMP1-488 + MitoRed ,None
C06,3,6,33,SPB6 AG1 P10,6,1,10,LAMP1-488 + MitoRed ,None
C06,3,6,34,SPB6 AG1 P10,6,1,10,LAMP1-488 + MitoRed ,None
C06,3,6,35,SPB6 AG1 P10,6,1,10,LAMP1-488 + MitoRed ,None
C06,3,6,36,SPB6 AG1 P10,6,1,10,LAMP1-488 + MitoRed ,None
C06,3,6,37,SPB6 AG1 P10,6,1,10,LAMP1-488 + MitoRed ,None
C06,3,6,38,SPB6 AG1 P10,6,1,10,LAMP1-488 + MitoRed ,None
C06,3,6,39,SPB6 AG1 P10,6,1,10,LAMP1-488 + MitoRed ,None
C06,3,6,40,SPB6 AG1 P10,6,1,10,LAMP1-488 + MitoRed ,None
C07,3,7,1,SPB7 AG0 P8,7,0,8,LAMP1-488 + MitoRed ,None
C07,3,7,2,SPB7 AG0 P8,7,0,8,LAMP1-488 + MitoRed ,None
C07,3,7,3,SPB7 AG0 P8,7,0,8,LAMP1-488 + MitoRed ,None
C07,3,7,4,SPB7 AG0 P8,7,0,8,LAMP1-488 + MitoRed ,None
C07,3,7,5,SPB7 AG0 P8,7,0,8,LAMP1-488 + MitoRed ,None
C07,3,7,6,SPB7 AG0 P8,7,0,8,LAMP1-488 + MitoRed ,None
C07,3,7,7,SPB7 AG0 P8,7,0,8,LAMP1-488 + MitoRed ,None
C07,3,7,8,SPB7 AG0 P8,7,0,8,LAMP1-488 + MitoRed ,None
C07,3,7,9,SPB7 AG0 P8,7,0,8,LAMP1-488 + MitoRed ,None
C07,3,7,10,SPB7 AG0 P8,7,0,8,LAMP1-488 + MitoRed ,None
C07,3,7,11,SPB7 AG0 P8,7,0,8,LAMP1-488 + MitoRed ,None
C07,3,7,12,SPB7 AG0 P8,7,0,8,LAMP1-488 + MitoRed ,None
C07,3,7,13,SPB7 AG0 P8,7,0,8,LAMP1-488 + MitoRed ,None
C07,3,7,14,SPB7 AG0 P8,7,0,8,LAMP1-488 + MitoRed ,None
C07,3,7,15,SPB7 AG0 P8,7,0,8,LAMP1-488 + MitoRed ,None
C07,3,7,16,SPB7 AG0 P8,7,0,8,LAMP1-488 + MitoRed ,None
C07,3,7,17,SPB7 AG0 P8,7,0,8,LAMP1-488 + MitoRed ,None
C07,3,7,18,SPB7 AG0 P8,7,0,8,LAMP1-488 + MitoRed ,None
C07,3,7,19,SPB7 AG0 P8,7,0,8,LAMP1-488 + MitoRed ,None
C07,3,7,20,SPB7 AG0 P8,7,0,8,LAMP1-488 + MitoRed ,None
C07,3,7,21,SPB7 AG0 P8,7,0,8,LAMP1-488 + MitoRed ,None
C07,3,7,22,SPB7 AG0 P8,7,0,8,LAMP1-488 + MitoRed ,None
C07,3,7,23,SPB7 AG0 P8,7,0,8,LAMP1-488 + MitoRed ,None
C07,3,7,24,SPB7 AG0 P8,7,0,8,LAMP1-488 + MitoRed ,None
C07,3,7,25,SPB7 AG0 P8,7,0,8,LAMP1-488 + MitoRed ,None
C07,3,7,26,SPB7 AG0 P8,7,0,8,LAMP1-488 + MitoRed ,None
C07,3,7,27,SPB7 AG0 P8,7,0,8,LAMP1-488 + MitoRed ,None
C07,3,7,28,SPB7 AG0 P8,7,0,8,LAMP1-488 + MitoRed ,None
C07,3,7,29,SPB7 AG0 P8,7,0,8,LAMP1-488 + MitoRed ,None
C07,3,7,30,SPB7 AG0 P8,7,0,8,LAMP1-488 + MitoRed ,None
C07,3,7,31,SPB7 AG0 P8,7,0,8,LAMP1-488 + MitoRed ,None
C07,3,7,32,SPB7 AG0 P8,7,0,8,LAMP1-488 + MitoRed ,None
C07,3,7,33,SPB7 AG0 P8,7,0,8,LAMP1-488 + MitoRed ,None
C07,3,7,34,SPB7 AG0 P8,7,0,8,LAMP1-488 + MitoRed ,None
C07,3,7,35,SPB7 AG0 P8,7,0,8,LAMP1-488 + MitoRed ,None
C07,3,7,36,SPB7 AG0 P8,7,0,8,LAMP1-488 + MitoRed ,None
C07,3,7,37,SPB7 AG0 P8,7,0,8,LAMP1-488 + MitoRed ,None
C07,3,7,38,SPB7 AG0 P8,7,0,8,LAMP1-488 + MitoRed ,None
C07,3,7,39,SPB7 AG0 P8,7,0,8,LAMP1-488 + MitoRed ,None
C07,3,7,40,SPB7 AG0 P8,7,0,8,LAMP1-488 + MitoRed ,None
D02,4,2,1,SPB2 AG5 P21,2,5,21,LAMP1-488 + MitoRed ,None
D02,4,2,2,SPB2 AG5 P21,2,5,21,LAMP1-488 + MitoRed ,None
D02,4,2,3,SPB2 AG5 P21,2,5,21,LAMP1-488 + MitoRed ,None
D02,4,2,4,SPB2 AG5 P21,2,5,21,LAMP1-488 + MitoRed ,None
D02,4,2,5,SPB2 AG5 P21,2,5,21,LAMP1-488 + MitoRed ,None
D02,4,2,6,SPB2 AG5 P21,2,5,21,LAMP1-488 + MitoRed ,None
D02,4,2,7,SPB2 AG5 P21,2,5,21,LAMP1-488 + MitoRed ,None
D02,4,2,8,SPB2 AG5 P21,2,5,21,LAMP1-488 + MitoRed ,None
D02,4,2,9,SPB2 AG5 P21,2,5,21,LAMP1-488 + MitoRed ,None
D02,4,2,10,SPB2 AG5 P21,2,5,21,LAMP1-488 + MitoRed ,None
D02,4,2,11,SPB2 AG5 P21,2,5,21,LAMP1-488 + MitoRed ,None
D02,4,2,12,SPB2 AG5 P21,2,5,21,LAMP1-488 + MitoRed ,None
D02,4,2,13,SPB2 AG5 P21,2,5,21,LAMP1-488 + MitoRed ,None
D02,4,2,14,SPB2 AG5 P21,2,5,21,LAMP1-488 + MitoRed ,None
D02,4,2,15,SPB2 AG5 P21,2,5,21,LAMP1-488 + MitoRed ,None
D02,4,2,16,SPB2 AG5 P21,2,5,21,LAMP1-488 + MitoRed ,None
D02,4,2,17,SPB2 AG5 P21,2,5,21,LAMP1-488 + MitoRed ,None
D02,4,2,18,SPB2 AG5 P21,2,5,21,LAMP1-488 + MitoRed ,None
D02,4,2,19,SPB2 AG5 P21,2,5,21,LAMP1-488 + MitoRed ,None
D02,4,2,20,SPB2 AG5 P21,2,5,21,LAMP1-488 + MitoRed ,None
D02,4,2,21,SPB2 AG5 P21,2,5,21,LAMP1-488 + MitoRed ,None
D02,4,2,22,SPB2 AG5 P21,2,5,21,LAMP1-488 + MitoRed ,None
D02,4,2,23,SPB2 AG5 P21,2,5,21,LAMP1-488 + MitoRed ,None
D02,4,2,24,SPB2 AG5 P21,2,5,21,LAMP1-488 + MitoRed ,None
D02,4,2,25,SPB2 AG5 P21,2,5,21,LAMP1-488 + MitoRed ,None
D02,4,2,26,SPB2 AG5 P21,2,5,21,LAMP1-488 + MitoRed ,None
D02,4,2,27,SPB2 AG5 P21,2,5,21,LAMP1-488 + MitoRed ,None
D02,4,2,28,SPB2 AG5 P21,2,5,21,LAMP1-488 + MitoRed ,None
D02,4,2,29,SPB2 AG5 P21,2,5,21,LAMP1-488 + MitoRed ,None
D02,4,2,30,SPB2 AG5 P21,2,5,21,LAMP1-488 + MitoRed ,None
D02,4,2,31,SPB2 AG5 P21,2,5,21,LAMP1-488 + MitoRed ,None
D02,4,2,32,SPB2 AG5 P21,2,5,21,LAMP1-488 + MitoRed ,None
D02,4,2,33,SPB2 AG5 P21,2,5,21,LAMP1-488 + MitoRed ,None
D02,4,2,34,SPB2 AG5 P21,2,5,21,LAMP1-488 + MitoRed ,None
D02,4,2,35,SPB2 AG5 P21,2,5,21,LAMP1-488 + MitoRed ,None
D02,4,2,36,SPB2 AG5 P21,2,5,21,LAMP1-488 + MitoRed ,None
D02,4,2,37,SPB2 AG5 P21,2,5,21,LAMP1-488 + MitoRed ,None
D02,4,2,38,SPB2 AG5 P21,2,5,21,LAMP1-488 + MitoRed ,None
D02,4,2,39,SPB2 AG5 P21,2,5,21,LAMP1-488 + MitoRed ,None
D02,4,2,40,SPB2 AG5 P21,2,5,21,LAMP1-488 + MitoRed ,None
D03,4,3,1,SPB3 AG4 P18,3,4,18,LAMP1-488 + MitoRed ,None
D03,4,3,2,SPB3 AG4 P18,3,4,18,LAMP1-488 + MitoRed ,None
D03,4,3,3,SPB3 AG4 P18,3,4,18,LAMP1-488 + MitoRed ,None
D03,4,3,4,SPB3 AG4 P18,3,4,18,LAMP1-488 + MitoRed ,None
D03,4,3,5,SPB3 AG4 P18,3,4,18,LAMP1-488 + MitoRed ,None
D03,4,3,6,SPB3 AG4 P18,3,4,18,LAMP1-488 + MitoRed ,None
D03,4,3,7,SPB3 AG4 P18,3,4,18,LAMP1-488 + MitoRed ,None
D03,4,3,8,SPB3 AG4 P18,3,4,18,LAMP1-488 + MitoRed ,None
D03,4,3,9,SPB3 AG4 P18,3,4,18,LAMP1-488 + MitoRed ,None
D03,4,3,10,SPB3 AG4 P18,3,4,18,LAMP1-488 + MitoRed ,None
D03,4,3,11,SPB3 AG4 P18,3,4,18,LAMP1-488 + MitoRed ,None
D03,4,3,12,SPB3 AG4 P18,3,4,18,LAMP1-488 + MitoRed ,None
D03,4,3,13,SPB3 AG4 P18,3,4,18,LAMP1-488 + MitoRed ,None
D03,4,3,14,SPB3 AG4 P18,3,4,18,LAMP1-488 + MitoRed ,None
D03,4,3,15,SPB3 AG4 P18,3,4,18,LAMP1-488 + MitoRed ,None
D03,4,3,16,SPB3 AG4 P18,3,4,18,LAMP1-488 + MitoRed ,None
D03,4,3,17,SPB3 AG4 P18,3,4,18,LAMP1-488 + MitoRed ,None
D03,4,3,18,SPB3 AG4 P18,3,4,18,LAMP1-488 + MitoRed ,None
D03,4,3,19,SPB3 AG4 P18,3,4,18,LAMP1-488 + MitoRed ,None
D03,4,3,20,SPB3 AG4 P18,3,4,18,LAMP1-488 + MitoRed ,None
D03,4,3,21,SPB3 AG4 P18,3,4,18,LAMP1-488 + MitoRed ,None
D03,4,3,22,SPB3 AG4 P18,3,4,18,LAMP1-488 + MitoRed ,None
D03,4,3,23,SPB3 AG4 P18,3,4,18,LAMP1-488 + MitoRed ,None
D03,4,3,24,SPB3 AG4 P18,3,4,18,LAMP1-488 + MitoRed ,None
D03,4,3,25,SPB3 AG4 P18,3,4,18,LAMP1-488 + MitoRed ,None
D03,4,3,26,SPB3 AG4 P18,3,4,18,LAMP1-488 + MitoRed ,None
D03,4,3,27,SPB3 AG4 P18,3,4,18,LAMP1-488 + MitoRed ,None
D03,4,3,28,SPB3 AG4 P18,3,4,18,LAMP1-488 + MitoRed ,None
D03,4,3,29,SPB3 AG4 P18,3,4,18,LAMP1-488 + MitoRed ,None
D03,4,3,30,SPB3 AG4 P18,3,4,18,LAMP1-488 + MitoRed ,None
D03,4,3,31,SPB3 AG4 P18,3,4,18,LAMP1-488 + MitoRed ,None
D03,4,3,32,SPB3 AG4 P18,3,4,18,LAMP1-488 + MitoRed ,None
D03,4,3,33,SPB3 AG4 P18,3,4,18,LAMP1-488 + MitoRed ,None
D03,4,3,34,SPB3 AG4 P18,3,4,18,LAMP1-488 + MitoRed ,None
D03,4,3,35,SPB3 AG4 P18,3,4,18,LAMP1-488 + MitoRed ,None
D03,4,3,36,SPB3 AG4 P18,3,4,18,LAMP1-488 + MitoRed ,None
D03,4,3,37,SPB3 AG4 P18,3,4,18,LAMP1-488 + MitoRed ,None
D03,4,3,38,SPB3 AG4 P18,3,4,18,LAMP1-488 + MitoRed ,None
D03,4,3,39,SPB3 AG4 P18,3,4,18,LAMP1-488 + MitoRed ,None
D03,4,3,40,SPB3 AG4 P18,3,4,18,LAMP1-488 + MitoRed ,None
D04,4,4,1,SPB4 AG3 P15,4,3,15,LAMP1-488 + MitoRed ,None
D04,4,4,2,SPB4 AG3 P15,4,3,15,LAMP1-488 + MitoRed ,None
D04,4,4,3,SPB4 AG3 P15,4,3,15,LAMP1-488 + MitoRed ,None
D04,4,4,4,SPB4 AG3 P15,4,3,15,LAMP1-488 + MitoRed ,None
D04,4,4,5,SPB4 AG3 P15,4,3,15,LAMP1-488 + MitoRed ,None
D04,4,4,6,SPB4 AG3 P15,4,3,15,LAMP1-488 + MitoRed ,None
D04,4,4,7,SPB4 AG3 P15,4,3,15,LAMP1-488 + MitoRed ,None
D04,4,4,8,SPB4 AG3 P15,4,3,15,LAMP1-488 + MitoRed ,None
D04,4,4,9,SPB4 AG3 P15,4,3,15,LAMP1-488 + MitoRed ,None
D04,4,4,10,SPB4 AG3 P15,4,3,15,LAMP1-488 + MitoRed ,None
D04,4,4,11,SPB4 AG3 P15,4,3,15,LAMP1-488 + MitoRed ,None
D04,4,4,12,SPB4 AG3 P15,4,3,15,LAMP1-488 + MitoRed ,None
D04,4,4,13,SPB4 AG3 P15,4,3,15,LAMP1-488 + MitoRed ,None
D04,4,4,14,SPB4 AG3 P15,4,3,15,LAMP1-488 + MitoRed ,None
D04,4,4,15,SPB4 AG3 P15,4,3,15,LAMP1-488 + MitoRed ,None
D04,4,4,16,SPB4 AG3 P15,4,3,15,LAMP1-488 + MitoRed ,None
D04,4,4,17,SPB4 AG3 P15,4,3,15,LAMP1-488 + MitoRed ,None
D04,4,4,18,SPB4 AG3 P15,4,3,15,LAMP1-488 + MitoRed ,None
D04,4,4,19,SPB4 AG3 P15,4,3,15,LAMP1-488 + MitoRed ,None
D04,4,4,20,SPB4 AG3 P15,4,3,15,LAMP1-488 + MitoRed ,None
D04,4,4,21,SPB4 AG3 P15,4,3,15,LAMP1-488 + MitoRed ,None
D04,4,4,22,SPB4 AG3 P15,4,3,15,LAMP1-488 + MitoRed ,None
D04,4,4,23,SPB4 AG3 P15,4,3,15,LAMP1-488 + MitoRed ,None
D04,4,4,24,SPB4 AG3 P15,4,3,15,LAMP1-488 + MitoRed ,None
D04,4,4,25,SPB4 AG3 P15,4,3,15,LAMP1-488 + MitoRed ,None
D04,4,4,26,SPB4 AG3 P15,4,3,15,LAMP1-488 + MitoRed ,None
D04,4,4,27,SPB4 AG3 P15,4,3,15,LAMP1-488 + MitoRed ,None
D04,4,4,28,SPB4 AG3 P15,4,3,15,LAMP1-488 + MitoRed ,None
D04,4,4,29,SPB4 AG3 P15,4,3,15,LAMP1-488 + MitoRed ,None
D04,4,4,30,SPB4 AG3 P15,4,3,15,LAMP1-488 + MitoRed ,None
D04,4,4,31,SPB4 AG3 P15,4,3,15,LAMP1-488 + MitoRed ,None
D04,4,4,32,SPB4 AG3 P15,4,3,15,LAMP1-488 + MitoRed ,None
D04,4,4,33,SPB4 AG3 P15,4,3,15,LAMP1-488 + MitoRed ,None
D04,4,4,34,SPB4 AG3 P15,4,3,15,LAMP1-488 + MitoRed ,None
D04,4,4,35,SPB4 AG3 P15,4,3,15,LAMP1-488 + MitoRed ,None
D04,4,4,36,SPB4 AG3 P15,4,3,15,LAMP1-488 + MitoRed ,None
D04,4,4,37,SPB4 AG3 P15,4,3,15,LAMP1-488 + MitoRed ,None
D04,4,4,38,SPB4 AG3 P15,4,3,15,LAMP1-488 + MitoRed ,None
D04,4,4,39,SPB4 AG3 P15,4,3,15,LAMP1-488 + MitoRed ,None
D04,4,4,40,SPB4 AG3 P15,4,3,15,LAMP1-488 + MitoRed ,None
D05,4,5,1,SPB5 AG2 P13,5,2,13,LAMP1-488 + MitoRed ,None
D05,4,5,2,SPB5 AG2 P13,5,2,13,LAMP1-488 + MitoRed ,None
D05,4,5,3,SPB5 AG2 P13,5,2,13,LAMP1-488 + MitoRed ,None
D05,4,5,4,SPB5 AG2 P13,5,2,13,LAMP1-488 + MitoRed ,None
D05,4,5,5,SPB5 AG2 P13,5,2,13,LAMP1-488 + MitoRed ,None
D05,4,5,6,SPB5 AG2 P13,5,2,13,LAMP1-488 + MitoRed ,None
D05,4,5,7,SPB5 AG2 P13,5,2,13,LAMP1-488 + MitoRed ,None
D05,4,5,8,SPB5 AG2 P13,5,2,13,LAMP1-488 + MitoRed ,None
D05,4,5,9,SPB5 AG2 P13,5,2,13,LAMP1-488 + MitoRed ,None
D05,4,5,10,SPB5 AG2 P13,5,2,13,LAMP1-488 + MitoRed ,None
D05,4,5,11,SPB5 AG2 P13,5,2,13,LAMP1-488 + MitoRed ,None
D05,4,5,12,SPB5 AG2 P13,5,2,13,LAMP1-488 + MitoRed ,None
D05,4,5,13,SPB5 AG2 P13,5,2,13,LAMP1-488 + MitoRed ,None
D05,4,5,14,SPB5 AG2 P13,5,2,13,LAMP1-488 + MitoRed ,None
D05,4,5,15,SPB5 AG2 P13,5,2,13,LAMP1-488 + MitoRed ,None
D05,4,5,16,SPB5 AG2 P13,5,2,13,LAMP1-488 + MitoRed ,None
D05,4,5,17,SPB5 AG2 P13,5,2,13,LAMP1-488 + MitoRed ,None
D05,4,5,18,SPB5 AG2 P13,5,2,13,LAMP1-488 + MitoRed ,None
D05,4,5,19,SPB5 AG2 P13,5,2,13,LAMP1-488 + MitoRed ,None
D05,4,5,20,SPB5 AG2 P13,5,2,13,LAMP1-488 + MitoRed ,None
D05,4,5,21,SPB5 AG2 P13,5,2,13,LAMP1-488 + MitoRed ,None
D05,4,5,22,SPB5 AG2 P13,5,2,13,LAMP1-488 + MitoRed ,None
D05,4,5,23,SPB5 AG2 P13,5,2,13,LAMP1-488 + MitoRed ,None
D05,4,5,24,SPB5 AG2 P13,5,2,13,LAMP1-488 + MitoRed ,None
D05,4,5,25,SPB5 AG2 P13,5,2,13,LAMP1-488 + MitoRed ,None
D05,4,5,26,SPB5 AG2 P13,5,2,13,LAMP1-488 + MitoRed ,None
D05,4,5,27,SPB5 AG2 P13,5,2,13,LAMP1-488 + MitoRed ,None
D05,4,5,28,SPB5 AG2 P13,5,2,13,LAMP1-488 + MitoRed ,None
D05,4,5,29,SPB5 AG2 P13,5,2,13,LAMP1-488 + MitoRed ,None
D05,4,5,30,SPB5 AG2 P13,5,2,13,LAMP1-488 + MitoRed ,None
D05,4,5,31,SPB5 AG2 P13,5,2,13,LAMP1-488 + MitoRed ,None
D05,4,5,32,SPB5 AG2 P13,5,2,13,LAMP1-488 + MitoRed ,None
D05,4,5,33,SPB5 AG2 P13,5,2,13,LAMP1-488 + MitoRed ,None
D05,4,5,34,SPB5 AG2 P13,5,2,13,LAMP1-488 + MitoRed ,None
D05,4,5,35,SPB5 AG2 P13,5,2,13,LAMP1-488 + MitoRed ,None
D05,4,5,36,SPB5 AG2 P13,5,2,13,LAMP1-488 + MitoRed ,None
D05,4,5,37,SPB5 AG2 P13,5,2,13,LAMP1-488 + MitoRed ,None
D05,4,5,38,SPB5 AG2 P13,5,2,13,LAMP1-488 + MitoRed ,None
D05,4,5,39,SPB5 AG2 P13,5,2,13,LAMP1-488 + MitoRed ,None
D05,4,5,40,SPB5 AG2 P13,5,2,13,LAMP1-488 + MitoRed ,None
D06,4,6,1,SPB6 AG1 P10,6,1,10,LAMP1-488 + MitoRed ,None
D06,4,6,2,SPB6 AG1 P10,6,1,10,LAMP1-488 + MitoRed ,None
D06,4,6,3,SPB6 AG1 P10,6,1,10,LAMP1-488 + MitoRed ,None
D06,4,6,4,SPB6 AG1 P10,6,1,10,LAMP1-488 + MitoRed ,None
D06,4,6,5,SPB6 AG1 P10,6,1,10,LAMP1-488 + MitoRed ,None
D06,4,6,6,SPB6 AG1 P10,6,1,10,LAMP1-488 + MitoRed ,None
D06,4,6,7,SPB6 AG1 P10,6,1,10,LAMP1-488 + MitoRed ,None
D06,4,6,8,SPB6 AG1 P10,6,1,10,LAMP1-488 + MitoRed ,None
D06,4,6,9,SPB6 AG1 P10,6,1,10,LAMP1-488 + MitoRed ,None
D06,4,6,10,SPB6 AG1 P10,6,1,10,LAMP1-488 + MitoRed ,None
D06,4,6,11,SPB6 AG1 P10,6,1,10,LAMP1-488 + MitoRed ,None
D06,4,6,12,SPB6 AG1 P10,6,1,10,LAMP1-488 + MitoRed ,None
D06,4,6,13,SPB6 AG1 P10,6,1,10,LAMP1-488 + MitoRed ,None
D06,4,6,14,SPB6 AG1 P10,6,1,10,LAMP1-488 + MitoRed ,None
D06,4,6,15,SPB6 AG1 P10,6,1,10,LAMP1-488 + MitoRed ,None
D06,4,6,16,SPB6 AG1 P10,6,1,10,LAMP1-488 + MitoRed ,None
D06,4,6,17,SPB6 AG1 P10,6,1,10,LAMP1-488 + MitoRed ,None
D06,4,6,18,SPB6 AG1 P10,6,1,10,LAMP1-488 + MitoRed ,None
D06,4,6,19,SPB6 AG1 P10,6,1,10,LAMP1-488 + MitoRed ,None
D06,4,6,20,SPB6 AG1 P10,6,1,10,LAMP1-488 + MitoRed ,None
D06,4,6,21,SPB6 AG1 P10,6,1,10,LAMP1-488 + MitoRed ,None
D06,4,6,22,SPB6 AG1 P10,6,1,10,LAMP1-488 + MitoRed ,None
D06,4,6,23,SPB6 AG1 P10,6,1,10,LAMP1-488 + MitoRed ,None
D06,4,6,24,SPB6 AG1 P10,6,1,10,LAMP1-488 + MitoRed ,None
D06,4,6,25,SPB6 AG1 P10,6,1,10,LAMP1-488 + MitoRed ,None
D06,4,6,26,SPB6 AG1 P10,6,1,10,LAMP1-488 + MitoRed ,None
D06,4,6,27,SPB6 AG1 P10,6,1,10,LAMP1-488 + MitoRed ,None
D06,4,6,28,SPB6 AG1 P10,6,1,10,LAMP1-488 + MitoRed ,None
D06,4,6,29,SPB6 AG1 P10,6,1,10,LAMP1-488 + MitoRed ,None
D06,4,6,30,SPB6 AG1 P10,6,1,10,LAMP1-488 + MitoRed ,None
D06,4,6,31,SPB6 AG1 P10,6,1,10,LAMP1-488 + MitoRed ,None
D06,4,6,32,SPB6 AG1 P10,6,1,10,LAMP1-488 + MitoRed ,None
D06,4,6,33,SPB6 AG1 P10,6,1,10,LAMP1-488 + MitoRed ,None
D06,4,6,34,SPB6 AG1 P10,6,1,10,LAMP1-488 + MitoRed ,None
D06,4,6,35,SPB6 AG1 P10,6,1,10,LAMP1-488 + MitoRed ,None
D06,4,6,36,SPB6 AG1 P10,6,1,10,LAMP1-488 + MitoRed ,None
D06,4,6,37,SPB6 AG1 P10,6,1,10,LAMP1-488 + MitoRed ,None
D06,4,6,38,SPB6 AG1 P10,6,1,10,LAMP1-488 + MitoRed ,None
D06,4,6,39,SPB6 AG1 P10,6,1,10,LAMP1-488 + MitoRed ,None
D06,4,6,40,SPB6 AG1 P10,6,1,10,LAMP1-488 + MitoRed ,None
D07,4,7,1,SPB7 AG0 P8,7,0,8,LAMP1-488 + MitoRed ,None
D07,4,7,2,SPB7 AG0 P8,7,0,8,LAMP1-488 + MitoRed ,None
D07,4,7,3,SPB7 AG0 P8,7,0,8,LAMP1-488 + MitoRed ,None
D07,4,7,4,SPB7 AG0 P8,7,0,8,LAMP1-488 + MitoRed ,None
D07,4,7,5,SPB7 AG0 P8,7,0,8,LAMP1-488 + MitoRed ,None
D07,4,7,6,SPB7 AG0 P8,7,0,8,LAMP1-488 + MitoRed ,None
D07,4,7,7,SPB7 AG0 P8,7,0,8,LAMP1-488 + MitoRed ,None
D07,4,7,8,SPB7 AG0 P8,7,0,8,LAMP1-488 + MitoRed ,None
D07,4,7,9,SPB7 AG0 P8,7,0,8,LAMP1-488 + MitoRed ,None
D07,4,7,10,SPB7 AG0 P8,7,0,8,LAMP1-488 + MitoRed ,None
D07,4,7,11,SPB7 AG0 P8,7,0,8,LAMP1-488 + MitoRed ,None
D07,4,7,12,SPB7 AG0 P8,7,0,8,LAMP1-488 + MitoRed ,None
D07,4,7,13,SPB7 AG0 P8,7,0,8,LAMP1-488 + MitoRed ,None
D07,4,7,14,SPB7 AG0 P8,7,0,8,LAMP1-488 + MitoRed ,None
D07,4,7,15,SPB7 AG0 P8,7,0,8,LAMP1-488 + MitoRed ,None
D07,4,7,16,SPB7 AG0 P8,7,0,8,LAMP1-488 + MitoRed ,None
D07,4,7,17,SPB7 AG0 P8,7,0,8,LAMP1-488 + MitoRed ,None
D07,4,7,18,SPB7 AG0 P8,7,0,8,LAMP1-488 + MitoRed ,None
D07,4,7,19,SPB7 AG0 P8,7,0,8,LAMP1-488 + MitoRed ,None
D07,4,7,20,SPB7 AG0 P8,7,0,8,LAMP1-488 + MitoRed ,None
D07,4,7,21,SPB7 AG0 P8,7,0,8,LAMP1-488 + MitoRed ,None
D07,4,7,22,SPB7 AG0 P8,7,0,8,LAMP1-488 + MitoRed ,None
D07,4,7,23,SPB7 AG0 P8,7,0,8,LAMP1-488 + MitoRed ,None
D07,4,7,24,SPB7 AG0 P8,7,0,8,LAMP1-488 + MitoRed ,None
D07,4,7,25,SPB7 AG0 P8,7,0,8,LAMP1-488 + MitoRed ,None
D07,4,7,26,SPB7 AG0 P8,7,0,8,LAMP1-488 + MitoRed ,None
D07,4,7,27,SPB7 AG0 P8,7,0,8,LAMP1-488 + MitoRed ,None
D07,4,7,28,SPB7 AG0 P8,7,0,8,LAMP1-488 + MitoRed ,None
D07,4,7,29,SPB7 AG0 P8,7,0,8,LAMP1-488 + MitoRed ,None
D07,4,7,30,SPB7 AG0 P8,7,0,8,LAMP1-488 + MitoRed ,None
D07,4,7,31,SPB7 AG0 P8,7,0,8,LAMP1-488 + MitoRed ,None
D07,4,7,32,SPB7 AG0 P8,7,0,8,LAMP1-488 + MitoRed ,None
D07,4,7,33,SPB7 AG0 P8,7,0,8,LAMP1-488 + MitoRed ,None
D07,4,7,34,SPB7 AG0 P8,7,0,8,LAMP1-488 + MitoRed ,None
D07,4,7,35,SPB7 AG0 P8,7,0,8,LAMP1-488 + MitoRed ,None
D07,4,7,36,SPB7 AG0 P8,7,0,8,LAMP1-488 + MitoRed ,None
D07,4,7,37,SPB7 AG0 P8,7,0,8,LAMP1-488 + MitoRed ,None
D07,4,7,38,SPB7 AG0 P8,7,0,8,LAMP1-488 + MitoRed ,None
D07,4,7,39,SPB7 AG0 P8,7,0,8,LAMP1-488 + MitoRed ,None
D07,4,7,40,SPB7 AG0 P8,7,0,8,LAMP1-488 + MitoRed ,None
E02,5,2,1,SPB2 AG5 P21,2,5,21,LAMP1-488 + MitoRed ,None
E02,5,2,2,SPB2 AG5 P21,2,5,21,LAMP1-488 + MitoRed ,None
E02,5,2,3,SPB2 AG5 P21,2,5,21,LAMP1-488 + MitoRed ,None
E02,5,2,4,SPB2 AG5 P21,2,5,21,LAMP1-488 + MitoRed ,None
E02,5,2,5,SPB2 AG5 P21,2,5,21,LAMP1-488 + MitoRed ,None
E02,5,2,6,SPB2 AG5 P21,2,5,21,LAMP1-488 + MitoRed ,None
E02,5,2,7,SPB2 AG5 P21,2,5,21,LAMP1-488 + MitoRed ,None
E02,5,2,8,SPB2 AG5 P21,2,5,21,LAMP1-488 + MitoRed ,None
E02,5,2,9,SPB2 AG5 P21,2,5,21,LAMP1-488 + MitoRed ,None
E02,5,2,10,SPB2 AG5 P21,2,5,21,LAMP1-488 + MitoRed ,None
E02,5,2,11,SPB2 AG5 P21,2,5,21,LAMP1-488 + MitoRed ,None
E02,5,2,12,SPB2 AG5 P21,2,5,21,LAMP1-488 + MitoRed ,None
E02,5,2,13,SPB2 AG5 P21,2,5,21,LAMP1-488 + MitoRed ,None
E02,5,2,14,SPB2 AG5 P21,2,5,21,LAMP1-488 + MitoRed ,None
E02,5,2,15,SPB2 AG5 P21,2,5,21,LAMP1-488 + MitoRed ,None
E02,5,2,16,SPB2 AG5 P21,2,5,21,LAMP1-488 + MitoRed ,None
E02,5,2,17,SPB2 AG5 P21,2,5,21,LAMP1-488 + MitoRed ,None
E02,5,2,18,SPB2 AG5 P21,2,5,21,LAMP1-488 + MitoRed ,None
E02,5,2,19,SPB2 AG5 P21,2,5,21,LAMP1-488 + MitoRed ,None
E02,5,2,20,SPB2 AG5 P21,2,5,21,LAMP1-488 + MitoRed ,None
E02,5,2,21,SPB2 AG5 P21,2,5,21,LAMP1-488 + MitoRed ,None
E02,5,2,22,SPB2 AG5 P21,2,5,21,LAMP1-488 + MitoRed ,None
E02,5,2,23,SPB2 AG5 P21,2,5,21,LAMP1-488 + MitoRed ,None
E02,5,2,24,SPB2 AG5 P21,2,5,21,LAMP1-488 + MitoRed ,None
E02,5,2,25,SPB2 AG5 P21,2,5,21,LAMP1-488 + MitoRed ,None
E02,5,2,26,SPB2 AG5 P21,2,5,21,LAMP1-488 + MitoRed ,None
E02,5,2,27,SPB2 AG5 P21,2,5,21,LAMP1-488 + MitoRed ,None
E02,5,2,28,SPB2 AG5 P21,2,5,21,LAMP1-488 + MitoRed ,None
E02,5,2,29,SPB2 AG5 P21,2,5,21,LAMP1-488 + MitoRed ,None
E02,5,2,30,SPB2 AG5 P21,2,5,21,LAMP1-488 + MitoRed ,None
E02,5,2,31,SPB2 AG5 P21,2,5,21,LAMP1-488 + MitoRed ,None
E02,5,2,32,SPB2 AG5 P21,2,5,21,LAMP1-488 + MitoRed ,None
E02,5,2,33,SPB2 AG5 P21,2,5,21,LAMP1-488 + MitoRed ,None
E02,5,2,34,SPB2 AG5 P21,2,5,21,LAMP1-488 + MitoRed ,None
E02,5,2,35,SPB2 AG5 P21,2,5,21,LAMP1-488 + MitoRed ,None
E02,5,2,36,SPB2 AG5 P21,2,5,21,LAMP1-488 + MitoRed ,None
E02,5,2,37,SPB2 AG5 P21,2,5,21,LAMP1-488 + MitoRed ,None
E02,5,2,38,SPB2 AG5 P21,2,5,21,LAMP1-488 + MitoRed ,None
E02,5,2,39,SPB2 AG5 P21,2,5,21,LAMP1-488 + MitoRed ,None
E02,5,2,40,SPB2 AG5 P21,2,5,21,LAMP1-488 + MitoRed ,None
E03,5,3,1,SPB3 AG4 P18,3,4,18,LAMP1-488 + MitoRed ,None
E03,5,3,2,SPB3 AG4 P18,3,4,18,LAMP1-488 + MitoRed ,None
E03,5,3,3,SPB3 AG4 P18,3,4,18,LAMP1-488 + MitoRed ,None
E03,5,3,4,SPB3 AG4 P18,3,4,18,LAMP1-488 + MitoRed ,None
E03,5,3,5,SPB3 AG4 P18,3,4,18,LAMP1-488 + MitoRed ,None
E03,5,3,6,SPB3 AG4 P18,3,4,18,LAMP1-488 + MitoRed ,None
E03,5,3,7,SPB3 AG4 P18,3,4,18,LAMP1-488 + MitoRed ,None
E03,5,3,8,SPB3 AG4 P18,3,4,18,LAMP1-488 + MitoRed ,None
E03,5,3,9,SPB3 AG4 P18,3,4,18,LAMP1-488 + MitoRed ,None
E03,5,3,10,SPB3 AG4 P18,3,4,18,LAMP1-488 + MitoRed ,None
E03,5,3,11,SPB3 AG4 P18,3,4,18,LAMP1-488 + MitoRed ,None
E03,5,3,12,SPB3 AG4 P18,3,4,18,LAMP1-488 + MitoRed ,None
E03,5,3,13,SPB3 AG4 P18,3,4,18,LAMP1-488 + MitoRed ,None
E03,5,3,14,SPB3 AG4 P18,3,4,18,LAMP1-488 + MitoRed ,None
E03,5,3,15,SPB3 AG4 P18,3,4,18,LAMP1-488 + MitoRed ,None
E03,5,3,16,SPB3 AG4 P18,3,4,18,LAMP1-488 + MitoRed ,None
E03,5,3,17,SPB3 AG4 P18,3,4,18,LAMP1-488 + MitoRed ,None
E03,5,3,18,SPB3 AG4 P18,3,4,18,LAMP1-488 + MitoRed ,None
E03,5,3,19,SPB3 AG4 P18,3,4,18,LAMP1-488 + MitoRed ,None
E03,5,3,20,SPB3 AG4 P18,3,4,18,LAMP1-488 + MitoRed ,None
E03,5,3,21,SPB3 AG4 P18,3,4,18,LAMP1-488 + MitoRed ,None
E03,5,3,22,SPB3 AG4 P18,3,4,18,LAMP1-488 + MitoRed ,None
E03,5,3,23,SPB3 AG4 P18,3,4,18,LAMP1-488 + MitoRed ,None
E03,5,3,24,SPB3 AG4 P18,3,4,18,LAMP1-488 + MitoRed ,None
E03,5,3,25,SPB3 AG4 P18,3,4,18,LAMP1-488 + MitoRed ,None
E03,5,3,26,SPB3 AG4 P18,3,4,18,LAMP1-488 + MitoRed ,None
E03,5,3,27,SPB3 AG4 P18,3,4,18,LAMP1-488 + MitoRed ,None
E03,5,3,28,SPB3 AG4 P18,3,4,18,LAMP1-488 + MitoRed ,None
E03,5,3,29,SPB3 AG4 P18,3,4,18,LAMP1-488 + MitoRed ,None
E03,5,3,30,SPB3 AG4 P18,3,4,18,LAMP1-488 + MitoRed ,None
E03,5,3,31,SPB3 AG4 P18,3,4,18,LAMP1-488 + MitoRed ,None
E03,5,3,32,SPB3 AG4 P18,3,4,18,LAMP1-488 + MitoRed ,None
E03,5,3,33,SPB3 AG4 P18,3,4,18,LAMP1-488 + MitoRed ,None
E03,5,3,34,SPB3 AG4 P18,3,4,18,LAMP1-488 + MitoRed ,None
E03,5,3,35,SPB3 AG4 P18,3,4,18,LAMP1-488 + MitoRed ,None
E03,5,3,36,SPB3 AG4 P18,3,4,18,LAMP1-488 + MitoRed ,None
E03,5,3,37,SPB3 AG4 P18,3,4,18,LAMP1-488 + MitoRed ,None
E03,5,3,38,SPB3 AG4 P18,3,4,18,LAMP1-488 + MitoRed ,None
E03,5,3,39,SPB3 AG4 P18,3,4,18,LAMP1-488 + MitoRed ,None
E03,5,3,40,SPB3 AG4 P18,3,4,18,LAMP1-488 + MitoRed ,None
E04,5,4,1,SPB4 AG3 P15,4,3,15,LAMP1-488 + MitoRed ,None
E04,5,4,2,SPB4 AG3 P15,4,3,15,LAMP1-488 + MitoRed ,None
E04,5,4,3,SPB4 AG3 P15,4,3,15,LAMP1-488 + MitoRed ,None
E04,5,4,4,SPB4 AG3 P15,4,3,15,LAMP1-488 + MitoRed ,None
E04,5,4,5,SPB4 AG3 P15,4,3,15,LAMP1-488 + MitoRed ,None
E04,5,4,6,SPB4 AG3 P15,4,3,15,LAMP1-488 + MitoRed ,None
E04,5,4,7,SPB4 AG3 P15,4,3,15,LAMP1-488 + MitoRed ,None
E04,5,4,8,SPB4 AG3 P15,4,3,15,LAMP1-488 + MitoRed ,None
E04,5,4,9,SPB4 AG3 P15,4,3,15,LAMP1-488 + MitoRed ,None
E04,5,4,10,SPB4 AG3 P15,4,3,15,LAMP1-488 + MitoRed ,None
E04,5,4,11,SPB4 AG3 P15,4,3,15,LAMP1-488 + MitoRed ,None
E04,5,4,12,SPB4 AG3 P15,4,3,15,LAMP1-488 + MitoRed ,None
E04,5,4,13,SPB4 AG3 P15,4,3,15,LAMP1-488 + MitoRed ,None
E04,5,4,14,SPB4 AG3 P15,4,3,15,LAMP1-488 + MitoRed ,None
E04,5,4,15,SPB4 AG3 P15,4,3,15,LAMP1-488 + MitoRed ,None
E04,5,4,16,SPB4 AG3 P15,4,3,15,LAMP1-488 + MitoRed ,None
E04,5,4,17,SPB4 AG3 P15,4,3,15,LAMP1-488 + MitoRed ,None
E04,5,4,18,SPB4 AG3 P15,4,3,15,LAMP1-488 + MitoRed ,None
E04,5,4,19,SPB4 AG3 P15,4,3,15,LAMP1-488 + MitoRed ,None
E04,5,4,20,SPB4 AG3 P15,4,3,15,LAMP1-488 + MitoRed ,None
E04,5,4,21,SPB4 AG3 P15,4,3,15,LAMP1-488 + MitoRed ,None
E04,5,4,22,SPB4 AG3 P15,4,3,15,LAMP1-488 + MitoRed ,None
E04,5,4,23,SPB4 AG3 P15,4,3,15,LAMP1-488 + MitoRed ,None
E04,5,4,24,SPB4 AG3 P15,4,3,15,LAMP1-488 + MitoRed ,None
E04,5,4,25,SPB4 AG3 P15,4,3,15,LAMP1-488 + MitoRed ,None
E04,5,4,26,SPB4 AG3 P15,4,3,15,LAMP1-488 + MitoRed ,None
E04,5,4,27,SPB4 AG3 P15,4,3,15,LAMP1-488 + MitoRed ,None
E04,5,4,28,SPB4 AG3 P15,4,3,15,LAMP1-488 + MitoRed ,None
E04,5,4,29,SPB4 AG3 P15,4,3,15,LAMP1-488 + MitoRed ,None
E04,5,4,30,SPB4 AG3 P15,4,3,15,LAMP1-488 + MitoRed ,None
E04,5,4,31,SPB4 AG3 P15,4,3,15,LAMP1-488 + MitoRed ,None
E04,5,4,32,SPB4 AG3 P15,4,3,15,LAMP1-488 + MitoRed ,None
E04,5,4,33,SPB4 AG3 P15,4,3,15,LAMP1-488 + MitoRed ,None
E04,5,4,34,SPB4 AG3 P15,4,3,15,LAMP1-488 + MitoRed ,None
E04,5,4,35,SPB4 AG3 P15,4,3,15,LAMP1-488 + MitoRed ,None
E04,5,4,36,SPB4 AG3 P15,4,3,15,LAMP1-488 + MitoRed ,None
E04,5,4,37,SPB4 AG3 P15,4,3,15,LAMP1-488 + MitoRed ,None
E04,5,4,38,SPB4 AG3 P15,4,3,15,LAMP1-488 + MitoRed ,None
E04,5,4,39,SPB4 AG3 P15,4,3,15,LAMP1-488 + MitoRed ,None
E04,5,4,40,SPB4 AG3 P15,4,3,15,LAMP1-488 + MitoRed ,None
E05,5,5,1,SPB5 AG2 P13,5,2,13,LAMP1-488 + MitoRed ,None
E05,5,5,2,SPB5 AG2 P13,5,2,13,LAMP1-488 + MitoRed ,None
E05,5,5,3,SPB5 AG2 P13,5,2,13,LAMP1-488 + MitoRed ,None
E05,5,5,4,SPB5 AG2 P13,5,2,13,LAMP1-488 + MitoRed ,None
E05,5,5,5,SPB5 AG2 P13,5,2,13,LAMP1-488 + MitoRed ,None
E05,5,5,6,SPB5 AG2 P13,5,2,13,LAMP1-488 + MitoRed ,None
E05,5,5,7,SPB5 AG2 P13,5,2,13,LAMP1-488 + MitoRed ,None
E05,5,5,8,SPB5 AG2 P13,5,2,13,LAMP1-488 + MitoRed ,None
E05,5,5,9,SPB5 AG2 P13,5,2,13,LAMP1-488 + MitoRed ,None
E05,5,5,10,SPB5 AG2 P13,5,2,13,LAMP1-488 + MitoRed ,None
E05,5,5,11,SPB5 AG2 P13,5,2,13,LAMP1-488 + MitoRed ,None
E05,5,5,12,SPB5 AG2 P13,5,2,13,LAMP1-488 + MitoRed ,None
E05,5,5,13,SPB5 AG2 P13,5,2,13,LAMP1-488 + MitoRed ,None
E05,5,5,14,SPB5 AG2 P13,5,2,13,LAMP1-488 + MitoRed ,None
E05,5,5,15,SPB5 AG2 P13,5,2,13,LAMP1-488 + MitoRed ,None
E05,5,5,16,SPB5 AG2 P13,5,2,13,LAMP1-488 + MitoRed ,None
E05,5,5,17,SPB5 AG2 P13,5,2,13,LAMP1-488 + MitoRed ,None
E05,5,5,18,SPB5 AG2 P13,5,2,13,LAMP1-488 + MitoRed ,None
E05,5,5,19,SPB5 AG2 P13,5,2,13,LAMP1-488 + MitoRed ,None
E05,5,5,20,SPB5 AG2 P13,5,2,13,LAMP1-488 + MitoRed ,None
E05,5,5,21,SPB5 AG2 P13,5,2,13,LAMP1-488 + MitoRed ,None
E05,5,5,22,SPB5 AG2 P13,5,2,13,LAMP1-488 + MitoRed ,None
E05,5,5,23,SPB5 AG2 P13,5,2,13,LAMP1-488 + MitoRed ,None
E05,5,5,24,SPB5 AG2 P13,5,2,13,LAMP1-488 + MitoRed ,None
E05,5,5,25,SPB5 AG2 P13,5,2,13,LAMP1-488 + MitoRed ,None
E05,5,5,26,SPB5 AG2 P13,5,2,13,LAMP1-488 + MitoRed ,None
E05,5,5,27,SPB5 AG2 P13,5,2,13,LAMP1-488 + MitoRed ,None
E05,5,5,28,SPB5 AG2 P13,5,2,13,LAMP1-488 + MitoRed ,None
E05,5,5,29,SPB5 AG2 P13,5,2,13,LAMP1-488 + MitoRed ,None
E05,5,5,30,SPB5 AG2 P13,5,2,13,LAMP1-488 + MitoRed ,None
E05,5,5,31,SPB5 AG2 P13,5,2,13,LAMP1-488 + MitoRed ,None
E05,5,5,32,SPB5 AG2 P13,5,2,13,LAMP1-488 + MitoRed ,None
E05,5,5,33,SPB5 AG2 P13,5,2,13,LAMP1-488 + MitoRed ,None
E05,5,5,34,SPB5 AG2 P13,5,2,13,LAMP1-488 + MitoRed ,None
E05,5,5,35,SPB5 AG2 P13,5,2,13,LAMP1-488 + MitoRed ,None
E05,5,5,36,SPB5 AG2 P13,5,2,13,LAMP1-488 + MitoRed ,None
E05,5,5,37,SPB5 AG2 P13,5,2,13,LAMP1-488 + MitoRed ,None
E05,5,5,38,SPB5 AG2 P13,5,2,13,LAMP1-488 + MitoRed ,None
E05,5,5,39,SPB5 AG2 P13,5,2,13,LAMP1-488 + MitoRed ,None
E05,5,5,40,SPB5 AG2 P13,5,2,13,LAMP1-488 + MitoRed ,None
E06,5,6,1,SPB6 AG1 P10,6,1,10,LAMP1-488 + MitoRed ,None
E06,5,6,2,SPB6 AG1 P10,6,1,10,LAMP1-488 + MitoRed ,None
E06,5,6,3,SPB6 AG1 P10,6,1,10,LAMP1-488 + MitoRed ,None
E06,5,6,4,SPB6 AG1 P10,6,1,10,LAMP1-488 + MitoRed ,None
E06,5,6,5,SPB6 AG1 P10,6,1,10,LAMP1-488 + MitoRed ,None
E06,5,6,6,SPB6 AG1 P10,6,1,10,LAMP1-488 + MitoRed ,None
E06,5,6,7,SPB6 AG1 P10,6,1,10,LAMP1-488 + MitoRed ,None
E06,5,6,8,SPB6 AG1 P10,6,1,10,LAMP1-488 + MitoRed ,None
E06,5,6,9,SPB6 AG1 P10,6,1,10,LAMP1-488 + MitoRed ,None
E06,5,6,10,SPB6 AG1 P10,6,1,10,LAMP1-488 + MitoRed ,None
E06,5,6,11,SPB6 AG1 P10,6,1,10,LAMP1-488 + MitoRed ,None
E06,5,6,12,SPB6 AG1 P10,6,1,10,LAMP1-488 + MitoRed ,None
E06,5,6,13,SPB6 AG1 P10,6,1,10,LAMP1-488 + MitoRed ,None
E06,5,6,14,SPB6 AG1 P10,6,1,10,LAMP1-488 + MitoRed ,None
E06,5,6,15,SPB6 AG1 P10,6,1,10,LAMP1-488 + MitoRed ,None
E06,5,6,16,SPB6 AG1 P10,6,1,10,LAMP1-488 + MitoRed ,None
E06,5,6,17,SPB6 AG1 P10,6,1,10,LAMP1-488 + MitoRed ,None
E06,5,6,18,SPB6 AG1 P10,6,1,10,LAMP1-488 + MitoRed ,None
E06,5,6,19,SPB6 AG1 P10,6,1,10,LAMP1-488 + MitoRed ,None
E06,5,6,20,SPB6 AG1 P10,6,1,10,LAMP1-488 + MitoRed ,None
E06,5,6,21,SPB6 AG1 P10,6,1,10,LAMP1-488 + MitoRed ,None
E06,5,6,22,SPB6 AG1 P10,6,1,10,LAMP1-488 + MitoRed ,None
E06,5,6,23,SPB6 AG1 P10,6,1,10,LAMP1-488 + MitoRed ,None
E06,5,6,24,SPB6 AG1 P10,6,1,10,LAMP1-488 + MitoRed ,None
E06,5,6,25,SPB6 AG1 P10,6,1,10,LAMP1-488 + MitoRed ,None
E06,5,6,26,SPB6 AG1 P10,6,1,10,LAMP1-488 + MitoRed ,None
E06,5,6,27,SPB6 AG1 P10,6,1,10,LAMP1-488 + MitoRed ,None
E06,5,6,28,SPB6 AG1 P10,6,1,10,LAMP1-488 + MitoRed ,None
E06,5,6,29,SPB6 AG1 P10,6,1,10,LAMP1-488 + MitoRed ,None
E06,5,6,30,SPB6 AG1 P10,6,1,10,LAMP1-488 + MitoRed ,None
E06,5,6,31,SPB6 AG1 P10,6,1,10,LAMP1-488 + MitoRed ,None
E06,5,6,32,SPB6 AG1 P10,6,1,10,LAMP1-488 + MitoRed ,None
E06,5,6,33,SPB6 AG1 P10,6,1,10,LAMP1-488 + MitoRed ,None
E06,5,6,34,SPB6 AG1 P10,6,1,10,LAMP1-488 + MitoRed ,None
E06,5,6,35,SPB6 AG1 P10,6,1,10,LAMP1-488 + MitoRed ,None
E06,5,6,36,SPB6 AG1 P10,6,1,10,LAMP1-488 + MitoRed ,None
E06,5,6,37,SPB6 AG1 P10,6,1,10,LAMP1-488 + MitoRed ,None
E06,5,6,38,SPB6 AG1 P10,6,1,10,LAMP1-488 + MitoRed ,None
E06,5,6,39,SPB6 AG1 P10,6,1,10,LAMP1-488 + MitoRed ,None
E06,5,6,40,SPB6 AG1 P10,6,1,10,LAMP1-488 + MitoRed ,None
E07,5,7,1,SPB7 AG0 P8,7,0,8,LAMP1-488 + MitoRed ,None
E07,5,7,2,SPB7 AG0 P8,7,0,8,LAMP1-488 + MitoRed ,None
E07,5,7,3,SPB7 AG0 P8,7,0,8,LAMP1-488 + MitoRed ,None
E07,5,7,4,SPB7 AG0 P8,7,0,8,LAMP1-488 + MitoRed ,None
E07,5,7,5,SPB7 AG0 P8,7,0,8,LAMP1-488 + MitoRed ,None
E07,5,7,6,SPB7 AG0 P8,7,0,8,LAMP1-488 + MitoRed ,None
E07,5,7,7,SPB7 AG0 P8,7,0,8,LAMP1-488 + MitoRed ,None
E07,5,7,8,SPB7 AG0 P8,7,0,8,LAMP1-488 + MitoRed ,None
E07,5,7,9,SPB7 AG0 P8,7,0,8,LAMP1-488 + MitoRed ,None
E07,5,7,10,SPB7 AG0 P8,7,0,8,LAMP1-488 + MitoRed ,None
E07,5,7,11,SPB7 AG0 P8,7,0,8,LAMP1-488 + MitoRed ,None
E07,5,7,12,SPB7 AG0 P8,7,0,8,LAMP1-488 + MitoRed ,None
E07,5,7,13,SPB7 AG0 P8,7,0,8,LAMP1-488 + MitoRed ,None
E07,5,7,14,SPB7 AG0 P8,7,0,8,LAMP1-488 + MitoRed ,None
E07,5,7,15,SPB7 AG0 P8,7,0,8,LAMP1-488 + MitoRed ,None
E07,5,7,16,SPB7 AG0 P8,7,0,8,LAMP1-488 + MitoRed ,None
E07,5,7,17,SPB7 AG0 P8,7,0,8,LAMP1-488 + MitoRed ,None
E07,5,7,18,SPB7 AG0 P8,7,0,8,LAMP1-488 + MitoRed ,None
E07,5,7,19,SPB7 AG0 P8,7,0,8,LAMP1-488 + MitoRed ,None
E07,5,7,20,SPB7 AG0 P8,7,0,8,LAMP1-488 + MitoRed ,None
E07,5,7,21,SPB7 AG0 P8,7,0,8,LAMP1-488 + MitoRed ,None
E07,5,7,22,SPB7 AG0 P8,7,0,8,LAMP1-488 + MitoRed ,None
E07,5,7,23,SPB7 AG0 P8,7,0,8,LAMP1-488 + MitoRed ,None
E07,5,7,24,SPB7 AG0 P8,7,0,8,LAMP1-488 + MitoRed ,None
E07,5,7,25,SPB7 AG0 P8,7,0,8,LAMP1-488 + MitoRed ,None
E07,5,7,26,SPB7 AG0 P8,7,0,8,LAMP1-488 + MitoRed ,None
E07,5,7,27,SPB7 AG0 P8,7,0,8,LAMP1-488 + MitoRed ,None
E07,5,7,28,SPB7 AG0 P8,7,0,8,LAMP1-488 + MitoRed ,None
E07,5,7,29,SPB7 AG0 P8,7,0,8,LAMP1-488 + MitoRed ,None
E07,5,7,30,SPB7 AG0 P8,7,0,8,LAMP1-488 + MitoRed ,None
E07,5,7,31,SPB7 AG0 P8,7,0,8,LAMP1-488 + MitoRed ,None
E07,5,7,32,SPB7 AG0 P8,7,0,8,LAMP1-488 + MitoRed ,None
E07,5,7,33,SPB7 AG0 P8,7,0,8,LAMP1-488 + MitoRed ,None
E07,5,7,34,SPB7 AG0 P8,7,0,8,LAMP1-488 + MitoRed ,None
E07,5,7,35,SPB7 AG0 P8,7,0,8,LAMP1-488 + MitoRed ,None
E07,5,7,36,SPB7 AG0 P8,7,0,8,LAMP1-488 + MitoRed ,None
E07,5,7,37,SPB7 AG0 P8,7,0,8,LAMP1-488 + MitoRed ,None
E07,5,7,38,SPB7 AG0 P8,7,0,8,LAMP1-488 + MitoRed ,None
E07,5,7,39,SPB7 AG0 P8,7,0,8,LAMP1-488 + MitoRed ,None
E07,5,7,40,SPB7 AG0 P8,7,0,8,LAMP1-488 + MitoRed ,None
F02,6,2,1,SPB2 AG5 P21,2,5,21,LAMP1-488 + MitoRed ,None
F02,6,2,2,SPB2 AG5 P21,2,5,21,LAMP1-488 + MitoRed ,None
F02,6,2,3,SPB2 AG5 P21,2,5,21,LAMP1-488 + MitoRed ,None
F02,6,2,4,SPB2 AG5 P21,2,5,21,LAMP1-488 + MitoRed ,None
F02,6,2,5,SPB2 AG5 P21,2,5,21,LAMP1-488 + MitoRed ,None
F02,6,2,6,SPB2 AG5 P21,2,5,21,LAMP1-488 + MitoRed ,None
F02,6,2,7,SPB2 AG5 P21,2,5,21,LAMP1-488 + MitoRed ,None
F02,6,2,8,SPB2 AG5 P21,2,5,21,LAMP1-488 + MitoRed ,None
F02,6,2,9,SPB2 AG5 P21,2,5,21,LAMP1-488 + MitoRed ,None
F02,6,2,10,SPB2 AG5 P21,2,5,21,LAMP1-488 + MitoRed ,None
F02,6,2,11,SPB2 AG5 P21,2,5,21,LAMP1-488 + MitoRed ,None
F02,6,2,12,SPB2 AG5 P21,2,5,21,LAMP1-488 + MitoRed ,None
F02,6,2,13,SPB2 AG5 P21,2,5,21,LAMP1-488 + MitoRed ,None
F02,6,2,14,SPB2 AG5 P21,2,5,21,LAMP1-488 + MitoRed ,None
F02,6,2,15,SPB2 AG5 P21,2,5,21,LAMP1-488 + MitoRed ,None
F02,6,2,16,SPB2 AG5 P21,2,5,21,LAMP1-488 + MitoRed ,None
F02,6,2,17,SPB2 AG5 P21,2,5,21,LAMP1-488 + MitoRed ,None
F02,6,2,18,SPB2 AG5 P21,2,5,21,LAMP1-488 + MitoRed ,None
F02,6,2,19,SPB2 AG5 P21,2,5,21,LAMP1-488 + MitoRed ,None
F02,6,2,20,SPB2 AG5 P21,2,5,21,LAMP1-488 + MitoRed ,None
F02,6,2,21,SPB2 AG5 P21,2,5,21,LAMP1-488 + MitoRed ,None
F02,6,2,22,SPB2 AG5 P21,2,5,21,LAMP1-488 + MitoRed ,None
F02,6,2,23,SPB2 AG5 P21,2,5,21,LAMP1-488 + MitoRed ,None
F02,6,2,24,SPB2 AG5 P21,2,5,21,LAMP1-488 + MitoRed ,None
F02,6,2,25,SPB2 AG5 P21,2,5,21,LAMP1-488 + MitoRed ,None
F02,6,2,26,SPB2 AG5 P21,2,5,21,LAMP1-488 + MitoRed ,None
F02,6,2,27,SPB2 AG5 P21,2,5,21,LAMP1-488 + MitoRed ,None
F02,6,2,28,SPB2 AG5 P21,2,5,21,LAMP1-488 + MitoRed ,None
F02,6,2,29,SPB2 AG5 P21,2,5,21,LAMP1-488 + MitoRed ,None
F02,6,2,30,SPB2 AG5 P21,2,5,21,LAMP1-488 + MitoRed ,None
F02,6,2,31,SPB2 AG5 P21,2,5,21,LAMP1-488 + MitoRed ,None
F02,6,2,32,SPB2 AG5 P21,2,5,21,LAMP1-488 + MitoRed ,None
F02,6,2,33,SPB2 AG5 P21,2,5,21,LAMP1-488 + MitoRed ,None
F02,6,2,34,SPB2 AG5 P21,2,5,21,LAMP1-488 + MitoRed ,None
F02,6,2,35,SPB2 AG5 P21,2,5,21,LAMP1-488 + MitoRed ,None
F02,6,2,36,SPB2 AG5 P21,2,5,21,LAMP1-488 + MitoRed ,None
F02,6,2,37,SPB2 AG5 P21,2,5,21,LAMP1-488 + MitoRed ,None
F02,6,2,38,SPB2 AG5 P21,2,5,21,LAMP1-488 + MitoRed ,None
F02,6,2,39,SPB2 AG5 P21,2,5,21,LAMP1-488 + MitoRed ,None
F02,6,2,40,SPB2 AG5 P21,2,5,21,LAMP1-488 + MitoRed ,None
F03,6,3,1,SPB3 AG4 P18,3,4,18,LAMP1-488 + MitoRed ,None
F03,6,3,2,SPB3 AG4 P18,3,4,18,LAMP1-488 + MitoRed ,None
F03,6,3,3,SPB3 AG4 P18,3,4,18,LAMP1-488 + MitoRed ,None
F03,6,3,4,SPB3 AG4 P18,3,4,18,LAMP1-488 + MitoRed ,None
F03,6,3,5,SPB3 AG4 P18,3,4,18,LAMP1-488 + MitoRed ,None
F03,6,3,6,SPB3 AG4 P18,3,4,18,LAMP1-488 + MitoRed ,None
F03,6,3,7,SPB3 AG4 P18,3,4,18,LAMP1-488 + MitoRed ,None
F03,6,3,8,SPB3 AG4 P18,3,4,18,LAMP1-488 + MitoRed ,None
F03,6,3,9,SPB3 AG4 P18,3,4,18,LAMP1-488 + MitoRed ,None
F03,6,3,10,SPB3 AG4 P18,3,4,18,LAMP1-488 + MitoRed ,None
F03,6,3,11,SPB3 AG4 P18,3,4,18,LAMP1-488 + MitoRed ,None
F03,6,3,12,SPB3 AG4 P18,3,4,18,LAMP1-488 + MitoRed ,None
F03,6,3,13,SPB3 AG4 P18,3,4,18,LAMP1-488 + MitoRed ,None
F03,6,3,14,SPB3 AG4 P18,3,4,18,LAMP1-488 + MitoRed ,None
F03,6,3,15,SPB3 AG4 P18,3,4,18,LAMP1-488 + MitoRed ,None
F03,6,3,16,SPB3 AG4 P18,3,4,18,LAMP1-488 + MitoRed ,None
F03,6,3,17,SPB3 AG4 P18,3,4,18,LAMP1-488 + MitoRed ,None
F03,6,3,18,SPB3 AG4 P18,3,4,18,LAMP1-488 + MitoRed ,None
F03,6,3,19,SPB3 AG4 P18,3,4,18,LAMP1-488 + MitoRed ,None
F03,6,3,20,SPB3 AG4 P18,3,4,18,LAMP1-488 + MitoRed ,None
F03,6,3,21,SPB3 AG4 P18,3,4,18,LAMP1-488 + MitoRed ,None
F03,6,3,22,SPB3 AG4 P18,3,4,18,LAMP1-488 + MitoRed ,None
F03,6,3,23,SPB3 AG4 P18,3,4,18,LAMP1-488 + MitoRed ,None
F03,6,3,24,SPB3 AG4 P18,3,4,18,LAMP1-488 + MitoRed ,None
F03,6,3,25,SPB3 AG4 P18,3,4,18,LAMP1-488 + MitoRed ,None
F03,6,3,26,SPB3 AG4 P18,3,4,18,LAMP1-488 + MitoRed ,None
F03,6,3,27,SPB3 AG4 P18,3,4,18,LAMP1-488 + MitoRed ,None
F03,6,3,28,SPB3 AG4 P18,3,4,18,LAMP1-488 + MitoRed ,None
F03,6,3,29,SPB3 AG4 P18,3,4,18,LAMP1-488 + MitoRed ,None
F03,6,3,30,SPB3 AG4 P18,3,4,18,LAMP1-488 + MitoRed ,None
F03,6,3,31,SPB3 AG4 P18,3,4,18,LAMP1-488 + MitoRed ,None
F03,6,3,32,SPB3 AG4 P18,3,4,18,LAMP1-488 + MitoRed ,None
F03,6,3,33,SPB3 AG4 P18,3,4,18,LAMP1-488 + MitoRed ,None
F03,6,3,34,SPB3 AG4 P18,3,4,18,LAMP1-488 + MitoRed ,None
F03,6,3,35,SPB3 AG4 P18,3,4,18,LAMP1-488 + MitoRed ,None
F03,6,3,36,SPB3 AG4 P18,3,4,18,LAMP1-488 + MitoRed ,None
F03,6,3,37,SPB3 AG4 P18,3,4,18,LAMP1-488 + MitoRed ,None
F03,6,3,38,SPB3 AG4 P18,3,4,18,LAMP1-488 + MitoRed ,None
F03,6,3,39,SPB3 AG4 P18,3,4,18,LAMP1-488 + MitoRed ,None
F03,6,3,40,SPB3 AG4 P18,3,4,18,LAMP1-488 + MitoRed ,None
F04,6,4,1,SPB4 AG3 P15,4,3,15,LAMP1-488 + MitoRed ,None
F04,6,4,2,SPB4 AG3 P15,4,3,15,LAMP1-488 + MitoRed ,None
F04,6,4,3,SPB4 AG3 P15,4,3,15,LAMP1-488 + MitoRed ,None
F04,6,4,4,SPB4 AG3 P15,4,3,15,LAMP1-488 + MitoRed ,None
F04,6,4,5,SPB4 AG3 P15,4,3,15,LAMP1-488 + MitoRed ,None
F04,6,4,6,SPB4 AG3 P15,4,3,15,LAMP1-488 + MitoRed ,None
F04,6,4,7,SPB4 AG3 P15,4,3,15,LAMP1-488 + MitoRed ,None
F04,6,4,8,SPB4 AG3 P15,4,3,15,LAMP1-488 + MitoRed ,None
F04,6,4,9,SPB4 AG3 P15,4,3,15,LAMP1-488 + MitoRed ,None
F04,6,4,10,SPB4 AG3 P15,4,3,15,LAMP1-488 + MitoRed ,None
F04,6,4,11,SPB4 AG3 P15,4,3,15,LAMP1-488 + MitoRed ,None
F04,6,4,12,SPB4 AG3 P15,4,3,15,LAMP1-488 + MitoRed ,None
F04,6,4,13,SPB4 AG3 P15,4,3,15,LAMP1-488 + MitoRed ,None
F04,6,4,14,SPB4 AG3 P15,4,3,15,LAMP1-488 + MitoRed ,None
F04,6,4,15,SPB4 AG3 P15,4,3,15,LAMP1-488 + MitoRed ,None
F04,6,4,16,SPB4 AG3 P15,4,3,15,LAMP1-488 + MitoRed ,None
F04,6,4,17,SPB4 AG3 P15,4,3,15,LAMP1-488 + MitoRed ,None
F04,6,4,18,SPB4 AG3 P15,4,3,15,LAMP1-488 + MitoRed ,None
F04,6,4,19,SPB4 AG3 P15,4,3,15,LAMP1-488 + MitoRed ,None
F04,6,4,20,SPB4 AG3 P15,4,3,15,LAMP1-488 + MitoRed ,None
F04,6,4,21,SPB4 AG3 P15,4,3,15,LAMP1-488 + MitoRed ,None
F04,6,4,22,SPB4 AG3 P15,4,3,15,LAMP1-488 + MitoRed ,None
F04,6,4,23,SPB4 AG3 P15,4,3,15,LAMP1-488 + MitoRed ,None
F04,6,4,24,SPB4 AG3 P15,4,3,15,LAMP1-488 + MitoRed ,None
F04,6,4,25,SPB4 AG3 P15,4,3,15,LAMP1-488 + MitoRed ,None
F04,6,4,26,SPB4 AG3 P15,4,3,15,LAMP1-488 + MitoRed ,None
F04,6,4,27,SPB4 AG3 P15,4,3,15,LAMP1-488 + MitoRed ,None
F04,6,4,28,SPB4 AG3 P15,4,3,15,LAMP1-488 + MitoRed ,None
F04,6,4,29,SPB4 AG3 P15,4,3,15,LAMP1-488 + MitoRed ,None
F04,6,4,30,SPB4 AG3 P15,4,3,15,LAMP1-488 + MitoRed ,None
F04,6,4,31,SPB4 AG3 P15,4,3,15,LAMP1-488 + MitoRed ,None
F04,6,4,32,SPB4 AG3 P15,4,3,15,LAMP1-488 + MitoRed ,None
F04,6,4,33,SPB4 AG3 P15,4,3,15,LAMP1-488 + MitoRed ,None
F04,6,4,34,SPB4 AG3 P15,4,3,15,LAMP1-488 + MitoRed ,None
F04,6,4,35,SPB4 AG3 P15,4,3,15,LAMP1-488 + MitoRed ,None
F04,6,4,36,SPB4 AG3 P15,4,3,15,LAMP1-488 + MitoRed ,None
F04,6,4,37,SPB4 AG3 P15,4,3,15,LAMP1-488 + MitoRed ,None
F04,6,4,38,SPB4 AG3 P15,4,3,15,LAMP1-488 + MitoRed ,None
F04,6,4,39,SPB4 AG3 P15,4,3,15,LAMP1-488 + MitoRed ,None
F04,6,4,40,SPB4 AG3 P15,4,3,15,LAMP1-488 + MitoRed ,None
F05,6,5,1,SPB5 AG2 P13,5,2,13,LAMP1-488 + MitoRed ,None
F05,6,5,2,SPB5 AG2 P13,5,2,13,LAMP1-488 + MitoRed ,None
F05,6,5,3,SPB5 AG2 P13,5,2,13,LAMP1-488 + MitoRed ,None
F05,6,5,4,SPB5 AG2 P13,5,2,13,LAMP1-488 + MitoRed ,None
F05,6,5,5,SPB5 AG2 P13,5,2,13,LAMP1-488 + MitoRed ,None
F05,6,5,6,SPB5 AG2 P13,5,2,13,LAMP1-488 + MitoRed ,None
F05,6,5,7,SPB5 AG2 P13,5,2,13,LAMP1-488 + MitoRed ,None
F05,6,5,8,SPB5 AG2 P13,5,2,13,LAMP1-488 + MitoRed ,None
F05,6,5,9,SPB5 AG2 P13,5,2,13,LAMP1-488 + MitoRed ,None
F05,6,5,10,SPB5 AG2 P13,5,2,13,LAMP1-488 + MitoRed ,None
F05,6,5,11,SPB5 AG2 P13,5,2,13,LAMP1-488 + MitoRed ,None
F05,6,5,12,SPB5 AG2 P13,5,2,13,LAMP1-488 + MitoRed ,None
F05,6,5,13,SPB5 AG2 P13,5,2,13,LAMP1-488 + MitoRed ,None
F05,6,5,14,SPB5 AG2 P13,5,2,13,LAMP1-488 + MitoRed ,None
F05,6,5,15,SPB5 AG2 P13,5,2,13,LAMP1-488 + MitoRed ,None
F05,6,5,16,SPB5 AG2 P13,5,2,13,LAMP1-488 + MitoRed ,None
F05,6,5,17,SPB5 AG2 P13,5,2,13,LAMP1-488 + MitoRed ,None
F05,6,5,18,SPB5 AG2 P13,5,2,13,LAMP1-488 + MitoRed ,None
F05,6,5,19,SPB5 AG2 P13,5,2,13,LAMP1-488 + MitoRed ,None
F05,6,5,20,SPB5 AG2 P13,5,2,13,LAMP1-488 + MitoRed ,None
F05,6,5,21,SPB5 AG2 P13,5,2,13,LAMP1-488 + MitoRed ,None
F05,6,5,22,SPB5 AG2 P13,5,2,13,LAMP1-488 + MitoRed ,None
F05,6,5,23,SPB5 AG2 P13,5,2,13,LAMP1-488 + MitoRed ,None
F05,6,5,24,SPB5 AG2 P13,5,2,13,LAMP1-488 + MitoRed ,None
F05,6,5,25,SPB5 AG2 P13,5,2,13,LAMP1-488 + MitoRed ,None
F05,6,5,26,SPB5 AG2 P13,5,2,13,LAMP1-488 + MitoRed ,None
F05,6,5,27,SPB5 AG2 P13,5,2,13,LAMP1-488 + MitoRed ,None
F05,6,5,28,SPB5 AG2 P13,5,2,13,LAMP1-488 + MitoRed ,None
F05,6,5,29,SPB5 AG2 P13,5,2,13,LAMP1-488 + MitoRed ,None
F05,6,5,30,SPB5 AG2 P13,5,2,13,LAMP1-488 + MitoRed ,None
F05,6,5,31,SPB5 AG2 P13,5,2,13,LAMP1-488 + MitoRed ,None
F05,6,5,32,SPB5 AG2 P13,5,2,13,LAMP1-488 + MitoRed ,None
F05,6,5,33,SPB5 AG2 P13,5,2,13,LAMP1-488 + MitoRed ,None
F05,6,5,34,SPB5 AG2 P13,5,2,13,LAMP1-488 + MitoRed ,None
F05,6,5,35,SPB5 AG2 P13,5,2,13,LAMP1-488 + MitoRed ,None
F05,6,5,36,SPB5 AG2 P13,5,2,13,LAMP1-488 + MitoRed ,None
F05,6,5,37,SPB5 AG2 P13,5,2,13,LAMP1-488 + MitoRed ,None
F05,6,5,38,SPB5 AG2 P13,5,2,13,LAMP1-488 + MitoRed ,None
F05,6,5,39,SPB5 AG2 P13,5,2,13,LAMP1-488 + MitoRed ,None
F05,6,5,40,SPB5 AG2 P13,5,2,13,LAMP1-488 + MitoRed ,None
F06,6,6,1,SPB6 AG1 P10,6,1,10,LAMP1-488 + MitoRed ,None
F06,6,6,2,SPB6 AG1 P10,6,1,10,LAMP1-488 + MitoRed ,None
F06,6,6,3,SPB6 AG1 P10,6,1,10,LAMP1-488 + MitoRed ,None
F06,6,6,4,SPB6 AG1 P10,6,1,10,LAMP1-488 + MitoRed ,None
F06,6,6,5,SPB6 AG1 P10,6,1,10,LAMP1-488 + MitoRed ,None
F06,6,6,6,SPB6 AG1 P10,6,1,10,LAMP1-488 + MitoRed ,None
F06,6,6,7,SPB6 AG1 P10,6,1,10,LAMP1-488 + MitoRed ,None
F06,6,6,8,SPB6 AG1 P10,6,1,10,LAMP1-488 + MitoRed ,None
F06,6,6,9,SPB6 AG1 P10,6,1,10,LAMP1-488 + MitoRed ,None
F06,6,6,10,SPB6 AG1 P10,6,1,10,LAMP1-488 + MitoRed ,None
F06,6,6,11,SPB6 AG1 P10,6,1,10,LAMP1-488 + MitoRed ,None
F06,6,6,12,SPB6 AG1 P10,6,1,10,LAMP1-488 + MitoRed ,None
F06,6,6,13,SPB6 AG1 P10,6,1,10,LAMP1-488 + MitoRed ,None
F06,6,6,14,SPB6 AG1 P10,6,1,10,LAMP1-488 + MitoRed ,None
F06,6,6,15,SPB6 AG1 P10,6,1,10,LAMP1-488 + MitoRed ,None
F06,6,6,16,SPB6 AG1 P10,6,1,10,LAMP1-488 + MitoRed ,None
F06,6,6,17,SPB6 AG1 P10,6,1,10,LAMP1-488 + MitoRed ,None
F06,6,6,18,SPB6 AG1 P10,6,1,10,LAMP1-488 + MitoRed ,None
F06,6,6,19,SPB6 AG1 P10,6,1,10,LAMP1-488 + MitoRed ,None
F06,6,6,20,SPB6 AG1 P10,6,1,10,LAMP1-488 + MitoRed ,None
F06,6,6,21,SPB6 AG1 P10,6,1,10,LAMP1-488 + MitoRed ,None
F06,6,6,22,SPB6 AG1 P10,6,1,10,LAMP1-488 + MitoRed ,None
F06,6,6,23,SPB6 AG1 P10,6,1,10,LAMP1-488 + MitoRed ,None
F06,6,6,24,SPB6 AG1 P10,6,1,10,LAMP1-488 + MitoRed ,None
F06,6,6,25,SPB6 AG1 P10,6,1,10,LAMP1-488 + MitoRed ,None
F06,6,6,26,SPB6 AG1 P10,6,1,10,LAMP1-488 + MitoRed ,None
F06,6,6,27,SPB6 AG1 P10,6,1,10,LAMP1-488 + MitoRed ,None
F06,6,6,28,SPB6 AG1 P10,6,1,10,LAMP1-488 + MitoRed ,None
F06,6,6,29,SPB6 AG1 P10,6,1,10,LAMP1-488 + MitoRed ,None
F06,6,6,30,SPB6 AG1 P10,6,1,10,LAMP1-488 + MitoRed ,None
F06,6,6,31,SPB6 AG1 P10,6,1,10,LAMP1-488 + MitoRed ,None
F06,6,6,32,SPB6 AG1 P10,6,1,10,LAMP1-488 + MitoRed ,None
F06,6,6,33,SPB6 AG1 P10,6,1,10,LAMP1-488 + MitoRed ,None
F06,6,6,34,SPB6 AG1 P10,6,1,10,LAMP1-488 + MitoRed ,None
F06,6,6,35,SPB6 AG1 P10,6,1,10,LAMP1-488 + MitoRed ,None
F06,6,6,36,SPB6 AG1 P10,6,1,10,LAMP1-488 + MitoRed ,None
F06,6,6,37,SPB6 AG1 P10,6,1,10,LAMP1-488 + MitoRed ,None
F06,6,6,38,SPB6 AG1 P10,6,1,10,LAMP1-488 + MitoRed ,None
F06,6,6,39,SPB6 AG1 P10,6,1,10,LAMP1-488 + MitoRed ,None
F06,6,6,40,SPB6 AG1 P10,6,1,10,LAMP1-488 + MitoRed ,None
F07,6,7,1,SPB7 AG0 P8,7,0,8,LAMP1-488 + MitoRed ,None
F07,6,7,2,SPB7 AG0 P8,7,0,8,LAMP1-488 + MitoRed ,None
F07,6,7,3,SPB7 AG0 P8,7,0,8,LAMP1-488 + MitoRed ,None
F07,6,7,4,SPB7 AG0 P8,7,0,8,LAMP1-488 + MitoRed ,None
F07,6,7,5,SPB7 AG0 P8,7,0,8,LAMP1-488 + MitoRed ,None
F07,6,7,6,SPB7 AG0 P8,7,0,8,LAMP1-488 + MitoRed ,None
F07,6,7,7,SPB7 AG0 P8,7,0,8,LAMP1-488 + MitoRed ,None
F07,6,7,8,SPB7 AG0 P8,7,0,8,LAMP1-488 + MitoRed ,None
F07,6,7,9,SPB7 AG0 P8,7,0,8,LAMP1-488 + MitoRed ,None
F07,6,7,10,SPB7 AG0 P8,7,0,8,LAMP1-488 + MitoRed ,None
F07,6,7,11,SPB7 AG0 P8,7,0,8,LAMP1-488 + MitoRed ,None
F07,6,7,12,SPB7 AG0 P8,7,0,8,LAMP1-488 + MitoRed ,None
F07,6,7,13,SPB7 AG0 P8,7,0,8,LAMP1-488 + MitoRed ,None
F07,6,7,14,SPB7 AG0 P8,7,0,8,LAMP1-488 + MitoRed ,None
F07,6,7,15,SPB7 AG0 P8,7,0,8,LAMP1-488 + MitoRed ,None
F07,6,7,16,SPB7 AG0 P8,7,0,8,LAMP1-488 + MitoRed ,None
F07,6,7,17,SPB7 AG0 P8,7,0,8,LAMP1-488 + MitoRed ,None
F07,6,7,18,SPB7 AG0 P8,7,0,8,LAMP1-488 + MitoRed ,None
F07,6,7,19,SPB7 AG0 P8,7,0,8,LAMP1-488 + MitoRed ,None
F07,6,7,20,SPB7 AG0 P8,7,0,8,LAMP1-488 + MitoRed ,None
F07,6,7,21,SPB7 AG0 P8,7,0,8,LAMP1-488 + MitoRed ,None
F07,6,7,22,SPB7 AG0 P8,7,0,8,LAMP1-488 + MitoRed ,None
F07,6,7,23,SPB7 AG0 P8,7,0,8,LAMP1-488 + MitoRed ,None
F07,6,7,24,SPB7 AG0 P8,7,0,8,LAMP1-488 + MitoRed ,None
F07,6,7,25,SPB7 AG0 P8,7,0,8,LAMP1-488 + MitoRed ,None
F07,6,7,26,SPB7 AG0 P8,7,0,8,LAMP1-488 + MitoRed ,None
F07,6,7,27,SPB7 AG0 P8,7,0,8,LAMP1-488 + MitoRed ,None
F07,6,7,28,SPB7 AG0 P8,7,0,8,LAMP1-488 + MitoRed ,None
F07,6,7,29,SPB7 AG0 P8,7,0,8,LAMP1-488 + MitoRed ,None
F07,6,7,30,SPB7 AG0 P8,7,0,8,LAMP1-488 + MitoRed ,None
F07,6,7,31,SPB7 AG0 P8,7,0,8,LAMP1-488 + MitoRed ,None
F07,6,7,32,SPB7 AG0 P8,7,0,8,LAMP1-488 + MitoRed ,None
F07,6,7,33,SPB7 AG0 P8,7,0,8,LAMP1-488 + MitoRed ,None
F07,6,7,34,SPB7 AG0 P8,7,0,8,LAMP1-488 + MitoRed ,None
F07,6,7,35,SPB7 AG0 P8,7,0,8,LAMP1-488 + MitoRed ,None
F07,6,7,36,SPB7 AG0 P8,7,0,8,LAMP1-488 + MitoRed ,None
F07,6,7,37,SPB7 AG0 P8,7,0,8,LAMP1-488 + MitoRed ,None
F07,6,7,38,SPB7 AG0 P8,7,0,8,LAMP1-488 + MitoRed ,None
F07,6,7,39,SPB7 AG0 P8,7,0,8,LAMP1-488 + MitoRed ,None
F07,6,7,40,SPB7 AG0 P8,7,0,8,LAMP1-488 + MitoRed ,None
G02,7,2,1,SPB2 AG5 P21,2,5,21,LAMP1-488 + MitoRed ,None
G02,7,2,2,SPB2 AG5 P21,2,5,21,LAMP1-488 + MitoRed ,None
G02,7,2,3,SPB2 AG5 P21,2,5,21,LAMP1-488 + MitoRed ,None
G02,7,2,4,SPB2 AG5 P21,2,5,21,LAMP1-488 + MitoRed ,None
G02,7,2,5,SPB2 AG5 P21,2,5,21,LAMP1-488 + MitoRed ,None
G02,7,2,6,SPB2 AG5 P21,2,5,21,LAMP1-488 + MitoRed ,None
G02,7,2,7,SPB2 AG5 P21,2,5,21,LAMP1-488 + MitoRed ,None
G02,7,2,8,SPB2 AG5 P21,2,5,21,LAMP1-488 + MitoRed ,None
G02,7,2,9,SPB2 AG5 P21,2,5,21,LAMP1-488 + MitoRed ,None
G02,7,2,10,SPB2 AG5 P21,2,5,21,LAMP1-488 + MitoRed ,None
G02,7,2,11,SPB2 AG5 P21,2,5,21,LAMP1-488 + MitoRed ,None
G02,7,2,12,SPB2 AG5 P21,2,5,21,LAMP1-488 + MitoRed ,None
G02,7,2,13,SPB2 AG5 P21,2,5,21,LAMP1-488 + MitoRed ,None
G02,7,2,14,SPB2 AG5 P21,2,5,21,LAMP1-488 + MitoRed ,None
G02,7,2,15,SPB2 AG5 P21,2,5,21,LAMP1-488 + MitoRed ,None
G02,7,2,16,SPB2 AG5 P21,2,5,21,LAMP1-488 + MitoRed ,None
G02,7,2,17,SPB2 AG5 P21,2,5,21,LAMP1-488 + MitoRed ,None
G02,7,2,18,SPB2 AG5 P21,2,5,21,LAMP1-488 + MitoRed ,None
G02,7,2,19,SPB2 AG5 P21,2,5,21,LAMP1-488 + MitoRed ,None
G02,7,2,20,SPB2 AG5 P21,2,5,21,LAMP1-488 + MitoRed ,None
G02,7,2,21,SPB2 AG5 P21,2,5,21,LAMP1-488 + MitoRed ,None
G02,7,2,22,SPB2 AG5 P21,2,5,21,LAMP1-488 + MitoRed ,None
G02,7,2,23,SPB2 AG5 P21,2,5,21,LAMP1-488 + MitoRed ,None
G02,7,2,24,SPB2 AG5 P21,2,5,21,LAMP1-488 + MitoRed ,None
G02,7,2,25,SPB2 AG5 P21,2,5,21,LAMP1-488 + MitoRed ,None
G02,7,2,26,SPB2 AG5 P21,2,5,21,LAMP1-488 + MitoRed ,None
G02,7,2,27,SPB2 AG5 P21,2,5,21,LAMP1-488 + MitoRed ,None
G02,7,2,28,SPB2 AG5 P21,2,5,21,LAMP1-488 + MitoRed ,None
G02,7,2,29,SPB2 AG5 P21,2,5,21,LAMP1-488 + MitoRed ,None
G02,7,2,30,SPB2 AG5 P21,2,5,21,LAMP1-488 + MitoRed ,None
G02,7,2,31,SPB2 AG5 P21,2,5,21,LAMP1-488 + MitoRed ,None
G02,7,2,32,SPB2 AG5 P21,2,5,21,LAMP1-488 + MitoRed ,None
G02,7,2,33,SPB2 AG5 P21,2,5,21,LAMP1-488 + MitoRed ,None
G02,7,2,34,SPB2 AG5 P21,2,5,21,LAMP1-488 + MitoRed ,None
G02,7,2,35,SPB2 AG5 P21,2,5,21,LAMP1-488 + MitoRed ,None
G02,7,2,36,SPB2 AG5 P21,2,5,21,LAMP1-488 + MitoRed ,None
G02,7,2,37,SPB2 AG5 P21,2,5,21,LAMP1-488 + MitoRed ,None
G02,7,2,38,SPB2 AG5 P21,2,5,21,LAMP1-488 + MitoRed ,None
G02,7,2,39,SPB2 AG5 P21,2,5,21,LAMP1-488 + MitoRed ,None
G02,7,2,40,SPB2 AG5 P21,2,5,21,LAMP1-488 + MitoRed ,None
G03,7,3,1,SPB3 AG4 P18,3,4,18,LAMP1-488 + MitoRed ,None
G03,7,3,2,SPB3 AG4 P18,3,4,18,LAMP1-488 + MitoRed ,None
G03,7,3,3,SPB3 AG4 P18,3,4,18,LAMP1-488 + MitoRed ,None
G03,7,3,4,SPB3 AG4 P18,3,4,18,LAMP1-488 + MitoRed ,None
G03,7,3,5,SPB3 AG4 P18,3,4,18,LAMP1-488 + MitoRed ,None
G03,7,3,6,SPB3 AG4 P18,3,4,18,LAMP1-488 + MitoRed ,None
G03,7,3,7,SPB3 AG4 P18,3,4,18,LAMP1-488 + MitoRed ,None
G03,7,3,8,SPB3 AG4 P18,3,4,18,LAMP1-488 + MitoRed ,None
G03,7,3,9,SPB3 AG4 P18,3,4,18,LAMP1-488 + MitoRed ,None
G03,7,3,10,SPB3 AG4 P18,3,4,18,LAMP1-488 + MitoRed ,None
G03,7,3,11,SPB3 AG4 P18,3,4,18,LAMP1-488 + MitoRed ,None
G03,7,3,12,SPB3 AG4 P18,3,4,18,LAMP1-488 + MitoRed ,None
G03,7,3,13,SPB3 AG4 P18,3,4,18,LAMP1-488 + MitoRed ,None
G03,7,3,14,SPB3 AG4 P18,3,4,18,LAMP1-488 + MitoRed ,None
G03,7,3,15,SPB3 AG4 P18,3,4,18,LAMP1-488 + MitoRed ,None
G03,7,3,16,SPB3 AG4 P18,3,4,18,LAMP1-488 + MitoRed ,None
G03,7,3,17,SPB3 AG4 P18,3,4,18,LAMP1-488 + MitoRed ,None
G03,7,3,18,SPB3 AG4 P18,3,4,18,LAMP1-488 + MitoRed ,None
G03,7,3,19,SPB3 AG4 P18,3,4,18,LAMP1-488 + MitoRed ,None
G03,7,3,20,SPB3 AG4 P18,3,4,18,LAMP1-488 + MitoRed ,None
G03,7,3,21,SPB3 AG4 P18,3,4,18,LAMP1-488 + MitoRed ,None
G03,7,3,22,SPB3 AG4 P18,3,4,18,LAMP1-488 + MitoRed ,None
G03,7,3,23,SPB3 AG4 P18,3,4,18,LAMP1-488 + MitoRed ,None
G03,7,3,24,SPB3 AG4 P18,3,4,18,LAMP1-488 + MitoRed ,None
G03,7,3,25,SPB3 AG4 P18,3,4,18,LAMP1-488 + MitoRed ,None
G03,7,3,26,SPB3 AG4 P18,3,4,18,LAMP1-488 + MitoRed ,None
G03,7,3,27,SPB3 AG4 P18,3,4,18,LAMP1-488 + MitoRed ,None
G03,7,3,28,SPB3 AG4 P18,3,4,18,LAMP1-488 + MitoRed ,None
G03,7,3,29,SPB3 AG4 P18,3,4,18,LAMP1-488 + MitoRed ,None
G03,7,3,30,SPB3 AG4 P18,3,4,18,LAMP1-488 + MitoRed ,None
G03,7,3,31,SPB3 AG4 P18,3,4,18,LAMP1-488 + MitoRed ,None
G03,7,3,32,SPB3 AG4 P18,3,4,18,LAMP1-488 + MitoRed ,None
G03,7,3,33,SPB3 AG4 P18,3,4,18,LAMP1-488 + MitoRed ,None
G03,7,3,34,SPB3 AG4 P18,3,4,18,LAMP1-488 + MitoRed ,None
G03,7,3,35,SPB3 AG4 P18,3,4,18,LAMP1-488 + MitoRed ,None
G03,7,3,36,SPB3 AG4 P18,3,4,18,LAMP1-488 + MitoRed ,None
G03,7,3,37,SPB3 AG4 P18,3,4,18,LAMP1-488 + MitoRed ,None
G03,7,3,38,SPB3 AG4 P18,3,4,18,LAMP1-488 + MitoRed ,None
G03,7,3,39,SPB3 AG4 P18,3,4,18,LAMP1-488 + MitoRed ,None
G03,7,3,40,SPB3 AG4 P18,3,4,18,LAMP1-488 + MitoRed ,None
G04,7,4,1,SPB4 AG3 P15,4,3,15,LAMP1-488 + MitoRed ,None
G04,7,4,2,SPB4 AG3 P15,4,3,15,LAMP1-488 + MitoRed ,None
G04,7,4,3,SPB4 AG3 P15,4,3,15,LAMP1-488 + MitoRed ,None
G04,7,4,4,SPB4 AG3 P15,4,3,15,LAMP1-488 + MitoRed ,None
G04,7,4,5,SPB4 AG3 P15,4,3,15,LAMP1-488 + MitoRed ,None
G04,7,4,6,SPB4 AG3 P15,4,3,15,LAMP1-488 + MitoRed ,None
G04,7,4,7,SPB4 AG3 P15,4,3,15,LAMP1-488 + MitoRed ,None
G04,7,4,8,SPB4 AG3 P15,4,3,15,LAMP1-488 + MitoRed ,None
G04,7,4,9,SPB4 AG3 P15,4,3,15,LAMP1-488 + MitoRed ,None
G04,7,4,10,SPB4 AG3 P15,4,3,15,LAMP1-488 + MitoRed ,None
G04,7,4,11,SPB4 AG3 P15,4,3,15,LAMP1-488 + MitoRed ,None
G04,7,4,12,SPB4 AG3 P15,4,3,15,LAMP1-488 + MitoRed ,None
G04,7,4,13,SPB4 AG3 P15,4,3,15,LAMP1-488 + MitoRed ,None
G04,7,4,14,SPB4 AG3 P15,4,3,15,LAMP1-488 + MitoRed ,None
G04,7,4,15,SPB4 AG3 P15,4,3,15,LAMP1-488 + MitoRed ,None
G04,7,4,16,SPB4 AG3 P15,4,3,15,LAMP1-488 + MitoRed ,None
G04,7,4,17,SPB4 AG3 P15,4,3,15,LAMP1-488 + MitoRed ,None
G04,7,4,18,SPB4 AG3 P15,4,3,15,LAMP1-488 + MitoRed ,None
G04,7,4,19,SPB4 AG3 P15,4,3,15,LAMP1-488 + MitoRed ,None
G04,7,4,20,SPB4 AG3 P15,4,3,15,LAMP1-488 + MitoRed ,None
G04,7,4,21,SPB4 AG3 P15,4,3,15,LAMP1-488 + MitoRed ,None
G04,7,4,22,SPB4 AG3 P15,4,3,15,LAMP1-488 + MitoRed ,None
G04,7,4,23,SPB4 AG3 P15,4,3,15,LAMP1-488 + MitoRed ,None
G04,7,4,24,SPB4 AG3 P15,4,3,15,LAMP1-488 + MitoRed ,None
G04,7,4,25,SPB4 AG3 P15,4,3,15,LAMP1-488 + MitoRed ,None
G04,7,4,26,SPB4 AG3 P15,4,3,15,LAMP1-488 + MitoRed ,None
G04,7,4,27,SPB4 AG3 P15,4,3,15,LAMP1-488 + MitoRed ,None
G04,7,4,28,SPB4 AG3 P15,4,3,15,LAMP1-488 + MitoRed ,None
G04,7,4,29,SPB4 AG3 P15,4,3,15,LAMP1-488 + MitoRed ,None
G04,7,4,30,SPB4 AG3 P15,4,3,15,LAMP1-488 + MitoRed ,None
G04,7,4,31,SPB4 AG3 P15,4,3,15,LAMP1-488 + MitoRed ,None
G04,7,4,32,SPB4 AG3 P15,4,3,15,LAMP1-488 + MitoRed ,None
G04,7,4,33,SPB4 AG3 P15,4,3,15,LAMP1-488 + MitoRed ,None
G04,7,4,34,SPB4 AG3 P15,4,3,15,LAMP1-488 + MitoRed ,None
G04,7,4,35,SPB4 AG3 P15,4,3,15,LAMP1-488 + MitoRed ,None
G04,7,4,36,SPB4 AG3 P15,4,3,15,LAMP1-488 + MitoRed ,None
G04,7,4,37,SPB4 AG3 P15,4,3,15,LAMP1-488 + MitoRed ,None
G04,7,4,38,SPB4 AG3 P15,4,3,15,LAMP1-488 + MitoRed ,None
G04,7,4,39,SPB4 AG3 P15,4,3,15,LAMP1-488 + MitoRed ,None
G04,7,4,40,SPB4 AG3 P15,4,3,15,LAMP1-488 + MitoRed ,None
G05,7,5,1,SPB5 AG2 P13,5,2,13,LAMP1-488 + MitoRed ,None
G05,7,5,2,SPB5 AG2 P13,5,2,13,LAMP1-488 + MitoRed ,None
G05,7,5,3,SPB5 AG2 P13,5,2,13,LAMP1-488 + MitoRed ,None
G05,7,5,4,SPB5 AG2 P13,5,2,13,LAMP1-488 + MitoRed ,None
G05,7,5,5,SPB5 AG2 P13,5,2,13,LAMP1-488 + MitoRed ,None
G05,7,5,6,SPB5 AG2 P13,5,2,13,LAMP1-488 + MitoRed ,None
G05,7,5,7,SPB5 AG2 P13,5,2,13,LAMP1-488 + MitoRed ,None
G05,7,5,8,SPB5 AG2 P13,5,2,13,LAMP1-488 + MitoRed ,None
G05,7,5,9,SPB5 AG2 P13,5,2,13,LAMP1-488 + MitoRed ,None
G05,7,5,10,SPB5 AG2 P13,5,2,13,LAMP1-488 + MitoRed ,None
G05,7,5,11,SPB5 AG2 P13,5,2,13,LAMP1-488 + MitoRed ,None
G05,7,5,12,SPB5 AG2 P13,5,2,13,LAMP1-488 + MitoRed ,None
G05,7,5,13,SPB5 AG2 P13,5,2,13,LAMP1-488 + MitoRed ,None
G05,7,5,14,SPB5 AG2 P13,5,2,13,LAMP1-488 + MitoRed ,None
G05,7,5,15,SPB5 AG2 P13,5,2,13,LAMP1-488 + MitoRed ,None
G05,7,5,16,SPB5 AG2 P13,5,2,13,LAMP1-488 + MitoRed ,None
G05,7,5,17,SPB5 AG2 P13,5,2,13,LAMP1-488 + MitoRed ,None
G05,7,5,18,SPB5 AG2 P13,5,2,13,LAMP1-488 + MitoRed ,None
G05,7,5,19,SPB5 AG2 P13,5,2,13,LAMP1-488 + MitoRed ,None
G05,7,5,20,SPB5 AG2 P13,5,2,13,LAMP1-488 + MitoRed ,None
G05,7,5,21,SPB5 AG2 P13,5,2,13,LAMP1-488 + MitoRed ,None
G05,7,5,22,SPB5 AG2 P13,5,2,13,LAMP1-488 + MitoRed ,None
G05,7,5,23,SPB5 AG2 P13,5,2,13,LAMP1-488 + MitoRed ,None
G05,7,5,24,SPB5 AG2 P13,5,2,13,LAMP1-488 + MitoRed ,None
G05,7,5,25,SPB5 AG2 P13,5,2,13,LAMP1-488 + MitoRed ,None
G05,7,5,26,SPB5 AG2 P13,5,2,13,LAMP1-488 + MitoRed ,None
G05,7,5,27,SPB5 AG2 P13,5,2,13,LAMP1-488 + MitoRed ,None
G05,7,5,28,SPB5 AG2 P13,5,2,13,LAMP1-488 + MitoRed ,None
G05,7,5,29,SPB5 AG2 P13,5,2,13,LAMP1-488 + MitoRed ,None
G05,7,5,30,SPB5 AG2 P13,5,2,13,LAMP1-488 + MitoRed ,None
G05,7,5,31,SPB5 AG2 P13,5,2,13,LAMP1-488 + MitoRed ,None
G05,7,5,32,SPB5 AG2 P13,5,2,13,LAMP1-488 + MitoRed ,None
G05,7,5,33,SPB5 AG2 P13,5,2,13,LAMP1-488 + MitoRed ,None
G05,7,5,34,SPB5 AG2 P13,5,2,13,LAMP1-488 + MitoRed ,None
G05,7,5,35,SPB5 AG2 P13,5,2,13,LAMP1-488 + MitoRed ,None
G05,7,5,36,SPB5 AG2 P13,5,2,13,LAMP1-488 + MitoRed ,None
G05,7,5,37,SPB5 AG2 P13,5,2,13,LAMP1-488 + MitoRed ,None
G05,7,5,38,SPB5 AG2 P13,5,2,13,LAMP1-488 + MitoRed ,None
G05,7,5,39,SPB5 AG2 P13,5,2,13,LAMP1-488 + MitoRed ,None
G05,7,5,40,SPB5 AG2 P13,5,2,13,LAMP1-488 + MitoRed ,None
G06,7,6,1,SPB6 AG1 P10,6,1,10,LAMP1-488 + MitoRed ,None
G06,7,6,2,SPB6 AG1 P10,6,1,10,LAMP1-488 + MitoRed ,None
G06,7,6,3,SPB6 AG1 P10,6,1,10,LAMP1-488 + MitoRed ,None
G06,7,6,4,SPB6 AG1 P10,6,1,10,LAMP1-488 + MitoRed ,None
G06,7,6,5,SPB6 AG1 P10,6,1,10,LAMP1-488 + MitoRed ,None
G06,7,6,6,SPB6 AG1 P10,6,1,10,LAMP1-488 + MitoRed ,None
G06,7,6,7,SPB6 AG1 P10,6,1,10,LAMP1-488 + MitoRed ,None
G06,7,6,8,SPB6 AG1 P10,6,1,10,LAMP1-488 + MitoRed ,None
G06,7,6,9,SPB6 AG1 P10,6,1,10,LAMP1-488 + MitoRed ,None
G06,7,6,10,SPB6 AG1 P10,6,1,10,LAMP1-488 + MitoRed ,None
G06,7,6,11,SPB6 AG1 P10,6,1,10,LAMP1-488 + MitoRed ,None
G06,7,6,12,SPB6 AG1 P10,6,1,10,LAMP1-488 + MitoRed ,None
G06,7,6,13,SPB6 AG1 P10,6,1,10,LAMP1-488 + MitoRed ,None
G06,7,6,14,SPB6 AG1 P10,6,1,10,LAMP1-488 + MitoRed ,None
G06,7,6,15,SPB6 AG1 P10,6,1,10,LAMP1-488 + MitoRed ,None
G06,7,6,16,SPB6 AG1 P10,6,1,10,LAMP1-488 + MitoRed ,None
G06,7,6,17,SPB6 AG1 P10,6,1,10,LAMP1-488 + MitoRed ,None
G06,7,6,18,SPB6 AG1 P10,6,1,10,LAMP1-488 + MitoRed ,None
G06,7,6,19,SPB6 AG1 P10,6,1,10,LAMP1-488 + MitoRed ,None
G06,7,6,20,SPB6 AG1 P10,6,1,10,LAMP1-488 + MitoRed ,None
G06,7,6,21,SPB6 AG1 P10,6,1,10,LAMP1-488 + MitoRed ,None
G06,7,6,22,SPB6 AG1 P10,6,1,10,LAMP1-488 + MitoRed ,None
G06,7,6,23,SPB6 AG1 P10,6,1,10,LAMP1-488 + MitoRed ,None
G06,7,6,24,SPB6 AG1 P10,6,1,10,LAMP1-488 + MitoRed ,None
G06,7,6,25,SPB6 AG1 P10,6,1,10,LAMP1-488 + MitoRed ,None
G06,7,6,26,SPB6 AG1 P10,6,1,10,LAMP1-488 + MitoRed ,None
G06,7,6,27,SPB6 AG1 P10,6,1,10,LAMP1-488 + MitoRed ,None
G06,7,6,28,SPB6 AG1 P10,6,1,10,LAMP1-488 + MitoRed ,None
G06,7,6,29,SPB6 AG1 P10,6,1,10,LAMP1-488 + MitoRed ,None
G06,7,6,30,SPB6 AG1 P10,6,1,10,LAMP1-488 + MitoRed ,None
G06,7,6,31,SPB6 AG1 P10,6,1,10,LAMP1-488 + MitoRed ,None
G06,7,6,32,SPB6 AG1 P10,6,1,10,LAMP1-488 + MitoRed ,None
G06,7,6,33,SPB6 AG1 P10,6,1,10,LAMP1-488 + MitoRed ,None
G06,7,6,34,SPB6 AG1 P10,6,1,10,LAMP1-488 + MitoRed ,None
G06,7,6,35,SPB6 AG1 P10,6,1,10,LAMP1-488 + MitoRed ,None
G06,7,6,36,SPB6 AG1 P10,6,1,10,LAMP1-488 + MitoRed ,None
G06,7,6,37,SPB6 AG1 P10,6,1,10,LAMP1-488 + MitoRed ,None
G06,7,6,38,SPB6 AG1 P10,6,1,10,LAMP1-488 + MitoRed ,None
G06,7,6,39,SPB6 AG1 P10,6,1,10,LAMP1-488 + MitoRed ,None
G06,7,6,40,SPB6 AG1 P10,6,1,10,LAMP1-488 + MitoRed ,None
G07,7,7,1,SPB7 AG0 P8,7,0,8,LAMP1-488 + MitoRed ,None
G07,7,7,2,SPB7 AG0 P8,7,0,8,LAMP1-488 + MitoRed ,None
G07,7,7,3,SPB7 AG0 P8,7,0,8,LAMP1-488 + MitoRed ,None
G07,7,7,4,SPB7 AG0 P8,7,0,8,LAMP1-488 + MitoRed ,None
G07,7,7,5,SPB7 AG0 P8,7,0,8,LAMP1-488 + MitoRed ,None
G07,7,7,6,SPB7 AG0 P8,7,0,8,LAMP1-488 + MitoRed ,None
G07,7,7,7,SPB7 AG0 P8,7,0,8,LAMP1-488 + MitoRed ,None
G07,7,7,8,SPB7 AG0 P8,7,0,8,LAMP1-488 + MitoRed ,None
G07,7,7,9,SPB7 AG0 P8,7,0,8,LAMP1-488 + MitoRed ,None
G07,7,7,10,SPB7 AG0 P8,7,0,8,LAMP1-488 + MitoRed ,None
G07,7,7,11,SPB7 AG0 P8,7,0,8,LAMP1-488 + MitoRed ,None
G07,7,7,12,SPB7 AG0 P8,7,0,8,LAMP1-488 + MitoRed ,None
G07,7,7,13,SPB7 AG0 P8,7,0,8,LAMP1-488 + MitoRed ,None
G07,7,7,14,SPB7 AG0 P8,7,0,8,LAMP1-488 + MitoRed ,None
G07,7,7,15,SPB7 AG0 P8,7,0,8,LAMP1-488 + MitoRed ,None
G07,7,7,16,SPB7 AG0 P8,7,0,8,LAMP1-488 + MitoRed ,None
G07,7,7,17,SPB7 AG0 P8,7,0,8,LAMP1-488 + MitoRed ,None
G07,7,7,18,SPB7 AG0 P8,7,0,8,LAMP1-488 + MitoRed ,None
G07,7,7,19,SPB7 AG0 P8,7,0,8,LAMP1-488 + MitoRed ,None
G07,7,7,20,SPB7 AG0 P8,7,0,8,LAMP1-488 + MitoRed ,None
G07,7,7,21,SPB7 AG0 P8,7,0,8,LAMP1-488 + MitoRed ,None
G07,7,7,22,SPB7 AG0 P8,7,0,8,LAMP1-488 + MitoRed ,None
G07,7,7,23,SPB7 AG0 P8,7,0,8,LAMP1-488 + MitoRed ,None
G07,7,7,24,SPB7 AG0 P8,7,0,8,LAMP1-488 + MitoRed ,None
G07,7,7,25,SPB7 AG0 P8,7,0,8,LAMP1-488 + MitoRed ,None
G07,7,7,26,SPB7 AG0 P8,7,0,8,LAMP1-488 + MitoRed ,None
G07,7,7,27,SPB7 AG0 P8,7,0,8,LAMP1-488 + MitoRed ,None
G07,7,7,28,SPB7 AG0 P8,7,0,8,LAMP1-488 + MitoRed ,None
G07,7,7,29,SPB7 AG0 P8,7,0,8,LAMP1-488 + MitoRed ,None
G07,7,7,30,SPB7 AG0 P8,7,0,8,LAMP1-488 + MitoRed ,None
G07,7,7,31,SPB7 AG0 P8,7,0,8,LAMP1-488 + MitoRed ,None
G07,7,7,32,SPB7 AG0 P8,7,0,8,LAMP1-488 + MitoRed ,None
G07,7,7,33,SPB7 AG0 P8,7,0,8,LAMP1-488 + MitoRed ,None
G07,7,7,34,SPB7 AG0 P8,7,0,8,LAMP1-488 + MitoRed ,None
G07,7,7,35,SPB7 AG0 P8,7,0,8,LAMP1-488 + MitoRed ,None
G07,7,7,36,SPB7 AG0 P8,7,0,8,LAMP1-488 + MitoRed ,None
G07,7,7,37,SPB7 AG0 P8,7,0,8,LAMP1-488 + MitoRed ,None
G07,7,7,38,SPB7 AG0 P8,7,0,8,LAMP1-488 + MitoRed ,None
G07,7,7,39,SPB7 AG0 P8,7,0,8,LAMP1-488 + MitoRed ,None
G07,7,7,40,SPB7 AG0 P8,7,0,8,LAMP1-488 + MitoRed ,None
H02,8,2,1,SPB2 AG5 P21,2,5,21,Phalloidin-647 + WGA-647 + ConA-594 ,None
H02,8,2,2,SPB2 AG5 P21,2,5,21,Phalloidin-647 + WGA-647 + ConA-594 ,None
H02,8,2,3,SPB2 AG5 P21,2,5,21,Phalloidin-647 + WGA-647 + ConA-594 ,None
H02,8,2,4,SPB2 AG5 P21,2,5,21,Phalloidin-647 + WGA-647 + ConA-594 ,None
H02,8,2,5,SPB2 AG5 P21,2,5,21,Phalloidin-647 + WGA-647 + ConA-594 ,None
H02,8,2,6,SPB2 AG5 P21,2,5,21,Phalloidin-647 + WGA-647 + ConA-594 ,None
H02,8,2,7,SPB2 AG5 P21,2,5,21,Phalloidin-647 + WGA-647 + ConA-594 ,None
H02,8,2,8,SPB2 AG5 P21,2,5,21,Phalloidin-647 + WGA-647 + ConA-594 ,None
H02,8,2,9,SPB2 AG5 P21,2,5,21,Phalloidin-647 + WGA-647 + ConA-594 ,None
H02,8,2,10,SPB2 AG5 P21,2,5,21,Phalloidin-647 + WGA-647 + ConA-594 ,None
H02,8,2,11,SPB2 AG5 P21,2,5,21,Phalloidin-647 + WGA-647 + ConA-594 ,None
H02,8,2,12,SPB2 AG5 P21,2,5,21,Phalloidin-647 + WGA-647 + ConA-594 ,None
H02,8,2,13,SPB2 AG5 P21,2,5,21,Phalloidin-647 + WGA-647 + ConA-594 ,None
H02,8,2,14,SPB2 AG5 P21,2,5,21,Phalloidin-647 + WGA-647 + ConA-594 ,None
H02,8,2,15,SPB2 AG5 P21,2,5,21,Phalloidin-647 + WGA-647 + ConA-594 ,None
H02,8,2,16,SPB2 AG5 P21,2,5,21,Phalloidin-647 + WGA-647 + ConA-594 ,None
H02,8,2,17,SPB2 AG5 P21,2,5,21,Phalloidin-647 + WGA-647 + ConA-594 ,None
H02,8,2,18,SPB2 AG5 P21,2,5,21,Phalloidin-647 + WGA-647 + ConA-594 ,None
H02,8,2,19,SPB2 AG5 P21,2,5,21,Phalloidin-647 + WGA-647 + ConA-594 ,None
H02,8,2,20,SPB2 AG5 P21,2,5,21,Phalloidin-647 + WGA-647 + ConA-594 ,None
H02,8,2,21,SPB2 AG5 P21,2,5,21,Phalloidin-647 + WGA-647 + ConA-594 ,None
H02,8,2,22,SPB2 AG5 P21,2,5,21,Phalloidin-647 + WGA-647 + ConA-594 ,None
H02,8,2,23,SPB2 AG5 P21,2,5,21,Phalloidin-647 + WGA-647 + ConA-594 ,None
H02,8,2,24,SPB2 AG5 P21,2,5,21,Phalloidin-647 + WGA-647 + ConA-594 ,None
H02,8,2,25,SPB2 AG5 P21,2,5,21,Phalloidin-647 + WGA-647 + ConA-594 ,None
H02,8,2,26,SPB2 AG5 P21,2,5,21,Phalloidin-647 + WGA-647 + ConA-594 ,None
H02,8,2,27,SPB2 AG5 P21,2,5,21,Phalloidin-647 + WGA-647 + ConA-594 ,None
H02,8,2,28,SPB2 AG5 P21,2,5,21,Phalloidin-647 + WGA-647 + ConA-594 ,None
H02,8,2,29,SPB2 AG5 P21,2,5,21,Phalloidin-647 + WGA-647 + ConA-594 ,None
H02,8,2,30,SPB2 AG5 P21,2,5,21,Phalloidin-647 + WGA-647 + ConA-594 ,None
H02,8,2,31,SPB2 AG5 P21,2,5,21,Phalloidin-647 + WGA-647 + ConA-594 ,None
H02,8,2,32,SPB2 AG5 P21,2,5,21,Phalloidin-647 + WGA-647 + ConA-594 ,None
H02,8,2,33,SPB2 AG5 P21,2,5,21,Phalloidin-647 + WGA-647 + ConA-594 ,None
H02,8,2,34,SPB2 AG5 P21,2,5,21,Phalloidin-647 + WGA-647 + ConA-594 ,None
H02,8,2,35,SPB2 AG5 P21,2,5,21,Phalloidin-647 + WGA-647 + ConA-594 ,None
H02,8,2,36,SPB2 AG5 P21,2,5,21,Phalloidin-647 + WGA-647 + ConA-594 ,None
H02,8,2,37,SPB2 AG5 P21,2,5,21,Phalloidin-647 + WGA-647 + ConA-594 ,None
H02,8,2,38,SPB2 AG5 P21,2,5,21,Phalloidin-647 + WGA-647 + ConA-594 ,None
H02,8,2,39,SPB2 AG5 P21,2,5,21,Phalloidin-647 + WGA-647 + ConA-594 ,None
H02,8,2,40,SPB2 AG5 P21,2,5,21,Phalloidin-647 + WGA-647 + ConA-594 ,None
H03,8,3,1,SPB3 AG4 P18,3,4,18,Phalloidin-647 + WGA-647 + ConA-594 ,None
H03,8,3,2,SPB3 AG4 P18,3,4,18,Phalloidin-647 + WGA-647 + ConA-594 ,None
H03,8,3,3,SPB3 AG4 P18,3,4,18,Phalloidin-647 + WGA-647 + ConA-594 ,None
H03,8,3,4,SPB3 AG4 P18,3,4,18,Phalloidin-647 + WGA-647 + ConA-594 ,None
H03,8,3,5,SPB3 AG4 P18,3,4,18,Phalloidin-647 + WGA-647 + ConA-594 ,None
H03,8,3,6,SPB3 AG4 P18,3,4,18,Phalloidin-647 + WGA-647 + ConA-594 ,None
H03,8,3,7,SPB3 AG4 P18,3,4,18,Phalloidin-647 + WGA-647 + ConA-594 ,None
H03,8,3,8,SPB3 AG4 P18,3,4,18,Phalloidin-647 + WGA-647 + ConA-594 ,None
H03,8,3,9,SPB3 AG4 P18,3,4,18,Phalloidin-647 + WGA-647 + ConA-594 ,None
H03,8,3,10,SPB3 AG4 P18,3,4,18,Phalloidin-647 + WGA-647 + ConA-594 ,None
H03,8,3,11,SPB3 AG4 P18,3,4,18,Phalloidin-647 + WGA-647 + ConA-594 ,None
H03,8,3,12,SPB3 AG4 P18,3,4,18,Phalloidin-647 + WGA-647 + ConA-594 ,None
H03,8,3,13,SPB3 AG4 P18,3,4,18,Phalloidin-647 + WGA-647 + ConA-594 ,None
H03,8,3,14,SPB3 AG4 P18,3,4,18,Phalloidin-647 + WGA-647 + ConA-594 ,None
H03,8,3,15,SPB3 AG4 P18,3,4,18,Phalloidin-647 + WGA-647 + ConA-594 ,None
H03,8,3,16,SPB3 AG4 P18,3,4,18,Phalloidin-647 + WGA-647 + ConA-594 ,None
H03,8,3,17,SPB3 AG4 P18,3,4,18,Phalloidin-647 + WGA-647 + ConA-594 ,None
H03,8,3,18,SPB3 AG4 P18,3,4,18,Phalloidin-647 + WGA-647 + ConA-594 ,None
H03,8,3,19,SPB3 AG4 P18,3,4,18,Phalloidin-647 + WGA-647 + ConA-594 ,None
H03,8,3,20,SPB3 AG4 P18,3,4,18,Phalloidin-647 + WGA-647 + ConA-594 ,None
H03,8,3,21,SPB3 AG4 P18,3,4,18,Phalloidin-647 + WGA-647 + ConA-594 ,None
H03,8,3,22,SPB3 AG4 P18,3,4,18,Phalloidin-647 + WGA-647 + ConA-594 ,None
H03,8,3,23,SPB3 AG4 P18,3,4,18,Phalloidin-647 + WGA-647 + ConA-594 ,None
H03,8,3,24,SPB3 AG4 P18,3,4,18,Phalloidin-647 + WGA-647 + ConA-594 ,None
H03,8,3,25,SPB3 AG4 P18,3,4,18,Phalloidin-647 + WGA-647 + ConA-594 ,None
H03,8,3,26,SPB3 AG4 P18,3,4,18,Phalloidin-647 + WGA-647 + ConA-594 ,None
H03,8,3,27,SPB3 AG4 P18,3,4,18,Phalloidin-647 + WGA-647 + ConA-594 ,None
H03,8,3,28,SPB3 AG4 P18,3,4,18,Phalloidin-647 + WGA-647 + ConA-594 ,None
H03,8,3,29,SPB3 AG4 P18,3,4,18,Phalloidin-647 + WGA-647 + ConA-594 ,None
H03,8,3,30,SPB3 AG4 P18,3,4,18,Phalloidin-647 + WGA-647 + ConA-594 ,None
H03,8,3,31,SPB3 AG4 P18,3,4,18,Phalloidin-647 + WGA-647 + ConA-594 ,None
H03,8,3,32,SPB3 AG4 P18,3,4,18,Phalloidin-647 + WGA-647 + ConA-594 ,None
H03,8,3,33,SPB3 AG4 P18,3,4,18,Phalloidin-647 + WGA-647 + ConA-594 ,None
H03,8,3,34,SPB3 AG4 P18,3,4,18,Phalloidin-647 + WGA-647 + ConA-594 ,None
H03,8,3,35,SPB3 AG4 P18,3,4,18,Phalloidin-647 + WGA-647 + ConA-594 ,None
H03,8,3,36,SPB3 AG4 P18,3,4,18,Phalloidin-647 + WGA-647 + ConA-594 ,None
H03,8,3,37,SPB3 AG4 P18,3,4,18,Phalloidin-647 + WGA-647 + ConA-594 ,None
H03,8,3,38,SPB3 AG4 P18,3,4,18,Phalloidin-647 + WGA-647 + ConA-594 ,None
H03,8,3,39,SPB3 AG4 P18,3,4,18,Phalloidin-647 + WGA-647 + ConA-594 ,None
H03,8,3,40,SPB3 AG4 P18,3,4,18,Phalloidin-647 + WGA-647 + ConA-594 ,None
H04,8,4,1,SPB4 AG3 P15,4,3,15,Phalloidin-647 + WGA-647 + ConA-594 ,None
H04,8,4,2,SPB4 AG3 P15,4,3,15,Phalloidin-647 + WGA-647 + ConA-594 ,None
H04,8,4,3,SPB4 AG3 P15,4,3,15,Phalloidin-647 + WGA-647 + ConA-594 ,None
H04,8,4,4,SPB4 AG3 P15,4,3,15,Phalloidin-647 + WGA-647 + ConA-594 ,None
H04,8,4,5,SPB4 AG3 P15,4,3,15,Phalloidin-647 + WGA-647 + ConA-594 ,None
H04,8,4,6,SPB4 AG3 P15,4,3,15,Phalloidin-647 + WGA-647 + ConA-594 ,None
H04,8,4,7,SPB4 AG3 P15,4,3,15,Phalloidin-647 + WGA-647 + ConA-594 ,None
H04,8,4,8,SPB4 AG3 P15,4,3,15,Phalloidin-647 + WGA-647 + ConA-594 ,None
H04,8,4,9,SPB4 AG3 P15,4,3,15,Phalloidin-647 + WGA-647 + ConA-594 ,None
H04,8,4,10,SPB4 AG3 P15,4,3,15,Phalloidin-647 + WGA-647 + ConA-594 ,None
H04,8,4,11,SPB4 AG3 P15,4,3,15,Phalloidin-647 + WGA-647 + ConA-594 ,None
H04,8,4,12,SPB4 AG3 P15,4,3,15,Phalloidin-647 + WGA-647 + ConA-594 ,None
H04,8,4,13,SPB4 AG3 P15,4,3,15,Phalloidin-647 + WGA-647 + ConA-594 ,None
H04,8,4,14,SPB4 AG3 P15,4,3,15,Phalloidin-647 + WGA-647 + ConA-594 ,None
H04,8,4,15,SPB4 AG3 P15,4,3,15,Phalloidin-647 + WGA-647 + ConA-594 ,None
H04,8,4,16,SPB4 AG3 P15,4,3,15,Phalloidin-647 + WGA-647 + ConA-594 ,None
H04,8,4,17,SPB4 AG3 P15,4,3,15,Phalloidin-647 + WGA-647 + ConA-594 ,None
H04,8,4,18,SPB4 AG3 P15,4,3,15,Phalloidin-647 + WGA-647 + ConA-594 ,None
H04,8,4,19,SPB4 AG3 P15,4,3,15,Phalloidin-647 + WGA-647 + ConA-594 ,None
H04,8,4,20,SPB4 AG3 P15,4,3,15,Phalloidin-647 + WGA-647 + ConA-594 ,None
H04,8,4,21,SPB4 AG3 P15,4,3,15,Phalloidin-647 + WGA-647 + ConA-594 ,None
H04,8,4,22,SPB4 AG3 P15,4,3,15,Phalloidin-647 + WGA-647 + ConA-594 ,None
H04,8,4,23,SPB4 AG3 P15,4,3,15,Phalloidin-647 + WGA-647 + ConA-594 ,None
H04,8,4,24,SPB4 AG3 P15,4,3,15,Phalloidin-647 + WGA-647 + ConA-594 ,None
H04,8,4,25,SPB4 AG3 P15,4,3,15,Phalloidin-647 + WGA-647 + ConA-594 ,None
H04,8,4,26,SPB4 AG3 P15,4,3,15,Phalloidin-647 + WGA-647 + ConA-594 ,None
H04,8,4,27,SPB4 AG3 P15,4,3,15,Phalloidin-647 + WGA-647 + ConA-594 ,None
H04,8,4,28,SPB4 AG3 P15,4,3,15,Phalloidin-647 + WGA-647 + ConA-594 ,None
H04,8,4,29,SPB4 AG3 P15,4,3,15,Phalloidin-647 + WGA-647 + ConA-594 ,None
H04,8,4,30,SPB4 AG3 P15,4,3,15,Phalloidin-647 + WGA-647 + ConA-594 ,None
H04,8,4,31,SPB4 AG3 P15,4,3,15,Phalloidin-647 + WGA-647 + ConA-594 ,None
H04,8,4,32,SPB4 AG3 P15,4,3,15,Phalloidin-647 + WGA-647 + ConA-594 ,None
H04,8,4,33,SPB4 AG3 P15,4,3,15,Phalloidin-647 + WGA-647 + ConA-594 ,None
H04,8,4,34,SPB4 AG3 P15,4,3,15,Phalloidin-647 + WGA-647 + ConA-594 ,None
H04,8,4,35,SPB4 AG3 P15,4,3,15,Phalloidin-647 + WGA-647 + ConA-594 ,None
H04,8,4,36,SPB4 AG3 P15,4,3,15,Phalloidin-647 + WGA-647 + ConA-594 ,None
H04,8,4,37,SPB4 AG3 P15,4,3,15,Phalloidin-647 + WGA-647 + ConA-594 ,None
H04,8,4,38,SPB4 AG3 P15,4,3,15,Phalloidin-647 + WGA-647 + ConA-594 ,None
H04,8,4,39,SPB4 AG3 P15,4,3,15,Phalloidin-647 + WGA-647 + ConA-594 ,None
H04,8,4,40,SPB4 AG3 P15,4,3,15,Phalloidin-647 + WGA-647 + ConA-594 ,None
H05,8,5,1,SPB5 AG2 P13,5,2,13,Phalloidin-647 + WGA-647 + ConA-594 ,None
H05,8,5,2,SPB5 AG2 P13,5,2,13,Phalloidin-647 + WGA-647 + ConA-594 ,None
H05,8,5,3,SPB5 AG2 P13,5,2,13,Phalloidin-647 + WGA-647 + ConA-594 ,None
H05,8,5,4,SPB5 AG2 P13,5,2,13,Phalloidin-647 + WGA-647 + ConA-594 ,None
H05,8,5,5,SPB5 AG2 P13,5,2,13,Phalloidin-647 + WGA-647 + ConA-594 ,None
H05,8,5,6,SPB5 AG2 P13,5,2,13,Phalloidin-647 + WGA-647 + ConA-594 ,None
H05,8,5,7,SPB5 AG2 P13,5,2,13,Phalloidin-647 + WGA-647 + ConA-594 ,None
H05,8,5,8,SPB5 AG2 P13,5,2,13,Phalloidin-647 + WGA-647 + ConA-594 ,None
H05,8,5,9,SPB5 AG2 P13,5,2,13,Phalloidin-647 + WGA-647 + ConA-594 ,None
H05,8,5,10,SPB5 AG2 P13,5,2,13,Phalloidin-647 + WGA-647 + ConA-594 ,None
H05,8,5,11,SPB5 AG2 P13,5,2,13,Phalloidin-647 + WGA-647 + ConA-594 ,None
H05,8,5,12,SPB5 AG2 P13,5,2,13,Phalloidin-647 + WGA-647 + ConA-594 ,None
H05,8,5,13,SPB5 AG2 P13,5,2,13,Phalloidin-647 + WGA-647 + ConA-594 ,None
H05,8,5,14,SPB5 AG2 P13,5,2,13,Phalloidin-647 + WGA-647 + ConA-594 ,None
H05,8,5,15,SPB5 AG2 P13,5,2,13,Phalloidin-647 + WGA-647 + ConA-594 ,None
H05,8,5,16,SPB5 AG2 P13,5,2,13,Phalloidin-647 + WGA-647 + ConA-594 ,None
H05,8,5,17,SPB5 AG2 P13,5,2,13,Phalloidin-647 + WGA-647 + ConA-594 ,None
H05,8,5,18,SPB5 AG2 P13,5,2,13,Phalloidin-647 + WGA-647 + ConA-594 ,None
H05,8,5,19,SPB5 AG2 P13,5,2,13,Phalloidin-647 + WGA-647 + ConA-594 ,None
H05,8,5,20,SPB5 AG2 P13,5,2,13,Phalloidin-647 + WGA-647 + ConA-594 ,None
H05,8,5,21,SPB5 AG2 P13,5,2,13,Phalloidin-647 + WGA-647 + ConA-594 ,None
H05,8,5,22,SPB5 AG2 P13,5,2,13,Phalloidin-647 + WGA-647 + ConA-594 ,None
H05,8,5,23,SPB5 AG2 P13,5,2,13,Phalloidin-647 + WGA-647 + ConA-594 ,None
H05,8,5,24,SPB5 AG2 P13,5,2,13,Phalloidin-647 + WGA-647 + ConA-594 ,None
H05,8,5,25,SPB5 AG2 P13,5,2,13,Phalloidin-647 + WGA-647 + ConA-594 ,None
H05,8,5,26,SPB5 AG2 P13,5,2,13,Phalloidin-647 + WGA-647 + ConA-594 ,None
H05,8,5,27,SPB5 AG2 P13,5,2,13,Phalloidin-647 + WGA-647 + ConA-594 ,None
H05,8,5,28,SPB5 AG2 P13,5,2,13,Phalloidin-647 + WGA-647 + ConA-594 ,None
H05,8,5,29,SPB5 AG2 P13,5,2,13,Phalloidin-647 + WGA-647 + ConA-594 ,None
H05,8,5,30,SPB5 AG2 P13,5,2,13,Phalloidin-647 + WGA-647 + ConA-594 ,None
H05,8,5,31,SPB5 AG2 P13,5,2,13,Phalloidin-647 + WGA-647 + ConA-594 ,None
H05,8,5,32,SPB5 AG2 P13,5,2,13,Phalloidin-647 + WGA-647 + ConA-594 ,None
H05,8,5,33,SPB5 AG2 P13,5,2,13,Phalloidin-647 + WGA-647 + ConA-594 ,None
H05,8,5,34,SPB5 AG2 P13,5,2,13,Phalloidin-647 + WGA-647 + ConA-594 ,None
H05,8,5,35,SPB5 AG2 P13,5,2,13,Phalloidin-647 + WGA-647 + ConA-594 ,None
H05,8,5,36,SPB5 AG2 P13,5,2,13,Phalloidin-647 + WGA-647 + ConA-594 ,None
H05,8,5,37,SPB5 AG2 P13,5,2,13,Phalloidin-647 + WGA-647 + ConA-594 ,None
H05,8,5,38,SPB5 AG2 P13,5,2,13,Phalloidin-647 + WGA-647 + ConA-594 ,None
H05,8,5,39,SPB5 AG2 P13,5,2,13,Phalloidin-647 + WGA-647 + ConA-594 ,None
H05,8,5,40,SPB5 AG2 P13,5,2,13,Phalloidin-647 + WGA-647 + ConA-594 ,None
H06,8,6,1,SPB6 AG1 P10,6,1,10,Phalloidin-647 + WGA-647 + ConA-594 ,None
H06,8,6,2,SPB6 AG1 P10,6,1,10,Phalloidin-647 + WGA-647 + ConA-594 ,None
H06,8,6,3,SPB6 AG1 P10,6,1,10,Phalloidin-647 + WGA-647 + ConA-594 ,None
H06,8,6,4,SPB6 AG1 P10,6,1,10,Phalloidin-647 + WGA-647 + ConA-594 ,None
H06,8,6,5,SPB6 AG1 P10,6,1,10,Phalloidin-647 + WGA-647 + ConA-594 ,None
H06,8,6,6,SPB6 AG1 P10,6,1,10,Phalloidin-647 + WGA-647 + ConA-594 ,None
H06,8,6,7,SPB6 AG1 P10,6,1,10,Phalloidin-647 + WGA-647 + ConA-594 ,None
H06,8,6,8,SPB6 AG1 P10,6,1,10,Phalloidin-647 + WGA-647 + ConA-594 ,None
H06,8,6,9,SPB6 AG1 P10,6,1,10,Phalloidin-647 + WGA-647 + ConA-594 ,None
H06,8,6,10,SPB6 AG1 P10,6,1,10,Phalloidin-647 + WGA-647 + ConA-594 ,None
H06,8,6,11,SPB6 AG1 P10,6,1,10,Phalloidin-647 + WGA-647 + ConA-594 ,None
H06,8,6,12,SPB6 AG1 P10,6,1,10,Phalloidin-647 + WGA-647 + ConA-594 ,None
H06,8,6,13,SPB6 AG1 P10,6,1,10,Phalloidin-647 + WGA-647 + ConA-594 ,None
H06,8,6,14,SPB6 AG1 P10,6,1,10,Phalloidin-647 + WGA-647 + ConA-594 ,None
H06,8,6,15,SPB6 AG1 P10,6,1,10,Phalloidin-647 + WGA-647 + ConA-594 ,None
H06,8,6,16,SPB6 AG1 P10,6,1,10,Phalloidin-647 + WGA-647 + ConA-594 ,None
H06,8,6,17,SPB6 AG1 P10,6,1,10,Phalloidin-647 + WGA-647 + ConA-594 ,None
H06,8,6,18,SPB6 AG1 P10,6,1,10,Phalloidin-647 + WGA-647 + ConA-594 ,None
H06,8,6,19,SPB6 AG1 P10,6,1,10,Phalloidin-647 + WGA-647 + ConA-594 ,None
H06,8,6,20,SPB6 AG1 P10,6,1,10,Phalloidin-647 + WGA-647 + ConA-594 ,None
H06,8,6,21,SPB6 AG1 P10,6,1,10,Phalloidin-647 + WGA-647 + ConA-594 ,None
H06,8,6,22,SPB6 AG1 P10,6,1,10,Phalloidin-647 + WGA-647 + ConA-594 ,None
H06,8,6,23,SPB6 AG1 P10,6,1,10,Phalloidin-647 + WGA-647 + ConA-594 ,None
H06,8,6,24,SPB6 AG1 P10,6,1,10,Phalloidin-647 + WGA-647 + ConA-594 ,None
H06,8,6,25,SPB6 AG1 P10,6,1,10,Phalloidin-647 + WGA-647 + ConA-594 ,None
H06,8,6,26,SPB6 AG1 P10,6,1,10,Phalloidin-647 + WGA-647 + ConA-594 ,None
H06,8,6,27,SPB6 AG1 P10,6,1,10,Phalloidin-647 + WGA-647 + ConA-594 ,None
H06,8,6,28,SPB6 AG1 P10,6,1,10,Phalloidin-647 + WGA-647 + ConA-594 ,None
H06,8,6,29,SPB6 AG1 P10,6,1,10,Phalloidin-647 + WGA-647 + ConA-594 ,None
H06,8,6,30,SPB6 AG1 P10,6,1,10,Phalloidin-647 + WGA-647 + ConA-594 ,None
H06,8,6,31,SPB6 AG1 P10,6,1,10,Phalloidin-647 + WGA-647 + ConA-594 ,None
H06,8,6,32,SPB6 AG1 P10,6,1,10,Phalloidin-647 + WGA-647 + ConA-594 ,None
H06,8,6,33,SPB6 AG1 P10,6,1,10,Phalloidin-647 + WGA-647 + ConA-594 ,None
H06,8,6,34,SPB6 AG1 P10,6,1,10,Phalloidin-647 + WGA-647 + ConA-594 ,None
H06,8,6,35,SPB6 AG1 P10,6,1,10,Phalloidin-647 + WGA-647 + ConA-594 ,None
H06,8,6,36,SPB6 AG1 P10,6,1,10,Phalloidin-647 + WGA-647 + ConA-594 ,None
H06,8,6,37,SPB6 AG1 P10,6,1,10,Phalloidin-647 + WGA-647 + ConA-594 ,None
H06,8,6,38,SPB6 AG1 P10,6,1,10,Phalloidin-647 + WGA-647 + ConA-594 ,None
H06,8,6,39,SPB6 AG1 P10,6,1,10,Phalloidin-647 + WGA-647 + ConA-594 ,None
H06,8,6,40,SPB6 AG1 P10,6,1,10,Phalloidin-647 + WGA-647 + ConA-594 ,None
H07,8,7,1,SPB7 AG0 P8,7,0,8,Phalloidin-647 + WGA-647 + ConA-594 ,None
H07,8,7,2,SPB7 AG0 P8,7,0,8,Phalloidin-647 + WGA-647 + ConA-594 ,None
H07,8,7,3,SPB7 AG0 P8,7,0,8,Phalloidin-647 + WGA-647 + ConA-594 ,None
H07,8,7,4,SPB7 AG0 P8,7,0,8,Phalloidin-647 + WGA-647 + ConA-594 ,None
H07,8,7,5,SPB7 AG0 P8,7,0,8,Phalloidin-647 + WGA-647 + ConA-594 ,None
H07,8,7,6,SPB7 AG0 P8,7,0,8,Phalloidin-647 + WGA-647 + ConA-594 ,None
H07,8,7,7,SPB7 AG0 P8,7,0,8,Phalloidin-647 + WGA-647 + ConA-594 ,None
H07,8,7,8,SPB7 AG0 P8,7,0,8,Phalloidin-647 + WGA-647 + ConA-594 ,None
H07,8,7,9,SPB7 AG0 P8,7,0,8,Phalloidin-647 + WGA-647 + ConA-594 ,None
H07,8,7,10,SPB7 AG0 P8,7,0,8,Phalloidin-647 + WGA-647 + ConA-594 ,None
H07,8,7,11,SPB7 AG0 P8,7,0,8,Phalloidin-647 + WGA-647 + ConA-594 ,None
H07,8,7,12,SPB7 AG0 P8,7,0,8,Phalloidin-647 + WGA-647 + ConA-594 ,None
H07,8,7,13,SPB7 AG0 P8,7,0,8,Phalloidin-647 + WGA-647 + ConA-594 ,None
H07,8,7,14,SPB7 AG0 P8,7,0,8,Phalloidin-647 + WGA-647 + ConA-594 ,None
H07,8,7,15,SPB7 AG0 P8,7,0,8,Phalloidin-647 + WGA-647 + ConA-594 ,None
H07,8,7,16,SPB7 AG0 P8,7,0,8,Phalloidin-647 + WGA-647 + ConA-594 ,None
H07,8,7,17,SPB7 AG0 P8,7,0,8,Phalloidin-647 + WGA-647 + ConA-594 ,None
H07,8,7,18,SPB7 AG0 P8,7,0,8,Phalloidin-647 + WGA-647 + ConA-594 ,None
H07,8,7,19,SPB7 AG0 P8,7,0,8,Phalloidin-647 + WGA-647 + ConA-594 ,None
H07,8,7,20,SPB7 AG0 P8,7,0,8,Phalloidin-647 + WGA-647 + ConA-594 ,None
H07,8,7,21,SPB7 AG0 P8,7,0,8,Phalloidin-647 + WGA-647 + ConA-594 ,None
H07,8,7,22,SPB7 AG0 P8,7,0,8,Phalloidin-647 + WGA-647 + ConA-594 ,None
H07,8,7,23,SPB7 AG0 P8,7,0,8,Phalloidin-647 + WGA-647 + ConA-594 ,None
H07,8,7,24,SPB7 AG0 P8,7,0,8,Phalloidin-647 + WGA-647 + ConA-594 ,None
H07,8,7,25,SPB7 AG0 P8,7,0,8,Phalloidin-647 + WGA-647 + ConA-594 ,None
H07,8,7,26,SPB7 AG0 P8,7,0,8,Phalloidin-647 + WGA-647 + ConA-594 ,None
H07,8,7,27,SPB7 AG0 P8,7,0,8,Phalloidin-647 + WGA-647 + ConA-594 ,None
H07,8,7,28,SPB7 AG0 P8,7,0,8,Phalloidin-647 + WGA-647 + ConA-594 ,None
H07,8,7,29,SPB7 AG0 P8,7,0,8,Phalloidin-647 + WGA-647 + ConA-594 ,None
H07,8,7,30,SPB7 AG0 P8,7,0,8,Phalloidin-647 + WGA-647 + ConA-594 ,None
H07,8,7,31,SPB7 AG0 P8,7,0,8,Phalloidin-647 + WGA-647 + ConA-594 ,None
H07,8,7,32,SPB7 AG0 P8,7,0,8,Phalloidin-647 + WGA-647 + ConA-594 ,None
H07,8,7,33,SPB7 AG0 P8,7,0,8,Phalloidin-647 + WGA-647 + ConA-594 ,None
H07,8,7,34,SPB7 AG0 P8,7,0,8,Phalloidin-647 + WGA-647 + ConA-594 ,None
H07,8,7,35,SPB7 AG0 P8,7,0,8,Phalloidin-647 + WGA-647 + ConA-594 ,None
H07,8,7,36,SPB7 AG0 P8,7,0,8,Phalloidin-647 + WGA-647 + ConA-594 ,None
H07,8,7,37,SPB7 AG0 P8,7,0,8,Phalloidin-647 + WGA-647 + ConA-594 ,None
H07,8,7,38,SPB7 AG0 P8,7,0,8,Phalloidin-647 + WGA-647 + ConA-594 ,None
H07,8,7,39,SPB7 AG0 P8,7,0,8,Phalloidin-647 + WGA-647 + ConA-594 ,None
H07,8,7,40,SPB7 AG0 P8,7,0,8,Phalloidin-647 + WGA-647 + ConA-594 ,None
